system_id,original_row_index,doi,anion_name,salt_conc,temperature,solvents,solvent_fracs,fold,true_q_scale,raw_predicted_q_scale,predicted_q_scale,q_scale_residual,absolute_q_scale_error,method_name,model_type
row_11894,11894,10.1149/2.0571912jes,PF6,1.004,283.15,"[""EC"",""DMC""]","[0.5,0.5]",3,0.8,0.7639849042584034,0.75,-0.050000000000000044,0.050000000000000044,Ridge Regression,regression
row_13615,13615,10.1016/0378-7753(91)80004-H,PF6,1.0,213.15,"[""EC"",""PC""]","[0.15,0.85]",5,0.9,0.8630282528977025,0.85,-0.050000000000000044,0.050000000000000044,Ridge Regression,regression
row_10903,10903,10.1149/1.1872737,PF6,3.327935223,263.0,"[""EC"",""PC"",""DMC""]","[0.27,0.1,0.63]",4,0.9,0.7641923104733311,0.75,-0.15000000000000002,0.15000000000000002,Ridge Regression,regression
row_13645,13645,10.1016/0378-7753(91)80004-H,PF6,1.0,353.15,"[""EC"",""PC""]","[0.15,0.85]",2,0.9,0.8610913780825178,0.85,-0.050000000000000044,0.050000000000000044,Ridge Regression,regression
row_11959,11959,10.1149/2.0571912jes,PF6,2.996,323.15,"[""EC"",""EMC""]","[0.3,0.7]",1,0.8,0.8499086796676594,0.85,0.04999999999999993,0.04999999999999993,Ridge Regression,regression
row_13634,13634,10.1016/0378-7753(91)80004-H,PF6,1.0,273.15,"[""EC"",""PC""]","[0.5,0.5]",1,0.8,0.7855685688058692,0.8,0.0,0.0,Ridge Regression,regression
row_11954,11954,10.1149/2.0571912jes,PF6,0.096,323.15,"[""EC"",""EMC""]","[0.3,0.7]",4,0.85,0.7776684255201446,0.8,-0.04999999999999993,0.04999999999999993,Ridge Regression,regression
row_12004,12004,10.1149/2.0641503jes,PF6,0.5,313.15,"[""EC"",""DEC""]","[0.5,0.5]",5,0.75,0.8469018952297594,0.85,0.09999999999999998,0.09999999999999998,Ridge Regression,regression
row_10878,10878,10.1149/1.1872737,PF6,2.240215924,333.0,"[""EC"",""PC"",""DMC""]","[0.27,0.1,0.63]",4,0.8,0.7956119758924305,0.8,0.0,0.0,Ridge Regression,regression
row_13646,13646,10.1016/0378-7753(91)80004-H,PF6,1.0,353.15,"[""EC"",""PC""]","[0.5,0.5]",2,0.85,0.8322397785280921,0.85,0.0,0.0,Ridge Regression,regression
row_11917,11917,10.1149/2.0571912jes,PF6,3.0,323.15,"[""EC"",""DMC""]","[0.5,0.5]",4,0.8,0.7804779643073101,0.8,0.0,0.0,Ridge Regression,regression
row_4363,4363,10.1149/1.1466857,PF6,1.0,222.7274648,"[""EC"",""EMC""]","[0.3,0.7]",5,0.8,0.8171293731978662,0.8,0.0,0.0,Ridge Regression,regression
row_10874,10874,10.1149/1.1872737,PF6,0.391363023,333.0,"[""EC"",""PC"",""DMC""]","[0.27,0.1,0.63]",1,0.85,0.7321373093099586,0.75,-0.09999999999999998,0.09999999999999998,Ridge Regression,regression
row_192,192,10.1016/j.jpowsour.2011.07.071,PF6,1.0,354.0952676,"[""EC"",""DMC""]","[0.5,0.5]",3,0.9,0.7989665057846234,0.8,-0.09999999999999998,0.09999999999999998,Ridge Regression,regression
row_10901,10901,10.1149/1.1872737,PF6,1.738191633,263.0,"[""EC"",""PC"",""DMC""]","[0.27,0.1,0.63]",2,0.75,0.7701569263830267,0.75,0.0,0.0,Ridge Regression,regression
row_11957,11957,10.1149/2.0571912jes,PF6,1.497,323.15,"[""EC"",""EMC""]","[0.3,0.7]",3,0.85,0.7988272901759854,0.8,-0.04999999999999993,0.04999999999999993,Ridge Regression,regression
row_13636,13636,10.1016/0378-7753(91)80004-H,PF6,1.0,293.15,"[""EC"",""PC""]","[0.15,0.85]",4,0.8,0.8454798026353546,0.85,0.04999999999999993,0.04999999999999993,Ridge Regression,regression
row_11886,11886,10.1149/2.0571912jes,PF6,2.0,263.15,"[""EC"",""DMC""]","[0.5,0.5]",3,0.75,0.7704829072158912,0.75,0.0,0.0,Ridge Regression,regression
row_10899,10899,10.1149/1.1872737,PF6,0.391363023,263.0,"[""EC"",""PC"",""DMC""]","[0.27,0.1,0.63]",1,0.75,0.7193527178531346,0.7,-0.050000000000000044,0.050000000000000044,Ridge Regression,regression
row_12014,12014,10.1149/2.0641503jes,PF6,1.5,283.15,"[""EC"",""DEC""]","[0.5,0.5]",4,0.9,0.7592770025839832,0.75,-0.15000000000000002,0.15000000000000002,Ridge Regression,regression
row_10881,10881,10.1149/1.1872737,PF6,3.330634278,333.0,"[""EC"",""PC"",""DMC""]","[0.27,0.1,0.63]",5,0.8,0.7792872038115147,0.8,0.0,0.0,Ridge Regression,regression
row_11916,11916,10.1149/2.0571912jes,PF6,2.005,323.15,"[""EC"",""DMC""]","[0.5,0.5]",2,0.75,0.8044537122689751,0.8,0.050000000000000044,0.050000000000000044,Ridge Regression,regression
row_11928,11928,10.1149/2.0571912jes,PF6,1.999,273.15,"[""EC"",""EMC""]","[0.3,0.7]",2,0.8,0.8050852234001482,0.8,0.0,0.0,Ridge Regression,regression
row_11887,11887,10.1149/2.0571912jes,PF6,3.0,263.15,"[""EC"",""DMC""]","[0.5,0.5]",1,0.75,0.8231063157764733,0.8,0.050000000000000044,0.050000000000000044,Ridge Regression,regression
row_13616,13616,10.1016/0378-7753(91)80004-H,PF6,1.0,213.15,"[""EC"",""PC""]","[0.5,0.5]",3,0.75,0.9023209411366426,0.9,0.15000000000000002,0.15000000000000002,Ridge Regression,regression
row_11913,11913,10.1149/2.0571912jes,PF6,0.501,323.15,"[""EC"",""DMC""]","[0.5,0.5]",5,0.85,0.7853757249367502,0.8,-0.04999999999999993,0.04999999999999993,Ridge Regression,regression
row_11923,11923,10.1149/2.0571912jes,PF6,3.002,263.15,"[""EC"",""EMC""]","[0.3,0.7]",1,0.8,0.8644410388118062,0.85,0.04999999999999993,0.04999999999999993,Ridge Regression,regression
row_11918,11918,10.1149/2.0571912jes,PF6,0.111,263.15,"[""EC"",""EMC""]","[0.3,0.7]",5,0.75,0.8062496478075063,0.8,0.050000000000000044,0.050000000000000044,Ridge Regression,regression
row_4369,4369,10.1149/1.1466857,PF6,1.0,283.0091549,"[""EC"",""EMC""]","[0.3,0.7]",3,0.8,0.786504068616172,0.8,0.0,0.0,Ridge Regression,regression
row_10893,10893,10.1149/1.1872737,PF6,0.955465587,293.0,"[""EC"",""PC"",""DMC""]","[0.27,0.1,0.63]",2,0.75,0.7828248067201836,0.8,0.050000000000000044,0.050000000000000044,Ridge Regression,regression
row_13640,13640,10.1016/0378-7753(91)80004-H,PF6,1.0,313.15,"[""EC"",""PC""]","[0.5,0.5]",5,0.8,0.8083224339935714,0.8,0.0,0.0,Ridge Regression,regression
row_12013,12013,10.1149/2.0641503jes,PF6,1.201388889,313.15,"[""EC"",""DEC""]","[0.5,0.5]",2,0.8,0.8385165275142146,0.85,0.04999999999999993,0.04999999999999993,Ridge Regression,regression
row_10875,10875,10.1149/1.1872737,PF6,0.960863698,333.0,"[""EC"",""PC"",""DMC""]","[0.27,0.1,0.63]",3,0.7,0.8150571512429821,0.8,0.10000000000000009,0.10000000000000009,Ridge Regression,regression
row_10895,10895,10.1149/1.1872737,PF6,2.237516869,293.0,"[""EC"",""PC"",""DMC""]","[0.27,0.1,0.63]",3,0.75,0.792471652400427,0.8,0.050000000000000044,0.050000000000000044,Ridge Regression,regression
row_11883,11883,10.1149/2.0571912jes,PF6,0.503,263.15,"[""EC"",""DMC""]","[0.5,0.5]",5,0.7,0.7763408862175825,0.8,0.10000000000000009,0.10000000000000009,Ridge Regression,regression
row_11905,11905,10.1149/2.0571912jes,PF6,1.505,303.15,"[""EC"",""DMC""]","[0.5,0.5]",2,0.8,0.7913112373123697,0.8,0.0,0.0,Ridge Regression,regression
row_3744,3744,10.1149/1.1344281,ClO4,1.0,296.4654522,"[""PC""]",[1.0],2,0.8,0.7915612590182175,0.8,0.0,0.0,Ridge Regression,regression
row_3812,3812,10.1149/1.1344281,ClO4,0.5,212.2342837,"[""DME""]",[1.0],4,0.9,0.8952443304508949,0.9,0.0,0.0,Ridge Regression,regression
row_3724,3724,10.1149/1.1344281,ClO4,1.0,393.6420782,"[""PC""]",[1.0],3,0.85,0.7929960584870381,0.8,-0.04999999999999993,0.04999999999999993,Ridge Regression,regression
row_3786,3786,10.1149/1.1344281,ClO4,0.5,342.1636336,"[""DME""]",[1.0],4,0.8,0.8747789217269067,0.85,0.04999999999999993,0.04999999999999993,Ridge Regression,regression
row_3760,3760,10.1149/1.1344281,ClO4,1.0,217.5511705,"[""PC""]",[1.0],3,0.85,0.8649548324447082,0.85,0.0,0.0,Ridge Regression,regression
row_3734,3734,10.1149/1.1344281,ClO4,1.0,345.6484223,"[""PC""]",[1.0],3,0.85,0.7820706174891734,0.8,-0.04999999999999993,0.04999999999999993,Ridge Regression,regression
row_3800,3800,10.1149/1.1344281,ClO4,0.5,273.3744374,"[""DME""]",[1.0],1,0.8,0.888691911829895,0.9,0.09999999999999998,0.09999999999999998,Ridge Regression,regression
row_3751,3751,10.1149/1.1344281,ClO4,1.0,261.8047361,"[""PC""]",[1.0],2,0.85,0.7913532011215398,0.8,-0.04999999999999993,0.04999999999999993,Ridge Regression,regression
row_3739,3739,10.1149/1.1344281,ClO4,1.0,321.2048223,"[""PC""]",[1.0],4,0.85,0.8104857561253382,0.8,-0.04999999999999993,0.04999999999999993,Ridge Regression,regression
row_224,224,10.1016/j.jpowsour.2011.07.071,TFSI,1.0,292.1342406,"[""EC"",""DMC""]","[0.5,0.5]",4,0.7,0.723756012173865,0.7,0.0,0.0,Ridge Regression,regression
row_3838,3838,10.1149/1.1344281,TFSI,0.5,211.8374067,"[""DME""]",[1.0],2,0.9,0.8152096324855647,0.8,-0.09999999999999998,0.09999999999999998,Ridge Regression,regression
row_3593,3593,10.1149/1.1344281,TFSI,1.0,375.3490984,"[""PC""]",[1.0],4,0.7,0.8077961212385311,0.8,0.10000000000000009,0.10000000000000009,Ridge Regression,regression
row_3625,3625,10.1149/1.1344281,TFSI,1.0,217.6928575,"[""PC""]",[1.0],2,0.85,0.7635837831688009,0.75,-0.09999999999999998,0.09999999999999998,Ridge Regression,regression
row_129,129,10.1016/j.jpowsour.2011.07.071,TFSI,1.0,298.0,"[""DMC""]",[1.0],5,0.7,0.7585137326104583,0.75,0.050000000000000044,0.050000000000000044,Ridge Regression,regression
row_128,128,10.1016/j.jpowsour.2011.07.071,TFSI,1.0,298.0,"[""EC""]",[1.0],3,0.7,0.7317880988127419,0.75,0.050000000000000044,0.050000000000000044,Ridge Regression,regression
row_3813,3813,10.1149/1.1344281,TFSI,0.5,338.3557034,"[""DME""]",[1.0],1,0.85,0.8298609108106493,0.85,0.0,0.0,Ridge Regression,regression
row_3606,3606,10.1149/1.1344281,TFSI,1.0,310.8093421,"[""PC""]",[1.0],1,0.75,0.749372052637628,0.75,0.0,0.0,Ridge Regression,regression
row_247,247,10.1016/j.jpowsour.2011.07.071,TFSI,1.0,334.9025673,"[""EC"",""DMC""]","[0.5,0.5]",5,0.8,0.7284234192344569,0.75,-0.050000000000000044,0.050000000000000044,Ridge Regression,regression
row_120,120,10.1016/j.jpowsour.2011.07.071,TFSI,1.0,298.0,"[""EC"",""DMC""]","[0.2,0.8]",1,0.75,0.7425573285472041,0.75,0.0,0.0,Ridge Regression,regression
row_127,127,10.1016/j.jpowsour.2011.07.071,TFSI,1.0,298.0,"[""EC"",""DMC""]","[0.8,0.2]",1,0.7,0.703115512932242,0.7,0.0,0.0,Ridge Regression,regression
row_3827,3827,10.1149/1.1344281,TFSI,0.5,267.3436967,"[""DME""]",[1.0],5,0.85,0.8472310929501667,0.85,0.0,0.0,Ridge Regression,regression
row_3614,3614,10.1149/1.1344281,TFSI,1.0,271.8869669,"[""PC""]",[1.0],5,0.7,0.7901482532298613,0.8,0.10000000000000009,0.10000000000000009,Ridge Regression,regression
row_3599,3599,10.1149/1.1344281,TFSI,1.0,345.6878836,"[""PC""]",[1.0],5,0.7,0.7958611305835288,0.8,0.10000000000000009,0.10000000000000009,Ridge Regression,regression
row_193,193,10.1016/j.jpowsour.2011.07.071,TFSI,1.0,256.1150634,"[""EC"",""DMC""]","[0.5,0.5]",2,0.7,0.7139309199328329,0.7,0.0,0.0,Ridge Regression,regression
row_234,234,10.1016/j.jpowsour.2011.07.071,TFSI,1.0,312.99103,"[""EC"",""DMC""]","[0.5,0.5]",3,0.7,0.7366417890336939,0.75,0.050000000000000044,0.050000000000000044,Ridge Regression,regression
row_3820,3820,10.1149/1.1344281,TFSI,0.5,303.2356303,"[""DME""]",[1.0],5,0.85,0.8466468886003097,0.85,0.0,0.0,Ridge Regression,regression
row_119,119,10.1016/j.jpowsour.2011.07.071,TFSI,1.0,298.0,"[""EC"",""DMC""]","[0.1,0.9]",4,0.75,0.7561281816326705,0.75,0.0,0.0,Ridge Regression,regression
row_3832,3832,10.1149/1.1344281,TFSI,0.5,241.4678399,"[""DME""]",[1.0],1,0.9,0.8353727798021218,0.85,-0.050000000000000044,0.050000000000000044,Ridge Regression,regression
row_44,44,10.1016/j.jpowsour.2010.12.040,FSI,1.0,297.7574305,"[""EC"",""EMC""]","[0.3,0.7]",5,0.7,0.7355213560012531,0.75,0.050000000000000044,0.050000000000000044,Ridge Regression,regression
row_31,31,10.1016/j.jpowsour.2010.12.040,FSI,1.0,332.5420421,"[""EC"",""EMC""]","[0.3,0.7]",2,0.7,0.7678196204378651,0.75,0.050000000000000044,0.050000000000000044,Ridge Regression,regression
row_49,49,10.1016/j.jpowsour.2010.12.040,FSI,1.0,253.1626323,"[""EC"",""EMC""]","[0.3,0.7]",4,0.75,0.7052091240533795,0.7,-0.050000000000000044,0.050000000000000044,Ridge Regression,regression
row_41,41,10.1016/j.jpowsour.2010.12.040,FSI,1.0,322.7762915,"[""EC"",""EMC""]","[0.3,0.7]",3,0.75,0.7271195962021129,0.75,0.0,0.0,Ridge Regression,regression
row_37,37,10.1016/j.jpowsour.2010.12.040,FSI,1.0,273.0531347,"[""EC"",""EMC""]","[0.3,0.7]",1,0.7,0.7342776192439063,0.75,0.050000000000000044,0.050000000000000044,Ridge Regression,regression
row_66,66,10.1016/j.jpowsour.2010.12.040,BF4,1.0,283.0889854,"[""EC"",""EMC""]","[0.3,0.7]",1,0.9,0.8446788287322953,0.85,-0.050000000000000044,0.050000000000000044,Ridge Regression,regression
row_13823,13823,10.1016/0378-7753(91)80004-H,BF4,1.0,353.15,"[""EC"",""PC""]","[0.5,0.5]",1,0.9,0.8389303099196033,0.85,-0.050000000000000044,0.050000000000000044,Ridge Regression,regression
row_13793,13793,10.1016/0378-7753(91)80004-H,BF4,1.0,213.15,"[""EC"",""PC""]","[0.5,0.5]",3,0.85,0.9606843050626412,0.9,0.050000000000000044,0.050000000000000044,Ridge Regression,regression
row_70,70,10.1016/j.jpowsour.2010.12.040,BF4,1.0,332.6559387,"[""EC"",""EMC""]","[0.3,0.7]",2,0.85,0.8884367254605814,0.9,0.050000000000000044,0.050000000000000044,Ridge Regression,regression
row_13814,13814,10.1016/0378-7753(91)80004-H,BF4,1.0,293.15,"[""EC"",""PC""]","[0.5,0.5]",4,0.9,0.838228883920193,0.85,-0.050000000000000044,0.050000000000000044,Ridge Regression,regression
row_4375,4375,10.1149/1.1466857,BF4,1.0,222.4457746,"[""EC"",""EMC""]","[0.3,0.7]",4,0.9,0.8561290964779679,0.85,-0.050000000000000044,0.050000000000000044,Ridge Regression,regression
row_11894,11894,10.1149/2.0571912jes,PF6,1.004,283.15,"[""EC"",""DMC""]","[0.5,0.5]",3,0.8,0.7695844981865553,0.75,-0.050000000000000044,0.050000000000000044,Elastic Net Regression,regression
row_13615,13615,10.1016/0378-7753(91)80004-H,PF6,1.0,213.15,"[""EC"",""PC""]","[0.15,0.85]",5,0.9,0.8289186453481489,0.85,-0.050000000000000044,0.050000000000000044,Elastic Net Regression,regression
row_10903,10903,10.1149/1.1872737,PF6,3.327935223,263.0,"[""EC"",""PC"",""DMC""]","[0.27,0.1,0.63]",4,0.9,0.7739845913094784,0.75,-0.15000000000000002,0.15000000000000002,Elastic Net Regression,regression
row_13645,13645,10.1016/0378-7753(91)80004-H,PF6,1.0,353.15,"[""EC"",""PC""]","[0.15,0.85]",2,0.9,0.7955693211090725,0.8,-0.09999999999999998,0.09999999999999998,Elastic Net Regression,regression
row_11959,11959,10.1149/2.0571912jes,PF6,2.996,323.15,"[""EC"",""EMC""]","[0.3,0.7]",1,0.8,0.8074894181305909,0.8,0.0,0.0,Elastic Net Regression,regression
row_13634,13634,10.1016/0378-7753(91)80004-H,PF6,1.0,273.15,"[""EC"",""PC""]","[0.5,0.5]",1,0.8,0.8071542365781884,0.8,0.0,0.0,Elastic Net Regression,regression
row_11954,11954,10.1149/2.0571912jes,PF6,0.096,323.15,"[""EC"",""EMC""]","[0.3,0.7]",4,0.85,0.7859487245933275,0.8,-0.04999999999999993,0.04999999999999993,Elastic Net Regression,regression
row_12004,12004,10.1149/2.0641503jes,PF6,0.5,313.15,"[""EC"",""DEC""]","[0.5,0.5]",5,0.75,0.8223827811052684,0.8,0.050000000000000044,0.050000000000000044,Elastic Net Regression,regression
row_10878,10878,10.1149/1.1872737,PF6,2.240215924,333.0,"[""EC"",""PC"",""DMC""]","[0.27,0.1,0.63]",4,0.8,0.7809831906775199,0.8,0.0,0.0,Elastic Net Regression,regression
row_13646,13646,10.1016/0378-7753(91)80004-H,PF6,1.0,353.15,"[""EC"",""PC""]","[0.5,0.5]",2,0.85,0.7950958361939487,0.8,-0.04999999999999993,0.04999999999999993,Elastic Net Regression,regression
row_11917,11917,10.1149/2.0571912jes,PF6,3.0,323.15,"[""EC"",""DMC""]","[0.5,0.5]",4,0.8,0.7710570374566008,0.75,-0.050000000000000044,0.050000000000000044,Elastic Net Regression,regression
row_4363,4363,10.1149/1.1466857,PF6,1.0,222.7274648,"[""EC"",""EMC""]","[0.3,0.7]",5,0.8,0.8125810681385783,0.8,0.0,0.0,Elastic Net Regression,regression
row_10874,10874,10.1149/1.1872737,PF6,0.391363023,333.0,"[""EC"",""PC"",""DMC""]","[0.27,0.1,0.63]",1,0.85,0.7742902693162199,0.75,-0.09999999999999998,0.09999999999999998,Elastic Net Regression,regression
row_192,192,10.1016/j.jpowsour.2011.07.071,PF6,1.0,354.0952676,"[""EC"",""DMC""]","[0.5,0.5]",3,0.9,0.7612374356532786,0.75,-0.15000000000000002,0.15000000000000002,Elastic Net Regression,regression
row_10901,10901,10.1149/1.1872737,PF6,1.738191633,263.0,"[""EC"",""PC"",""DMC""]","[0.27,0.1,0.63]",2,0.75,0.7934565523294208,0.8,0.050000000000000044,0.050000000000000044,Elastic Net Regression,regression
row_11957,11957,10.1149/2.0571912jes,PF6,1.497,323.15,"[""EC"",""EMC""]","[0.3,0.7]",3,0.85,0.7819640023183392,0.8,-0.04999999999999993,0.04999999999999993,Elastic Net Regression,regression
row_13636,13636,10.1016/0378-7753(91)80004-H,PF6,1.0,293.15,"[""EC"",""PC""]","[0.15,0.85]",4,0.8,0.8066160188482489,0.8,0.0,0.0,Elastic Net Regression,regression
row_11886,11886,10.1149/2.0571912jes,PF6,2.0,263.15,"[""EC"",""DMC""]","[0.5,0.5]",3,0.75,0.7833357303676578,0.8,0.050000000000000044,0.050000000000000044,Elastic Net Regression,regression
row_10899,10899,10.1149/1.1872737,PF6,0.391363023,263.0,"[""EC"",""PC"",""DMC""]","[0.27,0.1,0.63]",1,0.75,0.7800289816013266,0.8,0.050000000000000044,0.050000000000000044,Elastic Net Regression,regression
row_12014,12014,10.1149/2.0641503jes,PF6,1.5,283.15,"[""EC"",""DEC""]","[0.5,0.5]",4,0.9,0.78450314899138,0.8,-0.09999999999999998,0.09999999999999998,Elastic Net Regression,regression
row_10881,10881,10.1149/1.1872737,PF6,3.330634278,333.0,"[""EC"",""PC"",""DMC""]","[0.27,0.1,0.63]",5,0.8,0.7839875189756298,0.8,0.0,0.0,Elastic Net Regression,regression
row_11916,11916,10.1149/2.0571912jes,PF6,2.005,323.15,"[""EC"",""DMC""]","[0.5,0.5]",2,0.75,0.7846903165185447,0.8,0.050000000000000044,0.050000000000000044,Elastic Net Regression,regression
row_11928,11928,10.1149/2.0571912jes,PF6,1.999,273.15,"[""EC"",""EMC""]","[0.3,0.7]",2,0.8,0.7984278593823836,0.8,0.0,0.0,Elastic Net Regression,regression
row_11887,11887,10.1149/2.0571912jes,PF6,3.0,263.15,"[""EC"",""DMC""]","[0.5,0.5]",1,0.75,0.8030262281433198,0.8,0.050000000000000044,0.050000000000000044,Elastic Net Regression,regression
row_13616,13616,10.1016/0378-7753(91)80004-H,PF6,1.0,213.15,"[""EC"",""PC""]","[0.5,0.5]",3,0.75,0.8656597983186822,0.85,0.09999999999999998,0.09999999999999998,Elastic Net Regression,regression
row_11913,11913,10.1149/2.0571912jes,PF6,0.501,323.15,"[""EC"",""DMC""]","[0.5,0.5]",5,0.85,0.7714450364766182,0.75,-0.09999999999999998,0.09999999999999998,Elastic Net Regression,regression
row_11923,11923,10.1149/2.0571912jes,PF6,3.002,263.15,"[""EC"",""EMC""]","[0.3,0.7]",1,0.8,0.821889798090217,0.8,0.0,0.0,Elastic Net Regression,regression
row_11918,11918,10.1149/2.0571912jes,PF6,0.111,263.15,"[""EC"",""EMC""]","[0.3,0.7]",5,0.75,0.8108047810447745,0.8,0.050000000000000044,0.050000000000000044,Elastic Net Regression,regression
row_4369,4369,10.1149/1.1466857,PF6,1.0,283.0091549,"[""EC"",""EMC""]","[0.3,0.7]",3,0.8,0.7873117422866049,0.8,0.0,0.0,Elastic Net Regression,regression
row_10893,10893,10.1149/1.1872737,PF6,0.955465587,293.0,"[""EC"",""PC"",""DMC""]","[0.27,0.1,0.63]",2,0.75,0.7889465728808674,0.8,0.050000000000000044,0.050000000000000044,Elastic Net Regression,regression
row_13640,13640,10.1016/0378-7753(91)80004-H,PF6,1.0,313.15,"[""EC"",""PC""]","[0.5,0.5]",5,0.8,0.8043633575680676,0.8,0.0,0.0,Elastic Net Regression,regression
row_12013,12013,10.1149/2.0641503jes,PF6,1.201388889,313.15,"[""EC"",""DEC""]","[0.5,0.5]",2,0.8,0.7960807307281194,0.8,0.0,0.0,Elastic Net Regression,regression
row_10875,10875,10.1149/1.1872737,PF6,0.960863698,333.0,"[""EC"",""PC"",""DMC""]","[0.27,0.1,0.63]",3,0.7,0.7801013090224104,0.8,0.10000000000000009,0.10000000000000009,Elastic Net Regression,regression
row_10895,10895,10.1149/1.1872737,PF6,2.237516869,293.0,"[""EC"",""PC"",""DMC""]","[0.27,0.1,0.63]",3,0.75,0.7900726839473075,0.8,0.050000000000000044,0.050000000000000044,Elastic Net Regression,regression
row_11883,11883,10.1149/2.0571912jes,PF6,0.503,263.15,"[""EC"",""DMC""]","[0.5,0.5]",5,0.7,0.7734233241296594,0.75,0.050000000000000044,0.050000000000000044,Elastic Net Regression,regression
row_11905,11905,10.1149/2.0571912jes,PF6,1.505,303.15,"[""EC"",""DMC""]","[0.5,0.5]",2,0.8,0.7853311404040407,0.8,0.0,0.0,Elastic Net Regression,regression
row_3744,3744,10.1149/1.1344281,ClO4,1.0,296.4654522,"[""PC""]",[1.0],2,0.8,0.8007981314635839,0.8,0.0,0.0,Elastic Net Regression,regression
row_3812,3812,10.1149/1.1344281,ClO4,0.5,212.2342837,"[""DME""]",[1.0],4,0.9,0.8583128067314245,0.85,-0.050000000000000044,0.050000000000000044,Elastic Net Regression,regression
row_3724,3724,10.1149/1.1344281,ClO4,1.0,393.6420782,"[""PC""]",[1.0],3,0.85,0.7895673086306889,0.8,-0.04999999999999993,0.04999999999999993,Elastic Net Regression,regression
row_3786,3786,10.1149/1.1344281,ClO4,0.5,342.1636336,"[""DME""]",[1.0],4,0.8,0.8535038612254544,0.85,0.04999999999999993,0.04999999999999993,Elastic Net Regression,regression
row_3760,3760,10.1149/1.1344281,ClO4,1.0,217.5511705,"[""PC""]",[1.0],3,0.85,0.8495688593515871,0.85,0.0,0.0,Elastic Net Regression,regression
row_3734,3734,10.1149/1.1344281,ClO4,1.0,345.6484223,"[""PC""]",[1.0],3,0.85,0.794032540298299,0.8,-0.04999999999999993,0.04999999999999993,Elastic Net Regression,regression
row_3800,3800,10.1149/1.1344281,ClO4,0.5,273.3744374,"[""DME""]",[1.0],1,0.8,0.8591984280470218,0.85,0.04999999999999993,0.04999999999999993,Elastic Net Regression,regression
row_3751,3751,10.1149/1.1344281,ClO4,1.0,261.8047361,"[""PC""]",[1.0],2,0.85,0.8050376030786701,0.8,-0.04999999999999993,0.04999999999999993,Elastic Net Regression,regression
row_3739,3739,10.1149/1.1344281,ClO4,1.0,321.2048223,"[""PC""]",[1.0],4,0.85,0.8115664454262191,0.8,-0.04999999999999993,0.04999999999999993,Elastic Net Regression,regression
row_224,224,10.1016/j.jpowsour.2011.07.071,TFSI,1.0,292.1342406,"[""EC"",""DMC""]","[0.5,0.5]",4,0.7,0.754901142242164,0.75,0.050000000000000044,0.050000000000000044,Elastic Net Regression,regression
row_3838,3838,10.1149/1.1344281,TFSI,0.5,211.8374067,"[""DME""]",[1.0],2,0.9,0.8246628177051787,0.8,-0.09999999999999998,0.09999999999999998,Elastic Net Regression,regression
row_3593,3593,10.1149/1.1344281,TFSI,1.0,375.3490984,"[""PC""]",[1.0],4,0.7,0.807727758239273,0.8,0.10000000000000009,0.10000000000000009,Elastic Net Regression,regression
row_3625,3625,10.1149/1.1344281,TFSI,1.0,217.6928575,"[""PC""]",[1.0],2,0.85,0.7889893099832855,0.8,-0.04999999999999993,0.04999999999999993,Elastic Net Regression,regression
row_129,129,10.1016/j.jpowsour.2011.07.071,TFSI,1.0,298.0,"[""DMC""]",[1.0],5,0.7,0.7736535208431263,0.75,0.050000000000000044,0.050000000000000044,Elastic Net Regression,regression
row_128,128,10.1016/j.jpowsour.2011.07.071,TFSI,1.0,298.0,"[""EC""]",[1.0],3,0.7,0.7787273032908655,0.8,0.10000000000000009,0.10000000000000009,Elastic Net Regression,regression
row_3813,3813,10.1149/1.1344281,TFSI,0.5,338.3557034,"[""DME""]",[1.0],1,0.85,0.8249750205148767,0.8,-0.04999999999999993,0.04999999999999993,Elastic Net Regression,regression
row_3606,3606,10.1149/1.1344281,TFSI,1.0,310.8093421,"[""PC""]",[1.0],1,0.75,0.7806669705269547,0.8,0.050000000000000044,0.050000000000000044,Elastic Net Regression,regression
row_247,247,10.1016/j.jpowsour.2011.07.071,TFSI,1.0,334.9025673,"[""EC"",""DMC""]","[0.5,0.5]",5,0.8,0.7557116302617661,0.75,-0.050000000000000044,0.050000000000000044,Elastic Net Regression,regression
row_120,120,10.1016/j.jpowsour.2011.07.071,TFSI,1.0,298.0,"[""EC"",""DMC""]","[0.2,0.8]",1,0.75,0.7448681226495506,0.75,0.0,0.0,Elastic Net Regression,regression
row_127,127,10.1016/j.jpowsour.2011.07.071,TFSI,1.0,298.0,"[""EC"",""DMC""]","[0.8,0.2]",1,0.7,0.764092689796191,0.75,0.050000000000000044,0.050000000000000044,Elastic Net Regression,regression
row_3827,3827,10.1149/1.1344281,TFSI,0.5,267.3436967,"[""DME""]",[1.0],5,0.85,0.8333272593862465,0.85,0.0,0.0,Elastic Net Regression,regression
row_3614,3614,10.1149/1.1344281,TFSI,1.0,271.8869669,"[""PC""]",[1.0],5,0.7,0.8082360527252005,0.8,0.10000000000000009,0.10000000000000009,Elastic Net Regression,regression
row_3599,3599,10.1149/1.1344281,TFSI,1.0,345.6878836,"[""PC""]",[1.0],5,0.7,0.8049750750736895,0.8,0.10000000000000009,0.10000000000000009,Elastic Net Regression,regression
row_193,193,10.1016/j.jpowsour.2011.07.071,TFSI,1.0,256.1150634,"[""EC"",""DMC""]","[0.5,0.5]",2,0.7,0.7592463682890414,0.75,0.050000000000000044,0.050000000000000044,Elastic Net Regression,regression
row_234,234,10.1016/j.jpowsour.2011.07.071,TFSI,1.0,312.99103,"[""EC"",""DMC""]","[0.5,0.5]",3,0.7,0.7561068888750582,0.75,0.050000000000000044,0.050000000000000044,Elastic Net Regression,regression
row_3820,3820,10.1149/1.1344281,TFSI,0.5,303.2356303,"[""DME""]",[1.0],5,0.85,0.832823955774784,0.85,0.0,0.0,Elastic Net Regression,regression
row_119,119,10.1016/j.jpowsour.2011.07.071,TFSI,1.0,298.0,"[""EC"",""DMC""]","[0.1,0.9]",4,0.75,0.7493272169234794,0.75,0.0,0.0,Elastic Net Regression,regression
row_3832,3832,10.1149/1.1344281,TFSI,0.5,241.4678399,"[""DME""]",[1.0],1,0.9,0.8287964436439839,0.85,-0.050000000000000044,0.050000000000000044,Elastic Net Regression,regression
row_44,44,10.1016/j.jpowsour.2010.12.040,FSI,1.0,297.7574305,"[""EC"",""EMC""]","[0.3,0.7]",5,0.7,0.8003877719289654,0.8,0.10000000000000009,0.10000000000000009,Elastic Net Regression,regression
row_31,31,10.1016/j.jpowsour.2010.12.040,FSI,1.0,332.5420421,"[""EC"",""EMC""]","[0.3,0.7]",2,0.7,0.7922683147602098,0.8,0.10000000000000009,0.10000000000000009,Elastic Net Regression,regression
row_49,49,10.1016/j.jpowsour.2010.12.040,FSI,1.0,253.1626323,"[""EC"",""EMC""]","[0.3,0.7]",4,0.75,0.7813205560837487,0.8,0.050000000000000044,0.050000000000000044,Elastic Net Regression,regression
row_41,41,10.1016/j.jpowsour.2010.12.040,FSI,1.0,322.7762915,"[""EC"",""EMC""]","[0.3,0.7]",3,0.75,0.7826940591097284,0.8,0.050000000000000044,0.050000000000000044,Elastic Net Regression,regression
row_37,37,10.1016/j.jpowsour.2010.12.040,FSI,1.0,273.0531347,"[""EC"",""EMC""]","[0.3,0.7]",1,0.7,0.798887098106047,0.8,0.10000000000000009,0.10000000000000009,Elastic Net Regression,regression
row_66,66,10.1016/j.jpowsour.2010.12.040,BF4,1.0,283.0889854,"[""EC"",""EMC""]","[0.3,0.7]",1,0.9,0.8026821626053147,0.8,-0.09999999999999998,0.09999999999999998,Elastic Net Regression,regression
row_13823,13823,10.1016/0378-7753(91)80004-H,BF4,1.0,353.15,"[""EC"",""PC""]","[0.5,0.5]",1,0.9,0.8012637033931812,0.8,-0.09999999999999998,0.09999999999999998,Elastic Net Regression,regression
row_13793,13793,10.1016/0378-7753(91)80004-H,BF4,1.0,213.15,"[""EC"",""PC""]","[0.5,0.5]",3,0.85,0.8848357097784567,0.9,0.050000000000000044,0.050000000000000044,Elastic Net Regression,regression
row_70,70,10.1016/j.jpowsour.2010.12.040,BF4,1.0,332.6559387,"[""EC"",""EMC""]","[0.3,0.7]",2,0.85,0.8175243808540564,0.8,-0.04999999999999993,0.04999999999999993,Elastic Net Regression,regression
row_13814,13814,10.1016/0378-7753(91)80004-H,BF4,1.0,293.15,"[""EC"",""PC""]","[0.5,0.5]",4,0.9,0.798420774970013,0.8,-0.09999999999999998,0.09999999999999998,Elastic Net Regression,regression
row_4375,4375,10.1149/1.1466857,BF4,1.0,222.4457746,"[""EC"",""EMC""]","[0.3,0.7]",4,0.9,0.7950836732201975,0.8,-0.09999999999999998,0.09999999999999998,Elastic Net Regression,regression
row_11894,11894,10.1149/2.0571912jes,PF6,1.004,283.15,"[""EC"",""DMC""]","[0.5,0.5]",3,0.8,0.7564698015873007,0.75,-0.050000000000000044,0.050000000000000044,Random Forest Regressor,regression
row_13615,13615,10.1016/0378-7753(91)80004-H,PF6,1.0,213.15,"[""EC"",""PC""]","[0.15,0.85]",5,0.9,0.8289521428571434,0.85,-0.050000000000000044,0.050000000000000044,Random Forest Regressor,regression
row_10903,10903,10.1149/1.1872737,PF6,3.327935223,263.0,"[""EC"",""PC"",""DMC""]","[0.27,0.1,0.63]",4,0.9,0.7629744047619055,0.75,-0.15000000000000002,0.15000000000000002,Random Forest Regressor,regression
row_13645,13645,10.1016/0378-7753(91)80004-H,PF6,1.0,353.15,"[""EC"",""PC""]","[0.15,0.85]",2,0.9,0.8235224025974034,0.8,-0.09999999999999998,0.09999999999999998,Random Forest Regressor,regression
row_11959,11959,10.1149/2.0571912jes,PF6,2.996,323.15,"[""EC"",""EMC""]","[0.3,0.7]",1,0.8,0.8192433333333355,0.8,0.0,0.0,Random Forest Regressor,regression
row_13634,13634,10.1016/0378-7753(91)80004-H,PF6,1.0,273.15,"[""EC"",""PC""]","[0.5,0.5]",1,0.8,0.8137848809523812,0.8,0.0,0.0,Random Forest Regressor,regression
row_11954,11954,10.1149/2.0571912jes,PF6,0.096,323.15,"[""EC"",""EMC""]","[0.3,0.7]",4,0.85,0.7969242857142871,0.8,-0.04999999999999993,0.04999999999999993,Random Forest Regressor,regression
row_12004,12004,10.1149/2.0641503jes,PF6,0.5,313.15,"[""EC"",""DEC""]","[0.5,0.5]",5,0.75,0.8129383730158755,0.8,0.050000000000000044,0.050000000000000044,Random Forest Regressor,regression
row_10878,10878,10.1149/1.1872737,PF6,2.240215924,333.0,"[""EC"",""PC"",""DMC""]","[0.27,0.1,0.63]",4,0.8,0.7762984126984127,0.8,0.0,0.0,Random Forest Regressor,regression
row_13646,13646,10.1016/0378-7753(91)80004-H,PF6,1.0,353.15,"[""EC"",""PC""]","[0.5,0.5]",2,0.85,0.8279188311688308,0.85,0.0,0.0,Random Forest Regressor,regression
row_11917,11917,10.1149/2.0571912jes,PF6,3.0,323.15,"[""EC"",""DMC""]","[0.5,0.5]",4,0.8,0.7841049603174622,0.8,0.0,0.0,Random Forest Regressor,regression
row_4363,4363,10.1149/1.1466857,PF6,1.0,222.7274648,"[""EC"",""EMC""]","[0.3,0.7]",5,0.8,0.8305732142857131,0.85,0.04999999999999993,0.04999999999999993,Random Forest Regressor,regression
row_10874,10874,10.1149/1.1872737,PF6,0.391363023,333.0,"[""EC"",""PC"",""DMC""]","[0.27,0.1,0.63]",1,0.85,0.7762249206349211,0.8,-0.04999999999999993,0.04999999999999993,Random Forest Regressor,regression
row_192,192,10.1016/j.jpowsour.2011.07.071,PF6,1.0,354.0952676,"[""EC"",""DMC""]","[0.5,0.5]",3,0.9,0.8098209523809528,0.8,-0.09999999999999998,0.09999999999999998,Random Forest Regressor,regression
row_10901,10901,10.1149/1.1872737,PF6,1.738191633,263.0,"[""EC"",""PC"",""DMC""]","[0.27,0.1,0.63]",2,0.75,0.787397619047619,0.8,0.050000000000000044,0.050000000000000044,Random Forest Regressor,regression
row_11957,11957,10.1149/2.0571912jes,PF6,1.497,323.15,"[""EC"",""EMC""]","[0.3,0.7]",3,0.85,0.8111003571428588,0.8,-0.04999999999999993,0.04999999999999993,Random Forest Regressor,regression
row_13636,13636,10.1016/0378-7753(91)80004-H,PF6,1.0,293.15,"[""EC"",""PC""]","[0.15,0.85]",4,0.8,0.8042876190476216,0.8,0.0,0.0,Random Forest Regressor,regression
row_11886,11886,10.1149/2.0571912jes,PF6,2.0,263.15,"[""EC"",""DMC""]","[0.5,0.5]",3,0.75,0.7545015512265505,0.75,0.0,0.0,Random Forest Regressor,regression
row_10899,10899,10.1149/1.1872737,PF6,0.391363023,263.0,"[""EC"",""PC"",""DMC""]","[0.27,0.1,0.63]",1,0.75,0.7635314285714286,0.75,0.0,0.0,Random Forest Regressor,regression
row_12014,12014,10.1149/2.0641503jes,PF6,1.5,283.15,"[""EC"",""DEC""]","[0.5,0.5]",4,0.9,0.7919021428571474,0.8,-0.09999999999999998,0.09999999999999998,Random Forest Regressor,regression
row_10881,10881,10.1149/1.1872737,PF6,3.330634278,333.0,"[""EC"",""PC"",""DMC""]","[0.27,0.1,0.63]",5,0.8,0.8078371428571445,0.8,0.0,0.0,Random Forest Regressor,regression
row_11916,11916,10.1149/2.0571912jes,PF6,2.005,323.15,"[""EC"",""DMC""]","[0.5,0.5]",2,0.75,0.818839841269844,0.8,0.050000000000000044,0.050000000000000044,Random Forest Regressor,regression
row_11928,11928,10.1149/2.0571912jes,PF6,1.999,273.15,"[""EC"",""EMC""]","[0.3,0.7]",2,0.8,0.8003097222222239,0.8,0.0,0.0,Random Forest Regressor,regression
row_11887,11887,10.1149/2.0571912jes,PF6,3.0,263.15,"[""EC"",""DMC""]","[0.5,0.5]",1,0.75,0.7943388888888889,0.8,0.050000000000000044,0.050000000000000044,Random Forest Regressor,regression
row_13616,13616,10.1016/0378-7753(91)80004-H,PF6,1.0,213.15,"[""EC"",""PC""]","[0.5,0.5]",3,0.75,0.8722018253968236,0.85,0.09999999999999998,0.09999999999999998,Random Forest Regressor,regression
row_11913,11913,10.1149/2.0571912jes,PF6,0.501,323.15,"[""EC"",""DMC""]","[0.5,0.5]",5,0.85,0.7875121825396825,0.8,-0.04999999999999993,0.04999999999999993,Random Forest Regressor,regression
row_11923,11923,10.1149/2.0571912jes,PF6,3.002,263.15,"[""EC"",""EMC""]","[0.3,0.7]",1,0.8,0.82374857142857,0.8,0.0,0.0,Random Forest Regressor,regression
row_11918,11918,10.1149/2.0571912jes,PF6,0.111,263.15,"[""EC"",""EMC""]","[0.3,0.7]",5,0.75,0.8110784523809536,0.8,0.050000000000000044,0.050000000000000044,Random Forest Regressor,regression
row_4369,4369,10.1149/1.1466857,PF6,1.0,283.0091549,"[""EC"",""EMC""]","[0.3,0.7]",3,0.8,0.7946930952380963,0.8,0.0,0.0,Random Forest Regressor,regression
row_10893,10893,10.1149/1.1872737,PF6,0.955465587,293.0,"[""EC"",""PC"",""DMC""]","[0.27,0.1,0.63]",2,0.75,0.7606294047619042,0.75,0.0,0.0,Random Forest Regressor,regression
row_13640,13640,10.1016/0378-7753(91)80004-H,PF6,1.0,313.15,"[""EC"",""PC""]","[0.5,0.5]",5,0.8,0.8090172222222236,0.8,0.0,0.0,Random Forest Regressor,regression
row_12013,12013,10.1149/2.0641503jes,PF6,1.201388889,313.15,"[""EC"",""DEC""]","[0.5,0.5]",2,0.8,0.799389523809525,0.8,0.0,0.0,Random Forest Regressor,regression
row_10875,10875,10.1149/1.1872737,PF6,0.960863698,333.0,"[""EC"",""PC"",""DMC""]","[0.27,0.1,0.63]",3,0.7,0.8126642857142861,0.8,0.10000000000000009,0.10000000000000009,Random Forest Regressor,regression
row_10895,10895,10.1149/1.1872737,PF6,2.237516869,293.0,"[""EC"",""PC"",""DMC""]","[0.27,0.1,0.63]",3,0.75,0.7796038492063504,0.8,0.050000000000000044,0.050000000000000044,Random Forest Regressor,regression
row_11883,11883,10.1149/2.0571912jes,PF6,0.503,263.15,"[""EC"",""DMC""]","[0.5,0.5]",5,0.7,0.7702816666666665,0.75,0.050000000000000044,0.050000000000000044,Random Forest Regressor,regression
row_11905,11905,10.1149/2.0571912jes,PF6,1.505,303.15,"[""EC"",""DMC""]","[0.5,0.5]",2,0.8,0.7923834523809534,0.8,0.0,0.0,Random Forest Regressor,regression
row_3744,3744,10.1149/1.1344281,ClO4,1.0,296.4654522,"[""PC""]",[1.0],2,0.8,0.8195426190476195,0.8,0.0,0.0,Random Forest Regressor,regression
row_3812,3812,10.1149/1.1344281,ClO4,0.5,212.2342837,"[""DME""]",[1.0],4,0.9,0.8720282539682505,0.85,-0.050000000000000044,0.050000000000000044,Random Forest Regressor,regression
row_3724,3724,10.1149/1.1344281,ClO4,1.0,393.6420782,"[""PC""]",[1.0],3,0.85,0.8038083333333323,0.8,-0.04999999999999993,0.04999999999999993,Random Forest Regressor,regression
row_3786,3786,10.1149/1.1344281,ClO4,0.5,342.1636336,"[""DME""]",[1.0],4,0.8,0.8340054365079366,0.85,0.04999999999999993,0.04999999999999993,Random Forest Regressor,regression
row_3760,3760,10.1149/1.1344281,ClO4,1.0,217.5511705,"[""PC""]",[1.0],3,0.85,0.8653080158730151,0.85,0.0,0.0,Random Forest Regressor,regression
row_3734,3734,10.1149/1.1344281,ClO4,1.0,345.6484223,"[""PC""]",[1.0],3,0.85,0.8015232142857143,0.8,-0.04999999999999993,0.04999999999999993,Random Forest Regressor,regression
row_3800,3800,10.1149/1.1344281,ClO4,0.5,273.3744374,"[""DME""]",[1.0],1,0.8,0.8200889682539694,0.8,0.0,0.0,Random Forest Regressor,regression
row_3751,3751,10.1149/1.1344281,ClO4,1.0,261.8047361,"[""PC""]",[1.0],2,0.85,0.809812976190477,0.8,-0.04999999999999993,0.04999999999999993,Random Forest Regressor,regression
row_3739,3739,10.1149/1.1344281,ClO4,1.0,321.2048223,"[""PC""]",[1.0],4,0.85,0.8023833333333327,0.8,-0.04999999999999993,0.04999999999999993,Random Forest Regressor,regression
row_224,224,10.1016/j.jpowsour.2011.07.071,TFSI,1.0,292.1342406,"[""EC"",""DMC""]","[0.5,0.5]",4,0.7,0.7116685714285663,0.7,0.0,0.0,Random Forest Regressor,regression
row_3838,3838,10.1149/1.1344281,TFSI,0.5,211.8374067,"[""DME""]",[1.0],2,0.9,0.842957976190475,0.85,-0.050000000000000044,0.050000000000000044,Random Forest Regressor,regression
row_3593,3593,10.1149/1.1344281,TFSI,1.0,375.3490984,"[""PC""]",[1.0],4,0.7,0.8333329365079363,0.85,0.15000000000000002,0.15000000000000002,Random Forest Regressor,regression
row_3625,3625,10.1149/1.1344281,TFSI,1.0,217.6928575,"[""PC""]",[1.0],2,0.85,0.8021277380952361,0.8,-0.04999999999999993,0.04999999999999993,Random Forest Regressor,regression
row_129,129,10.1016/j.jpowsour.2011.07.071,TFSI,1.0,298.0,"[""DMC""]",[1.0],5,0.7,0.7571884523809521,0.75,0.050000000000000044,0.050000000000000044,Random Forest Regressor,regression
row_128,128,10.1016/j.jpowsour.2011.07.071,TFSI,1.0,298.0,"[""EC""]",[1.0],3,0.7,0.7432651984126958,0.75,0.050000000000000044,0.050000000000000044,Random Forest Regressor,regression
row_3813,3813,10.1149/1.1344281,TFSI,0.5,338.3557034,"[""DME""]",[1.0],1,0.85,0.8102034523809537,0.8,-0.04999999999999993,0.04999999999999993,Random Forest Regressor,regression
row_3606,3606,10.1149/1.1344281,TFSI,1.0,310.8093421,"[""PC""]",[1.0],1,0.75,0.740597539682537,0.75,0.0,0.0,Random Forest Regressor,regression
row_247,247,10.1016/j.jpowsour.2011.07.071,TFSI,1.0,334.9025673,"[""EC"",""DMC""]","[0.5,0.5]",5,0.8,0.7309206746031705,0.75,-0.050000000000000044,0.050000000000000044,Random Forest Regressor,regression
row_120,120,10.1016/j.jpowsour.2011.07.071,TFSI,1.0,298.0,"[""EC"",""DMC""]","[0.2,0.8]",1,0.75,0.7357397619047613,0.75,0.0,0.0,Random Forest Regressor,regression
row_127,127,10.1016/j.jpowsour.2011.07.071,TFSI,1.0,298.0,"[""EC"",""DMC""]","[0.8,0.2]",1,0.7,0.7293278571428551,0.75,0.050000000000000044,0.050000000000000044,Random Forest Regressor,regression
row_3827,3827,10.1149/1.1344281,TFSI,0.5,267.3436967,"[""DME""]",[1.0],5,0.85,0.7971626190476176,0.8,-0.04999999999999993,0.04999999999999993,Random Forest Regressor,regression
row_3614,3614,10.1149/1.1344281,TFSI,1.0,271.8869669,"[""PC""]",[1.0],5,0.7,0.7990575000000006,0.8,0.10000000000000009,0.10000000000000009,Random Forest Regressor,regression
row_3599,3599,10.1149/1.1344281,TFSI,1.0,345.6878836,"[""PC""]",[1.0],5,0.7,0.7929020238095241,0.8,0.10000000000000009,0.10000000000000009,Random Forest Regressor,regression
row_193,193,10.1016/j.jpowsour.2011.07.071,TFSI,1.0,256.1150634,"[""EC"",""DMC""]","[0.5,0.5]",2,0.7,0.7335917063492032,0.75,0.050000000000000044,0.050000000000000044,Random Forest Regressor,regression
row_234,234,10.1016/j.jpowsour.2011.07.071,TFSI,1.0,312.99103,"[""EC"",""DMC""]","[0.5,0.5]",3,0.7,0.7596969047619039,0.75,0.050000000000000044,0.050000000000000044,Random Forest Regressor,regression
row_3820,3820,10.1149/1.1344281,TFSI,0.5,303.2356303,"[""DME""]",[1.0],5,0.85,0.7917209523809516,0.8,-0.04999999999999993,0.04999999999999993,Random Forest Regressor,regression
row_119,119,10.1016/j.jpowsour.2011.07.071,TFSI,1.0,298.0,"[""EC"",""DMC""]","[0.1,0.9]",4,0.75,0.7327801190476171,0.75,0.0,0.0,Random Forest Regressor,regression
row_3832,3832,10.1149/1.1344281,TFSI,0.5,241.4678399,"[""DME""]",[1.0],1,0.9,0.8190566269841277,0.8,-0.09999999999999998,0.09999999999999998,Random Forest Regressor,regression
row_44,44,10.1016/j.jpowsour.2010.12.040,FSI,1.0,297.7574305,"[""EC"",""EMC""]","[0.3,0.7]",5,0.7,0.7380388492063489,0.75,0.050000000000000044,0.050000000000000044,Random Forest Regressor,regression
row_31,31,10.1016/j.jpowsour.2010.12.040,FSI,1.0,332.5420421,"[""EC"",""EMC""]","[0.3,0.7]",2,0.7,0.773202857142858,0.75,0.050000000000000044,0.050000000000000044,Random Forest Regressor,regression
row_49,49,10.1016/j.jpowsour.2010.12.040,FSI,1.0,253.1626323,"[""EC"",""EMC""]","[0.3,0.7]",4,0.75,0.7457005952380926,0.75,0.0,0.0,Random Forest Regressor,regression
row_41,41,10.1016/j.jpowsour.2010.12.040,FSI,1.0,322.7762915,"[""EC"",""EMC""]","[0.3,0.7]",3,0.75,0.7392648809523781,0.75,0.0,0.0,Random Forest Regressor,regression
row_37,37,10.1016/j.jpowsour.2010.12.040,FSI,1.0,273.0531347,"[""EC"",""EMC""]","[0.3,0.7]",1,0.7,0.7406449206349195,0.75,0.050000000000000044,0.050000000000000044,Random Forest Regressor,regression
row_66,66,10.1016/j.jpowsour.2010.12.040,BF4,1.0,283.0889854,"[""EC"",""EMC""]","[0.3,0.7]",1,0.9,0.817992301587302,0.8,-0.09999999999999998,0.09999999999999998,Random Forest Regressor,regression
row_13823,13823,10.1016/0378-7753(91)80004-H,BF4,1.0,353.15,"[""EC"",""PC""]","[0.5,0.5]",1,0.9,0.8550409126984142,0.85,-0.050000000000000044,0.050000000000000044,Random Forest Regressor,regression
row_13793,13793,10.1016/0378-7753(91)80004-H,BF4,1.0,213.15,"[""EC"",""PC""]","[0.5,0.5]",3,0.85,0.8876771825396785,0.9,0.050000000000000044,0.050000000000000044,Random Forest Regressor,regression
row_70,70,10.1016/j.jpowsour.2010.12.040,BF4,1.0,332.6559387,"[""EC"",""EMC""]","[0.3,0.7]",2,0.85,0.863842341269838,0.85,0.0,0.0,Random Forest Regressor,regression
row_13814,13814,10.1016/0378-7753(91)80004-H,BF4,1.0,293.15,"[""EC"",""PC""]","[0.5,0.5]",4,0.9,0.8262433730158733,0.85,-0.050000000000000044,0.050000000000000044,Random Forest Regressor,regression
row_4375,4375,10.1149/1.1466857,BF4,1.0,222.4457746,"[""EC"",""EMC""]","[0.3,0.7]",4,0.9,0.8421487301587295,0.85,-0.050000000000000044,0.050000000000000044,Random Forest Regressor,regression
row_11894,11894,10.1149/2.0571912jes,PF6,1.004,283.15,"[""EC"",""DMC""]","[0.5,0.5]",3,0.8,0.7693600000000022,0.75,-0.050000000000000044,0.050000000000000044,Extra Trees Regressor,regression
row_13615,13615,10.1016/0378-7753(91)80004-H,PF6,1.0,213.15,"[""EC"",""PC""]","[0.15,0.85]",5,0.9,0.7956866666666731,0.8,-0.09999999999999998,0.09999999999999998,Extra Trees Regressor,regression
row_10903,10903,10.1149/1.1872737,PF6,3.327935223,263.0,"[""EC"",""PC"",""DMC""]","[0.27,0.1,0.63]",4,0.9,0.7510916666666664,0.75,-0.15000000000000002,0.15000000000000002,Extra Trees Regressor,regression
row_13645,13645,10.1016/0378-7753(91)80004-H,PF6,1.0,353.15,"[""EC"",""PC""]","[0.15,0.85]",2,0.9,0.8419333333333374,0.85,-0.050000000000000044,0.050000000000000044,Extra Trees Regressor,regression
row_11959,11959,10.1149/2.0571912jes,PF6,2.996,323.15,"[""EC"",""EMC""]","[0.3,0.7]",1,0.8,0.8345750000000024,0.85,0.04999999999999993,0.04999999999999993,Extra Trees Regressor,regression
row_13634,13634,10.1016/0378-7753(91)80004-H,PF6,1.0,273.15,"[""EC"",""PC""]","[0.5,0.5]",1,0.8,0.807858333333335,0.8,0.0,0.0,Extra Trees Regressor,regression
row_11954,11954,10.1149/2.0571912jes,PF6,0.096,323.15,"[""EC"",""EMC""]","[0.3,0.7]",4,0.85,0.7909716666666665,0.8,-0.04999999999999993,0.04999999999999993,Extra Trees Regressor,regression
row_12004,12004,10.1149/2.0641503jes,PF6,0.5,313.15,"[""EC"",""DEC""]","[0.5,0.5]",5,0.75,0.8365783333333335,0.85,0.09999999999999998,0.09999999999999998,Extra Trees Regressor,regression
row_10878,10878,10.1149/1.1872737,PF6,2.240215924,333.0,"[""EC"",""PC"",""DMC""]","[0.27,0.1,0.63]",4,0.8,0.7773583333333369,0.8,0.0,0.0,Extra Trees Regressor,regression
row_13646,13646,10.1016/0378-7753(91)80004-H,PF6,1.0,353.15,"[""EC"",""PC""]","[0.5,0.5]",2,0.85,0.792086666666669,0.8,-0.04999999999999993,0.04999999999999993,Extra Trees Regressor,regression
row_11917,11917,10.1149/2.0571912jes,PF6,3.0,323.15,"[""EC"",""DMC""]","[0.5,0.5]",4,0.8,0.7970216666666673,0.8,0.0,0.0,Extra Trees Regressor,regression
row_4363,4363,10.1149/1.1466857,PF6,1.0,222.7274648,"[""EC"",""EMC""]","[0.3,0.7]",5,0.8,0.809500000000003,0.8,0.0,0.0,Extra Trees Regressor,regression
row_10874,10874,10.1149/1.1872737,PF6,0.391363023,333.0,"[""EC"",""PC"",""DMC""]","[0.27,0.1,0.63]",1,0.85,0.745075000000001,0.75,-0.09999999999999998,0.09999999999999998,Extra Trees Regressor,regression
row_192,192,10.1016/j.jpowsour.2011.07.071,PF6,1.0,354.0952676,"[""EC"",""DMC""]","[0.5,0.5]",3,0.9,0.8269583333333365,0.85,-0.050000000000000044,0.050000000000000044,Extra Trees Regressor,regression
row_10901,10901,10.1149/1.1872737,PF6,1.738191633,263.0,"[""EC"",""PC"",""DMC""]","[0.27,0.1,0.63]",2,0.75,0.783775,0.8,0.050000000000000044,0.050000000000000044,Extra Trees Regressor,regression
row_11957,11957,10.1149/2.0571912jes,PF6,1.497,323.15,"[""EC"",""EMC""]","[0.3,0.7]",3,0.85,0.807808333333334,0.8,-0.04999999999999993,0.04999999999999993,Extra Trees Regressor,regression
row_13636,13636,10.1016/0378-7753(91)80004-H,PF6,1.0,293.15,"[""EC"",""PC""]","[0.15,0.85]",4,0.8,0.8755166666666614,0.9,0.09999999999999998,0.09999999999999998,Extra Trees Regressor,regression
row_11886,11886,10.1149/2.0571912jes,PF6,2.0,263.15,"[""EC"",""DMC""]","[0.5,0.5]",3,0.75,0.733366666666669,0.75,0.0,0.0,Extra Trees Regressor,regression
row_10899,10899,10.1149/1.1872737,PF6,0.391363023,263.0,"[""EC"",""PC"",""DMC""]","[0.27,0.1,0.63]",1,0.75,0.7408583333333346,0.75,0.0,0.0,Extra Trees Regressor,regression
row_12014,12014,10.1149/2.0641503jes,PF6,1.5,283.15,"[""EC"",""DEC""]","[0.5,0.5]",4,0.9,0.7858249999999999,0.8,-0.09999999999999998,0.09999999999999998,Extra Trees Regressor,regression
row_10881,10881,10.1149/1.1872737,PF6,3.330634278,333.0,"[""EC"",""PC"",""DMC""]","[0.27,0.1,0.63]",5,0.8,0.7945250000000005,0.8,0.0,0.0,Extra Trees Regressor,regression
row_11916,11916,10.1149/2.0571912jes,PF6,2.005,323.15,"[""EC"",""DMC""]","[0.5,0.5]",2,0.75,0.8459000000000025,0.85,0.09999999999999998,0.09999999999999998,Extra Trees Regressor,regression
row_11928,11928,10.1149/2.0571912jes,PF6,1.999,273.15,"[""EC"",""EMC""]","[0.3,0.7]",2,0.8,0.8164683333333356,0.8,0.0,0.0,Extra Trees Regressor,regression
row_11887,11887,10.1149/2.0571912jes,PF6,3.0,263.15,"[""EC"",""DMC""]","[0.5,0.5]",1,0.75,0.786091666666667,0.8,0.050000000000000044,0.050000000000000044,Extra Trees Regressor,regression
row_13616,13616,10.1016/0378-7753(91)80004-H,PF6,1.0,213.15,"[""EC"",""PC""]","[0.5,0.5]",3,0.75,0.84146,0.85,0.09999999999999998,0.09999999999999998,Extra Trees Regressor,regression
row_11913,11913,10.1149/2.0571912jes,PF6,0.501,323.15,"[""EC"",""DMC""]","[0.5,0.5]",5,0.85,0.8172016666666663,0.8,-0.04999999999999993,0.04999999999999993,Extra Trees Regressor,regression
row_11923,11923,10.1149/2.0571912jes,PF6,3.002,263.15,"[""EC"",""EMC""]","[0.3,0.7]",1,0.8,0.8184116666666668,0.8,0.0,0.0,Extra Trees Regressor,regression
row_11918,11918,10.1149/2.0571912jes,PF6,0.111,263.15,"[""EC"",""EMC""]","[0.3,0.7]",5,0.75,0.8161000000000025,0.8,0.050000000000000044,0.050000000000000044,Extra Trees Regressor,regression
row_4369,4369,10.1149/1.1466857,PF6,1.0,283.0091549,"[""EC"",""EMC""]","[0.3,0.7]",3,0.8,0.8003550000000019,0.8,0.0,0.0,Extra Trees Regressor,regression
row_10893,10893,10.1149/1.1872737,PF6,0.955465587,293.0,"[""EC"",""PC"",""DMC""]","[0.27,0.1,0.63]",2,0.75,0.7811983333333342,0.8,0.050000000000000044,0.050000000000000044,Extra Trees Regressor,regression
row_13640,13640,10.1016/0378-7753(91)80004-H,PF6,1.0,313.15,"[""EC"",""PC""]","[0.5,0.5]",5,0.8,0.8156200000000048,0.8,0.0,0.0,Extra Trees Regressor,regression
row_12013,12013,10.1149/2.0641503jes,PF6,1.201388889,313.15,"[""EC"",""DEC""]","[0.5,0.5]",2,0.8,0.806908333333332,0.8,0.0,0.0,Extra Trees Regressor,regression
row_10875,10875,10.1149/1.1872737,PF6,0.960863698,333.0,"[""EC"",""PC"",""DMC""]","[0.27,0.1,0.63]",3,0.7,0.8276750000000006,0.85,0.15000000000000002,0.15000000000000002,Extra Trees Regressor,regression
row_10895,10895,10.1149/1.1872737,PF6,2.237516869,293.0,"[""EC"",""PC"",""DMC""]","[0.27,0.1,0.63]",3,0.75,0.7776833333333341,0.8,0.050000000000000044,0.050000000000000044,Extra Trees Regressor,regression
row_11883,11883,10.1149/2.0571912jes,PF6,0.503,263.15,"[""EC"",""DMC""]","[0.5,0.5]",5,0.7,0.7932283333333353,0.8,0.10000000000000009,0.10000000000000009,Extra Trees Regressor,regression
row_11905,11905,10.1149/2.0571912jes,PF6,1.505,303.15,"[""EC"",""DMC""]","[0.5,0.5]",2,0.8,0.8150533333333353,0.8,0.0,0.0,Extra Trees Regressor,regression
row_3744,3744,10.1149/1.1344281,ClO4,1.0,296.4654522,"[""PC""]",[1.0],2,0.8,0.8420166666666663,0.85,0.04999999999999993,0.04999999999999993,Extra Trees Regressor,regression
row_3812,3812,10.1149/1.1344281,ClO4,0.5,212.2342837,"[""DME""]",[1.0],4,0.9,0.8761899999999997,0.9,0.0,0.0,Extra Trees Regressor,regression
row_3724,3724,10.1149/1.1344281,ClO4,1.0,393.6420782,"[""PC""]",[1.0],3,0.85,0.8354499999999956,0.85,0.0,0.0,Extra Trees Regressor,regression
row_3786,3786,10.1149/1.1344281,ClO4,0.5,342.1636336,"[""DME""]",[1.0],4,0.8,0.8498583333333347,0.85,0.04999999999999993,0.04999999999999993,Extra Trees Regressor,regression
row_3760,3760,10.1149/1.1344281,ClO4,1.0,217.5511705,"[""PC""]",[1.0],3,0.85,0.8421999999999965,0.85,0.0,0.0,Extra Trees Regressor,regression
row_3734,3734,10.1149/1.1344281,ClO4,1.0,345.6484223,"[""PC""]",[1.0],3,0.85,0.8335499999999957,0.85,0.0,0.0,Extra Trees Regressor,regression
row_3800,3800,10.1149/1.1344281,ClO4,0.5,273.3744374,"[""DME""]",[1.0],1,0.8,0.8138883333333321,0.8,0.0,0.0,Extra Trees Regressor,regression
row_3751,3751,10.1149/1.1344281,ClO4,1.0,261.8047361,"[""PC""]",[1.0],2,0.85,0.8486833333333341,0.85,0.0,0.0,Extra Trees Regressor,regression
row_3739,3739,10.1149/1.1344281,ClO4,1.0,321.2048223,"[""PC""]",[1.0],4,0.85,0.8369499999999979,0.85,0.0,0.0,Extra Trees Regressor,regression
row_224,224,10.1016/j.jpowsour.2011.07.071,TFSI,1.0,292.1342406,"[""EC"",""DMC""]","[0.5,0.5]",4,0.7,0.7074999999999951,0.7,0.0,0.0,Extra Trees Regressor,regression
row_3838,3838,10.1149/1.1344281,TFSI,0.5,211.8374067,"[""DME""]",[1.0],2,0.9,0.8776166666666658,0.9,0.0,0.0,Extra Trees Regressor,regression
row_3593,3593,10.1149/1.1344281,TFSI,1.0,375.3490984,"[""PC""]",[1.0],4,0.7,0.7363666666666643,0.75,0.050000000000000044,0.050000000000000044,Extra Trees Regressor,regression
row_3625,3625,10.1149/1.1344281,TFSI,1.0,217.6928575,"[""PC""]",[1.0],2,0.85,0.7174666666666648,0.7,-0.15000000000000002,0.15000000000000002,Extra Trees Regressor,regression
row_129,129,10.1016/j.jpowsour.2011.07.071,TFSI,1.0,298.0,"[""DMC""]",[1.0],5,0.7,0.7406499999999988,0.75,0.050000000000000044,0.050000000000000044,Extra Trees Regressor,regression
row_128,128,10.1016/j.jpowsour.2011.07.071,TFSI,1.0,298.0,"[""EC""]",[1.0],3,0.7,0.7128816666666631,0.7,0.0,0.0,Extra Trees Regressor,regression
row_3813,3813,10.1149/1.1344281,TFSI,0.5,338.3557034,"[""DME""]",[1.0],1,0.85,0.8647000000000047,0.85,0.0,0.0,Extra Trees Regressor,regression
row_3606,3606,10.1149/1.1344281,TFSI,1.0,310.8093421,"[""PC""]",[1.0],1,0.75,0.7106833333333276,0.7,-0.050000000000000044,0.050000000000000044,Extra Trees Regressor,regression
row_247,247,10.1016/j.jpowsour.2011.07.071,TFSI,1.0,334.9025673,"[""EC"",""DMC""]","[0.5,0.5]",5,0.8,0.7045499999999941,0.7,-0.10000000000000009,0.10000000000000009,Extra Trees Regressor,regression
row_120,120,10.1016/j.jpowsour.2011.07.071,TFSI,1.0,298.0,"[""EC"",""DMC""]","[0.2,0.8]",1,0.75,0.7263033333333331,0.75,0.0,0.0,Extra Trees Regressor,regression
row_127,127,10.1016/j.jpowsour.2011.07.071,TFSI,1.0,298.0,"[""EC"",""DMC""]","[0.8,0.2]",1,0.7,0.7211033333333318,0.7,0.0,0.0,Extra Trees Regressor,regression
row_3827,3827,10.1149/1.1344281,TFSI,0.5,267.3436967,"[""DME""]",[1.0],5,0.85,0.8620499999999977,0.85,0.0,0.0,Extra Trees Regressor,regression
row_3614,3614,10.1149/1.1344281,TFSI,1.0,271.8869669,"[""PC""]",[1.0],5,0.7,0.754800000000001,0.75,0.050000000000000044,0.050000000000000044,Extra Trees Regressor,regression
row_3599,3599,10.1149/1.1344281,TFSI,1.0,345.6878836,"[""PC""]",[1.0],5,0.7,0.7438999999999992,0.75,0.050000000000000044,0.050000000000000044,Extra Trees Regressor,regression
row_193,193,10.1016/j.jpowsour.2011.07.071,TFSI,1.0,256.1150634,"[""EC"",""DMC""]","[0.5,0.5]",2,0.7,0.7080483333333288,0.7,0.0,0.0,Extra Trees Regressor,regression
row_234,234,10.1016/j.jpowsour.2011.07.071,TFSI,1.0,312.99103,"[""EC"",""DMC""]","[0.5,0.5]",3,0.7,0.735821428571429,0.75,0.050000000000000044,0.050000000000000044,Extra Trees Regressor,regression
row_3820,3820,10.1149/1.1344281,TFSI,0.5,303.2356303,"[""DME""]",[1.0],5,0.85,0.8605833333333309,0.85,0.0,0.0,Extra Trees Regressor,regression
row_119,119,10.1016/j.jpowsour.2011.07.071,TFSI,1.0,298.0,"[""EC"",""DMC""]","[0.1,0.9]",4,0.75,0.720683333333334,0.7,-0.050000000000000044,0.050000000000000044,Extra Trees Regressor,regression
row_3832,3832,10.1149/1.1344281,TFSI,0.5,241.4678399,"[""DME""]",[1.0],1,0.9,0.8667000000000042,0.85,-0.050000000000000044,0.050000000000000044,Extra Trees Regressor,regression
row_44,44,10.1016/j.jpowsour.2010.12.040,FSI,1.0,297.7574305,"[""EC"",""EMC""]","[0.3,0.7]",5,0.7,0.7250000000000039,0.75,0.050000000000000044,0.050000000000000044,Extra Trees Regressor,regression
row_31,31,10.1016/j.jpowsour.2010.12.040,FSI,1.0,332.5420421,"[""EC"",""EMC""]","[0.3,0.7]",2,0.7,0.7250000000000039,0.75,0.050000000000000044,0.050000000000000044,Extra Trees Regressor,regression
row_49,49,10.1016/j.jpowsour.2010.12.040,FSI,1.0,253.1626323,"[""EC"",""EMC""]","[0.3,0.7]",4,0.75,0.705391666666661,0.7,-0.050000000000000044,0.050000000000000044,Extra Trees Regressor,regression
row_41,41,10.1016/j.jpowsour.2010.12.040,FSI,1.0,322.7762915,"[""EC"",""EMC""]","[0.3,0.7]",3,0.75,0.704924999999995,0.7,-0.050000000000000044,0.050000000000000044,Extra Trees Regressor,regression
row_37,37,10.1016/j.jpowsour.2010.12.040,FSI,1.0,273.0531347,"[""EC"",""EMC""]","[0.3,0.7]",1,0.7,0.7250000000000039,0.75,0.050000000000000044,0.050000000000000044,Extra Trees Regressor,regression
row_66,66,10.1016/j.jpowsour.2010.12.040,BF4,1.0,283.0889854,"[""EC"",""EMC""]","[0.3,0.7]",1,0.9,0.864016666666667,0.85,-0.050000000000000044,0.050000000000000044,Extra Trees Regressor,regression
row_13823,13823,10.1016/0378-7753(91)80004-H,BF4,1.0,353.15,"[""EC"",""PC""]","[0.5,0.5]",1,0.9,0.8716333333333339,0.85,-0.050000000000000044,0.050000000000000044,Extra Trees Regressor,regression
row_13793,13793,10.1016/0378-7753(91)80004-H,BF4,1.0,213.15,"[""EC"",""PC""]","[0.5,0.5]",3,0.85,0.8977999999999932,0.9,0.050000000000000044,0.050000000000000044,Extra Trees Regressor,regression
row_70,70,10.1016/j.jpowsour.2010.12.040,BF4,1.0,332.6559387,"[""EC"",""EMC""]","[0.3,0.7]",2,0.85,0.8999999999999925,0.9,0.050000000000000044,0.050000000000000044,Extra Trees Regressor,regression
row_13814,13814,10.1016/0378-7753(91)80004-H,BF4,1.0,293.15,"[""EC"",""PC""]","[0.5,0.5]",4,0.9,0.8727299999999993,0.85,-0.050000000000000044,0.050000000000000044,Extra Trees Regressor,regression
row_4375,4375,10.1149/1.1466857,BF4,1.0,222.4457746,"[""EC"",""EMC""]","[0.3,0.7]",4,0.9,0.8690500000000009,0.85,-0.050000000000000044,0.050000000000000044,Extra Trees Regressor,regression
row_11894,11894,10.1149/2.0571912jes,PF6,1.004,283.15,"[""EC"",""DMC""]","[0.5,0.5]",3,0.8,0.7683084484520591,0.75,-0.050000000000000044,0.050000000000000044,Gradient Boosting Regressor,regression
row_13615,13615,10.1016/0378-7753(91)80004-H,PF6,1.0,213.15,"[""EC"",""PC""]","[0.15,0.85]",5,0.9,0.7696599571282822,0.75,-0.15000000000000002,0.15000000000000002,Gradient Boosting Regressor,regression
row_10903,10903,10.1149/1.1872737,PF6,3.327935223,263.0,"[""EC"",""PC"",""DMC""]","[0.27,0.1,0.63]",4,0.9,0.7643734315636194,0.75,-0.15000000000000002,0.15000000000000002,Gradient Boosting Regressor,regression
row_13645,13645,10.1016/0378-7753(91)80004-H,PF6,1.0,353.15,"[""EC"",""PC""]","[0.15,0.85]",2,0.9,0.778197761750062,0.8,-0.09999999999999998,0.09999999999999998,Gradient Boosting Regressor,regression
row_11959,11959,10.1149/2.0571912jes,PF6,2.996,323.15,"[""EC"",""EMC""]","[0.3,0.7]",1,0.8,0.8293048696218732,0.85,0.04999999999999993,0.04999999999999993,Gradient Boosting Regressor,regression
row_13634,13634,10.1016/0378-7753(91)80004-H,PF6,1.0,273.15,"[""EC"",""PC""]","[0.5,0.5]",1,0.8,0.8144098896630231,0.8,0.0,0.0,Gradient Boosting Regressor,regression
row_11954,11954,10.1149/2.0571912jes,PF6,0.096,323.15,"[""EC"",""EMC""]","[0.3,0.7]",4,0.85,0.7755035549234074,0.8,-0.04999999999999993,0.04999999999999993,Gradient Boosting Regressor,regression
row_12004,12004,10.1149/2.0641503jes,PF6,0.5,313.15,"[""EC"",""DEC""]","[0.5,0.5]",5,0.75,0.8084694133681207,0.8,0.050000000000000044,0.050000000000000044,Gradient Boosting Regressor,regression
row_10878,10878,10.1149/1.1872737,PF6,2.240215924,333.0,"[""EC"",""PC"",""DMC""]","[0.27,0.1,0.63]",4,0.8,0.7454496950657297,0.75,-0.050000000000000044,0.050000000000000044,Gradient Boosting Regressor,regression
row_13646,13646,10.1016/0378-7753(91)80004-H,PF6,1.0,353.15,"[""EC"",""PC""]","[0.5,0.5]",2,0.85,0.7839146978228609,0.8,-0.04999999999999993,0.04999999999999993,Gradient Boosting Regressor,regression
row_11917,11917,10.1149/2.0571912jes,PF6,3.0,323.15,"[""EC"",""DMC""]","[0.5,0.5]",4,0.8,0.7785232168203359,0.8,0.0,0.0,Gradient Boosting Regressor,regression
row_4363,4363,10.1149/1.1466857,PF6,1.0,222.7274648,"[""EC"",""EMC""]","[0.3,0.7]",5,0.8,0.8343907472766573,0.85,0.04999999999999993,0.04999999999999993,Gradient Boosting Regressor,regression
row_10874,10874,10.1149/1.1872737,PF6,0.391363023,333.0,"[""EC"",""PC"",""DMC""]","[0.27,0.1,0.63]",1,0.85,0.7868294279223468,0.8,-0.04999999999999993,0.04999999999999993,Gradient Boosting Regressor,regression
row_192,192,10.1016/j.jpowsour.2011.07.071,PF6,1.0,354.0952676,"[""EC"",""DMC""]","[0.5,0.5]",3,0.9,0.8044463006437698,0.8,-0.09999999999999998,0.09999999999999998,Gradient Boosting Regressor,regression
row_10901,10901,10.1149/1.1872737,PF6,1.738191633,263.0,"[""EC"",""PC"",""DMC""]","[0.27,0.1,0.63]",2,0.75,0.7718270401121358,0.75,0.0,0.0,Gradient Boosting Regressor,regression
row_11957,11957,10.1149/2.0571912jes,PF6,1.497,323.15,"[""EC"",""EMC""]","[0.3,0.7]",3,0.85,0.8144428948046852,0.8,-0.04999999999999993,0.04999999999999993,Gradient Boosting Regressor,regression
row_13636,13636,10.1016/0378-7753(91)80004-H,PF6,1.0,293.15,"[""EC"",""PC""]","[0.15,0.85]",4,0.8,0.8123467812280913,0.8,0.0,0.0,Gradient Boosting Regressor,regression
row_11886,11886,10.1149/2.0571912jes,PF6,2.0,263.15,"[""EC"",""DMC""]","[0.5,0.5]",3,0.75,0.7242200933808655,0.7,-0.050000000000000044,0.050000000000000044,Gradient Boosting Regressor,regression
row_10899,10899,10.1149/1.1872737,PF6,0.391363023,263.0,"[""EC"",""PC"",""DMC""]","[0.27,0.1,0.63]",1,0.75,0.7714034721926343,0.75,0.0,0.0,Gradient Boosting Regressor,regression
row_12014,12014,10.1149/2.0641503jes,PF6,1.5,283.15,"[""EC"",""DEC""]","[0.5,0.5]",4,0.9,0.7798263632780362,0.8,-0.09999999999999998,0.09999999999999998,Gradient Boosting Regressor,regression
row_10881,10881,10.1149/1.1872737,PF6,3.330634278,333.0,"[""EC"",""PC"",""DMC""]","[0.27,0.1,0.63]",5,0.8,0.8718395148469948,0.85,0.04999999999999993,0.04999999999999993,Gradient Boosting Regressor,regression
row_11916,11916,10.1149/2.0571912jes,PF6,2.005,323.15,"[""EC"",""DMC""]","[0.5,0.5]",2,0.75,0.8282807669571752,0.85,0.09999999999999998,0.09999999999999998,Gradient Boosting Regressor,regression
row_11928,11928,10.1149/2.0571912jes,PF6,1.999,273.15,"[""EC"",""EMC""]","[0.3,0.7]",2,0.8,0.7872268410900602,0.8,0.0,0.0,Gradient Boosting Regressor,regression
row_11887,11887,10.1149/2.0571912jes,PF6,3.0,263.15,"[""EC"",""DMC""]","[0.5,0.5]",1,0.75,0.7840099808974976,0.8,0.050000000000000044,0.050000000000000044,Gradient Boosting Regressor,regression
row_13616,13616,10.1016/0378-7753(91)80004-H,PF6,1.0,213.15,"[""EC"",""PC""]","[0.5,0.5]",3,0.75,0.8830593186230534,0.9,0.15000000000000002,0.15000000000000002,Gradient Boosting Regressor,regression
row_11913,11913,10.1149/2.0571912jes,PF6,0.501,323.15,"[""EC"",""DMC""]","[0.5,0.5]",5,0.85,0.7988680492958352,0.8,-0.04999999999999993,0.04999999999999993,Gradient Boosting Regressor,regression
row_11923,11923,10.1149/2.0571912jes,PF6,3.002,263.15,"[""EC"",""EMC""]","[0.3,0.7]",1,0.8,0.8502701009533882,0.85,0.04999999999999993,0.04999999999999993,Gradient Boosting Regressor,regression
row_11918,11918,10.1149/2.0571912jes,PF6,0.111,263.15,"[""EC"",""EMC""]","[0.3,0.7]",5,0.75,0.7971487454248118,0.8,0.050000000000000044,0.050000000000000044,Gradient Boosting Regressor,regression
row_4369,4369,10.1149/1.1466857,PF6,1.0,283.0091549,"[""EC"",""EMC""]","[0.3,0.7]",3,0.8,0.812398306510041,0.8,0.0,0.0,Gradient Boosting Regressor,regression
row_10893,10893,10.1149/1.1872737,PF6,0.955465587,293.0,"[""EC"",""PC"",""DMC""]","[0.27,0.1,0.63]",2,0.75,0.7333734696648956,0.75,0.0,0.0,Gradient Boosting Regressor,regression
row_13640,13640,10.1016/0378-7753(91)80004-H,PF6,1.0,313.15,"[""EC"",""PC""]","[0.5,0.5]",5,0.8,0.8065469131225941,0.8,0.0,0.0,Gradient Boosting Regressor,regression
row_12013,12013,10.1149/2.0641503jes,PF6,1.201388889,313.15,"[""EC"",""DEC""]","[0.5,0.5]",2,0.8,0.8075159964879505,0.8,0.0,0.0,Gradient Boosting Regressor,regression
row_10875,10875,10.1149/1.1872737,PF6,0.960863698,333.0,"[""EC"",""PC"",""DMC""]","[0.27,0.1,0.63]",3,0.7,0.8160696788677216,0.8,0.10000000000000009,0.10000000000000009,Gradient Boosting Regressor,regression
row_10895,10895,10.1149/1.1872737,PF6,2.237516869,293.0,"[""EC"",""PC"",""DMC""]","[0.27,0.1,0.63]",3,0.75,0.7704962865286699,0.75,0.0,0.0,Gradient Boosting Regressor,regression
row_11883,11883,10.1149/2.0571912jes,PF6,0.503,263.15,"[""EC"",""DMC""]","[0.5,0.5]",5,0.7,0.7724933954847151,0.75,0.050000000000000044,0.050000000000000044,Gradient Boosting Regressor,regression
row_11905,11905,10.1149/2.0571912jes,PF6,1.505,303.15,"[""EC"",""DMC""]","[0.5,0.5]",2,0.8,0.7812880934048896,0.8,0.0,0.0,Gradient Boosting Regressor,regression
row_3744,3744,10.1149/1.1344281,ClO4,1.0,296.4654522,"[""PC""]",[1.0],2,0.8,0.8230463932154031,0.8,0.0,0.0,Gradient Boosting Regressor,regression
row_3812,3812,10.1149/1.1344281,ClO4,0.5,212.2342837,"[""DME""]",[1.0],4,0.9,0.8516914240448226,0.85,-0.050000000000000044,0.050000000000000044,Gradient Boosting Regressor,regression
row_3724,3724,10.1149/1.1344281,ClO4,1.0,393.6420782,"[""PC""]",[1.0],3,0.85,0.7604035213953716,0.75,-0.09999999999999998,0.09999999999999998,Gradient Boosting Regressor,regression
row_3786,3786,10.1149/1.1344281,ClO4,0.5,342.1636336,"[""DME""]",[1.0],4,0.8,0.8129793070212892,0.8,0.0,0.0,Gradient Boosting Regressor,regression
row_3760,3760,10.1149/1.1344281,ClO4,1.0,217.5511705,"[""PC""]",[1.0],3,0.85,0.8952570710809865,0.9,0.050000000000000044,0.050000000000000044,Gradient Boosting Regressor,regression
row_3734,3734,10.1149/1.1344281,ClO4,1.0,345.6484223,"[""PC""]",[1.0],3,0.85,0.7815737820685507,0.8,-0.04999999999999993,0.04999999999999993,Gradient Boosting Regressor,regression
row_3800,3800,10.1149/1.1344281,ClO4,0.5,273.3744374,"[""DME""]",[1.0],1,0.8,0.8127822636896351,0.8,0.0,0.0,Gradient Boosting Regressor,regression
row_3751,3751,10.1149/1.1344281,ClO4,1.0,261.8047361,"[""PC""]",[1.0],2,0.85,0.7925830623051084,0.8,-0.04999999999999993,0.04999999999999993,Gradient Boosting Regressor,regression
row_3739,3739,10.1149/1.1344281,ClO4,1.0,321.2048223,"[""PC""]",[1.0],4,0.85,0.805908173020688,0.8,-0.04999999999999993,0.04999999999999993,Gradient Boosting Regressor,regression
row_224,224,10.1016/j.jpowsour.2011.07.071,TFSI,1.0,292.1342406,"[""EC"",""DMC""]","[0.5,0.5]",4,0.7,0.7057041994640845,0.7,0.0,0.0,Gradient Boosting Regressor,regression
row_3838,3838,10.1149/1.1344281,TFSI,0.5,211.8374067,"[""DME""]",[1.0],2,0.9,0.8729091944572646,0.85,-0.050000000000000044,0.050000000000000044,Gradient Boosting Regressor,regression
row_3593,3593,10.1149/1.1344281,TFSI,1.0,375.3490984,"[""PC""]",[1.0],4,0.7,0.8034471810280357,0.8,0.10000000000000009,0.10000000000000009,Gradient Boosting Regressor,regression
row_3625,3625,10.1149/1.1344281,TFSI,1.0,217.6928575,"[""PC""]",[1.0],2,0.85,0.7893320263145972,0.8,-0.04999999999999993,0.04999999999999993,Gradient Boosting Regressor,regression
row_129,129,10.1016/j.jpowsour.2011.07.071,TFSI,1.0,298.0,"[""DMC""]",[1.0],5,0.7,0.7366449850584488,0.75,0.050000000000000044,0.050000000000000044,Gradient Boosting Regressor,regression
row_128,128,10.1016/j.jpowsour.2011.07.071,TFSI,1.0,298.0,"[""EC""]",[1.0],3,0.7,0.7494798948738567,0.75,0.050000000000000044,0.050000000000000044,Gradient Boosting Regressor,regression
row_3813,3813,10.1149/1.1344281,TFSI,0.5,338.3557034,"[""DME""]",[1.0],1,0.85,0.8421062893746736,0.85,0.0,0.0,Gradient Boosting Regressor,regression
row_3606,3606,10.1149/1.1344281,TFSI,1.0,310.8093421,"[""PC""]",[1.0],1,0.75,0.7292763351857066,0.75,0.0,0.0,Gradient Boosting Regressor,regression
row_247,247,10.1016/j.jpowsour.2011.07.071,TFSI,1.0,334.9025673,"[""EC"",""DMC""]","[0.5,0.5]",5,0.8,0.7297445586381675,0.75,-0.050000000000000044,0.050000000000000044,Gradient Boosting Regressor,regression
row_120,120,10.1016/j.jpowsour.2011.07.071,TFSI,1.0,298.0,"[""EC"",""DMC""]","[0.2,0.8]",1,0.75,0.7364336769428376,0.75,0.0,0.0,Gradient Boosting Regressor,regression
row_127,127,10.1016/j.jpowsour.2011.07.071,TFSI,1.0,298.0,"[""EC"",""DMC""]","[0.8,0.2]",1,0.7,0.7092355755975635,0.7,0.0,0.0,Gradient Boosting Regressor,regression
row_3827,3827,10.1149/1.1344281,TFSI,0.5,267.3436967,"[""DME""]",[1.0],5,0.85,0.8157343902955551,0.8,-0.04999999999999993,0.04999999999999993,Gradient Boosting Regressor,regression
row_3614,3614,10.1149/1.1344281,TFSI,1.0,271.8869669,"[""PC""]",[1.0],5,0.7,0.7722172759395813,0.75,0.050000000000000044,0.050000000000000044,Gradient Boosting Regressor,regression
row_3599,3599,10.1149/1.1344281,TFSI,1.0,345.6878836,"[""PC""]",[1.0],5,0.7,0.7681025332859419,0.75,0.050000000000000044,0.050000000000000044,Gradient Boosting Regressor,regression
row_193,193,10.1016/j.jpowsour.2011.07.071,TFSI,1.0,256.1150634,"[""EC"",""DMC""]","[0.5,0.5]",2,0.7,0.7163334913835598,0.7,0.0,0.0,Gradient Boosting Regressor,regression
row_234,234,10.1016/j.jpowsour.2011.07.071,TFSI,1.0,312.99103,"[""EC"",""DMC""]","[0.5,0.5]",3,0.7,0.7366378118033635,0.75,0.050000000000000044,0.050000000000000044,Gradient Boosting Regressor,regression
row_3820,3820,10.1149/1.1344281,TFSI,0.5,303.2356303,"[""DME""]",[1.0],5,0.85,0.8278684478857413,0.85,0.0,0.0,Gradient Boosting Regressor,regression
row_119,119,10.1016/j.jpowsour.2011.07.071,TFSI,1.0,298.0,"[""EC"",""DMC""]","[0.1,0.9]",4,0.75,0.722988134785613,0.7,-0.050000000000000044,0.050000000000000044,Gradient Boosting Regressor,regression
row_3832,3832,10.1149/1.1344281,TFSI,0.5,241.4678399,"[""DME""]",[1.0],1,0.9,0.8404855159831287,0.85,-0.050000000000000044,0.050000000000000044,Gradient Boosting Regressor,regression
row_44,44,10.1016/j.jpowsour.2010.12.040,FSI,1.0,297.7574305,"[""EC"",""EMC""]","[0.3,0.7]",5,0.7,0.7108828032347182,0.7,0.0,0.0,Gradient Boosting Regressor,regression
row_31,31,10.1016/j.jpowsour.2010.12.040,FSI,1.0,332.5420421,"[""EC"",""EMC""]","[0.3,0.7]",2,0.7,0.787755158347343,0.8,0.10000000000000009,0.10000000000000009,Gradient Boosting Regressor,regression
row_49,49,10.1016/j.jpowsour.2010.12.040,FSI,1.0,253.1626323,"[""EC"",""EMC""]","[0.3,0.7]",4,0.75,0.7066844624663504,0.7,-0.050000000000000044,0.050000000000000044,Gradient Boosting Regressor,regression
row_41,41,10.1016/j.jpowsour.2010.12.040,FSI,1.0,322.7762915,"[""EC"",""EMC""]","[0.3,0.7]",3,0.75,0.7133251505361904,0.7,-0.050000000000000044,0.050000000000000044,Gradient Boosting Regressor,regression
row_37,37,10.1016/j.jpowsour.2010.12.040,FSI,1.0,273.0531347,"[""EC"",""EMC""]","[0.3,0.7]",1,0.7,0.7196167476583203,0.7,0.0,0.0,Gradient Boosting Regressor,regression
row_66,66,10.1016/j.jpowsour.2010.12.040,BF4,1.0,283.0889854,"[""EC"",""EMC""]","[0.3,0.7]",1,0.9,0.8444288955905515,0.85,-0.050000000000000044,0.050000000000000044,Gradient Boosting Regressor,regression
row_13823,13823,10.1016/0378-7753(91)80004-H,BF4,1.0,353.15,"[""EC"",""PC""]","[0.5,0.5]",1,0.9,0.9016990241933077,0.9,0.0,0.0,Gradient Boosting Regressor,regression
row_13793,13793,10.1016/0378-7753(91)80004-H,BF4,1.0,213.15,"[""EC"",""PC""]","[0.5,0.5]",3,0.85,0.9120948692849383,0.9,0.050000000000000044,0.050000000000000044,Gradient Boosting Regressor,regression
row_70,70,10.1016/j.jpowsour.2010.12.040,BF4,1.0,332.6559387,"[""EC"",""EMC""]","[0.3,0.7]",2,0.85,0.8889892639330367,0.9,0.050000000000000044,0.050000000000000044,Gradient Boosting Regressor,regression
row_13814,13814,10.1016/0378-7753(91)80004-H,BF4,1.0,293.15,"[""EC"",""PC""]","[0.5,0.5]",4,0.9,0.8681478009483659,0.85,-0.050000000000000044,0.050000000000000044,Gradient Boosting Regressor,regression
row_4375,4375,10.1149/1.1466857,BF4,1.0,222.4457746,"[""EC"",""EMC""]","[0.3,0.7]",4,0.9,0.8623373783502061,0.85,-0.050000000000000044,0.050000000000000044,Gradient Boosting Regressor,regression
row_11894,11894,10.1149/2.0571912jes,PF6,1.004,283.15,"[""EC"",""DMC""]","[0.5,0.5]",3,0.8,0.75,0.75,-0.050000000000000044,0.050000000000000044,Multinomial Logistic Regression,classification
row_13615,13615,10.1016/0378-7753(91)80004-H,PF6,1.0,213.15,"[""EC"",""PC""]","[0.15,0.85]",5,0.9,0.9,0.9,0.0,0.0,Multinomial Logistic Regression,classification
row_10903,10903,10.1149/1.1872737,PF6,3.327935223,263.0,"[""EC"",""PC"",""DMC""]","[0.27,0.1,0.63]",4,0.9,0.75,0.75,-0.15000000000000002,0.15000000000000002,Multinomial Logistic Regression,classification
row_13645,13645,10.1016/0378-7753(91)80004-H,PF6,1.0,353.15,"[""EC"",""PC""]","[0.15,0.85]",2,0.9,0.8,0.8,-0.09999999999999998,0.09999999999999998,Multinomial Logistic Regression,classification
row_11959,11959,10.1149/2.0571912jes,PF6,2.996,323.15,"[""EC"",""EMC""]","[0.3,0.7]",1,0.8,0.8,0.8,0.0,0.0,Multinomial Logistic Regression,classification
row_13634,13634,10.1016/0378-7753(91)80004-H,PF6,1.0,273.15,"[""EC"",""PC""]","[0.5,0.5]",1,0.8,0.8,0.8,0.0,0.0,Multinomial Logistic Regression,classification
row_11954,11954,10.1149/2.0571912jes,PF6,0.096,323.15,"[""EC"",""EMC""]","[0.3,0.7]",4,0.85,0.85,0.85,0.0,0.0,Multinomial Logistic Regression,classification
row_12004,12004,10.1149/2.0641503jes,PF6,0.5,313.15,"[""EC"",""DEC""]","[0.5,0.5]",5,0.75,0.9,0.9,0.15000000000000002,0.15000000000000002,Multinomial Logistic Regression,classification
row_10878,10878,10.1149/1.1872737,PF6,2.240215924,333.0,"[""EC"",""PC"",""DMC""]","[0.27,0.1,0.63]",4,0.8,0.75,0.75,-0.050000000000000044,0.050000000000000044,Multinomial Logistic Regression,classification
row_13646,13646,10.1016/0378-7753(91)80004-H,PF6,1.0,353.15,"[""EC"",""PC""]","[0.5,0.5]",2,0.85,0.8,0.8,-0.04999999999999993,0.04999999999999993,Multinomial Logistic Regression,classification
row_11917,11917,10.1149/2.0571912jes,PF6,3.0,323.15,"[""EC"",""DMC""]","[0.5,0.5]",4,0.8,0.8,0.8,0.0,0.0,Multinomial Logistic Regression,classification
row_4363,4363,10.1149/1.1466857,PF6,1.0,222.7274648,"[""EC"",""EMC""]","[0.3,0.7]",5,0.8,0.75,0.75,-0.050000000000000044,0.050000000000000044,Multinomial Logistic Regression,classification
row_10874,10874,10.1149/1.1872737,PF6,0.391363023,333.0,"[""EC"",""PC"",""DMC""]","[0.27,0.1,0.63]",1,0.85,0.75,0.75,-0.09999999999999998,0.09999999999999998,Multinomial Logistic Regression,classification
row_192,192,10.1016/j.jpowsour.2011.07.071,PF6,1.0,354.0952676,"[""EC"",""DMC""]","[0.5,0.5]",3,0.9,0.85,0.85,-0.050000000000000044,0.050000000000000044,Multinomial Logistic Regression,classification
row_10901,10901,10.1149/1.1872737,PF6,1.738191633,263.0,"[""EC"",""PC"",""DMC""]","[0.27,0.1,0.63]",2,0.75,0.75,0.75,0.0,0.0,Multinomial Logistic Regression,classification
row_11957,11957,10.1149/2.0571912jes,PF6,1.497,323.15,"[""EC"",""EMC""]","[0.3,0.7]",3,0.85,0.8,0.8,-0.04999999999999993,0.04999999999999993,Multinomial Logistic Regression,classification
row_13636,13636,10.1016/0378-7753(91)80004-H,PF6,1.0,293.15,"[""EC"",""PC""]","[0.15,0.85]",4,0.8,0.9,0.9,0.09999999999999998,0.09999999999999998,Multinomial Logistic Regression,classification
row_11886,11886,10.1149/2.0571912jes,PF6,2.0,263.15,"[""EC"",""DMC""]","[0.5,0.5]",3,0.75,0.75,0.75,0.0,0.0,Multinomial Logistic Regression,classification
row_10899,10899,10.1149/1.1872737,PF6,0.391363023,263.0,"[""EC"",""PC"",""DMC""]","[0.27,0.1,0.63]",1,0.75,0.75,0.75,0.0,0.0,Multinomial Logistic Regression,classification
row_12014,12014,10.1149/2.0641503jes,PF6,1.5,283.15,"[""EC"",""DEC""]","[0.5,0.5]",4,0.9,0.75,0.75,-0.15000000000000002,0.15000000000000002,Multinomial Logistic Regression,classification
row_10881,10881,10.1149/1.1872737,PF6,3.330634278,333.0,"[""EC"",""PC"",""DMC""]","[0.27,0.1,0.63]",5,0.8,0.8,0.8,0.0,0.0,Multinomial Logistic Regression,classification
row_11916,11916,10.1149/2.0571912jes,PF6,2.005,323.15,"[""EC"",""DMC""]","[0.5,0.5]",2,0.75,0.8,0.8,0.050000000000000044,0.050000000000000044,Multinomial Logistic Regression,classification
row_11928,11928,10.1149/2.0571912jes,PF6,1.999,273.15,"[""EC"",""EMC""]","[0.3,0.7]",2,0.8,0.8,0.8,0.0,0.0,Multinomial Logistic Regression,classification
row_11887,11887,10.1149/2.0571912jes,PF6,3.0,263.15,"[""EC"",""DMC""]","[0.5,0.5]",1,0.75,0.8,0.8,0.050000000000000044,0.050000000000000044,Multinomial Logistic Regression,classification
row_13616,13616,10.1016/0378-7753(91)80004-H,PF6,1.0,213.15,"[""EC"",""PC""]","[0.5,0.5]",3,0.75,0.9,0.9,0.15000000000000002,0.15000000000000002,Multinomial Logistic Regression,classification
row_11913,11913,10.1149/2.0571912jes,PF6,0.501,323.15,"[""EC"",""DMC""]","[0.5,0.5]",5,0.85,0.7,0.7,-0.15000000000000002,0.15000000000000002,Multinomial Logistic Regression,classification
row_11923,11923,10.1149/2.0571912jes,PF6,3.002,263.15,"[""EC"",""EMC""]","[0.3,0.7]",1,0.8,0.8,0.8,0.0,0.0,Multinomial Logistic Regression,classification
row_11918,11918,10.1149/2.0571912jes,PF6,0.111,263.15,"[""EC"",""EMC""]","[0.3,0.7]",5,0.75,0.85,0.85,0.09999999999999998,0.09999999999999998,Multinomial Logistic Regression,classification
row_4369,4369,10.1149/1.1466857,PF6,1.0,283.0091549,"[""EC"",""EMC""]","[0.3,0.7]",3,0.8,0.8,0.8,0.0,0.0,Multinomial Logistic Regression,classification
row_10893,10893,10.1149/1.1872737,PF6,0.955465587,293.0,"[""EC"",""PC"",""DMC""]","[0.27,0.1,0.63]",2,0.75,0.75,0.75,0.0,0.0,Multinomial Logistic Regression,classification
row_13640,13640,10.1016/0378-7753(91)80004-H,PF6,1.0,313.15,"[""EC"",""PC""]","[0.5,0.5]",5,0.8,0.8,0.8,0.0,0.0,Multinomial Logistic Regression,classification
row_12013,12013,10.1149/2.0641503jes,PF6,1.201388889,313.15,"[""EC"",""DEC""]","[0.5,0.5]",2,0.8,0.9,0.9,0.09999999999999998,0.09999999999999998,Multinomial Logistic Regression,classification
row_10875,10875,10.1149/1.1872737,PF6,0.960863698,333.0,"[""EC"",""PC"",""DMC""]","[0.27,0.1,0.63]",3,0.7,0.85,0.85,0.15000000000000002,0.15000000000000002,Multinomial Logistic Regression,classification
row_10895,10895,10.1149/1.1872737,PF6,2.237516869,293.0,"[""EC"",""PC"",""DMC""]","[0.27,0.1,0.63]",3,0.75,0.75,0.75,0.0,0.0,Multinomial Logistic Regression,classification
row_11883,11883,10.1149/2.0571912jes,PF6,0.503,263.15,"[""EC"",""DMC""]","[0.5,0.5]",5,0.7,0.75,0.75,0.050000000000000044,0.050000000000000044,Multinomial Logistic Regression,classification
row_11905,11905,10.1149/2.0571912jes,PF6,1.505,303.15,"[""EC"",""DMC""]","[0.5,0.5]",2,0.8,0.8,0.8,0.0,0.0,Multinomial Logistic Regression,classification
row_3744,3744,10.1149/1.1344281,ClO4,1.0,296.4654522,"[""PC""]",[1.0],2,0.8,0.85,0.85,0.04999999999999993,0.04999999999999993,Multinomial Logistic Regression,classification
row_3812,3812,10.1149/1.1344281,ClO4,0.5,212.2342837,"[""DME""]",[1.0],4,0.9,0.85,0.85,-0.050000000000000044,0.050000000000000044,Multinomial Logistic Regression,classification
row_3724,3724,10.1149/1.1344281,ClO4,1.0,393.6420782,"[""PC""]",[1.0],3,0.85,0.85,0.85,0.0,0.0,Multinomial Logistic Regression,classification
row_3786,3786,10.1149/1.1344281,ClO4,0.5,342.1636336,"[""DME""]",[1.0],4,0.8,0.85,0.85,0.04999999999999993,0.04999999999999993,Multinomial Logistic Regression,classification
row_3760,3760,10.1149/1.1344281,ClO4,1.0,217.5511705,"[""PC""]",[1.0],3,0.85,0.85,0.85,0.0,0.0,Multinomial Logistic Regression,classification
row_3734,3734,10.1149/1.1344281,ClO4,1.0,345.6484223,"[""PC""]",[1.0],3,0.85,0.85,0.85,0.0,0.0,Multinomial Logistic Regression,classification
row_3800,3800,10.1149/1.1344281,ClO4,0.5,273.3744374,"[""DME""]",[1.0],1,0.8,0.9,0.9,0.09999999999999998,0.09999999999999998,Multinomial Logistic Regression,classification
row_3751,3751,10.1149/1.1344281,ClO4,1.0,261.8047361,"[""PC""]",[1.0],2,0.85,0.85,0.85,0.0,0.0,Multinomial Logistic Regression,classification
row_3739,3739,10.1149/1.1344281,ClO4,1.0,321.2048223,"[""PC""]",[1.0],4,0.85,0.85,0.85,0.0,0.0,Multinomial Logistic Regression,classification
row_224,224,10.1016/j.jpowsour.2011.07.071,TFSI,1.0,292.1342406,"[""EC"",""DMC""]","[0.5,0.5]",4,0.7,0.7,0.7,0.0,0.0,Multinomial Logistic Regression,classification
row_3838,3838,10.1149/1.1344281,TFSI,0.5,211.8374067,"[""DME""]",[1.0],2,0.9,0.9,0.9,0.0,0.0,Multinomial Logistic Regression,classification
row_3593,3593,10.1149/1.1344281,TFSI,1.0,375.3490984,"[""PC""]",[1.0],4,0.7,0.85,0.85,0.15000000000000002,0.15000000000000002,Multinomial Logistic Regression,classification
row_3625,3625,10.1149/1.1344281,TFSI,1.0,217.6928575,"[""PC""]",[1.0],2,0.85,0.75,0.75,-0.09999999999999998,0.09999999999999998,Multinomial Logistic Regression,classification
row_129,129,10.1016/j.jpowsour.2011.07.071,TFSI,1.0,298.0,"[""DMC""]",[1.0],5,0.7,0.75,0.75,0.050000000000000044,0.050000000000000044,Multinomial Logistic Regression,classification
row_128,128,10.1016/j.jpowsour.2011.07.071,TFSI,1.0,298.0,"[""EC""]",[1.0],3,0.7,0.7,0.7,0.0,0.0,Multinomial Logistic Regression,classification
row_3813,3813,10.1149/1.1344281,TFSI,0.5,338.3557034,"[""DME""]",[1.0],1,0.85,0.85,0.85,0.0,0.0,Multinomial Logistic Regression,classification
row_3606,3606,10.1149/1.1344281,TFSI,1.0,310.8093421,"[""PC""]",[1.0],1,0.75,0.7,0.7,-0.050000000000000044,0.050000000000000044,Multinomial Logistic Regression,classification
row_247,247,10.1016/j.jpowsour.2011.07.071,TFSI,1.0,334.9025673,"[""EC"",""DMC""]","[0.5,0.5]",5,0.8,0.7,0.7,-0.10000000000000009,0.10000000000000009,Multinomial Logistic Regression,classification
row_120,120,10.1016/j.jpowsour.2011.07.071,TFSI,1.0,298.0,"[""EC"",""DMC""]","[0.2,0.8]",1,0.75,0.7,0.7,-0.050000000000000044,0.050000000000000044,Multinomial Logistic Regression,classification
row_127,127,10.1016/j.jpowsour.2011.07.071,TFSI,1.0,298.0,"[""EC"",""DMC""]","[0.8,0.2]",1,0.7,0.7,0.7,0.0,0.0,Multinomial Logistic Regression,classification
row_3827,3827,10.1149/1.1344281,TFSI,0.5,267.3436967,"[""DME""]",[1.0],5,0.85,0.9,0.9,0.050000000000000044,0.050000000000000044,Multinomial Logistic Regression,classification
row_3614,3614,10.1149/1.1344281,TFSI,1.0,271.8869669,"[""PC""]",[1.0],5,0.7,0.75,0.75,0.050000000000000044,0.050000000000000044,Multinomial Logistic Regression,classification
row_3599,3599,10.1149/1.1344281,TFSI,1.0,345.6878836,"[""PC""]",[1.0],5,0.7,0.85,0.85,0.15000000000000002,0.15000000000000002,Multinomial Logistic Regression,classification
row_193,193,10.1016/j.jpowsour.2011.07.071,TFSI,1.0,256.1150634,"[""EC"",""DMC""]","[0.5,0.5]",2,0.7,0.75,0.75,0.050000000000000044,0.050000000000000044,Multinomial Logistic Regression,classification
row_234,234,10.1016/j.jpowsour.2011.07.071,TFSI,1.0,312.99103,"[""EC"",""DMC""]","[0.5,0.5]",3,0.7,0.7,0.7,0.0,0.0,Multinomial Logistic Regression,classification
row_3820,3820,10.1149/1.1344281,TFSI,0.5,303.2356303,"[""DME""]",[1.0],5,0.85,0.9,0.9,0.050000000000000044,0.050000000000000044,Multinomial Logistic Regression,classification
row_119,119,10.1016/j.jpowsour.2011.07.071,TFSI,1.0,298.0,"[""EC"",""DMC""]","[0.1,0.9]",4,0.75,0.75,0.75,0.0,0.0,Multinomial Logistic Regression,classification
row_3832,3832,10.1149/1.1344281,TFSI,0.5,241.4678399,"[""DME""]",[1.0],1,0.9,0.9,0.9,0.0,0.0,Multinomial Logistic Regression,classification
row_44,44,10.1016/j.jpowsour.2010.12.040,FSI,1.0,297.7574305,"[""EC"",""EMC""]","[0.3,0.7]",5,0.7,0.7,0.7,0.0,0.0,Multinomial Logistic Regression,classification
row_31,31,10.1016/j.jpowsour.2010.12.040,FSI,1.0,332.5420421,"[""EC"",""EMC""]","[0.3,0.7]",2,0.7,0.7,0.7,0.0,0.0,Multinomial Logistic Regression,classification
row_49,49,10.1016/j.jpowsour.2010.12.040,FSI,1.0,253.1626323,"[""EC"",""EMC""]","[0.3,0.7]",4,0.75,0.7,0.7,-0.050000000000000044,0.050000000000000044,Multinomial Logistic Regression,classification
row_41,41,10.1016/j.jpowsour.2010.12.040,FSI,1.0,322.7762915,"[""EC"",""EMC""]","[0.3,0.7]",3,0.75,0.7,0.7,-0.050000000000000044,0.050000000000000044,Multinomial Logistic Regression,classification
row_37,37,10.1016/j.jpowsour.2010.12.040,FSI,1.0,273.0531347,"[""EC"",""EMC""]","[0.3,0.7]",1,0.7,0.75,0.75,0.050000000000000044,0.050000000000000044,Multinomial Logistic Regression,classification
row_66,66,10.1016/j.jpowsour.2010.12.040,BF4,1.0,283.0889854,"[""EC"",""EMC""]","[0.3,0.7]",1,0.9,0.85,0.85,-0.050000000000000044,0.050000000000000044,Multinomial Logistic Regression,classification
row_13823,13823,10.1016/0378-7753(91)80004-H,BF4,1.0,353.15,"[""EC"",""PC""]","[0.5,0.5]",1,0.9,0.85,0.85,-0.050000000000000044,0.050000000000000044,Multinomial Logistic Regression,classification
row_13793,13793,10.1016/0378-7753(91)80004-H,BF4,1.0,213.15,"[""EC"",""PC""]","[0.5,0.5]",3,0.85,0.9,0.9,0.050000000000000044,0.050000000000000044,Multinomial Logistic Regression,classification
row_70,70,10.1016/j.jpowsour.2010.12.040,BF4,1.0,332.6559387,"[""EC"",""EMC""]","[0.3,0.7]",2,0.85,0.9,0.9,0.050000000000000044,0.050000000000000044,Multinomial Logistic Regression,classification
row_13814,13814,10.1016/0378-7753(91)80004-H,BF4,1.0,293.15,"[""EC"",""PC""]","[0.5,0.5]",4,0.9,0.9,0.9,0.0,0.0,Multinomial Logistic Regression,classification
row_4375,4375,10.1149/1.1466857,BF4,1.0,222.4457746,"[""EC"",""EMC""]","[0.3,0.7]",4,0.9,0.9,0.9,0.0,0.0,Multinomial Logistic Regression,classification
row_11894,11894,10.1149/2.0571912jes,PF6,1.004,283.15,"[""EC"",""DMC""]","[0.5,0.5]",3,0.8,0.7,0.7,-0.10000000000000009,0.10000000000000009,Random Forest Classifier,classification
row_13615,13615,10.1016/0378-7753(91)80004-H,PF6,1.0,213.15,"[""EC"",""PC""]","[0.15,0.85]",5,0.9,0.85,0.85,-0.050000000000000044,0.050000000000000044,Random Forest Classifier,classification
row_10903,10903,10.1149/1.1872737,PF6,3.327935223,263.0,"[""EC"",""PC"",""DMC""]","[0.27,0.1,0.63]",4,0.9,0.75,0.75,-0.15000000000000002,0.15000000000000002,Random Forest Classifier,classification
row_13645,13645,10.1016/0378-7753(91)80004-H,PF6,1.0,353.15,"[""EC"",""PC""]","[0.15,0.85]",2,0.9,0.8,0.8,-0.09999999999999998,0.09999999999999998,Random Forest Classifier,classification
row_11959,11959,10.1149/2.0571912jes,PF6,2.996,323.15,"[""EC"",""EMC""]","[0.3,0.7]",1,0.8,0.8,0.8,0.0,0.0,Random Forest Classifier,classification
row_13634,13634,10.1016/0378-7753(91)80004-H,PF6,1.0,273.15,"[""EC"",""PC""]","[0.5,0.5]",1,0.8,0.9,0.9,0.09999999999999998,0.09999999999999998,Random Forest Classifier,classification
row_11954,11954,10.1149/2.0571912jes,PF6,0.096,323.15,"[""EC"",""EMC""]","[0.3,0.7]",4,0.85,0.8,0.8,-0.04999999999999993,0.04999999999999993,Random Forest Classifier,classification
row_12004,12004,10.1149/2.0641503jes,PF6,0.5,313.15,"[""EC"",""DEC""]","[0.5,0.5]",5,0.75,0.8,0.8,0.050000000000000044,0.050000000000000044,Random Forest Classifier,classification
row_10878,10878,10.1149/1.1872737,PF6,2.240215924,333.0,"[""EC"",""PC"",""DMC""]","[0.27,0.1,0.63]",4,0.8,0.75,0.75,-0.050000000000000044,0.050000000000000044,Random Forest Classifier,classification
row_13646,13646,10.1016/0378-7753(91)80004-H,PF6,1.0,353.15,"[""EC"",""PC""]","[0.5,0.5]",2,0.85,0.8,0.8,-0.04999999999999993,0.04999999999999993,Random Forest Classifier,classification
row_11917,11917,10.1149/2.0571912jes,PF6,3.0,323.15,"[""EC"",""DMC""]","[0.5,0.5]",4,0.8,0.8,0.8,0.0,0.0,Random Forest Classifier,classification
row_4363,4363,10.1149/1.1466857,PF6,1.0,222.7274648,"[""EC"",""EMC""]","[0.3,0.7]",5,0.8,0.8,0.8,0.0,0.0,Random Forest Classifier,classification
row_10874,10874,10.1149/1.1872737,PF6,0.391363023,333.0,"[""EC"",""PC"",""DMC""]","[0.27,0.1,0.63]",1,0.85,0.75,0.75,-0.09999999999999998,0.09999999999999998,Random Forest Classifier,classification
row_192,192,10.1016/j.jpowsour.2011.07.071,PF6,1.0,354.0952676,"[""EC"",""DMC""]","[0.5,0.5]",3,0.9,0.85,0.85,-0.050000000000000044,0.050000000000000044,Random Forest Classifier,classification
row_10901,10901,10.1149/1.1872737,PF6,1.738191633,263.0,"[""EC"",""PC"",""DMC""]","[0.27,0.1,0.63]",2,0.75,0.75,0.75,0.0,0.0,Random Forest Classifier,classification
row_11957,11957,10.1149/2.0571912jes,PF6,1.497,323.15,"[""EC"",""EMC""]","[0.3,0.7]",3,0.85,0.8,0.8,-0.04999999999999993,0.04999999999999993,Random Forest Classifier,classification
row_13636,13636,10.1016/0378-7753(91)80004-H,PF6,1.0,293.15,"[""EC"",""PC""]","[0.15,0.85]",4,0.8,0.8,0.8,0.0,0.0,Random Forest Classifier,classification
row_11886,11886,10.1149/2.0571912jes,PF6,2.0,263.15,"[""EC"",""DMC""]","[0.5,0.5]",3,0.75,0.75,0.75,0.0,0.0,Random Forest Classifier,classification
row_10899,10899,10.1149/1.1872737,PF6,0.391363023,263.0,"[""EC"",""PC"",""DMC""]","[0.27,0.1,0.63]",1,0.75,0.75,0.75,0.0,0.0,Random Forest Classifier,classification
row_12014,12014,10.1149/2.0641503jes,PF6,1.5,283.15,"[""EC"",""DEC""]","[0.5,0.5]",4,0.9,0.8,0.8,-0.09999999999999998,0.09999999999999998,Random Forest Classifier,classification
row_10881,10881,10.1149/1.1872737,PF6,3.330634278,333.0,"[""EC"",""PC"",""DMC""]","[0.27,0.1,0.63]",5,0.8,0.75,0.75,-0.050000000000000044,0.050000000000000044,Random Forest Classifier,classification
row_11916,11916,10.1149/2.0571912jes,PF6,2.005,323.15,"[""EC"",""DMC""]","[0.5,0.5]",2,0.75,0.8,0.8,0.050000000000000044,0.050000000000000044,Random Forest Classifier,classification
row_11928,11928,10.1149/2.0571912jes,PF6,1.999,273.15,"[""EC"",""EMC""]","[0.3,0.7]",2,0.8,0.8,0.8,0.0,0.0,Random Forest Classifier,classification
row_11887,11887,10.1149/2.0571912jes,PF6,3.0,263.15,"[""EC"",""DMC""]","[0.5,0.5]",1,0.75,0.75,0.75,0.0,0.0,Random Forest Classifier,classification
row_13616,13616,10.1016/0378-7753(91)80004-H,PF6,1.0,213.15,"[""EC"",""PC""]","[0.5,0.5]",3,0.75,0.9,0.9,0.15000000000000002,0.15000000000000002,Random Forest Classifier,classification
row_11913,11913,10.1149/2.0571912jes,PF6,0.501,323.15,"[""EC"",""DMC""]","[0.5,0.5]",5,0.85,0.8,0.8,-0.04999999999999993,0.04999999999999993,Random Forest Classifier,classification
row_11923,11923,10.1149/2.0571912jes,PF6,3.002,263.15,"[""EC"",""EMC""]","[0.3,0.7]",1,0.8,0.8,0.8,0.0,0.0,Random Forest Classifier,classification
row_11918,11918,10.1149/2.0571912jes,PF6,0.111,263.15,"[""EC"",""EMC""]","[0.3,0.7]",5,0.75,0.8,0.8,0.050000000000000044,0.050000000000000044,Random Forest Classifier,classification
row_4369,4369,10.1149/1.1466857,PF6,1.0,283.0091549,"[""EC"",""EMC""]","[0.3,0.7]",3,0.8,0.8,0.8,0.0,0.0,Random Forest Classifier,classification
row_10893,10893,10.1149/1.1872737,PF6,0.955465587,293.0,"[""EC"",""PC"",""DMC""]","[0.27,0.1,0.63]",2,0.75,0.75,0.75,0.0,0.0,Random Forest Classifier,classification
row_13640,13640,10.1016/0378-7753(91)80004-H,PF6,1.0,313.15,"[""EC"",""PC""]","[0.5,0.5]",5,0.8,0.8,0.8,0.0,0.0,Random Forest Classifier,classification
row_12013,12013,10.1149/2.0641503jes,PF6,1.201388889,313.15,"[""EC"",""DEC""]","[0.5,0.5]",2,0.8,0.8,0.8,0.0,0.0,Random Forest Classifier,classification
row_10875,10875,10.1149/1.1872737,PF6,0.960863698,333.0,"[""EC"",""PC"",""DMC""]","[0.27,0.1,0.63]",3,0.7,0.85,0.85,0.15000000000000002,0.15000000000000002,Random Forest Classifier,classification
row_10895,10895,10.1149/1.1872737,PF6,2.237516869,293.0,"[""EC"",""PC"",""DMC""]","[0.27,0.1,0.63]",3,0.75,0.75,0.75,0.0,0.0,Random Forest Classifier,classification
row_11883,11883,10.1149/2.0571912jes,PF6,0.503,263.15,"[""EC"",""DMC""]","[0.5,0.5]",5,0.7,0.75,0.75,0.050000000000000044,0.050000000000000044,Random Forest Classifier,classification
row_11905,11905,10.1149/2.0571912jes,PF6,1.505,303.15,"[""EC"",""DMC""]","[0.5,0.5]",2,0.8,0.8,0.8,0.0,0.0,Random Forest Classifier,classification
row_3744,3744,10.1149/1.1344281,ClO4,1.0,296.4654522,"[""PC""]",[1.0],2,0.8,0.85,0.85,0.04999999999999993,0.04999999999999993,Random Forest Classifier,classification
row_3812,3812,10.1149/1.1344281,ClO4,0.5,212.2342837,"[""DME""]",[1.0],4,0.9,0.9,0.9,0.0,0.0,Random Forest Classifier,classification
row_3724,3724,10.1149/1.1344281,ClO4,1.0,393.6420782,"[""PC""]",[1.0],3,0.85,0.7,0.7,-0.15000000000000002,0.15000000000000002,Random Forest Classifier,classification
row_3786,3786,10.1149/1.1344281,ClO4,0.5,342.1636336,"[""DME""]",[1.0],4,0.8,0.85,0.85,0.04999999999999993,0.04999999999999993,Random Forest Classifier,classification
row_3760,3760,10.1149/1.1344281,ClO4,1.0,217.5511705,"[""PC""]",[1.0],3,0.85,0.85,0.85,0.0,0.0,Random Forest Classifier,classification
row_3734,3734,10.1149/1.1344281,ClO4,1.0,345.6484223,"[""PC""]",[1.0],3,0.85,0.85,0.85,0.0,0.0,Random Forest Classifier,classification
row_3800,3800,10.1149/1.1344281,ClO4,0.5,273.3744374,"[""DME""]",[1.0],1,0.8,0.85,0.85,0.04999999999999993,0.04999999999999993,Random Forest Classifier,classification
row_3751,3751,10.1149/1.1344281,ClO4,1.0,261.8047361,"[""PC""]",[1.0],2,0.85,0.85,0.85,0.0,0.0,Random Forest Classifier,classification
row_3739,3739,10.1149/1.1344281,ClO4,1.0,321.2048223,"[""PC""]",[1.0],4,0.85,0.85,0.85,0.0,0.0,Random Forest Classifier,classification
row_224,224,10.1016/j.jpowsour.2011.07.071,TFSI,1.0,292.1342406,"[""EC"",""DMC""]","[0.5,0.5]",4,0.7,0.7,0.7,0.0,0.0,Random Forest Classifier,classification
row_3838,3838,10.1149/1.1344281,TFSI,0.5,211.8374067,"[""DME""]",[1.0],2,0.9,0.9,0.9,0.0,0.0,Random Forest Classifier,classification
row_3593,3593,10.1149/1.1344281,TFSI,1.0,375.3490984,"[""PC""]",[1.0],4,0.7,0.7,0.7,0.0,0.0,Random Forest Classifier,classification
row_3625,3625,10.1149/1.1344281,TFSI,1.0,217.6928575,"[""PC""]",[1.0],2,0.85,0.7,0.7,-0.15000000000000002,0.15000000000000002,Random Forest Classifier,classification
row_129,129,10.1016/j.jpowsour.2011.07.071,TFSI,1.0,298.0,"[""DMC""]",[1.0],5,0.7,0.75,0.75,0.050000000000000044,0.050000000000000044,Random Forest Classifier,classification
row_128,128,10.1016/j.jpowsour.2011.07.071,TFSI,1.0,298.0,"[""EC""]",[1.0],3,0.7,0.7,0.7,0.0,0.0,Random Forest Classifier,classification
row_3813,3813,10.1149/1.1344281,TFSI,0.5,338.3557034,"[""DME""]",[1.0],1,0.85,0.85,0.85,0.0,0.0,Random Forest Classifier,classification
row_3606,3606,10.1149/1.1344281,TFSI,1.0,310.8093421,"[""PC""]",[1.0],1,0.75,0.7,0.7,-0.050000000000000044,0.050000000000000044,Random Forest Classifier,classification
row_247,247,10.1016/j.jpowsour.2011.07.071,TFSI,1.0,334.9025673,"[""EC"",""DMC""]","[0.5,0.5]",5,0.8,0.7,0.7,-0.10000000000000009,0.10000000000000009,Random Forest Classifier,classification
row_120,120,10.1016/j.jpowsour.2011.07.071,TFSI,1.0,298.0,"[""EC"",""DMC""]","[0.2,0.8]",1,0.75,0.7,0.7,-0.050000000000000044,0.050000000000000044,Random Forest Classifier,classification
row_127,127,10.1016/j.jpowsour.2011.07.071,TFSI,1.0,298.0,"[""EC"",""DMC""]","[0.8,0.2]",1,0.7,0.7,0.7,0.0,0.0,Random Forest Classifier,classification
row_3827,3827,10.1149/1.1344281,TFSI,0.5,267.3436967,"[""DME""]",[1.0],5,0.85,0.9,0.9,0.050000000000000044,0.050000000000000044,Random Forest Classifier,classification
row_3614,3614,10.1149/1.1344281,TFSI,1.0,271.8869669,"[""PC""]",[1.0],5,0.7,0.85,0.85,0.15000000000000002,0.15000000000000002,Random Forest Classifier,classification
row_3599,3599,10.1149/1.1344281,TFSI,1.0,345.6878836,"[""PC""]",[1.0],5,0.7,0.85,0.85,0.15000000000000002,0.15000000000000002,Random Forest Classifier,classification
row_193,193,10.1016/j.jpowsour.2011.07.071,TFSI,1.0,256.1150634,"[""EC"",""DMC""]","[0.5,0.5]",2,0.7,0.7,0.7,0.0,0.0,Random Forest Classifier,classification
row_234,234,10.1016/j.jpowsour.2011.07.071,TFSI,1.0,312.99103,"[""EC"",""DMC""]","[0.5,0.5]",3,0.7,0.7,0.7,0.0,0.0,Random Forest Classifier,classification
row_3820,3820,10.1149/1.1344281,TFSI,0.5,303.2356303,"[""DME""]",[1.0],5,0.85,0.85,0.85,0.0,0.0,Random Forest Classifier,classification
row_119,119,10.1016/j.jpowsour.2011.07.071,TFSI,1.0,298.0,"[""EC"",""DMC""]","[0.1,0.9]",4,0.75,0.7,0.7,-0.050000000000000044,0.050000000000000044,Random Forest Classifier,classification
row_3832,3832,10.1149/1.1344281,TFSI,0.5,241.4678399,"[""DME""]",[1.0],1,0.9,0.85,0.85,-0.050000000000000044,0.050000000000000044,Random Forest Classifier,classification
row_44,44,10.1016/j.jpowsour.2010.12.040,FSI,1.0,297.7574305,"[""EC"",""EMC""]","[0.3,0.7]",5,0.7,0.7,0.7,0.0,0.0,Random Forest Classifier,classification
row_31,31,10.1016/j.jpowsour.2010.12.040,FSI,1.0,332.5420421,"[""EC"",""EMC""]","[0.3,0.7]",2,0.7,0.7,0.7,0.0,0.0,Random Forest Classifier,classification
row_49,49,10.1016/j.jpowsour.2010.12.040,FSI,1.0,253.1626323,"[""EC"",""EMC""]","[0.3,0.7]",4,0.75,0.7,0.7,-0.050000000000000044,0.050000000000000044,Random Forest Classifier,classification
row_41,41,10.1016/j.jpowsour.2010.12.040,FSI,1.0,322.7762915,"[""EC"",""EMC""]","[0.3,0.7]",3,0.75,0.7,0.7,-0.050000000000000044,0.050000000000000044,Random Forest Classifier,classification
row_37,37,10.1016/j.jpowsour.2010.12.040,FSI,1.0,273.0531347,"[""EC"",""EMC""]","[0.3,0.7]",1,0.7,0.7,0.7,0.0,0.0,Random Forest Classifier,classification
row_66,66,10.1016/j.jpowsour.2010.12.040,BF4,1.0,283.0889854,"[""EC"",""EMC""]","[0.3,0.7]",1,0.9,0.9,0.9,0.0,0.0,Random Forest Classifier,classification
row_13823,13823,10.1016/0378-7753(91)80004-H,BF4,1.0,353.15,"[""EC"",""PC""]","[0.5,0.5]",1,0.9,0.85,0.85,-0.050000000000000044,0.050000000000000044,Random Forest Classifier,classification
row_13793,13793,10.1016/0378-7753(91)80004-H,BF4,1.0,213.15,"[""EC"",""PC""]","[0.5,0.5]",3,0.85,0.9,0.9,0.050000000000000044,0.050000000000000044,Random Forest Classifier,classification
row_70,70,10.1016/j.jpowsour.2010.12.040,BF4,1.0,332.6559387,"[""EC"",""EMC""]","[0.3,0.7]",2,0.85,0.9,0.9,0.050000000000000044,0.050000000000000044,Random Forest Classifier,classification
row_13814,13814,10.1016/0378-7753(91)80004-H,BF4,1.0,293.15,"[""EC"",""PC""]","[0.5,0.5]",4,0.9,0.9,0.9,0.0,0.0,Random Forest Classifier,classification
row_4375,4375,10.1149/1.1466857,BF4,1.0,222.4457746,"[""EC"",""EMC""]","[0.3,0.7]",4,0.9,0.9,0.9,0.0,0.0,Random Forest Classifier,classification
row_11894,11894,10.1149/2.0571912jes,PF6,1.004,283.15,"[""EC"",""DMC""]","[0.5,0.5]",3,0.8,0.7,0.7,-0.10000000000000009,0.10000000000000009,Extra Trees Classifier,classification
row_13615,13615,10.1016/0378-7753(91)80004-H,PF6,1.0,213.15,"[""EC"",""PC""]","[0.15,0.85]",5,0.9,0.8,0.8,-0.09999999999999998,0.09999999999999998,Extra Trees Classifier,classification
row_10903,10903,10.1149/1.1872737,PF6,3.327935223,263.0,"[""EC"",""PC"",""DMC""]","[0.27,0.1,0.63]",4,0.9,0.75,0.75,-0.15000000000000002,0.15000000000000002,Extra Trees Classifier,classification
row_13645,13645,10.1016/0378-7753(91)80004-H,PF6,1.0,353.15,"[""EC"",""PC""]","[0.15,0.85]",2,0.9,0.8,0.8,-0.09999999999999998,0.09999999999999998,Extra Trees Classifier,classification
row_11959,11959,10.1149/2.0571912jes,PF6,2.996,323.15,"[""EC"",""EMC""]","[0.3,0.7]",1,0.8,0.85,0.85,0.04999999999999993,0.04999999999999993,Extra Trees Classifier,classification
row_13634,13634,10.1016/0378-7753(91)80004-H,PF6,1.0,273.15,"[""EC"",""PC""]","[0.5,0.5]",1,0.8,0.8,0.8,0.0,0.0,Extra Trees Classifier,classification
row_11954,11954,10.1149/2.0571912jes,PF6,0.096,323.15,"[""EC"",""EMC""]","[0.3,0.7]",4,0.85,0.8,0.8,-0.04999999999999993,0.04999999999999993,Extra Trees Classifier,classification
row_12004,12004,10.1149/2.0641503jes,PF6,0.5,313.15,"[""EC"",""DEC""]","[0.5,0.5]",5,0.75,0.8,0.8,0.050000000000000044,0.050000000000000044,Extra Trees Classifier,classification
row_10878,10878,10.1149/1.1872737,PF6,2.240215924,333.0,"[""EC"",""PC"",""DMC""]","[0.27,0.1,0.63]",4,0.8,0.75,0.75,-0.050000000000000044,0.050000000000000044,Extra Trees Classifier,classification
row_13646,13646,10.1016/0378-7753(91)80004-H,PF6,1.0,353.15,"[""EC"",""PC""]","[0.5,0.5]",2,0.85,0.8,0.8,-0.04999999999999993,0.04999999999999993,Extra Trees Classifier,classification
row_11917,11917,10.1149/2.0571912jes,PF6,3.0,323.15,"[""EC"",""DMC""]","[0.5,0.5]",4,0.8,0.75,0.75,-0.050000000000000044,0.050000000000000044,Extra Trees Classifier,classification
row_4363,4363,10.1149/1.1466857,PF6,1.0,222.7274648,"[""EC"",""EMC""]","[0.3,0.7]",5,0.8,0.8,0.8,0.0,0.0,Extra Trees Classifier,classification
row_10874,10874,10.1149/1.1872737,PF6,0.391363023,333.0,"[""EC"",""PC"",""DMC""]","[0.27,0.1,0.63]",1,0.85,0.75,0.75,-0.09999999999999998,0.09999999999999998,Extra Trees Classifier,classification
row_192,192,10.1016/j.jpowsour.2011.07.071,PF6,1.0,354.0952676,"[""EC"",""DMC""]","[0.5,0.5]",3,0.9,0.85,0.85,-0.050000000000000044,0.050000000000000044,Extra Trees Classifier,classification
row_10901,10901,10.1149/1.1872737,PF6,1.738191633,263.0,"[""EC"",""PC"",""DMC""]","[0.27,0.1,0.63]",2,0.75,0.75,0.75,0.0,0.0,Extra Trees Classifier,classification
row_11957,11957,10.1149/2.0571912jes,PF6,1.497,323.15,"[""EC"",""EMC""]","[0.3,0.7]",3,0.85,0.8,0.8,-0.04999999999999993,0.04999999999999993,Extra Trees Classifier,classification
row_13636,13636,10.1016/0378-7753(91)80004-H,PF6,1.0,293.15,"[""EC"",""PC""]","[0.15,0.85]",4,0.8,0.9,0.9,0.09999999999999998,0.09999999999999998,Extra Trees Classifier,classification
row_11886,11886,10.1149/2.0571912jes,PF6,2.0,263.15,"[""EC"",""DMC""]","[0.5,0.5]",3,0.75,0.75,0.75,0.0,0.0,Extra Trees Classifier,classification
row_10899,10899,10.1149/1.1872737,PF6,0.391363023,263.0,"[""EC"",""PC"",""DMC""]","[0.27,0.1,0.63]",1,0.75,0.75,0.75,0.0,0.0,Extra Trees Classifier,classification
row_12014,12014,10.1149/2.0641503jes,PF6,1.5,283.15,"[""EC"",""DEC""]","[0.5,0.5]",4,0.9,0.8,0.8,-0.09999999999999998,0.09999999999999998,Extra Trees Classifier,classification
row_10881,10881,10.1149/1.1872737,PF6,3.330634278,333.0,"[""EC"",""PC"",""DMC""]","[0.27,0.1,0.63]",5,0.8,0.75,0.75,-0.050000000000000044,0.050000000000000044,Extra Trees Classifier,classification
row_11916,11916,10.1149/2.0571912jes,PF6,2.005,323.15,"[""EC"",""DMC""]","[0.5,0.5]",2,0.75,0.8,0.8,0.050000000000000044,0.050000000000000044,Extra Trees Classifier,classification
row_11928,11928,10.1149/2.0571912jes,PF6,1.999,273.15,"[""EC"",""EMC""]","[0.3,0.7]",2,0.8,0.8,0.8,0.0,0.0,Extra Trees Classifier,classification
row_11887,11887,10.1149/2.0571912jes,PF6,3.0,263.15,"[""EC"",""DMC""]","[0.5,0.5]",1,0.75,0.75,0.75,0.0,0.0,Extra Trees Classifier,classification
row_13616,13616,10.1016/0378-7753(91)80004-H,PF6,1.0,213.15,"[""EC"",""PC""]","[0.5,0.5]",3,0.75,0.8,0.8,0.050000000000000044,0.050000000000000044,Extra Trees Classifier,classification
row_11913,11913,10.1149/2.0571912jes,PF6,0.501,323.15,"[""EC"",""DMC""]","[0.5,0.5]",5,0.85,0.8,0.8,-0.04999999999999993,0.04999999999999993,Extra Trees Classifier,classification
row_11923,11923,10.1149/2.0571912jes,PF6,3.002,263.15,"[""EC"",""EMC""]","[0.3,0.7]",1,0.8,0.8,0.8,0.0,0.0,Extra Trees Classifier,classification
row_11918,11918,10.1149/2.0571912jes,PF6,0.111,263.15,"[""EC"",""EMC""]","[0.3,0.7]",5,0.75,0.8,0.8,0.050000000000000044,0.050000000000000044,Extra Trees Classifier,classification
row_4369,4369,10.1149/1.1466857,PF6,1.0,283.0091549,"[""EC"",""EMC""]","[0.3,0.7]",3,0.8,0.8,0.8,0.0,0.0,Extra Trees Classifier,classification
row_10893,10893,10.1149/1.1872737,PF6,0.955465587,293.0,"[""EC"",""PC"",""DMC""]","[0.27,0.1,0.63]",2,0.75,0.75,0.75,0.0,0.0,Extra Trees Classifier,classification
row_13640,13640,10.1016/0378-7753(91)80004-H,PF6,1.0,313.15,"[""EC"",""PC""]","[0.5,0.5]",5,0.8,0.8,0.8,0.0,0.0,Extra Trees Classifier,classification
row_12013,12013,10.1149/2.0641503jes,PF6,1.201388889,313.15,"[""EC"",""DEC""]","[0.5,0.5]",2,0.8,0.9,0.9,0.09999999999999998,0.09999999999999998,Extra Trees Classifier,classification
row_10875,10875,10.1149/1.1872737,PF6,0.960863698,333.0,"[""EC"",""PC"",""DMC""]","[0.27,0.1,0.63]",3,0.7,0.85,0.85,0.15000000000000002,0.15000000000000002,Extra Trees Classifier,classification
row_10895,10895,10.1149/1.1872737,PF6,2.237516869,293.0,"[""EC"",""PC"",""DMC""]","[0.27,0.1,0.63]",3,0.75,0.75,0.75,0.0,0.0,Extra Trees Classifier,classification
row_11883,11883,10.1149/2.0571912jes,PF6,0.503,263.15,"[""EC"",""DMC""]","[0.5,0.5]",5,0.7,0.75,0.75,0.050000000000000044,0.050000000000000044,Extra Trees Classifier,classification
row_11905,11905,10.1149/2.0571912jes,PF6,1.505,303.15,"[""EC"",""DMC""]","[0.5,0.5]",2,0.8,0.8,0.8,0.0,0.0,Extra Trees Classifier,classification
row_3744,3744,10.1149/1.1344281,ClO4,1.0,296.4654522,"[""PC""]",[1.0],2,0.8,0.85,0.85,0.04999999999999993,0.04999999999999993,Extra Trees Classifier,classification
row_3812,3812,10.1149/1.1344281,ClO4,0.5,212.2342837,"[""DME""]",[1.0],4,0.9,0.9,0.9,0.0,0.0,Extra Trees Classifier,classification
row_3724,3724,10.1149/1.1344281,ClO4,1.0,393.6420782,"[""PC""]",[1.0],3,0.85,0.85,0.85,0.0,0.0,Extra Trees Classifier,classification
row_3786,3786,10.1149/1.1344281,ClO4,0.5,342.1636336,"[""DME""]",[1.0],4,0.8,0.85,0.85,0.04999999999999993,0.04999999999999993,Extra Trees Classifier,classification
row_3760,3760,10.1149/1.1344281,ClO4,1.0,217.5511705,"[""PC""]",[1.0],3,0.85,0.85,0.85,0.0,0.0,Extra Trees Classifier,classification
row_3734,3734,10.1149/1.1344281,ClO4,1.0,345.6484223,"[""PC""]",[1.0],3,0.85,0.85,0.85,0.0,0.0,Extra Trees Classifier,classification
row_3800,3800,10.1149/1.1344281,ClO4,0.5,273.3744374,"[""DME""]",[1.0],1,0.8,0.9,0.9,0.09999999999999998,0.09999999999999998,Extra Trees Classifier,classification
row_3751,3751,10.1149/1.1344281,ClO4,1.0,261.8047361,"[""PC""]",[1.0],2,0.85,0.85,0.85,0.0,0.0,Extra Trees Classifier,classification
row_3739,3739,10.1149/1.1344281,ClO4,1.0,321.2048223,"[""PC""]",[1.0],4,0.85,0.85,0.85,0.0,0.0,Extra Trees Classifier,classification
row_224,224,10.1016/j.jpowsour.2011.07.071,TFSI,1.0,292.1342406,"[""EC"",""DMC""]","[0.5,0.5]",4,0.7,0.7,0.7,0.0,0.0,Extra Trees Classifier,classification
row_3838,3838,10.1149/1.1344281,TFSI,0.5,211.8374067,"[""DME""]",[1.0],2,0.9,0.9,0.9,0.0,0.0,Extra Trees Classifier,classification
row_3593,3593,10.1149/1.1344281,TFSI,1.0,375.3490984,"[""PC""]",[1.0],4,0.7,0.7,0.7,0.0,0.0,Extra Trees Classifier,classification
row_3625,3625,10.1149/1.1344281,TFSI,1.0,217.6928575,"[""PC""]",[1.0],2,0.85,0.7,0.7,-0.15000000000000002,0.15000000000000002,Extra Trees Classifier,classification
row_129,129,10.1016/j.jpowsour.2011.07.071,TFSI,1.0,298.0,"[""DMC""]",[1.0],5,0.7,0.75,0.75,0.050000000000000044,0.050000000000000044,Extra Trees Classifier,classification
row_128,128,10.1016/j.jpowsour.2011.07.071,TFSI,1.0,298.0,"[""EC""]",[1.0],3,0.7,0.7,0.7,0.0,0.0,Extra Trees Classifier,classification
row_3813,3813,10.1149/1.1344281,TFSI,0.5,338.3557034,"[""DME""]",[1.0],1,0.85,0.85,0.85,0.0,0.0,Extra Trees Classifier,classification
row_3606,3606,10.1149/1.1344281,TFSI,1.0,310.8093421,"[""PC""]",[1.0],1,0.75,0.7,0.7,-0.050000000000000044,0.050000000000000044,Extra Trees Classifier,classification
row_247,247,10.1016/j.jpowsour.2011.07.071,TFSI,1.0,334.9025673,"[""EC"",""DMC""]","[0.5,0.5]",5,0.8,0.7,0.7,-0.10000000000000009,0.10000000000000009,Extra Trees Classifier,classification
row_120,120,10.1016/j.jpowsour.2011.07.071,TFSI,1.0,298.0,"[""EC"",""DMC""]","[0.2,0.8]",1,0.75,0.7,0.7,-0.050000000000000044,0.050000000000000044,Extra Trees Classifier,classification
row_127,127,10.1016/j.jpowsour.2011.07.071,TFSI,1.0,298.0,"[""EC"",""DMC""]","[0.8,0.2]",1,0.7,0.7,0.7,0.0,0.0,Extra Trees Classifier,classification
row_3827,3827,10.1149/1.1344281,TFSI,0.5,267.3436967,"[""DME""]",[1.0],5,0.85,0.9,0.9,0.050000000000000044,0.050000000000000044,Extra Trees Classifier,classification
row_3614,3614,10.1149/1.1344281,TFSI,1.0,271.8869669,"[""PC""]",[1.0],5,0.7,0.85,0.85,0.15000000000000002,0.15000000000000002,Extra Trees Classifier,classification
row_3599,3599,10.1149/1.1344281,TFSI,1.0,345.6878836,"[""PC""]",[1.0],5,0.7,0.7,0.7,0.0,0.0,Extra Trees Classifier,classification
row_193,193,10.1016/j.jpowsour.2011.07.071,TFSI,1.0,256.1150634,"[""EC"",""DMC""]","[0.5,0.5]",2,0.7,0.7,0.7,0.0,0.0,Extra Trees Classifier,classification
row_234,234,10.1016/j.jpowsour.2011.07.071,TFSI,1.0,312.99103,"[""EC"",""DMC""]","[0.5,0.5]",3,0.7,0.7,0.7,0.0,0.0,Extra Trees Classifier,classification
row_3820,3820,10.1149/1.1344281,TFSI,0.5,303.2356303,"[""DME""]",[1.0],5,0.85,0.9,0.9,0.050000000000000044,0.050000000000000044,Extra Trees Classifier,classification
row_119,119,10.1016/j.jpowsour.2011.07.071,TFSI,1.0,298.0,"[""EC"",""DMC""]","[0.1,0.9]",4,0.75,0.7,0.7,-0.050000000000000044,0.050000000000000044,Extra Trees Classifier,classification
row_3832,3832,10.1149/1.1344281,TFSI,0.5,241.4678399,"[""DME""]",[1.0],1,0.9,0.85,0.85,-0.050000000000000044,0.050000000000000044,Extra Trees Classifier,classification
row_44,44,10.1016/j.jpowsour.2010.12.040,FSI,1.0,297.7574305,"[""EC"",""EMC""]","[0.3,0.7]",5,0.7,0.7,0.7,0.0,0.0,Extra Trees Classifier,classification
row_31,31,10.1016/j.jpowsour.2010.12.040,FSI,1.0,332.5420421,"[""EC"",""EMC""]","[0.3,0.7]",2,0.7,0.75,0.75,0.050000000000000044,0.050000000000000044,Extra Trees Classifier,classification
row_49,49,10.1016/j.jpowsour.2010.12.040,FSI,1.0,253.1626323,"[""EC"",""EMC""]","[0.3,0.7]",4,0.75,0.7,0.7,-0.050000000000000044,0.050000000000000044,Extra Trees Classifier,classification
row_41,41,10.1016/j.jpowsour.2010.12.040,FSI,1.0,322.7762915,"[""EC"",""EMC""]","[0.3,0.7]",3,0.75,0.7,0.7,-0.050000000000000044,0.050000000000000044,Extra Trees Classifier,classification
row_37,37,10.1016/j.jpowsour.2010.12.040,FSI,1.0,273.0531347,"[""EC"",""EMC""]","[0.3,0.7]",1,0.7,0.7,0.7,0.0,0.0,Extra Trees Classifier,classification
row_66,66,10.1016/j.jpowsour.2010.12.040,BF4,1.0,283.0889854,"[""EC"",""EMC""]","[0.3,0.7]",1,0.9,0.9,0.9,0.0,0.0,Extra Trees Classifier,classification
row_13823,13823,10.1016/0378-7753(91)80004-H,BF4,1.0,353.15,"[""EC"",""PC""]","[0.5,0.5]",1,0.9,0.9,0.9,0.0,0.0,Extra Trees Classifier,classification
row_13793,13793,10.1016/0378-7753(91)80004-H,BF4,1.0,213.15,"[""EC"",""PC""]","[0.5,0.5]",3,0.85,0.9,0.9,0.050000000000000044,0.050000000000000044,Extra Trees Classifier,classification
row_70,70,10.1016/j.jpowsour.2010.12.040,BF4,1.0,332.6559387,"[""EC"",""EMC""]","[0.3,0.7]",2,0.85,0.9,0.9,0.050000000000000044,0.050000000000000044,Extra Trees Classifier,classification
row_13814,13814,10.1016/0378-7753(91)80004-H,BF4,1.0,293.15,"[""EC"",""PC""]","[0.5,0.5]",4,0.9,0.9,0.9,0.0,0.0,Extra Trees Classifier,classification
row_4375,4375,10.1149/1.1466857,BF4,1.0,222.4457746,"[""EC"",""EMC""]","[0.3,0.7]",4,0.9,0.9,0.9,0.0,0.0,Extra Trees Classifier,classification
row_11894,11894,10.1149/2.0571912jes,PF6,1.004,283.15,"[""EC"",""DMC""]","[0.5,0.5]",3,0.8,0.8,0.8,0.0,0.0,Gradient Boosting Classifier,classification
row_13615,13615,10.1016/0378-7753(91)80004-H,PF6,1.0,213.15,"[""EC"",""PC""]","[0.15,0.85]",5,0.9,0.75,0.75,-0.15000000000000002,0.15000000000000002,Gradient Boosting Classifier,classification
row_10903,10903,10.1149/1.1872737,PF6,3.327935223,263.0,"[""EC"",""PC"",""DMC""]","[0.27,0.1,0.63]",4,0.9,0.75,0.75,-0.15000000000000002,0.15000000000000002,Gradient Boosting Classifier,classification
row_13645,13645,10.1016/0378-7753(91)80004-H,PF6,1.0,353.15,"[""EC"",""PC""]","[0.15,0.85]",2,0.9,0.8,0.8,-0.09999999999999998,0.09999999999999998,Gradient Boosting Classifier,classification
row_11959,11959,10.1149/2.0571912jes,PF6,2.996,323.15,"[""EC"",""EMC""]","[0.3,0.7]",1,0.8,0.8,0.8,0.0,0.0,Gradient Boosting Classifier,classification
row_13634,13634,10.1016/0378-7753(91)80004-H,PF6,1.0,273.15,"[""EC"",""PC""]","[0.5,0.5]",1,0.8,0.8,0.8,0.0,0.0,Gradient Boosting Classifier,classification
row_11954,11954,10.1149/2.0571912jes,PF6,0.096,323.15,"[""EC"",""EMC""]","[0.3,0.7]",4,0.85,0.85,0.85,0.0,0.0,Gradient Boosting Classifier,classification
row_12004,12004,10.1149/2.0641503jes,PF6,0.5,313.15,"[""EC"",""DEC""]","[0.5,0.5]",5,0.75,0.8,0.8,0.050000000000000044,0.050000000000000044,Gradient Boosting Classifier,classification
row_10878,10878,10.1149/1.1872737,PF6,2.240215924,333.0,"[""EC"",""PC"",""DMC""]","[0.27,0.1,0.63]",4,0.8,0.75,0.75,-0.050000000000000044,0.050000000000000044,Gradient Boosting Classifier,classification
row_13646,13646,10.1016/0378-7753(91)80004-H,PF6,1.0,353.15,"[""EC"",""PC""]","[0.5,0.5]",2,0.85,0.8,0.8,-0.04999999999999993,0.04999999999999993,Gradient Boosting Classifier,classification
row_11917,11917,10.1149/2.0571912jes,PF6,3.0,323.15,"[""EC"",""DMC""]","[0.5,0.5]",4,0.8,0.75,0.75,-0.050000000000000044,0.050000000000000044,Gradient Boosting Classifier,classification
row_4363,4363,10.1149/1.1466857,PF6,1.0,222.7274648,"[""EC"",""EMC""]","[0.3,0.7]",5,0.8,0.9,0.9,0.09999999999999998,0.09999999999999998,Gradient Boosting Classifier,classification
row_10874,10874,10.1149/1.1872737,PF6,0.391363023,333.0,"[""EC"",""PC"",""DMC""]","[0.27,0.1,0.63]",1,0.85,0.85,0.85,0.0,0.0,Gradient Boosting Classifier,classification
row_192,192,10.1016/j.jpowsour.2011.07.071,PF6,1.0,354.0952676,"[""EC"",""DMC""]","[0.5,0.5]",3,0.9,0.85,0.85,-0.050000000000000044,0.050000000000000044,Gradient Boosting Classifier,classification
row_10901,10901,10.1149/1.1872737,PF6,1.738191633,263.0,"[""EC"",""PC"",""DMC""]","[0.27,0.1,0.63]",2,0.75,0.75,0.75,0.0,0.0,Gradient Boosting Classifier,classification
row_11957,11957,10.1149/2.0571912jes,PF6,1.497,323.15,"[""EC"",""EMC""]","[0.3,0.7]",3,0.85,0.8,0.8,-0.04999999999999993,0.04999999999999993,Gradient Boosting Classifier,classification
row_13636,13636,10.1016/0378-7753(91)80004-H,PF6,1.0,293.15,"[""EC"",""PC""]","[0.15,0.85]",4,0.8,0.8,0.8,0.0,0.0,Gradient Boosting Classifier,classification
row_11886,11886,10.1149/2.0571912jes,PF6,2.0,263.15,"[""EC"",""DMC""]","[0.5,0.5]",3,0.75,0.7,0.7,-0.050000000000000044,0.050000000000000044,Gradient Boosting Classifier,classification
row_10899,10899,10.1149/1.1872737,PF6,0.391363023,263.0,"[""EC"",""PC"",""DMC""]","[0.27,0.1,0.63]",1,0.75,0.75,0.75,0.0,0.0,Gradient Boosting Classifier,classification
row_12014,12014,10.1149/2.0641503jes,PF6,1.5,283.15,"[""EC"",""DEC""]","[0.5,0.5]",4,0.9,0.8,0.8,-0.09999999999999998,0.09999999999999998,Gradient Boosting Classifier,classification
row_10881,10881,10.1149/1.1872737,PF6,3.330634278,333.0,"[""EC"",""PC"",""DMC""]","[0.27,0.1,0.63]",5,0.8,0.8,0.8,0.0,0.0,Gradient Boosting Classifier,classification
row_11916,11916,10.1149/2.0571912jes,PF6,2.005,323.15,"[""EC"",""DMC""]","[0.5,0.5]",2,0.75,0.85,0.85,0.09999999999999998,0.09999999999999998,Gradient Boosting Classifier,classification
row_11928,11928,10.1149/2.0571912jes,PF6,1.999,273.15,"[""EC"",""EMC""]","[0.3,0.7]",2,0.8,0.8,0.8,0.0,0.0,Gradient Boosting Classifier,classification
row_11887,11887,10.1149/2.0571912jes,PF6,3.0,263.15,"[""EC"",""DMC""]","[0.5,0.5]",1,0.75,0.75,0.75,0.0,0.0,Gradient Boosting Classifier,classification
row_13616,13616,10.1016/0378-7753(91)80004-H,PF6,1.0,213.15,"[""EC"",""PC""]","[0.5,0.5]",3,0.75,0.9,0.9,0.15000000000000002,0.15000000000000002,Gradient Boosting Classifier,classification
row_11913,11913,10.1149/2.0571912jes,PF6,0.501,323.15,"[""EC"",""DMC""]","[0.5,0.5]",5,0.85,0.85,0.85,0.0,0.0,Gradient Boosting Classifier,classification
row_11923,11923,10.1149/2.0571912jes,PF6,3.002,263.15,"[""EC"",""EMC""]","[0.3,0.7]",1,0.8,0.9,0.9,0.09999999999999998,0.09999999999999998,Gradient Boosting Classifier,classification
row_11918,11918,10.1149/2.0571912jes,PF6,0.111,263.15,"[""EC"",""EMC""]","[0.3,0.7]",5,0.75,0.8,0.8,0.050000000000000044,0.050000000000000044,Gradient Boosting Classifier,classification
row_4369,4369,10.1149/1.1466857,PF6,1.0,283.0091549,"[""EC"",""EMC""]","[0.3,0.7]",3,0.8,0.8,0.8,0.0,0.0,Gradient Boosting Classifier,classification
row_10893,10893,10.1149/1.1872737,PF6,0.955465587,293.0,"[""EC"",""PC"",""DMC""]","[0.27,0.1,0.63]",2,0.75,0.7,0.7,-0.050000000000000044,0.050000000000000044,Gradient Boosting Classifier,classification
row_13640,13640,10.1016/0378-7753(91)80004-H,PF6,1.0,313.15,"[""EC"",""PC""]","[0.5,0.5]",5,0.8,0.8,0.8,0.0,0.0,Gradient Boosting Classifier,classification
row_12013,12013,10.1149/2.0641503jes,PF6,1.201388889,313.15,"[""EC"",""DEC""]","[0.5,0.5]",2,0.8,0.8,0.8,0.0,0.0,Gradient Boosting Classifier,classification
row_10875,10875,10.1149/1.1872737,PF6,0.960863698,333.0,"[""EC"",""PC"",""DMC""]","[0.27,0.1,0.63]",3,0.7,0.85,0.85,0.15000000000000002,0.15000000000000002,Gradient Boosting Classifier,classification
row_10895,10895,10.1149/1.1872737,PF6,2.237516869,293.0,"[""EC"",""PC"",""DMC""]","[0.27,0.1,0.63]",3,0.75,0.8,0.8,0.050000000000000044,0.050000000000000044,Gradient Boosting Classifier,classification
row_11883,11883,10.1149/2.0571912jes,PF6,0.503,263.15,"[""EC"",""DMC""]","[0.5,0.5]",5,0.7,0.75,0.75,0.050000000000000044,0.050000000000000044,Gradient Boosting Classifier,classification
row_11905,11905,10.1149/2.0571912jes,PF6,1.505,303.15,"[""EC"",""DMC""]","[0.5,0.5]",2,0.8,0.8,0.8,0.0,0.0,Gradient Boosting Classifier,classification
row_3744,3744,10.1149/1.1344281,ClO4,1.0,296.4654522,"[""PC""]",[1.0],2,0.8,0.85,0.85,0.04999999999999993,0.04999999999999993,Gradient Boosting Classifier,classification
row_3812,3812,10.1149/1.1344281,ClO4,0.5,212.2342837,"[""DME""]",[1.0],4,0.9,0.9,0.9,0.0,0.0,Gradient Boosting Classifier,classification
row_3724,3724,10.1149/1.1344281,ClO4,1.0,393.6420782,"[""PC""]",[1.0],3,0.85,0.9,0.9,0.050000000000000044,0.050000000000000044,Gradient Boosting Classifier,classification
row_3786,3786,10.1149/1.1344281,ClO4,0.5,342.1636336,"[""DME""]",[1.0],4,0.8,0.8,0.8,0.0,0.0,Gradient Boosting Classifier,classification
row_3760,3760,10.1149/1.1344281,ClO4,1.0,217.5511705,"[""PC""]",[1.0],3,0.85,0.85,0.85,0.0,0.0,Gradient Boosting Classifier,classification
row_3734,3734,10.1149/1.1344281,ClO4,1.0,345.6484223,"[""PC""]",[1.0],3,0.85,0.85,0.85,0.0,0.0,Gradient Boosting Classifier,classification
row_3800,3800,10.1149/1.1344281,ClO4,0.5,273.3744374,"[""DME""]",[1.0],1,0.8,0.8,0.8,0.0,0.0,Gradient Boosting Classifier,classification
row_3751,3751,10.1149/1.1344281,ClO4,1.0,261.8047361,"[""PC""]",[1.0],2,0.85,0.85,0.85,0.0,0.0,Gradient Boosting Classifier,classification
row_3739,3739,10.1149/1.1344281,ClO4,1.0,321.2048223,"[""PC""]",[1.0],4,0.85,0.75,0.75,-0.09999999999999998,0.09999999999999998,Gradient Boosting Classifier,classification
row_224,224,10.1016/j.jpowsour.2011.07.071,TFSI,1.0,292.1342406,"[""EC"",""DMC""]","[0.5,0.5]",4,0.7,0.7,0.7,0.0,0.0,Gradient Boosting Classifier,classification
row_3838,3838,10.1149/1.1344281,TFSI,0.5,211.8374067,"[""DME""]",[1.0],2,0.9,0.9,0.9,0.0,0.0,Gradient Boosting Classifier,classification
row_3593,3593,10.1149/1.1344281,TFSI,1.0,375.3490984,"[""PC""]",[1.0],4,0.7,0.8,0.8,0.10000000000000009,0.10000000000000009,Gradient Boosting Classifier,classification
row_3625,3625,10.1149/1.1344281,TFSI,1.0,217.6928575,"[""PC""]",[1.0],2,0.85,0.85,0.85,0.0,0.0,Gradient Boosting Classifier,classification
row_129,129,10.1016/j.jpowsour.2011.07.071,TFSI,1.0,298.0,"[""DMC""]",[1.0],5,0.7,0.75,0.75,0.050000000000000044,0.050000000000000044,Gradient Boosting Classifier,classification
row_128,128,10.1016/j.jpowsour.2011.07.071,TFSI,1.0,298.0,"[""EC""]",[1.0],3,0.7,0.7,0.7,0.0,0.0,Gradient Boosting Classifier,classification
row_3813,3813,10.1149/1.1344281,TFSI,0.5,338.3557034,"[""DME""]",[1.0],1,0.85,0.85,0.85,0.0,0.0,Gradient Boosting Classifier,classification
row_3606,3606,10.1149/1.1344281,TFSI,1.0,310.8093421,"[""PC""]",[1.0],1,0.75,0.7,0.7,-0.050000000000000044,0.050000000000000044,Gradient Boosting Classifier,classification
row_247,247,10.1016/j.jpowsour.2011.07.071,TFSI,1.0,334.9025673,"[""EC"",""DMC""]","[0.5,0.5]",5,0.8,0.7,0.7,-0.10000000000000009,0.10000000000000009,Gradient Boosting Classifier,classification
row_120,120,10.1016/j.jpowsour.2011.07.071,TFSI,1.0,298.0,"[""EC"",""DMC""]","[0.2,0.8]",1,0.75,0.75,0.75,0.0,0.0,Gradient Boosting Classifier,classification
row_127,127,10.1016/j.jpowsour.2011.07.071,TFSI,1.0,298.0,"[""EC"",""DMC""]","[0.8,0.2]",1,0.7,0.7,0.7,0.0,0.0,Gradient Boosting Classifier,classification
row_3827,3827,10.1149/1.1344281,TFSI,0.5,267.3436967,"[""DME""]",[1.0],5,0.85,0.9,0.9,0.050000000000000044,0.050000000000000044,Gradient Boosting Classifier,classification
row_3614,3614,10.1149/1.1344281,TFSI,1.0,271.8869669,"[""PC""]",[1.0],5,0.7,0.75,0.75,0.050000000000000044,0.050000000000000044,Gradient Boosting Classifier,classification
row_3599,3599,10.1149/1.1344281,TFSI,1.0,345.6878836,"[""PC""]",[1.0],5,0.7,0.85,0.85,0.15000000000000002,0.15000000000000002,Gradient Boosting Classifier,classification
row_193,193,10.1016/j.jpowsour.2011.07.071,TFSI,1.0,256.1150634,"[""EC"",""DMC""]","[0.5,0.5]",2,0.7,0.7,0.7,0.0,0.0,Gradient Boosting Classifier,classification
row_234,234,10.1016/j.jpowsour.2011.07.071,TFSI,1.0,312.99103,"[""EC"",""DMC""]","[0.5,0.5]",3,0.7,0.7,0.7,0.0,0.0,Gradient Boosting Classifier,classification
row_3820,3820,10.1149/1.1344281,TFSI,0.5,303.2356303,"[""DME""]",[1.0],5,0.85,0.8,0.8,-0.04999999999999993,0.04999999999999993,Gradient Boosting Classifier,classification
row_119,119,10.1016/j.jpowsour.2011.07.071,TFSI,1.0,298.0,"[""EC"",""DMC""]","[0.1,0.9]",4,0.75,0.75,0.75,0.0,0.0,Gradient Boosting Classifier,classification
row_3832,3832,10.1149/1.1344281,TFSI,0.5,241.4678399,"[""DME""]",[1.0],1,0.9,0.85,0.85,-0.050000000000000044,0.050000000000000044,Gradient Boosting Classifier,classification
row_44,44,10.1016/j.jpowsour.2010.12.040,FSI,1.0,297.7574305,"[""EC"",""EMC""]","[0.3,0.7]",5,0.7,0.7,0.7,0.0,0.0,Gradient Boosting Classifier,classification
row_31,31,10.1016/j.jpowsour.2010.12.040,FSI,1.0,332.5420421,"[""EC"",""EMC""]","[0.3,0.7]",2,0.7,0.8,0.8,0.10000000000000009,0.10000000000000009,Gradient Boosting Classifier,classification
row_49,49,10.1016/j.jpowsour.2010.12.040,FSI,1.0,253.1626323,"[""EC"",""EMC""]","[0.3,0.7]",4,0.75,0.7,0.7,-0.050000000000000044,0.050000000000000044,Gradient Boosting Classifier,classification
row_41,41,10.1016/j.jpowsour.2010.12.040,FSI,1.0,322.7762915,"[""EC"",""EMC""]","[0.3,0.7]",3,0.75,0.7,0.7,-0.050000000000000044,0.050000000000000044,Gradient Boosting Classifier,classification
row_37,37,10.1016/j.jpowsour.2010.12.040,FSI,1.0,273.0531347,"[""EC"",""EMC""]","[0.3,0.7]",1,0.7,0.7,0.7,0.0,0.0,Gradient Boosting Classifier,classification
row_66,66,10.1016/j.jpowsour.2010.12.040,BF4,1.0,283.0889854,"[""EC"",""EMC""]","[0.3,0.7]",1,0.9,0.8,0.8,-0.09999999999999998,0.09999999999999998,Gradient Boosting Classifier,classification
row_13823,13823,10.1016/0378-7753(91)80004-H,BF4,1.0,353.15,"[""EC"",""PC""]","[0.5,0.5]",1,0.9,0.85,0.85,-0.050000000000000044,0.050000000000000044,Gradient Boosting Classifier,classification
row_13793,13793,10.1016/0378-7753(91)80004-H,BF4,1.0,213.15,"[""EC"",""PC""]","[0.5,0.5]",3,0.85,0.9,0.9,0.050000000000000044,0.050000000000000044,Gradient Boosting Classifier,classification
row_70,70,10.1016/j.jpowsour.2010.12.040,BF4,1.0,332.6559387,"[""EC"",""EMC""]","[0.3,0.7]",2,0.85,0.9,0.9,0.050000000000000044,0.050000000000000044,Gradient Boosting Classifier,classification
row_13814,13814,10.1016/0378-7753(91)80004-H,BF4,1.0,293.15,"[""EC"",""PC""]","[0.5,0.5]",4,0.9,0.9,0.9,0.0,0.0,Gradient Boosting Classifier,classification
row_4375,4375,10.1149/1.1466857,BF4,1.0,222.4457746,"[""EC"",""EMC""]","[0.3,0.7]",4,0.9,0.85,0.85,-0.050000000000000044,0.050000000000000044,Gradient Boosting Classifier,classification
