original_row_index,doi,conductivity,anion_name,composition_summary,solvent_entropy,weighted_permittivity,weighted_viscosity_mpa_s_25c,salt_conc_x_weighted_permittivity,salt_conc_x_weighted_viscosity,anion_pf6,anion_clo4,anion_tfsi,anion_fsi,anion_bf4,has_ec,frac_ec,has_pc,frac_pc,has_dme,frac_dme,has_dmc,frac_dmc,has_dec,frac_dec,has_emc,frac_emc,cation_name,salt_conc,temperature,solvents,solvent_fracs,replicate_count,conductivity_std,cluster_id,row_status,criterion_name,q_scale,q_scale_opt,q_scale_tie_rule,q_scale_tie_tolerance_ms_cm,best_abs_error_ms_cm,best_predicted_conductivity_ms_cm,n_q_values_evaluated,q_grid
106,10.1016/j.jpowsour.2011.06.030,3.307854125,PF6,EC:0.500+DMC:0.500,0.6931471805599453,46.05,1.245,46.05,1.245,1,0,0,0,0,1,0.5,0,0.0,0,0.0,1,0.5,0,0.0,0,0.0,Li,1.0,253.4239726,"[""EC"",""DMC""]","[0.5,0.5]",1,0.0,1,clustered,weighted_permittivity,0.8,0.8,lowest_q_within_tolerance,0.02,0.030273362135319726,3.3381274871353197,5,"0.7,0.75,0.8,0.85,0.9"
107,10.1016/j.jpowsour.2011.06.030,4.071672861,PF6,EC:0.500+DMC:0.500,0.6931471805599453,46.05,1.245,46.05,1.245,1,0,0,0,0,1,0.5,0,0.0,0,0.0,1,0.5,0,0.0,0,0.0,Li,1.0,258.3554795,"[""EC"",""DMC""]","[0.5,0.5]",1,0.0,1,clustered,weighted_permittivity,0.7,0.7,lowest_q_within_tolerance,0.02,0.06987779807867156,4.001795062921328,5,"0.7,0.75,0.8,0.85,0.9"
108,10.1016/j.jpowsour.2011.06.030,4.838902914,PF6,EC:0.500+DMC:0.500,0.6931471805599453,46.05,1.245,46.05,1.245,1,0,0,0,0,1,0.5,0,0.0,0,0.0,1,0.5,0,0.0,0,0.0,Li,1.0,263.2869863,"[""EC"",""DMC""]","[0.5,0.5]",1,0.0,1,clustered,weighted_permittivity,0.7,0.7,lowest_q_within_tolerance,0.02,0.5948226923204158,4.244080221679584,5,"0.7,0.75,0.8,0.85,0.9"
109,10.1016/j.jpowsour.2011.06.030,5.818420512,PF6,EC:0.500+DMC:0.500,0.6931471805599453,46.05,1.245,46.05,1.245,1,0,0,0,0,1,0.5,0,0.0,0,0.0,1,0.5,0,0.0,0,0.0,Li,1.0,268.2184932,"[""EC"",""DMC""]","[0.5,0.5]",1,0.0,1,clustered,weighted_permittivity,0.7,0.7,lowest_q_within_tolerance,0.02,1.0820590805870456,4.736361431412955,5,"0.7,0.75,0.8,0.85,0.9"
110,10.1016/j.jpowsour.2011.06.030,6.715351084,PF6,EC:0.500+DMC:0.500,0.6931471805599453,46.05,1.245,46.05,1.245,1,0,0,0,0,1,0.5,0,0.0,0,0.0,1,0.5,0,0.0,0,0.0,Li,1.0,273.15,"[""EC"",""DMC""]","[0.5,0.5]",1,0.0,1,clustered,weighted_permittivity,0.7,0.7,lowest_q_within_tolerance,0.02,1.4881752221567357,5.227175861843264,5,"0.7,0.75,0.8,0.85,0.9"
111,10.1016/j.jpowsour.2011.06.030,7.705930369,PF6,EC:0.500+DMC:0.500,0.6931471805599453,46.05,1.245,46.05,1.245,1,0,0,0,0,1,0.5,0,0.0,0,0.0,1,0.5,0,0.0,0,0.0,Li,1.0,278.2184932,"[""EC"",""DMC""]","[0.5,0.5]",1,0.0,1,clustered,weighted_permittivity,0.7,0.7,lowest_q_within_tolerance,0.02,1.9392441568743015,5.766686212125698,5,"0.7,0.75,0.8,0.85,0.9"
112,10.1016/j.jpowsour.2011.06.030,8.7903169,PF6,EC:0.500+DMC:0.500,0.6931471805599453,46.05,1.245,46.05,1.245,1,0,0,0,0,1,0.5,0,0.0,0,0.0,1,0.5,0,0.0,0,0.0,Li,1.0,283.15,"[""EC"",""DMC""]","[0.5,0.5]",1,0.0,1,clustered,weighted_permittivity,0.7,0.7,lowest_q_within_tolerance,0.02,2.360492322168496,6.429824577831504,5,"0.7,0.75,0.8,0.85,0.9"
113,10.1016/j.jpowsour.2011.06.030,9.795252881,PF6,EC:0.500+DMC:0.500,0.6931471805599453,46.05,1.245,46.05,1.245,1,0,0,0,0,1,0.5,0,0.0,0,0.0,1,0.5,0,0.0,0,0.0,Li,1.0,288.0815068,"[""EC"",""DMC""]","[0.5,0.5]",1,0.0,1,clustered,weighted_permittivity,0.7,0.7,lowest_q_within_tolerance,0.02,2.9200724456083273,6.875180435391672,5,"0.7,0.75,0.8,0.85,0.9"
114,10.1016/j.jpowsour.2011.06.030,10.91507623,PF6,EC:0.500+DMC:0.500,0.6931471805599453,46.05,1.245,46.05,1.245,1,0,0,0,0,1,0.5,0,0.0,0,0.0,1,0.5,0,0.0,0,0.0,Li,1.0,293.0130137,"[""EC"",""DMC""]","[0.5,0.5]",1,0.0,1,clustered,weighted_permittivity,0.7,0.7,lowest_q_within_tolerance,0.02,3.3695413522437727,7.545534877756228,5,"0.7,0.75,0.8,0.85,0.9"
115,10.1016/j.jpowsour.2011.06.030,12.09193518,PF6,EC:0.500+DMC:0.500,0.6931471805599453,46.05,1.245,46.05,1.245,1,0,0,0,0,1,0.5,0,0.0,0,0.0,1,0.5,0,0.0,0,0.0,Li,1.0,297.9445205,"[""EC"",""DMC""]","[0.5,0.5]",1,0.0,1,clustered,weighted_permittivity,0.7,0.7,lowest_q_within_tolerance,0.02,3.885246930083442,8.206688249916558,5,"0.7,0.75,0.8,0.85,0.9"
116,10.1016/j.jpowsour.2011.06.030,13.31856972,PF6,EC:0.500+DMC:0.500,0.6931471805599453,46.05,1.245,46.05,1.245,1,0,0,0,0,1,0.5,0,0.0,0,0.0,1,0.5,0,0.0,0,0.0,Li,1.0,303.0130137,"[""EC"",""DMC""]","[0.5,0.5]",1,0.0,1,clustered,weighted_permittivity,0.7,0.7,lowest_q_within_tolerance,0.02,4.592979291246312,8.725590428753687,5,"0.7,0.75,0.8,0.85,0.9"
117,10.1016/j.jpowsour.2011.06.030,15.68921029,PF6,EC:0.500+DMC:0.500,0.6931471805599453,46.05,1.245,46.05,1.245,1,0,0,0,0,1,0.5,0,0.0,0,0.0,1,0.5,0,0.0,0,0.0,Li,1.0,312.8760274,"[""EC"",""DMC""]","[0.5,0.5]",1,0.0,1,clustered,weighted_permittivity,0.7,0.7,lowest_q_within_tolerance,0.02,6.099589717839168,9.589620572160833,5,"0.7,0.75,0.8,0.85,0.9"
118,10.1016/j.jpowsour.2011.06.030,16.97859662,PF6,EC:0.500+DMC:0.500,0.6931471805599453,46.05,1.245,46.05,1.245,1,0,0,0,0,1,0.5,0,0.0,0,0.0,1,0.5,0,0.0,0,0.0,Li,1.0,317.8075342,"[""EC"",""DMC""]","[0.5,0.5]",1,0.0,1,clustered,weighted_permittivity,0.7,0.7,lowest_q_within_tolerance,0.02,6.98800896638928,9.99058765361072,5,"0.7,0.75,0.8,0.85,0.9"
124,10.1016/j.jpowsour.2011.07.071,9.313333333,TFSI,EC:0.500+DMC:0.500,0.6931471805599453,46.05,1.245,46.05,1.245,0,0,1,0,0,1,0.5,0,0.0,0,0.0,1,0.5,0,0.0,0,0.0,Li,1.0,298.0,"[""EC"",""DMC""]","[0.5,0.5]",1,0.0,1,clustered,weighted_permittivity,0.7,0.7,lowest_q_within_tolerance,0.02,1.03790710762188,8.27542622537812,5,"0.7,0.75,0.8,0.85,0.9"
125,10.1016/j.jpowsour.2011.07.071,9.093333333,TFSI,EC:0.600+DMC:0.400,0.6730116670092565,54.64,1.376,54.64,1.376,0,0,1,0,0,1,0.6,0,0.0,0,0.0,1,0.4,0,0.0,0,0.0,Li,1.0,298.0,"[""EC"",""DMC""]","[0.6,0.4]",1,0.0,1,clustered,weighted_permittivity,0.7,0.7,lowest_q_within_tolerance,0.02,0.9977328732403947,8.095600459759606,5,"0.7,0.75,0.8,0.85,0.9"
130,10.1016/j.jpowsour.2011.07.071,5.037117229,PF6,EC:0.500+DMC:0.500,0.6931471805599453,46.05,1.245,46.05,1.245,1,0,0,0,0,1,0.5,0,0.0,0,0.0,1,0.5,0,0.0,0,0.0,Li,1.0,260.9124652,"[""EC"",""DMC""]","[0.5,0.5]",1,0.0,1,clustered,weighted_permittivity,0.7,0.7,lowest_q_within_tolerance,0.02,0.9510768495660473,4.086040379433952,5,"0.7,0.75,0.8,0.85,0.9"
131,10.1016/j.jpowsour.2011.07.071,5.194092174,PF6,EC:0.500+DMC:0.500,0.6931471805599453,46.05,1.245,46.05,1.245,1,0,0,0,0,1,0.5,0,0.0,0,0.0,1,0.5,0,0.0,0,0.0,Li,1.0,261.6795546,"[""EC"",""DMC""]","[0.5,0.5]",1,0.0,1,clustered,weighted_permittivity,0.7,0.7,lowest_q_within_tolerance,0.02,1.0719871336483777,4.122105040351622,5,"0.7,0.75,0.8,0.85,0.9"
132,10.1016/j.jpowsour.2011.07.071,5.247448191,PF6,EC:0.500+DMC:0.500,0.6931471805599453,46.05,1.245,46.05,1.245,1,0,0,0,0,1,0.5,0,0.0,0,0.0,1,0.5,0,0.0,0,0.0,Li,1.0,262.1373337,"[""EC"",""DMC""]","[0.5,0.5]",1,0.0,1,clustered,weighted_permittivity,0.7,0.7,lowest_q_within_tolerance,0.02,1.0923618096814947,4.1550863813185055,5,"0.7,0.75,0.8,0.85,0.9"
133,10.1016/j.jpowsour.2011.07.071,5.353386947,PF6,EC:0.500+DMC:0.500,0.6931471805599453,46.05,1.245,46.05,1.245,1,0,0,0,0,1,0.5,0,0.0,0,0.0,1,0.5,0,0.0,0,0.0,Li,1.0,262.90133,"[""EC"",""DMC""]","[0.5,0.5]",1,0.0,1,clustered,weighted_permittivity,0.7,0.7,lowest_q_within_tolerance,0.02,1.1543801291719875,4.199006817828012,5,"0.7,0.75,0.8,0.85,0.9"
134,10.1016/j.jpowsour.2011.07.071,5.457005877,PF6,EC:0.500+DMC:0.500,0.6931471805599453,46.05,1.245,46.05,1.245,1,0,0,0,0,1,0.5,0,0.0,0,0.0,1,0.5,0,0.0,0,0.0,Li,1.0,263.2106403,"[""EC"",""DMC""]","[0.5,0.5]",1,0.0,1,clustered,weighted_permittivity,0.7,0.7,lowest_q_within_tolerance,0.02,1.2438248850057914,4.213180991994209,5,"0.7,0.75,0.8,0.85,0.9"
135,10.1016/j.jpowsour.2011.07.071,5.615527374,PF6,EC:0.500+DMC:0.500,0.6931471805599453,46.05,1.245,46.05,1.245,1,0,0,0,0,1,0.5,0,0.0,0,0.0,1,0.5,0,0.0,0,0.0,Li,1.0,264.2808537,"[""EC"",""DMC""]","[0.5,0.5]",1,0.0,1,clustered,weighted_permittivity,0.7,0.7,lowest_q_within_tolerance,0.02,1.2953809902848947,4.320146383715105,5,"0.7,0.75,0.8,0.85,0.9"
136,10.1016/j.jpowsour.2011.07.071,5.77250232,PF6,EC:0.500+DMC:0.500,0.6931471805599453,46.05,1.245,46.05,1.245,1,0,0,0,0,1,0.5,0,0.0,0,0.0,1,0.5,0,0.0,0,0.0,Li,1.0,265.0479431,"[""EC"",""DMC""]","[0.5,0.5]",1,0.0,1,clustered,weighted_permittivity,0.7,0.7,lowest_q_within_tolerance,0.02,1.3390689718802733,4.433433348119727,5,"0.7,0.75,0.8,0.85,0.9"
137,10.1016/j.jpowsour.2011.07.071,6.033096195,PF6,EC:0.500+DMC:0.500,0.6931471805599453,46.05,1.245,46.05,1.245,1,0,0,0,0,1,0.5,0,0.0,0,0.0,1,0.5,0,0.0,0,0.0,Li,1.0,266.1243427,"[""EC"",""DMC""]","[0.5,0.5]",1,0.0,1,clustered,weighted_permittivity,0.7,0.7,lowest_q_within_tolerance,0.02,1.5220206861633576,4.511075508836642,5,"0.7,0.75,0.8,0.85,0.9"
138,10.1016/j.jpowsour.2011.07.071,6.143674606,PF6,EC:0.500+DMC:0.500,0.6931471805599453,46.05,1.245,46.05,1.245,1,0,0,0,0,1,0.5,0,0.0,0,0.0,1,0.5,0,0.0,0,0.0,Li,1.0,267.7977111,"[""EC"",""DMC""]","[0.5,0.5]",1,0.0,1,clustered,weighted_permittivity,0.7,0.7,lowest_q_within_tolerance,0.02,1.4664147577027968,4.677259848297203,5,"0.7,0.75,0.8,0.85,0.9"
139,10.1016/j.jpowsour.2011.07.071,6.196257346,PF6,EC:0.500+DMC:0.500,0.6931471805599453,46.05,1.245,46.05,1.245,1,0,0,0,0,1,0.5,0,0.0,0,0.0,1,0.5,0,0.0,0,0.0,Li,1.0,268.1039282,"[""EC"",""DMC""]","[0.5,0.5]",1,0.0,1,clustered,weighted_permittivity,0.7,0.7,lowest_q_within_tolerance,0.02,1.4793415694952987,4.716915776504702,5,"0.7,0.75,0.8,0.85,0.9"
140,10.1016/j.jpowsour.2011.07.071,6.405041757,PF6,EC:0.500+DMC:0.500,0.6931471805599453,46.05,1.245,46.05,1.245,1,0,0,0,0,1,0.5,0,0.0,0,0.0,1,0.5,0,0.0,0,0.0,Li,1.0,269.0256727,"[""EC"",""DMC""]","[0.5,0.5]",1,0.0,1,clustered,weighted_permittivity,0.7,0.7,lowest_q_within_tolerance,0.02,1.6136759913193641,4.791365765680636,5,"0.7,0.75,0.8,0.85,0.9"
141,10.1016/j.jpowsour.2011.07.071,6.562789978,PF6,EC:0.500+DMC:0.500,0.6931471805599453,46.05,1.245,46.05,1.245,1,0,0,0,0,1,0.5,0,0.0,0,0.0,1,0.5,0,0.0,0,0.0,Li,1.0,269.9443242,"[""EC"",""DMC""]","[0.5,0.5]",1,0.0,1,clustered,weighted_permittivity,0.7,0.7,lowest_q_within_tolerance,0.02,1.7278487977690737,4.834941180230926,5,"0.7,0.75,0.8,0.85,0.9"
142,10.1016/j.jpowsour.2011.07.071,6.670275286,PF6,EC:0.500+DMC:0.500,0.6931471805599453,46.05,1.245,46.05,1.245,1,0,0,0,0,1,0.5,0,0.0,0,0.0,1,0.5,0,0.0,0,0.0,Li,1.0,271.0114445,"[""EC"",""DMC""]","[0.5,0.5]",1,0.0,1,clustered,weighted_permittivity,0.7,0.7,lowest_q_within_tolerance,0.02,1.7054010543926976,4.964874231607302,5,"0.7,0.75,0.8,0.85,0.9"
143,10.1016/j.jpowsour.2011.07.071,6.880606248,PF6,EC:0.500+DMC:0.500,0.6931471805599453,46.05,1.245,46.05,1.245,1,0,0,0,0,1,0.5,0,0.0,0,0.0,1,0.5,0,0.0,0,0.0,Li,1.0,272.236313,"[""EC"",""DMC""]","[0.5,0.5]",1,0.0,1,clustered,weighted_permittivity,0.7,0.7,lowest_q_within_tolerance,0.02,1.7274152606810098,5.1531909873189905,5,"0.7,0.75,0.8,0.85,0.9"
144,10.1016/j.jpowsour.2011.07.071,6.98731828,PF6,EC:0.500+DMC:0.500,0.6931471805599453,46.05,1.245,46.05,1.245,1,0,0,0,0,1,0.5,0,0.0,0,0.0,1,0.5,0,0.0,0,0.0,Li,1.0,273.1518713,"[""EC"",""DMC""]","[0.5,0.5]",1,0.0,1,clustered,weighted_permittivity,0.7,0.7,lowest_q_within_tolerance,0.02,1.760142418156736,5.227175861843264,5,"0.7,0.75,0.8,0.85,0.9"
145,10.1016/j.jpowsour.2011.07.071,7.039127745,PF6,EC:0.500+DMC:0.500,0.6931471805599453,46.05,1.245,46.05,1.245,1,0,0,0,0,1,0.5,0,0.0,0,0.0,1,0.5,0,0.0,0,0.0,Li,1.0,273.3065264,"[""EC"",""DMC""]","[0.5,0.5]",1,0.0,1,clustered,weighted_permittivity,0.7,0.7,lowest_q_within_tolerance,0.02,1.7886955869131471,5.250432158086853,5,"0.7,0.75,0.8,0.85,0.9"
146,10.1016/j.jpowsour.2011.07.071,7.091710486,PF6,EC:0.500+DMC:0.500,0.6931471805599453,46.05,1.245,46.05,1.245,1,0,0,0,0,1,0.5,0,0.0,0,0.0,1,0.5,0,0.0,0,0.0,Li,1.0,273.6127436,"[""EC"",""DMC""]","[0.5,0.5]",1,0.0,1,clustered,weighted_permittivity,0.7,0.7,lowest_q_within_tolerance,0.02,1.7982850346304549,5.293425451369545,5,"0.7,0.75,0.8,0.85,0.9"
147,10.1016/j.jpowsour.2011.07.071,7.302041448,PF6,EC:0.500+DMC:0.500,0.6931471805599453,46.05,1.245,46.05,1.245,1,0,0,0,0,1,0.5,0,0.0,0,0.0,1,0.5,0,0.0,0,0.0,Li,1.0,274.8376121,"[""EC"",""DMC""]","[0.5,0.5]",1,0.0,1,clustered,weighted_permittivity,0.7,0.7,lowest_q_within_tolerance,0.02,1.8470172652471,5.4550241827529,5,"0.7,0.75,0.8,0.85,0.9"
148,10.1016/j.jpowsour.2011.07.071,7.455150015,PF6,EC:0.500+DMC:0.500,0.6931471805599453,46.05,1.245,46.05,1.245,1,0,0,0,0,1,0.5,0,0.0,0,0.0,1,0.5,0,0.0,0,0.0,Li,1.0,274.8468914,"[""EC"",""DMC""]","[0.5,0.5]",1,0.0,1,clustered,weighted_permittivity,0.7,0.7,lowest_q_within_tolerance,0.02,2.0001258322471003,5.4550241827529,5,"0.7,0.75,0.8,0.85,0.9"
149,10.1016/j.jpowsour.2011.07.071,7.508506032,PF6,EC:0.500+DMC:0.500,0.6931471805599453,46.05,1.245,46.05,1.245,1,0,0,0,0,1,0.5,0,0.0,0,0.0,1,0.5,0,0.0,0,0.0,Li,1.0,275.3046706,"[""EC"",""DMC""]","[0.5,0.5]",1,0.0,1,clustered,weighted_permittivity,0.7,0.7,lowest_q_within_tolerance,0.02,1.997921277916081,5.510584754083919,5,"0.7,0.75,0.8,0.85,0.9"
150,10.1016/j.jpowsour.2011.07.071,7.667800804,PF6,EC:0.500+DMC:0.500,0.6931471805599453,46.05,1.245,46.05,1.245,1,0,0,0,0,1,0.5,0,0.0,0,0.0,1,0.5,0,0.0,0,0.0,Li,1.0,276.526446,"[""EC"",""DMC""]","[0.5,0.5]",1,0.0,1,clustered,weighted_permittivity,0.7,0.7,lowest_q_within_tolerance,0.02,2.033114479266234,5.6346863247337655,5,"0.7,0.75,0.8,0.85,0.9"
151,10.1016/j.jpowsour.2011.07.071,7.772966285,PF6,EC:0.500+DMC:0.500,0.6931471805599453,46.05,1.245,46.05,1.245,1,0,0,0,0,1,0.5,0,0.0,0,0.0,1,0.5,0,0.0,0,0.0,Li,1.0,277.1388803,"[""EC"",""DMC""]","[0.5,0.5]",1,0.0,1,clustered,weighted_permittivity,0.7,0.7,lowest_q_within_tolerance,0.02,2.1068587741742464,5.6661075108257535,5,"0.7,0.75,0.8,0.85,0.9"
152,10.1016/j.jpowsour.2011.07.071,7.982523972,PF6,EC:0.500+DMC:0.500,0.6931471805599453,46.05,1.245,46.05,1.245,1,0,0,0,0,1,0.5,0,0.0,0,0.0,1,0.5,0,0.0,0,0.0,Li,1.0,278.2121868,"[""EC"",""DMC""]","[0.5,0.5]",1,0.0,1,clustered,weighted_permittivity,0.7,0.7,lowest_q_within_tolerance,0.02,2.2158377598743018,5.766686212125698,5,"0.7,0.75,0.8,0.85,0.9"
153,10.1016/j.jpowsour.2011.07.071,8.242344572,PF6,EC:0.500+DMC:0.500,0.6931471805599453,46.05,1.245,46.05,1.245,1,0,0,0,0,1,0.5,0,0.0,0,0.0,1,0.5,0,0.0,0,0.0,Li,1.0,279.1370244,"[""EC"",""DMC""]","[0.5,0.5]",1,0.0,1,clustered,weighted_permittivity,0.7,0.7,lowest_q_within_tolerance,0.02,2.315730774370058,5.926613797629942,5,"0.7,0.75,0.8,0.85,0.9"
154,10.1016/j.jpowsour.2011.07.071,8.501391896,PF6,EC:0.500+DMC:0.500,0.6931471805599453,46.05,1.245,46.05,1.245,1,0,0,0,0,1,0.5,0,0.0,0,0.0,1,0.5,0,0.0,0,0.0,Li,1.0,279.9103,"[""EC"",""DMC""]","[0.5,0.5]",1,0.0,1,clustered,weighted_permittivity,0.7,0.7,lowest_q_within_tolerance,0.02,2.467900178794504,6.033491717205496,5,"0.7,0.75,0.8,0.85,0.9"
155,10.1016/j.jpowsour.2011.07.071,8.813795237,PF6,EC:0.500+DMC:0.500,0.6931471805599453,46.05,1.245,46.05,1.245,1,0,0,0,0,1,0.5,0,0.0,0,0.0,1,0.5,0,0.0,0,0.0,Li,1.0,281.1413548,"[""EC"",""DMC""]","[0.5,0.5]",1,0.0,1,clustered,weighted_permittivity,0.7,0.7,lowest_q_within_tolerance,0.02,2.6109492413986883,6.2028459956013124,5,"0.7,0.75,0.8,0.85,0.9"
156,10.1016/j.jpowsour.2011.07.071,8.92205382,PF6,EC:0.500+DMC:0.500,0.6931471805599453,46.05,1.245,46.05,1.245,1,0,0,0,0,1,0.5,0,0.0,0,0.0,1,0.5,0,0.0,0,0.0,Li,1.0,282.3600371,"[""EC"",""DMC""]","[0.5,0.5]",1,0.0,1,clustered,weighted_permittivity,0.7,0.7,lowest_q_within_tolerance,0.02,2.572029402035117,6.3500244179648835,5,"0.7,0.75,0.8,0.85,0.9"
157,10.1016/j.jpowsour.2011.07.071,9.07825549,PF6,EC:0.500+DMC:0.500,0.6931471805599453,46.05,1.245,46.05,1.245,1,0,0,0,0,1,0.5,0,0.0,0,0.0,1,0.5,0,0.0,0,0.0,Li,1.0,282.9755645,"[""EC"",""DMC""]","[0.5,0.5]",1,0.0,1,clustered,weighted_permittivity,0.7,0.7,lowest_q_within_tolerance,0.02,2.68213769479033,6.39611779520967,5,"0.7,0.75,0.8,0.85,0.9"
158,10.1016/j.jpowsour.2011.07.071,9.182647696,PF6,EC:0.500+DMC:0.500,0.6931471805599453,46.05,1.245,46.05,1.245,1,0,0,0,0,1,0.5,0,0.0,0,0.0,1,0.5,0,0.0,0,0.0,Li,1.0,283.4364367,"[""EC"",""DMC""]","[0.5,0.5]",1,0.0,1,clustered,weighted_permittivity,0.7,0.7,lowest_q_within_tolerance,0.02,2.736482191069695,6.446165504930305,5,"0.7,0.75,0.8,0.85,0.9"
159,10.1016/j.jpowsour.2011.07.071,9.341169193,PF6,EC:0.500+DMC:0.500,0.6931471805599453,46.05,1.245,46.05,1.245,1,0,0,0,0,1,0.5,0,0.0,0,0.0,1,0.5,0,0.0,0,0.0,Li,1.0,284.5066502,"[""EC"",""DMC""]","[0.5,0.5]",1,0.0,1,clustered,weighted_permittivity,0.7,0.7,lowest_q_within_tolerance,0.02,2.786672109869799,6.554497083130202,5,"0.7,0.75,0.8,0.85,0.9"
160,10.1016/j.jpowsour.2011.07.071,9.500463965,PF6,EC:0.500+DMC:0.500,0.6931471805599453,46.05,1.245,46.05,1.245,1,0,0,0,0,1,0.5,0,0.0,0,0.0,1,0.5,0,0.0,0,0.0,Li,1.0,285.7284256,"[""EC"",""DMC""]","[0.5,0.5]",1,0.0,1,clustered,weighted_permittivity,0.7,0.7,lowest_q_within_tolerance,0.02,2.874335294272104,6.626128670727896,5,"0.7,0.75,0.8,0.85,0.9"
161,10.1016/j.jpowsour.2011.07.071,9.658985462,PF6,EC:0.500+DMC:0.500,0.6931471805599453,46.05,1.245,46.05,1.245,1,0,0,0,0,1,0.5,0,0.0,0,0.0,1,0.5,0,0.0,0,0.0,Li,1.0,286.798639,"[""EC"",""DMC""]","[0.5,0.5]",1,0.0,1,clustered,weighted_permittivity,0.7,0.7,lowest_q_within_tolerance,0.02,2.929313563959301,6.729671898040699,5,"0.7,0.75,0.8,0.85,0.9"
162,10.1016/j.jpowsour.2011.07.071,9.612588927,PF6,EC:0.500+DMC:0.500,0.6931471805599453,46.05,1.245,46.05,1.245,1,0,0,0,0,1,0.5,0,0.0,0,0.0,1,0.5,0,0.0,0,0.0,Li,1.0,287.704918,"[""EC"",""DMC""]","[0.5,0.5]",1,0.0,1,clustered,weighted_permittivity,0.7,0.7,lowest_q_within_tolerance,0.02,2.8230663628535684,6.789522564146431,5,"0.7,0.75,0.8,0.85,0.9"
163,10.1016/j.jpowsour.2011.07.071,9.821373337,PF6,EC:0.500+DMC:0.500,0.6931471805599453,46.05,1.245,46.05,1.245,1,0,0,0,0,1,0.5,0,0.0,0,0.0,1,0.5,0,0.0,0,0.0,Li,1.0,288.6266625,"[""EC"",""DMC""]","[0.5,0.5]",1,0.0,1,clustered,weighted_permittivity,0.7,0.7,lowest_q_within_tolerance,0.02,2.871616083542831,6.94975725345717,5,"0.7,0.75,0.8,0.85,0.9"
164,10.1016/j.jpowsour.2011.07.071,9.976028457,PF6,EC:0.500+DMC:0.500,0.6931471805599453,46.05,1.245,46.05,1.245,1,0,0,0,0,1,0.5,0,0.0,0,0.0,1,0.5,0,0.0,0,0.0,Li,1.0,288.9390659,"[""EC"",""DMC""]","[0.5,0.5]",1,0.0,1,clustered,weighted_permittivity,0.7,0.7,lowest_q_within_tolerance,0.02,2.972674831859174,7.003353625140826,5,"0.7,0.75,0.8,0.85,0.9"
165,10.1016/j.jpowsour.2011.07.071,10.1299103,PF6,EC:0.500+DMC:0.500,0.6931471805599453,46.05,1.245,46.05,1.245,1,0,0,0,0,1,0.5,0,0.0,0,0.0,1,0.5,0,0.0,0,0.0,Li,1.0,289.0999072,"[""EC"",""DMC""]","[0.5,0.5]",1,0.0,1,clustered,weighted_permittivity,0.7,0.7,lowest_q_within_tolerance,0.02,3.0935443882080094,7.036365911791991,5,"0.7,0.75,0.8,0.85,0.9"
166,10.1016/j.jpowsour.2011.07.071,10.28456542,PF6,EC:0.500+DMC:0.500,0.6931471805599453,46.05,1.245,46.05,1.245,1,0,0,0,0,1,0.5,0,0.0,0,0.0,1,0.5,0,0.0,0,0.0,Li,1.0,289.4123105,"[""EC"",""DMC""]","[0.5,0.5]",1,0.0,1,clustered,weighted_permittivity,0.7,0.7,lowest_q_within_tolerance,0.02,3.21565885466262,7.06890656533738,5,"0.7,0.75,0.8,0.85,0.9"
167,10.1016/j.jpowsour.2011.07.071,10.33792144,PF6,EC:0.500+DMC:0.500,0.6931471805599453,46.05,1.245,46.05,1.245,1,0,0,0,0,1,0.5,0,0.0,0,0.0,1,0.5,0,0.0,0,0.0,Li,1.0,289.8700897,"[""EC"",""DMC""]","[0.5,0.5]",1,0.0,1,clustered,weighted_permittivity,0.7,0.7,lowest_q_within_tolerance,0.02,3.183129413571531,7.15479202642847,5,"0.7,0.75,0.8,0.85,0.9"
168,10.1016/j.jpowsour.2011.07.071,10.2915249,PF6,EC:0.500+DMC:0.500,0.6931471805599453,46.05,1.245,46.05,1.245,1,0,0,0,0,1,0.5,0,0.0,0,0.0,1,0.5,0,0.0,0,0.0,Li,1.0,290.7763687,"[""EC"",""DMC""]","[0.5,0.5]",1,0.0,1,clustered,weighted_permittivity,0.7,0.7,lowest_q_within_tolerance,0.02,3.0467298539137824,7.244795046086218,5,"0.7,0.75,0.8,0.85,0.9"
169,10.1016/j.jpowsour.2011.07.071,10.39978348,PF6,EC:0.500+DMC:0.500,0.6931471805599453,46.05,1.245,46.05,1.245,1,0,0,0,0,1,0.5,0,0.0,0,0.0,1,0.5,0,0.0,0,0.0,Li,1.0,291.995051,"[""EC"",""DMC""]","[0.5,0.5]",1,0.0,1,clustered,weighted_permittivity,0.7,0.7,lowest_q_within_tolerance,0.02,2.9875966225495496,7.41218685745045,5,"0.7,0.75,0.8,0.85,0.9"
170,10.1016/j.jpowsour.2011.07.071,10.55907826,PF6,EC:0.500+DMC:0.500,0.6931471805599453,46.05,1.245,46.05,1.245,1,0,0,0,0,1,0.5,0,0.0,0,0.0,1,0.5,0,0.0,0,0.0,Li,1.0,293.2168265,"[""EC"",""DMC""]","[0.5,0.5]",1,0.0,1,clustered,weighted_permittivity,0.7,0.7,lowest_q_within_tolerance,0.02,2.997872308109357,7.561205951890643,5,"0.7,0.75,0.8,0.85,0.9"
171,10.1016/j.jpowsour.2011.07.071,10.66269719,PF6,EC:0.500+DMC:0.500,0.6931471805599453,46.05,1.245,46.05,1.245,1,0,0,0,0,1,0.5,0,0.0,0,0.0,1,0.5,0,0.0,0,0.0,Li,1.0,293.5261367,"[""EC"",""DMC""]","[0.5,0.5]",1,0.0,1,clustered,weighted_permittivity,0.7,0.7,lowest_q_within_tolerance,0.02,3.0872264023361513,7.575470787663848,5,"0.7,0.75,0.8,0.85,0.9"
172,10.1016/j.jpowsour.2011.07.071,10.82044541,PF6,EC:0.500+DMC:0.500,0.6931471805599453,46.05,1.245,46.05,1.245,1,0,0,0,0,1,0.5,0,0.0,0,0.0,1,0.5,0,0.0,0,0.0,Li,1.0,294.4447881,"[""EC"",""DMC""]","[0.5,0.5]",1,0.0,1,clustered,weighted_permittivity,0.7,0.7,lowest_q_within_tolerance,0.02,3.0630010662014096,7.75744434379859,5,"0.7,0.75,0.8,0.85,0.9"
173,10.1016/j.jpowsour.2011.07.071,11.03077637,PF6,EC:0.500+DMC:0.500,0.6931471805599453,46.05,1.245,46.05,1.245,1,0,0,0,0,1,0.5,0,0.0,0,0.0,1,0.5,0,0.0,0,0.0,Li,1.0,295.6696567,"[""EC"",""DMC""]","[0.5,0.5]",1,0.0,1,clustered,weighted_permittivity,0.7,0.7,lowest_q_within_tolerance,0.02,3.1153150563594467,7.915461313640553,5,"0.7,0.75,0.8,0.85,0.9"
174,10.1016/j.jpowsour.2011.07.071,11.24188061,PF6,EC:0.500+DMC:0.500,0.6931471805599453,46.05,1.245,46.05,1.245,1,0,0,0,0,1,0.5,0,0.0,0,0.0,1,0.5,0,0.0,0,0.0,Li,1.0,297.0460872,"[""EC"",""DMC""]","[0.5,0.5]",1,0.0,1,clustered,weighted_permittivity,0.7,0.7,lowest_q_within_tolerance,0.02,3.151376202243437,8.090504407756564,5,"0.7,0.75,0.8,0.85,0.9"
175,10.1016/j.jpowsour.2011.07.071,11.40426848,PF6,EC:0.500+DMC:0.500,0.6931471805599453,46.05,1.245,46.05,1.245,1,0,0,0,0,1,0.5,0,0.0,0,0.0,1,0.5,0,0.0,0,0.0,Li,1.0,298.8741107,"[""EC"",""DMC""]","[0.5,0.5]",1,0.0,1,clustered,weighted_permittivity,0.7,0.7,lowest_q_within_tolerance,0.02,3.1404032217121003,8.2638652582879,5,"0.7,0.75,0.8,0.85,0.9"
176,10.1016/j.jpowsour.2011.07.071,12.03448809,PF6,EC:0.500+DMC:0.500,0.6931471805599453,46.05,1.245,46.05,1.245,1,0,0,0,0,1,0.5,0,0.0,0,0.0,1,0.5,0,0.0,0,0.0,Li,1.0,302.3971543,"[""EC"",""DMC""]","[0.5,0.5]",1,0.0,1,clustered,weighted_permittivity,0.7,0.7,lowest_q_within_tolerance,0.02,3.3850376132913453,8.649450476708655,5,"0.7,0.75,0.8,0.85,0.9"
177,10.1016/j.jpowsour.2011.07.071,13.49520569,PF6,EC:0.500+DMC:0.500,0.6931471805599453,46.05,1.245,46.05,1.245,1,0,0,0,0,1,0.5,0,0.0,0,0.0,1,0.5,0,0.0,0,0.0,Li,1.0,308.6978039,"[""EC"",""DMC""]","[0.5,0.5]",1,0.0,1,clustered,weighted_permittivity,0.7,0.7,lowest_q_within_tolerance,0.02,4.251733516843364,9.243472173156636,5,"0.7,0.75,0.8,0.85,0.9"
178,10.1016/j.jpowsour.2011.07.071,14.12387875,PF6,EC:0.500+DMC:0.500,0.6931471805599453,46.05,1.245,46.05,1.245,1,0,0,0,0,1,0.5,0,0.0,0,0.0,1,0.5,0,0.0,0,0.0,Li,1.0,311.9177235,"[""EC"",""DMC""]","[0.5,0.5]",1,0.0,1,clustered,weighted_permittivity,0.7,0.7,lowest_q_within_tolerance,0.02,4.558787018557,9.565091731443,5,"0.7,0.75,0.8,0.85,0.9"
179,10.1016/j.jpowsour.2011.07.071,14.59480359,PF6,EC:0.500+DMC:0.500,0.6931471805599453,46.05,1.245,46.05,1.245,1,0,0,0,0,1,0.5,0,0.0,0,0.0,1,0.5,0,0.0,0,0.0,Li,1.0,314.2189916,"[""EC"",""DMC""]","[0.5,0.5]",1,0.0,1,clustered,weighted_permittivity,0.7,0.7,lowest_q_within_tolerance,0.02,4.83766142808855,9.75714216191145,5,"0.7,0.75,0.8,0.85,0.9"
180,10.1016/j.jpowsour.2011.07.071,15.06418187,PF6,EC:0.500+DMC:0.500,0.6931471805599453,46.05,1.245,46.05,1.245,1,0,0,0,0,1,0.5,0,0.0,0,0.0,1,0.5,0,0.0,0,0.0,Li,1.0,316.2171358,"[""EC"",""DMC""]","[0.5,0.5]",1,0.0,1,clustered,weighted_permittivity,0.7,0.7,lowest_q_within_tolerance,0.02,5.156527628410778,9.907654241589222,5,"0.7,0.75,0.8,0.85,0.9"
181,10.1016/j.jpowsour.2011.07.071,15.38045159,PF6,EC:0.500+DMC:0.500,0.6931471805599453,46.05,1.245,46.05,1.245,1,0,0,0,0,1,0.5,0,0.0,0,0.0,1,0.5,0,0.0,0,0.0,Li,1.0,318.2060006,"[""EC"",""DMC""]","[0.5,0.5]",1,0.0,1,clustered,weighted_permittivity,0.7,0.7,lowest_q_within_tolerance,0.02,5.320492468616111,10.059959121383889,5,"0.7,0.75,0.8,0.85,0.9"
182,10.1016/j.jpowsour.2011.07.071,15.85137643,PF6,EC:0.500+DMC:0.500,0.6931471805599453,46.05,1.245,46.05,1.245,1,0,0,0,0,1,0.5,0,0.0,0,0.0,1,0.5,0,0.0,0,0.0,Li,1.0,320.5072688,"[""EC"",""DMC""]","[0.5,0.5]",1,0.0,1,clustered,weighted_permittivity,0.7,0.7,lowest_q_within_tolerance,0.02,5.604677323948364,10.246699106051636,5,"0.7,0.75,0.8,0.85,0.9"
183,10.1016/j.jpowsour.2011.07.071,16.90303124,PF6,EC:0.500+DMC:0.500,0.6931471805599453,46.05,1.245,46.05,1.245,1,0,0,0,0,1,0.5,0,0.0,0,0.0,1,0.5,0,0.0,0,0.0,Li,1.0,326.6316115,"[""EC"",""DMC""]","[0.5,0.5]",1,0.0,1,clustered,weighted_permittivity,0.7,0.7,lowest_q_within_tolerance,0.02,5.429842869692266,11.473188370307735,5,"0.7,0.75,0.8,0.85,0.9"
184,10.1016/j.jpowsour.2011.07.071,17.68171976,PF6,EC:0.500+DMC:0.500,0.6931471805599453,46.05,1.245,46.05,1.245,1,0,0,0,0,1,0.5,0,0.0,0,0.0,1,0.5,0,0.0,0,0.0,Li,1.0,329.2545623,"[""EC"",""DMC""]","[0.5,0.5]",1,0.0,1,clustered,weighted_permittivity,0.7,0.7,lowest_q_within_tolerance,0.02,5.558493035943563,12.123226724056437,5,"0.7,0.75,0.8,0.85,0.9"
185,10.1016/j.jpowsour.2011.07.071,18.36452212,PF6,EC:0.500+DMC:0.500,0.6931471805599453,46.05,1.245,46.05,1.245,1,0,0,0,0,1,0.5,0,0.0,0,0.0,1,0.5,0,0.0,0,0.0,Li,1.0,333.0838231,"[""EC"",""DMC""]","[0.5,0.5]",1,0.0,1,clustered,weighted_permittivity,0.7,0.7,lowest_q_within_tolerance,0.02,5.113652535406068,13.250869584593932,5,"0.7,0.75,0.8,0.85,0.9"
186,10.1016/j.jpowsour.2011.07.071,18.89189607,PF6,EC:0.500+DMC:0.500,0.6931471805599453,46.05,1.245,46.05,1.245,1,0,0,0,0,1,0.5,0,0.0,0,0.0,1,0.5,0,0.0,0,0.0,Li,1.0,336.4491185,"[""EC"",""DMC""]","[0.5,0.5]",1,0.0,1,clustered,weighted_permittivity,0.7,0.7,lowest_q_within_tolerance,0.02,4.1599924029445585,14.731903667055443,5,"0.7,0.75,0.8,0.85,0.9"
187,10.1016/j.jpowsour.2011.07.071,19.67445097,PF6,EC:0.500+DMC:0.500,0.6931471805599453,46.05,1.245,46.05,1.245,1,0,0,0,0,1,0.5,0,0.0,0,0.0,1,0.5,0,0.0,0,0.0,Li,1.0,339.8298794,"[""EC"",""DMC""]","[0.5,0.5]",1,0.0,1,clustered,weighted_permittivity,0.7,0.7,lowest_q_within_tolerance,0.02,3.6530071881037145,16.021443781896284,5,"0.7,0.75,0.8,0.85,0.9"
188,10.1016/j.jpowsour.2011.07.071,20.20027838,PF6,EC:0.500+DMC:0.500,0.6931471805599453,46.05,1.245,46.05,1.245,1,0,0,0,0,1,0.5,0,0.0,0,0.0,1,0.5,0,0.0,0,0.0,Li,1.0,342.8920507,"[""EC"",""DMC""]","[0.5,0.5]",1,0.0,1,clustered,weighted_permittivity,0.7,0.7,lowest_q_within_tolerance,0.02,2.7448216657114024,17.455456714288598,5,"0.7,0.75,0.8,0.85,0.9"
189,10.1016/j.jpowsour.2011.07.071,20.82817816,PF6,EC:0.500+DMC:0.500,0.6931471805599453,46.05,1.245,46.05,1.245,1,0,0,0,0,1,0.5,0,0.0,0,0.0,1,0.5,0,0.0,0,0.0,Li,1.0,345.9604083,"[""EC"",""DMC""]","[0.5,0.5]",1,0.0,1,clustered,weighted_permittivity,0.7,0.7,lowest_q_within_tolerance,0.02,0.9559301316554709,19.87224802834453,5,"0.7,0.75,0.8,0.85,0.9"
190,10.1016/j.jpowsour.2011.07.071,21.40194865,PF6,EC:0.500+DMC:0.500,0.6931471805599453,46.05,1.245,46.05,1.245,1,0,0,0,0,1,0.5,0,0.0,0,0.0,1,0.5,0,0.0,0,0.0,Li,1.0,348.4194247,"[""EC"",""DMC""]","[0.5,0.5]",1,0.0,1,clustered,weighted_permittivity,0.75,0.75,lowest_q_within_tolerance,0.02,0.15693113735702013,21.55887978735702,5,"0.7,0.75,0.8,0.85,0.9"
191,10.1016/j.jpowsour.2011.07.071,21.92932261,PF6,EC:0.500+DMC:0.500,0.6931471805599453,46.05,1.245,46.05,1.245,1,0,0,0,0,1,0.5,0,0.0,0,0.0,1,0.5,0,0.0,0,0.0,Li,1.0,351.7847201,"[""EC"",""DMC""]","[0.5,0.5]",1,0.0,1,clustered,weighted_permittivity,0.9,0.9,lowest_q_within_tolerance,0.02,1.3806188958161272,23.309941505816127,5,"0.7,0.75,0.8,0.85,0.9"
192,10.1016/j.jpowsour.2011.07.071,22.55335602,PF6,EC:0.500+DMC:0.500,0.6931471805599453,46.05,1.245,46.05,1.245,1,0,0,0,0,1,0.5,0,0.0,0,0.0,1,0.5,0,0.0,0,0.0,Li,1.0,354.0952676,"[""EC"",""DMC""]","[0.5,0.5]",1,0.0,1,clustered,weighted_permittivity,0.8,0.8,lowest_q_within_tolerance,0.02,3.1585952016186845,25.711951221618683,5,"0.7,0.75,0.8,0.85,0.9"
193,10.1016/j.jpowsour.2011.07.071,3.379987628,TFSI,EC:0.500+DMC:0.500,0.6931471805599453,46.05,1.245,46.05,1.245,0,0,1,0,0,1,0.5,0,0.0,0,0.0,1,0.5,0,0.0,0,0.0,Li,1.0,256.1150634,"[""EC"",""DMC""]","[0.5,0.5]",1,0.0,1,clustered,weighted_permittivity,0.85,0.85,lowest_q_within_tolerance,0.02,0.09286509186080671,3.287122536139193,5,"0.7,0.75,0.8,0.85,0.9"
194,10.1016/j.jpowsour.2011.07.071,3.48669966,TFSI,EC:0.500+DMC:0.500,0.6931471805599453,46.05,1.245,46.05,1.245,0,0,1,0,0,1,0.5,0,0.0,0,0.0,1,0.5,0,0.0,0,0.0,Li,1.0,257.0306217,"[""EC"",""DMC""]","[0.5,0.5]",1,0.0,1,clustered,weighted_permittivity,0.85,0.85,lowest_q_within_tolerance,0.02,0.16368432052314397,3.3230153394768562,5,"0.7,0.75,0.8,0.85,0.9"
195,10.1016/j.jpowsour.2011.07.071,3.543148778,TFSI,EC:0.500+DMC:0.500,0.6931471805599453,46.05,1.245,46.05,1.245,0,0,1,0,0,1,0.5,0,0.0,0,0.0,1,0.5,0,0.0,0,0.0,Li,1.0,258.0946489,"[""EC"",""DMC""]","[0.5,0.5]",1,0.0,1,clustered,weighted_permittivity,0.85,0.85,lowest_q_within_tolerance,0.02,0.2042385639909461,3.338910214009054,5,"0.7,0.75,0.8,0.85,0.9"
196,10.1016/j.jpowsour.2011.07.071,3.598824621,TFSI,EC:0.500+DMC:0.500,0.6931471805599453,46.05,1.245,46.05,1.245,0,0,1,0,0,1,0.5,0,0.0,0,0.0,1,0.5,0,0.0,0,0.0,Li,1.0,259.0071141,"[""EC"",""DMC""]","[0.5,0.5]",1,0.0,1,clustered,weighted_permittivity,0.85,0.85,lowest_q_within_tolerance,0.02,0.22163400643142994,3.37719061456857,5,"0.7,0.75,0.8,0.85,0.9"
197,10.1016/j.jpowsour.2011.07.071,3.603464275,TFSI,EC:0.500+DMC:0.500,0.6931471805599453,46.05,1.245,46.05,1.245,0,0,1,0,0,1,0.5,0,0.0,0,0.0,1,0.5,0,0.0,0,0.0,Li,1.0,259.9164862,"[""EC"",""DMC""]","[0.5,0.5]",1,0.0,1,clustered,weighted_permittivity,0.85,0.85,lowest_q_within_tolerance,0.02,0.19492408445911202,3.408540190540888,5,"0.7,0.75,0.8,0.85,0.9"
198,10.1016/j.jpowsour.2011.07.071,3.712496134,TFSI,EC:0.500+DMC:0.500,0.6931471805599453,46.05,1.245,46.05,1.245,0,0,1,0,0,1,0.5,0,0.0,0,0.0,1,0.5,0,0.0,0,0.0,Li,1.0,261.2867306,"[""EC"",""DMC""]","[0.5,0.5]",1,0.0,1,clustered,weighted_permittivity,0.8,0.8,lowest_q_within_tolerance,0.02,0.28181622336865164,3.9943123573686514,5,"0.7,0.75,0.8,0.85,0.9"
199,10.1016/j.jpowsour.2011.07.071,3.718682338,TFSI,EC:0.500+DMC:0.500,0.6931471805599453,46.05,1.245,46.05,1.245,0,0,1,0,0,1,0.5,0,0.0,0,0.0,1,0.5,0,0.0,0,0.0,Li,1.0,262.4992267,"[""EC"",""DMC""]","[0.5,0.5]",1,0.0,1,clustered,weighted_permittivity,0.85,0.85,lowest_q_within_tolerance,0.02,0.27076882887980114,3.4479135091201987,5,"0.7,0.75,0.8,0.85,0.9"
200,10.1016/j.jpowsour.2011.07.071,3.774358181,TFSI,EC:0.500+DMC:0.500,0.6931471805599453,46.05,1.245,46.05,1.245,0,0,1,0,0,1,0.5,0,0.0,0,0.0,1,0.5,0,0.0,0,0.0,Li,1.0,263.4116919,"[""EC"",""DMC""]","[0.5,0.5]",1,0.0,1,clustered,weighted_permittivity,0.85,0.85,lowest_q_within_tolerance,0.02,0.2851503054489042,3.489207875551096,5,"0.7,0.75,0.8,0.85,0.9"
201,10.1016/j.jpowsour.2011.07.071,3.778224559,TFSI,EC:0.500+DMC:0.500,0.6931471805599453,46.05,1.245,46.05,1.245,0,0,1,0,0,1,0.5,0,0.0,0,0.0,1,0.5,0,0.0,0,0.0,Li,1.0,264.169502,"[""EC"",""DMC""]","[0.5,0.5]",1,0.0,1,clustered,weighted_permittivity,0.85,0.85,lowest_q_within_tolerance,0.02,0.24849702680530106,3.529727532194699,5,"0.7,0.75,0.8,0.85,0.9"
202,10.1016/j.jpowsour.2011.07.071,3.884163316,TFSI,EC:0.500+DMC:0.500,0.6931471805599453,46.05,1.245,46.05,1.245,0,0,1,0,0,1,0.5,0,0.0,0,0.0,1,0.5,0,0.0,0,0.0,Li,1.0,264.9334983,"[""EC"",""DMC""]","[0.5,0.5]",1,0.0,1,clustered,weighted_permittivity,0.85,0.85,lowest_q_within_tolerance,0.02,0.28799330264118517,3.596170013358815,5,"0.7,0.75,0.8,0.85,0.9"
203,10.1016/j.jpowsour.2011.07.071,4.041911537,TFSI,EC:0.500+DMC:0.500,0.6931471805599453,46.05,1.245,46.05,1.245,0,0,1,0,0,1,0.5,0,0.0,0,0.0,1,0.5,0,0.0,0,0.0,Li,1.0,265.8521497,"[""EC"",""DMC""]","[0.5,0.5]",1,0.0,1,clustered,weighted_permittivity,0.8,0.8,lowest_q_within_tolerance,0.02,0.30648081732481547,4.348392354324815,5,"0.7,0.75,0.8,0.85,0.9"
204,10.1016/j.jpowsour.2011.07.071,4.20120631,TFSI,EC:0.500+DMC:0.500,0.6931471805599453,46.05,1.245,46.05,1.245,0,0,1,0,0,1,0.5,0,0.0,0,0.0,1,0.5,0,0.0,0,0.0,Li,1.0,267.0739251,"[""EC"",""DMC""]","[0.5,0.5]",1,0.0,1,clustered,weighted_permittivity,0.8,0.8,lowest_q_within_tolerance,0.02,0.28122309796895095,4.482429407968951,5,"0.7,0.75,0.8,0.85,0.9"
205,10.1016/j.jpowsour.2011.07.071,4.20816579,TFSI,EC:0.500+DMC:0.500,0.6931471805599453,46.05,1.245,46.05,1.245,0,0,1,0,0,1,0.5,0,0.0,0,0.0,1,0.5,0,0.0,0,0.0,Li,1.0,268.4379833,"[""EC"",""DMC""]","[0.5,0.5]",1,0.0,1,clustered,weighted_permittivity,0.8,0.8,lowest_q_within_tolerance,0.02,0.3838359542141916,4.609224130382432,5,"0.7,0.75,0.8,0.85,0.9"
206,10.1016/j.jpowsour.2011.07.071,4.215125271,TFSI,EC:0.500+DMC:0.500,0.6931471805599453,46.05,1.245,46.05,1.245,0,0,1,0,0,1,0.5,0,0.0,0,0.0,1,0.5,0,0.0,0,0.0,Li,1.0,269.8020414,"[""EC"",""DMC""]","[0.5,0.5]",1,0.0,1,clustered,weighted_permittivity,0.85,0.85,lowest_q_within_tolerance,0.02,0.34585345717694604,3.8692718138230537,5,"0.7,0.75,0.8,0.85,0.9"
207,10.1016/j.jpowsour.2011.07.071,4.323383854,TFSI,EC:0.500+DMC:0.500,0.6931471805599453,46.05,1.245,46.05,1.245,0,0,1,0,0,1,0.5,0,0.0,0,0.0,1,0.5,0,0.0,0,0.0,Li,1.0,271.0207238,"[""EC"",""DMC""]","[0.5,0.5]",1,0.0,1,clustered,weighted_permittivity,0.85,0.85,lowest_q_within_tolerance,0.02,0.35146082923144206,3.971923024768558,5,"0.7,0.75,0.8,0.85,0.9"
208,10.1016/j.jpowsour.2011.07.071,4.531394989,TFSI,EC:0.500+DMC:0.500,0.6931471805599453,46.05,1.245,46.05,1.245,0,0,1,0,0,1,0.5,0,0.0,0,0.0,1,0.5,0,0.0,0,0.0,Li,1.0,271.7909063,"[""EC"",""DMC""]","[0.5,0.5]",1,0.0,1,clustered,weighted_permittivity,0.8,0.8,lowest_q_within_tolerance,0.02,0.37554216227280346,4.906937151272803,5,"0.7,0.75,0.8,0.85,0.9"
209,10.1016/j.jpowsour.2011.07.071,4.739406124,TFSI,EC:0.500+DMC:0.500,0.6931471805599453,46.05,1.245,46.05,1.245,0,0,1,0,0,1,0.5,0,0.0,0,0.0,1,0.5,0,0.0,0,0.0,Li,1.0,272.5610888,"[""EC"",""DMC""]","[0.5,0.5]",1,0.0,1,clustered,weighted_permittivity,0.8,0.8,lowest_q_within_tolerance,0.02,0.2743834136446557,5.013789537644656,5,"0.7,0.75,0.8,0.85,0.9"
210,10.1016/j.jpowsour.2011.07.071,4.94741726,TFSI,EC:0.500+DMC:0.500,0.6931471805599453,46.05,1.245,46.05,1.245,0,0,1,0,0,1,0.5,0,0.0,0,0.0,1,0.5,0,0.0,0,0.0,Li,1.0,273.3312713,"[""EC"",""DMC""]","[0.5,0.5]",1,0.0,1,clustered,weighted_permittivity,0.8,0.8,lowest_q_within_tolerance,0.02,0.13550775321488828,5.082925013214888,5,"0.7,0.75,0.8,0.85,0.9"
211,10.1016/j.jpowsour.2011.07.071,4.95437674,TFSI,EC:0.500+DMC:0.500,0.6931471805599453,46.05,1.245,46.05,1.245,0,0,1,0,0,1,0.5,0,0.0,0,0.0,1,0.5,0,0.0,0,0.0,Li,1.0,274.6953294,"[""EC"",""DMC""]","[0.5,0.5]",1,0.0,1,clustered,weighted_permittivity,0.8,0.8,lowest_q_within_tolerance,0.02,0.30752376996406916,5.261900509964069,5,"0.7,0.75,0.8,0.85,0.9"
212,10.1016/j.jpowsour.2011.07.071,5.010052583,TFSI,EC:0.500+DMC:0.500,0.6931471805599453,46.05,1.245,46.05,1.245,0,0,1,0,0,1,0.5,0,0.0,0,0.0,1,0.5,0,0.0,0,0.0,Li,1.0,275.6077946,"[""EC"",""DMC""]","[0.5,0.5]",1,0.0,1,clustered,weighted_permittivity,0.8,0.8,lowest_q_within_tolerance,0.02,0.35108055160922547,5.361133134609226,5,"0.7,0.75,0.8,0.85,0.9"
213,10.1016/j.jpowsour.2011.07.071,5.119857717,TFSI,EC:0.500+DMC:0.500,0.6931471805599453,46.05,1.245,46.05,1.245,0,0,1,0,0,1,0.5,0,0.0,0,0.0,1,0.5,0,0.0,0,0.0,Li,1.0,277.129601,"[""EC"",""DMC""]","[0.5,0.5]",1,0.0,1,clustered,weighted_permittivity,0.8,0.8,lowest_q_within_tolerance,0.02,0.3536479738880889,5.473505690888089,5,"0.7,0.75,0.8,0.85,0.9"
214,10.1016/j.jpowsour.2011.07.071,5.276059388,TFSI,EC:0.500+DMC:0.500,0.6931471805599453,46.05,1.245,46.05,1.245,0,0,1,0,0,1,0.5,0,0.0,0,0.0,1,0.5,0,0.0,0,0.0,Li,1.0,277.7451284,"[""EC"",""DMC""]","[0.5,0.5]",1,0.0,1,clustered,weighted_permittivity,0.8,0.8,lowest_q_within_tolerance,0.02,0.2589819887613718,5.535041376761372,5,"0.7,0.75,0.8,0.85,0.9"
215,10.1016/j.jpowsour.2011.07.071,5.43535416,TFSI,EC:0.500+DMC:0.500,0.6931471805599453,46.05,1.245,46.05,1.245,0,0,1,0,0,1,0.5,0,0.0,0,0.0,1,0.5,0,0.0,0,0.0,Li,1.0,278.9669038,"[""EC"",""DMC""]","[0.5,0.5]",1,0.0,1,clustered,weighted_permittivity,0.8,0.8,lowest_q_within_tolerance,0.02,0.22169381905312147,5.657047979053122,5,"0.7,0.75,0.8,0.85,0.9"
216,10.1016/j.jpowsour.2011.07.071,5.647231673,TFSI,EC:0.500+DMC:0.500,0.6931471805599453,46.05,1.245,46.05,1.245,0,0,1,0,0,1,0.5,0,0.0,0,0.0,1,0.5,0,0.0,0,0.0,Li,1.0,280.4948964,"[""EC"",""DMC""]","[0.5,0.5]",1,0.0,1,clustered,weighted_permittivity,0.8,0.8,lowest_q_within_tolerance,0.02,0.20438480720447494,5.851616480204475,5,"0.7,0.75,0.8,0.85,0.9"
217,10.1016/j.jpowsour.2011.07.071,5.856016084,TFSI,EC:0.500+DMC:0.500,0.6931471805599453,46.05,1.245,46.05,1.245,0,0,1,0,0,1,0.5,0,0.0,0,0.0,1,0.5,0,0.0,0,0.0,Li,1.0,281.4166409,"[""EC"",""DMC""]","[0.5,0.5]",1,0.0,1,clustered,weighted_permittivity,0.8,0.8,lowest_q_within_tolerance,0.02,0.12165791521890945,5.97767399921891,5,"0.7,0.75,0.8,0.85,0.9"
218,10.1016/j.jpowsour.2011.07.071,5.910918651,TFSI,EC:0.500+DMC:0.500,0.6931471805599453,46.05,1.245,46.05,1.245,0,0,1,0,0,1,0.5,0,0.0,0,0.0,1,0.5,0,0.0,0,0.0,Li,1.0,282.1775441,"[""EC"",""DMC""]","[0.5,0.5]",1,0.0,1,clustered,weighted_permittivity,0.8,0.8,lowest_q_within_tolerance,0.02,0.14760874987519212,6.058527400875192,5,"0.7,0.75,0.8,0.85,0.9"
219,10.1016/j.jpowsour.2011.07.071,6.170739251,TFSI,EC:0.500+DMC:0.500,0.6931471805599453,46.05,1.245,46.05,1.245,0,0,1,0,0,1,0.5,0,0.0,0,0.0,1,0.5,0,0.0,0,0.0,Li,1.0,283.1023817,"[""EC"",""DMC""]","[0.5,0.5]",1,0.0,1,clustered,weighted_permittivity,0.8,0.8,lowest_q_within_tolerance,0.02,0.019823729958978298,6.150915521041021,5,"0.7,0.75,0.8,0.85,0.9"
220,10.1016/j.jpowsour.2011.07.071,6.484689143,TFSI,EC:0.500+DMC:0.500,0.6931471805599453,46.05,1.245,46.05,1.245,0,0,1,0,0,1,0.5,0,0.0,0,0.0,1,0.5,0,0.0,0,0.0,Li,1.0,284.6365605,"[""EC"",""DMC""]","[0.5,0.5]",1,0.0,1,clustered,weighted_permittivity,0.75,0.75,lowest_q_within_tolerance,0.02,0.07769937765136081,6.562388520651361,5,"0.7,0.75,0.8,0.85,0.9"
221,10.1016/j.jpowsour.2011.07.071,6.596040829,TFSI,EC:0.500+DMC:0.500,0.6931471805599453,46.05,1.245,46.05,1.245,0,0,1,0,0,1,0.5,0,0.0,0,0.0,1,0.5,0,0.0,0,0.0,Li,1.0,286.4614909,"[""EC"",""DMC""]","[0.5,0.5]",1,0.0,1,clustered,weighted_permittivity,0.75,0.75,lowest_q_within_tolerance,0.02,0.12758897657984658,6.723629805579846,5,"0.7,0.75,0.8,0.85,0.9"
222,10.1016/j.jpowsour.2011.07.071,7.065419115,TFSI,EC:0.500+DMC:0.500,0.6931471805599453,46.05,1.245,46.05,1.245,0,0,1,0,0,1,0.5,0,0.0,0,0.0,1,0.5,0,0.0,0,0.0,Li,1.0,288.459635,"[""EC"",""DMC""]","[0.5,0.5]",1,0.0,1,clustered,weighted_permittivity,0.7,0.7,lowest_q_within_tolerance,0.02,0.0018502114919920487,7.067269326491992,5,"0.7,0.75,0.8,0.85,0.9"
223,10.1016/j.jpowsour.2011.07.071,7.226260439,TFSI,EC:0.500+DMC:0.500,0.6931471805599453,46.05,1.245,46.05,1.245,0,0,1,0,0,1,0.5,0,0.0,0,0.0,1,0.5,0,0.0,0,0.0,Li,1.0,289.9845345,"[""EC"",""DMC""]","[0.5,0.5]",1,0.0,1,clustered,weighted_permittivity,0.7,0.7,lowest_q_within_tolerance,0.02,0.05957490358849604,7.285835342588496,5,"0.7,0.75,0.8,0.85,0.9"
224,10.1016/j.jpowsour.2011.07.071,7.696412001,TFSI,EC:0.500+DMC:0.500,0.6931471805599453,46.05,1.245,46.05,1.245,0,0,1,0,0,1,0.5,0,0.0,0,0.0,1,0.5,0,0.0,0,0.0,Li,1.0,292.1342406,"[""EC"",""DMC""]","[0.5,0.5]",1,0.0,1,clustered,weighted_permittivity,0.7,0.7,lowest_q_within_tolerance,0.02,0.11910367913191866,7.577308321868081,5,"0.7,0.75,0.8,0.85,0.9"
225,10.1016/j.jpowsour.2011.07.071,8.064491185,TFSI,EC:0.500+DMC:0.500,0.6931471805599453,46.05,1.245,46.05,1.245,0,0,1,0,0,1,0.5,0,0.0,0,0.0,1,0.5,0,0.0,0,0.0,Li,1.0,294.2777606,"[""EC"",""DMC""]","[0.5,0.5]",1,0.0,1,clustered,weighted_permittivity,0.7,0.7,lowest_q_within_tolerance,0.02,0.23122810741598698,7.833263077584013,5,"0.7,0.75,0.8,0.85,0.9"
226,10.1016/j.jpowsour.2011.07.071,8.638261676,TFSI,EC:0.500+DMC:0.500,0.6931471805599453,46.05,1.245,46.05,1.245,0,0,1,0,0,1,0.5,0,0.0,0,0.0,1,0.5,0,0.0,0,0.0,Li,1.0,296.736777,"[""EC"",""DMC""]","[0.5,0.5]",1,0.0,1,clustered,weighted_permittivity,0.7,0.7,lowest_q_within_tolerance,0.02,0.5614986654233238,8.076763010576677,5,"0.7,0.75,0.8,0.85,0.9"
227,10.1016/j.jpowsour.2011.07.071,8.849365914,TFSI,EC:0.500+DMC:0.500,0.6931471805599453,46.05,1.245,46.05,1.245,0,0,1,0,0,1,0.5,0,0.0,0,0.0,1,0.5,0,0.0,0,0.0,Li,1.0,298.1132075,"[""EC"",""DMC""]","[0.5,0.5]",1,0.0,1,clustered,weighted_permittivity,0.7,0.7,lowest_q_within_tolerance,0.02,0.6013955738937149,8.247970340106285,5,"0.7,0.75,0.8,0.85,0.9"
228,10.1016/j.jpowsour.2011.07.071,8.9607176,TFSI,EC:0.500+DMC:0.500,0.6931471805599453,46.05,1.245,46.05,1.245,0,0,1,0,0,1,0.5,0,0.0,0,0.0,1,0.5,0,0.0,0,0.0,Li,1.0,299.938138,"[""EC"",""DMC""]","[0.5,0.5]",1,0.0,1,clustered,weighted_permittivity,0.7,0.7,lowest_q_within_tolerance,0.02,0.6391079532874802,8.32160964671252,5,"0.7,0.75,0.8,0.85,0.9"
229,10.1016/j.jpowsour.2011.07.071,9.638107021,TFSI,EC:0.500+DMC:0.500,0.6931471805599453,46.05,1.245,46.05,1.245,0,0,1,0,0,1,0.5,0,0.0,0,0.0,1,0.5,0,0.0,0,0.0,Li,1.0,302.7064646,"[""EC"",""DMC""]","[0.5,0.5]",1,0.0,1,clustered,weighted_permittivity,0.7,0.7,lowest_q_within_tolerance,0.02,1.077443291802668,8.560663729197332,5,"0.7,0.75,0.8,0.85,0.9"
230,10.1016/j.jpowsour.2011.07.071,9.799721621,TFSI,EC:0.500+DMC:0.500,0.6931471805599453,46.05,1.245,46.05,1.245,0,0,1,0,0,1,0.5,0,0.0,0,0.0,1,0.5,0,0.0,0,0.0,Li,1.0,304.3829261,"[""EC"",""DMC""]","[0.5,0.5]",1,0.0,1,clustered,weighted_permittivity,0.7,0.7,lowest_q_within_tolerance,0.02,1.1227956501433258,8.676925970856674,5,"0.7,0.75,0.8,0.85,0.9"
231,10.1016/j.jpowsour.2011.07.071,10.11444479,TFSI,EC:0.500+DMC:0.500,0.6931471805599453,46.05,1.245,46.05,1.245,0,0,1,0,0,1,0.5,0,0.0,0,0.0,1,0.5,0,0.0,0,0.0,Li,1.0,306.0686669,"[""EC"",""DMC""]","[0.5,0.5]",1,0.0,1,clustered,weighted_permittivity,0.7,0.7,lowest_q_within_tolerance,0.02,1.3323622789399518,8.782082511060048,5,"0.7,0.75,0.8,0.85,0.9"
232,10.1016/j.jpowsour.2011.07.071,10.78951438,TFSI,EC:0.500+DMC:0.500,0.6931471805599453,46.05,1.245,46.05,1.245,0,0,1,0,0,1,0.5,0,0.0,0,0.0,1,0.5,0,0.0,0,0.0,Li,1.0,308.3823075,"[""EC"",""DMC""]","[0.5,0.5]",1,0.0,1,clustered,weighted_permittivity,0.7,0.7,lowest_q_within_tolerance,0.02,1.8797120616112526,8.909802318388747,5,"0.7,0.75,0.8,0.85,0.9"
233,10.1016/j.jpowsour.2011.07.071,11.15682029,TFSI,EC:0.500+DMC:0.500,0.6931471805599453,46.05,1.245,46.05,1.245,0,0,1,0,0,1,0.5,0,0.0,0,0.0,1,0.5,0,0.0,0,0.0,Li,1.0,310.3742654,"[""EC"",""DMC""]","[0.5,0.5]",1,0.0,1,clustered,weighted_permittivity,0.7,0.7,lowest_q_within_tolerance,0.02,2.122871263755421,9.03394902624458,5,"0.7,0.75,0.8,0.85,0.9"
234,10.1016/j.jpowsour.2011.07.071,11.83343644,TFSI,EC:0.500+DMC:0.500,0.6931471805599453,46.05,1.245,46.05,1.245,0,0,1,0,0,1,0.5,0,0.0,0,0.0,1,0.5,0,0.0,0,0.0,Li,1.0,312.99103,"[""EC"",""DMC""]","[0.5,0.5]",1,0.0,1,clustered,weighted_permittivity,0.7,0.7,lowest_q_within_tolerance,0.02,2.657655300734147,9.175781139265853,5,"0.7,0.75,0.8,0.85,0.9"
235,10.1016/j.jpowsour.2011.07.071,12.0437674,TFSI,EC:0.500+DMC:0.500,0.6931471805599453,46.05,1.245,46.05,1.245,0,0,1,0,0,1,0.5,0,0.0,0,0.0,1,0.5,0,0.0,0,0.0,Li,1.0,314.2158985,"[""EC"",""DMC""]","[0.5,0.5]",1,0.0,1,clustered,weighted_permittivity,0.7,0.7,lowest_q_within_tolerance,0.02,2.7415805075929836,9.302186892407017,5,"0.7,0.75,0.8,0.85,0.9"
236,10.1016/j.jpowsour.2011.07.071,12.46288277,TFSI,EC:0.500+DMC:0.500,0.6931471805599453,46.05,1.245,46.05,1.245,0,0,1,0,0,1,0.5,0,0.0,0,0.0,1,0.5,0,0.0,0,0.0,Li,1.0,316.3625116,"[""EC"",""DMC""]","[0.5,0.5]",1,0.0,1,clustered,weighted_permittivity,0.7,0.7,lowest_q_within_tolerance,0.02,3.043512188483673,9.419370581516327,5,"0.7,0.75,0.8,0.85,0.9"
237,10.1016/j.jpowsour.2011.07.071,12.88122487,TFSI,EC:0.500+DMC:0.500,0.6931471805599453,46.05,1.245,46.05,1.245,0,0,1,0,0,1,0.5,0,0.0,0,0.0,1,0.5,0,0.0,0,0.0,Li,1.0,318.3575626,"[""EC"",""DMC""]","[0.5,0.5]",1,0.0,1,clustered,weighted_permittivity,0.7,0.7,lowest_q_within_tolerance,0.02,3.390573625769015,9.490651244230985,5,"0.7,0.75,0.8,0.85,0.9"
238,10.1016/j.jpowsour.2011.07.071,13.24930405,TFSI,EC:0.500+DMC:0.500,0.6931471805599453,46.05,1.245,46.05,1.245,0,0,1,0,0,1,0.5,0,0.0,0,0.0,1,0.5,0,0.0,0,0.0,Li,1.0,320.5010826,"[""EC"",""DMC""]","[0.5,0.5]",1,0.0,1,clustered,weighted_permittivity,0.7,0.7,lowest_q_within_tolerance,0.02,3.6308541299765,9.6184499200235,5,"0.7,0.75,0.8,0.85,0.9"
239,10.1016/j.jpowsour.2011.07.071,13.41014538,TFSI,EC:0.500+DMC:0.500,0.6931471805599453,46.05,1.245,46.05,1.245,0,0,1,0,0,1,0.5,0,0.0,0,0.0,1,0.5,0,0.0,0,0.0,Li,1.0,322.0259821,"[""EC"",""DMC""]","[0.5,0.5]",1,0.0,1,clustered,weighted_permittivity,0.7,0.7,lowest_q_within_tolerance,0.02,3.682661246686237,9.727484133313762,5,"0.7,0.75,0.8,0.85,0.9"
240,10.1016/j.jpowsour.2011.07.071,14.20275286,TFSI,EC:0.500+DMC:0.500,0.6931471805599453,46.05,1.245,46.05,1.245,0,0,1,0,0,1,0.5,0,0.0,0,0.0,1,0.5,0,0.0,0,0.0,Li,1.0,327.3770492,"[""EC"",""DMC""]","[0.5,0.5]",1,0.0,1,clustered,weighted_permittivity,0.7,0.7,lowest_q_within_tolerance,0.02,3.4462691174317257,10.756483742568275,5,"0.7,0.75,0.8,0.85,0.9"
241,10.1016/j.jpowsour.2011.07.071,14.97757501,TFSI,EC:0.500+DMC:0.500,0.6931471805599453,46.05,1.245,46.05,1.245,0,0,1,0,0,1,0.5,0,0.0,0,0.0,1,0.5,0,0.0,0,0.0,Li,1.0,329.2421899,"[""EC"",""DMC""]","[0.5,0.5]",1,0.0,1,clustered,weighted_permittivity,0.7,0.7,lowest_q_within_tolerance,0.02,3.8001074747084385,11.177467535291562,5,"0.7,0.75,0.8,0.85,0.9"
242,10.1016/j.jpowsour.2011.07.071,15.08815342,TFSI,EC:0.500+DMC:0.500,0.6931471805599453,46.05,1.245,46.05,1.245,0,0,1,0,0,1,0.5,0,0.0,0,0.0,1,0.5,0,0.0,0,0.0,Li,1.0,330.9155583,"[""EC"",""DMC""]","[0.5,0.5]",1,0.0,1,clustered,weighted_permittivity,0.7,0.7,lowest_q_within_tolerance,0.02,3.591323826406727,11.496829593593272,5,"0.7,0.75,0.8,0.85,0.9"
243,10.1016/j.jpowsour.2011.07.071,15.24435509,TFSI,EC:0.500+DMC:0.500,0.6931471805599453,46.05,1.245,46.05,1.245,0,0,1,0,0,1,0.5,0,0.0,0,0.0,1,0.5,0,0.0,0,0.0,Li,1.0,331.5310857,"[""EC"",""DMC""]","[0.5,0.5]",1,0.0,1,clustered,weighted_permittivity,0.7,0.7,lowest_q_within_tolerance,0.02,3.6332990535054694,11.611056036494531,5,"0.7,0.75,0.8,0.85,0.9"
244,10.1016/j.jpowsour.2011.07.071,15.40287659,TFSI,EC:0.500+DMC:0.500,0.6931471805599453,46.05,1.245,46.05,1.245,0,0,1,0,0,1,0.5,0,0.0,0,0.0,1,0.5,0,0.0,0,0.0,Li,1.0,332.6012991,"[""EC"",""DMC""]","[0.5,0.5]",1,0.0,1,clustered,weighted_permittivity,0.7,0.7,lowest_q_within_tolerance,0.02,3.3537219716312237,12.049154618368776,5,"0.7,0.75,0.8,0.85,0.9"
245,10.1016/j.jpowsour.2011.07.071,15.50881534,TFSI,EC:0.500+DMC:0.500,0.6931471805599453,46.05,1.245,46.05,1.245,0,0,1,0,0,1,0.5,0,0.0,0,0.0,1,0.5,0,0.0,0,0.0,Li,1.0,333.3652954,"[""EC"",""DMC""]","[0.5,0.5]",1,0.0,1,clustered,weighted_permittivity,0.7,0.7,lowest_q_within_tolerance,0.02,3.2415437340193503,12.26727160598065,5,"0.7,0.75,0.8,0.85,0.9"
246,10.1016/j.jpowsour.2011.07.071,15.6147541,TFSI,EC:0.500+DMC:0.500,0.6931471805599453,46.05,1.245,46.05,1.245,0,0,1,0,0,1,0.5,0,0.0,0,0.0,1,0.5,0,0.0,0,0.0,Li,1.0,334.1292917,"[""EC"",""DMC""]","[0.5,0.5]",1,0.0,1,clustered,weighted_permittivity,0.7,0.7,lowest_q_within_tolerance,0.02,3.1120087914813173,12.502745308518683,5,"0.7,0.75,0.8,0.85,0.9"
247,10.1016/j.jpowsour.2011.07.071,15.87380142,TFSI,EC:0.500+DMC:0.500,0.6931471805599453,46.05,1.245,46.05,1.245,0,0,1,0,0,1,0.5,0,0.0,0,0.0,1,0.5,0,0.0,0,0.0,Li,1.0,334.9025673,"[""EC"",""DMC""]","[0.5,0.5]",1,0.0,1,clustered,weighted_permittivity,0.7,0.7,lowest_q_within_tolerance,0.02,3.0311921862934827,12.842609233706517,5,"0.7,0.75,0.8,0.85,0.9"
248,10.1016/j.jpowsour.2011.07.071,14.02618827,TFSI,EC:0.500+DMC:0.500,0.6931471805599453,46.05,1.245,46.05,1.245,0,0,1,0,0,1,0.5,0,0.0,0,0.0,1,0.5,0,0.0,0,0.0,Li,1.0,324.4370554,"[""EC"",""DMC""]","[0.5,0.5]",1,0.0,1,clustered,weighted_permittivity,0.7,0.7,lowest_q_within_tolerance,0.02,3.827117460481693,10.199070809518307,5,"0.7,0.75,0.8,0.85,0.9"
249,10.1016/j.jpowsour.2011.07.071,14.2478606,TFSI,EC:0.500+DMC:0.500,0.6931471805599453,46.05,1.245,46.05,1.245,0,0,1,0,0,1,0.5,0,0.0,0,0.0,1,0.5,0,0.0,0,0.0,Li,1.0,326.2181668,"[""EC"",""DMC""]","[0.5,0.5]",1,0.0,1,clustered,weighted_permittivity,0.7,0.7,lowest_q_within_tolerance,0.02,3.6818193199709235,10.566041280029076,5,"0.7,0.75,0.8,0.85,0.9"
11883,10.1149/2.0571912jes,4.959,PF6,EC:0.500+DMC:0.500,0.6931471805599453,46.05,1.245,23.16315,0.626235,1,0,0,0,0,1,0.5,0,0.0,0,0.0,1,0.5,0,0.0,0,0.0,Li,0.503,263.15,"[""EC"",""DMC""]","[0.5,0.5]",1,0.0,1,clustered,weighted_permittivity,0.7,0.7,lowest_q_within_tolerance,0.02,0.6997780820351078,4.259221917964892,5,"0.7,0.75,0.8,0.85,0.9"
11884,10.1149/2.0571912jes,4.962,PF6,EC:0.500+DMC:0.500,0.6931471805599453,46.05,1.245,46.18814999999999,1.2487349999999997,1,0,0,0,0,1,0.5,0,0.0,0,0.0,1,0.5,0,0.0,0,0.0,Li,1.003,263.15,"[""EC"",""DMC""]","[0.5,0.5]",1,0.0,1,clustered,weighted_permittivity,0.7,0.7,lowest_q_within_tolerance,0.02,0.7488190080057908,4.213180991994209,5,"0.7,0.75,0.8,0.85,0.9"
11885,10.1149/2.0571912jes,2.955,PF6,EC:0.500+DMC:0.500,0.6931471805599453,46.05,1.245,69.21314999999998,1.871235,1,0,0,0,0,1,0.5,0,0.0,0,0.0,1,0.5,0,0.0,0,0.0,Li,1.503,263.15,"[""EC"",""DMC""]","[0.5,0.5]",1,0.0,1,clustered,weighted_permittivity,0.85,0.85,lowest_q_within_tolerance,0.02,0.05869003873437517,2.896309961265625,5,"0.7,0.75,0.8,0.85,0.9"
11886,10.1149/2.0571912jes,1.824,PF6,EC:0.500+DMC:0.500,0.6931471805599453,46.05,1.245,92.1,2.49,1,0,0,0,0,1,0.5,0,0.0,0,0.0,1,0.5,0,0.0,0,0.0,Li,2.0,263.15,"[""EC"",""DMC""]","[0.5,0.5]",1,0.0,1,clustered,weighted_permittivity,0.9,0.9,lowest_q_within_tolerance,0.02,0.85960476233206,2.68360476233206,5,"0.7,0.75,0.8,0.85,0.9"
11887,10.1149/2.0571912jes,0.756,PF6,EC:0.500+DMC:0.500,0.6931471805599453,46.05,1.245,138.14999999999998,3.735,1,0,0,0,0,1,0.5,0,0.0,0,0.0,1,0.5,0,0.0,0,0.0,Li,3.0,263.15,"[""EC"",""DMC""]","[0.5,0.5]",1,0.0,1,clustered,weighted_permittivity,0.9,0.9,lowest_q_within_tolerance,0.02,2.048709979705568,2.8047099797055677,5,"0.7,0.75,0.8,0.85,0.9"
11888,10.1149/2.0571912jes,6.352,PF6,EC:0.500+DMC:0.500,0.6931471805599453,46.05,1.245,23.2092,0.6274799999999999,1,0,0,0,0,1,0.5,0,0.0,0,0.0,1,0.5,0,0.0,0,0.0,Li,0.504,273.15,"[""EC"",""DMC""]","[0.5,0.5]",1,0.0,1,clustered,weighted_permittivity,0.7,0.7,lowest_q_within_tolerance,0.02,1.0847863967505509,5.267213603249449,5,"0.7,0.75,0.8,0.85,0.9"
11889,10.1149/2.0571912jes,6.813,PF6,EC:0.500+DMC:0.500,0.6931471805599453,46.05,1.245,46.2342,1.24998,1,0,0,0,0,1,0.5,0,0.0,0,0.0,1,0.5,0,0.0,0,0.0,Li,1.004,273.15,"[""EC"",""DMC""]","[0.5,0.5]",1,0.0,1,clustered,weighted_permittivity,0.7,0.7,lowest_q_within_tolerance,0.02,1.5858241381567355,5.227175861843264,5,"0.7,0.75,0.8,0.85,0.9"
11890,10.1149/2.0571912jes,4.488,PF6,EC:0.500+DMC:0.500,0.6931471805599453,46.05,1.245,69.21314999999998,1.871235,1,0,0,0,0,1,0.5,0,0.0,0,0.0,1,0.5,0,0.0,0,0.0,Li,1.503,273.15,"[""EC"",""DMC""]","[0.5,0.5]",1,0.0,1,clustered,weighted_permittivity,0.8,0.8,lowest_q_within_tolerance,0.02,0.19251624568003844,4.295483754319962,5,"0.7,0.75,0.8,0.85,0.9"
11891,10.1149/2.0571912jes,2.978,PF6,EC:0.500+DMC:0.500,0.6931471805599453,46.05,1.245,92.23815,2.493735,1,0,0,0,0,1,0.5,0,0.0,0,0.0,1,0.5,0,0.0,0,0.0,Li,2.003,273.15,"[""EC"",""DMC""]","[0.5,0.5]",1,0.0,1,clustered,weighted_permittivity,0.9,0.9,lowest_q_within_tolerance,0.02,0.12680163902418773,3.104801639024188,5,"0.7,0.75,0.8,0.85,0.9"
11892,10.1149/2.0571912jes,1.413,PF6,EC:0.500+DMC:0.500,0.6931471805599453,46.05,1.245,138.14999999999998,3.735,1,0,0,0,0,1,0.5,0,0.0,0,0.0,1,0.5,0,0.0,0,0.0,Li,3.0,273.15,"[""EC"",""DMC""]","[0.5,0.5]",1,0.0,1,clustered,weighted_permittivity,0.9,0.9,lowest_q_within_tolerance,0.02,1.8021113228806696,3.2151113228806696,5,"0.7,0.75,0.8,0.85,0.9"
11893,10.1149/2.0571912jes,7.864,PF6,EC:0.500+DMC:0.500,0.6931471805599453,46.05,1.245,23.1171,0.6249899999999999,1,0,0,0,0,1,0.5,0,0.0,0,0.0,1,0.5,0,0.0,0,0.0,Li,0.502,283.15,"[""EC"",""DMC""]","[0.5,0.5]",1,0.0,1,clustered,weighted_permittivity,0.7,0.7,lowest_q_within_tolerance,0.02,1.4305642539576473,6.433435746042353,5,"0.7,0.75,0.8,0.85,0.9"
11894,10.1149/2.0571912jes,8.723,PF6,EC:0.500+DMC:0.500,0.6931471805599453,46.05,1.245,46.2342,1.24998,1,0,0,0,0,1,0.5,0,0.0,0,0.0,1,0.5,0,0.0,0,0.0,Li,1.004,283.15,"[""EC"",""DMC""]","[0.5,0.5]",1,0.0,1,clustered,weighted_permittivity,0.7,0.7,lowest_q_within_tolerance,0.02,2.2931754221684963,6.429824577831504,5,"0.7,0.75,0.8,0.85,0.9"
11895,10.1149/2.0571912jes,6.378,PF6,EC:0.500+DMC:0.500,0.6931471805599453,46.05,1.245,69.25919999999999,1.87248,1,0,0,0,0,1,0.5,0,0.0,0,0.0,1,0.5,0,0.0,0,0.0,Li,1.504,283.15,"[""EC"",""DMC""]","[0.5,0.5]",1,0.0,1,clustered,weighted_permittivity,0.7,0.7,lowest_q_within_tolerance,0.02,0.16861041746732752,6.209389582532673,5,"0.7,0.75,0.8,0.85,0.9"
11896,10.1149/2.0571912jes,4.451,PF6,EC:0.500+DMC:0.500,0.6931471805599453,46.05,1.245,92.14605,2.491245,1,0,0,0,0,1,0.5,0,0.0,0,0.0,1,0.5,0,0.0,0,0.0,Li,2.001,283.15,"[""EC"",""DMC""]","[0.5,0.5]",1,0.0,1,clustered,weighted_permittivity,0.85,0.85,lowest_q_within_tolerance,0.02,0.2529606722639821,4.1980393277360175,5,"0.7,0.75,0.8,0.85,0.9"
11897,10.1149/2.0571912jes,2.308,PF6,EC:0.500+DMC:0.500,0.6931471805599453,46.05,1.245,138.0579,3.73251,1,0,0,0,0,1,0.5,0,0.0,0,0.0,1,0.5,0,0.0,0,0.0,Li,2.998,283.15,"[""EC"",""DMC""]","[0.5,0.5]",1,0.0,1,clustered,weighted_permittivity,0.9,0.9,lowest_q_within_tolerance,0.02,1.3474614753326222,3.655461475332622,5,"0.7,0.75,0.8,0.85,0.9"
11898,10.1149/2.0571912jes,9.436,PF6,EC:0.500+DMC:0.500,0.6931471805599453,46.05,1.245,23.2092,0.6274799999999999,1,0,0,0,0,1,0.5,0,0.0,0,0.0,1,0.5,0,0.0,0,0.0,Li,0.504,293.15,"[""EC"",""DMC""]","[0.5,0.5]",1,0.0,1,clustered,weighted_permittivity,0.7,0.7,lowest_q_within_tolerance,0.02,1.9161115809581606,7.519888419041839,5,"0.7,0.75,0.8,0.85,0.9"
11899,10.1149/2.0571912jes,10.813,PF6,EC:0.500+DMC:0.500,0.6931471805599453,46.05,1.245,46.28025,1.2512249999999998,1,0,0,0,0,1,0.5,0,0.0,0,0.0,1,0.5,0,0.0,0,0.0,Li,1.005,293.15,"[""EC"",""DMC""]","[0.5,0.5]",1,0.0,1,clustered,weighted_permittivity,0.7,0.7,lowest_q_within_tolerance,0.02,3.2517940481093577,7.561205951890643,5,"0.7,0.75,0.8,0.85,0.9"
11900,10.1149/2.0571912jes,8.507,PF6,EC:0.500+DMC:0.500,0.6931471805599453,46.05,1.245,69.25919999999999,1.87248,1,0,0,0,0,1,0.5,0,0.0,0,0.0,1,0.5,0,0.0,0,0.0,Li,1.504,293.15,"[""EC"",""DMC""]","[0.5,0.5]",1,0.0,1,clustered,weighted_permittivity,0.7,0.7,lowest_q_within_tolerance,0.02,1.0331948819181358,7.473805118081864,5,"0.7,0.75,0.8,0.85,0.9"
11901,10.1149/2.0571912jes,6.441,PF6,EC:0.500+DMC:0.500,0.6931471805599453,46.05,1.245,92.3763,2.4974699999999994,1,0,0,0,0,1,0.5,0,0.0,0,0.0,1,0.5,0,0.0,0,0.0,Li,2.006,293.15,"[""EC"",""DMC""]","[0.5,0.5]",1,0.0,1,clustered,weighted_permittivity,0.8,0.8,lowest_q_within_tolerance,0.02,0.03914315875146723,6.401856841248533,5,"0.7,0.75,0.8,0.85,0.9"
11902,10.1149/2.0571912jes,3.463,PF6,EC:0.500+DMC:0.500,0.6931471805599453,46.05,1.245,138.38025,3.741225,1,0,0,0,0,1,0.5,0,0.0,0,0.0,1,0.5,0,0.0,0,0.0,Li,3.005,293.15,"[""EC"",""DMC""]","[0.5,0.5]",1,0.0,1,clustered,weighted_permittivity,0.9,0.9,lowest_q_within_tolerance,0.02,0.5942484674463646,4.057248467446365,5,"0.7,0.75,0.8,0.85,0.9"
11903,10.1149/2.0571912jes,10.909,PF6,EC:0.500+DMC:0.500,0.6931471805599453,46.05,1.245,23.25525,0.628725,1,0,0,0,0,1,0.5,0,0.0,0,0.0,1,0.5,0,0.0,0,0.0,Li,0.505,303.15,"[""EC"",""DMC""]","[0.5,0.5]",1,0.0,1,clustered,weighted_permittivity,0.7,0.7,lowest_q_within_tolerance,0.02,2.232708906861694,8.676291093138307,5,"0.7,0.75,0.8,0.85,0.9"
11904,10.1149/2.0571912jes,12.942,PF6,EC:0.500+DMC:0.500,0.6931471805599453,46.05,1.245,46.37234999999999,1.2537149999999997,1,0,0,0,0,1,0.5,0,0.0,0,0.0,1,0.5,0,0.0,0,0.0,Li,1.007,303.15,"[""EC"",""DMC""]","[0.5,0.5]",1,0.0,1,clustered,weighted_permittivity,0.7,0.7,lowest_q_within_tolerance,0.02,4.210490778428879,8.731509221571121,5,"0.7,0.75,0.8,0.85,0.9"
11905,10.1149/2.0571912jes,10.896,PF6,EC:0.500+DMC:0.500,0.6931471805599453,46.05,1.245,69.30524999999999,1.873725,1,0,0,0,0,1,0.5,0,0.0,0,0.0,1,0.5,0,0.0,0,0.0,Li,1.505,303.15,"[""EC"",""DMC""]","[0.5,0.5]",1,0.0,1,clustered,weighted_permittivity,0.7,0.7,lowest_q_within_tolerance,0.02,2.1082199957289287,8.787780004271072,5,"0.7,0.75,0.8,0.85,0.9"
11906,10.1149/2.0571912jes,8.511,PF6,EC:0.500+DMC:0.500,0.6931471805599453,46.05,1.245,92.3763,2.4974699999999994,1,0,0,0,0,1,0.5,0,0.0,0,0.0,1,0.5,0,0.0,0,0.0,Li,2.006,303.15,"[""EC"",""DMC""]","[0.5,0.5]",1,0.0,1,clustered,weighted_permittivity,0.7,0.7,lowest_q_within_tolerance,0.02,0.1496104592880858,8.660610459288085,5,"0.7,0.75,0.8,0.85,0.9"
11907,10.1149/2.0571912jes,4.935,PF6,EC:0.500+DMC:0.500,0.6931471805599453,46.05,1.245,138.19605,3.736245,1,0,0,0,0,1,0.5,0,0.0,0,0.0,1,0.5,0,0.0,0,0.0,Li,3.001,303.15,"[""EC"",""DMC""]","[0.5,0.5]",1,0.0,1,clustered,weighted_permittivity,0.9,0.9,lowest_q_within_tolerance,0.02,0.5446951285257295,4.39030487147427,5,"0.7,0.75,0.8,0.85,0.9"
11908,10.1149/2.0571912jes,12.441,PF6,EC:0.500+DMC:0.500,0.6931471805599453,46.05,1.245,23.25525,0.628725,1,0,0,0,0,1,0.5,0,0.0,0,0.0,1,0.5,0,0.0,0,0.0,Li,0.505,313.15,"[""EC"",""DMC""]","[0.5,0.5]",1,0.0,1,clustered,weighted_permittivity,0.7,0.7,lowest_q_within_tolerance,0.02,2.8694170247984694,9.571582975201531,5,"0.7,0.75,0.8,0.85,0.9"
11909,10.1149/2.0571912jes,15.151,PF6,EC:0.500+DMC:0.500,0.6931471805599453,46.05,1.245,46.4184,1.25496,1,0,0,0,0,1,0.5,0,0.0,0,0.0,1,0.5,0,0.0,0,0.0,Li,1.008,313.15,"[""EC"",""DMC""]","[0.5,0.5]",1,0.0,1,clustered,weighted_permittivity,0.7,0.7,lowest_q_within_tolerance,0.02,5.561869067318629,9.589130932681371,5,"0.7,0.75,0.8,0.85,0.9"
11910,10.1149/2.0571912jes,13.184,PF6,EC:0.500+DMC:0.500,0.6931471805599453,46.05,1.245,69.21314999999998,1.871235,1,0,0,0,0,1,0.5,0,0.0,0,0.0,1,0.5,0,0.0,0,0.0,Li,1.503,313.15,"[""EC"",""DMC""]","[0.5,0.5]",1,0.0,1,clustered,weighted_permittivity,0.7,0.7,lowest_q_within_tolerance,0.02,3.633617692798831,9.550382307201168,5,"0.7,0.75,0.8,0.85,0.9"
11911,10.1149/2.0571912jes,10.76,PF6,EC:0.500+DMC:0.500,0.6931471805599453,46.05,1.245,92.19209999999998,2.49249,1,0,0,0,0,1,0.5,0,0.0,0,0.0,1,0.5,0,0.0,0,0.0,Li,2.002,313.15,"[""EC"",""DMC""]","[0.5,0.5]",1,0.0,1,clustered,weighted_permittivity,0.7,0.7,lowest_q_within_tolerance,0.02,1.413368229270878,9.346631770729122,5,"0.7,0.75,0.8,0.85,0.9"
11912,10.1149/2.0571912jes,6.587,PF6,EC:0.500+DMC:0.500,0.6931471805599453,46.05,1.245,138.19605,3.736245,1,0,0,0,0,1,0.5,0,0.0,0,0.0,1,0.5,0,0.0,0,0.0,Li,3.001,313.15,"[""EC"",""DMC""]","[0.5,0.5]",1,0.0,1,clustered,weighted_permittivity,0.85,0.85,lowest_q_within_tolerance,0.02,0.930171604713272,5.656828395286728,5,"0.7,0.75,0.8,0.85,0.9"
11913,10.1149/2.0571912jes,14.172,PF6,EC:0.500+DMC:0.500,0.6931471805599453,46.05,1.245,23.07105,0.623745,1,0,0,0,0,1,0.5,0,0.0,0,0.0,1,0.5,0,0.0,0,0.0,Li,0.501,323.15,"[""EC"",""DMC""]","[0.5,0.5]",1,0.0,1,clustered,weighted_permittivity,0.7,0.7,lowest_q_within_tolerance,0.02,3.6884516697363576,10.483548330263643,5,"0.7,0.75,0.8,0.85,0.9"
11914,10.1149/2.0571912jes,17.36,PF6,EC:0.500+DMC:0.500,0.6931471805599453,46.05,1.245,46.4184,1.25496,1,0,0,0,0,1,0.5,0,0.0,0,0.0,1,0.5,0,0.0,0,0.0,Li,1.008,323.15,"[""EC"",""DMC""]","[0.5,0.5]",1,0.0,1,clustered,weighted_permittivity,0.7,0.7,lowest_q_within_tolerance,0.02,6.886091585275732,10.473908414724267,5,"0.7,0.75,0.8,0.85,0.9"
11915,10.1149/2.0571912jes,15.731,PF6,EC:0.500+DMC:0.500,0.6931471805599453,46.05,1.245,69.12105,1.868745,1,0,0,0,0,1,0.5,0,0.0,0,0.0,1,0.5,0,0.0,0,0.0,Li,1.501,323.15,"[""EC"",""DMC""]","[0.5,0.5]",1,0.0,1,clustered,weighted_permittivity,0.7,0.7,lowest_q_within_tolerance,0.02,5.433443309381163,10.297556690618837,5,"0.7,0.75,0.8,0.85,0.9"
11916,10.1149/2.0571912jes,13.108,PF6,EC:0.500+DMC:0.500,0.6931471805599453,46.05,1.245,92.33025,2.4962249999999995,1,0,0,0,0,1,0.5,0,0.0,0,0.0,1,0.5,0,0.0,0,0.0,Li,2.005,323.15,"[""EC"",""DMC""]","[0.5,0.5]",1,0.0,1,clustered,weighted_permittivity,0.7,0.7,lowest_q_within_tolerance,0.02,3.149878649001714,9.958121350998287,5,"0.7,0.75,0.8,0.85,0.9"
11917,10.1149/2.0571912jes,7.98,PF6,EC:0.500+DMC:0.500,0.6931471805599453,46.05,1.245,138.14999999999998,3.735,1,0,0,0,0,1,0.5,0,0.0,0,0.0,1,0.5,0,0.0,0,0.0,Li,3.0,323.15,"[""EC"",""DMC""]","[0.5,0.5]",1,0.0,1,clustered,weighted_permittivity,0.8,0.8,lowest_q_within_tolerance,0.02,0.2104472687716772,8.190447268771678,5,"0.7,0.75,0.8,0.85,0.9"
12002,10.1149/2.0641503jes,5.095238095,PF6,EC:0.500+DEC:0.500,0.6931471805599453,45.9,1.255,23.0562500085,0.6304050928249999,1,0,0,0,0,1,0.5,0,0.0,0,0.0,0,0.0,1,0.5,0,0.0,Li,0.502314815,283.15,"[""EC"",""DEC""]","[0.5,0.5]",1,0.0,1,clustered,weighted_permittivity,0.7,0.7,lowest_q_within_tolerance,0.02,0.6241300405822079,4.471108054417792,5,"0.7,0.75,0.8,0.85,0.9"
12003,10.1149/2.0641503jes,6.80952381,PF6,EC:0.500+DEC:0.500,0.6931471805599453,45.9,1.255,23.0562500085,0.6304050928249999,1,0,0,0,0,1,0.5,0,0.0,0,0.0,0,0.0,1,0.5,0,0.0,Li,0.502314815,298.15,"[""EC"",""DEC""]","[0.5,0.5]",1,0.0,1,clustered,weighted_permittivity,0.7,0.7,lowest_q_within_tolerance,0.02,1.141103869726285,5.668419940273715,5,"0.7,0.75,0.8,0.85,0.9"
12004,10.1149/2.0641503jes,8.738205467,PF6,EC:0.500+DEC:0.500,0.6931471805599453,45.9,1.255,22.95,0.6275,1,0,0,0,0,1,0.5,0,0.0,0,0.0,0,0.0,1,0.5,0,0.0,Li,0.5,313.15,"[""EC"",""DEC""]","[0.5,0.5]",1,0.0,1,clustered,weighted_permittivity,0.7,0.7,lowest_q_within_tolerance,0.02,2.2848408534968874,6.453364613503113,5,"0.7,0.75,0.8,0.85,0.9"
12005,10.1149/2.0641503jes,5.581018519,PF6,EC:0.500+DEC:0.500,0.6931471805599453,45.9,1.255,36.7625000034,1.00516203713,1,0,0,0,0,1,0.5,0,0.0,0,0.0,0,0.0,1,0.5,0,0.0,Li,0.800925926,283.15,"[""EC"",""DEC""]","[0.5,0.5]",1,0.0,1,clustered,weighted_permittivity,0.7,0.7,lowest_q_within_tolerance,0.02,1.7922207863808044,3.7887977326191953,5,"0.7,0.75,0.8,0.85,0.9"
12006,10.1149/2.0641503jes,7.84292328,PF6,EC:0.500+DEC:0.500,0.6931471805599453,45.9,1.255,36.7625000034,1.00516203713,1,0,0,0,0,1,0.5,0,0.0,0,0.0,0,0.0,1,0.5,0,0.0,Li,0.800925926,298.15,"[""EC"",""DEC""]","[0.5,0.5]",1,0.0,1,clustered,weighted_permittivity,0.7,0.7,lowest_q_within_tolerance,0.02,2.984379272120462,4.858544007879538,5,"0.7,0.75,0.8,0.85,0.9"
12007,10.1149/2.0641503jes,10.31911376,PF6,EC:0.500+DEC:0.500,0.6931471805599453,45.9,1.255,36.7625000034,1.00516203713,1,0,0,0,0,1,0.5,0,0.0,0,0.0,0,0.0,1,0.5,0,0.0,Li,0.800925926,313.15,"[""EC"",""DEC""]","[0.5,0.5]",1,0.0,1,clustered,weighted_permittivity,0.7,0.7,lowest_q_within_tolerance,0.02,4.82557614525358,5.493537614746421,5,"0.7,0.75,0.8,0.85,0.9"
12008,10.1149/2.0641503jes,5.452491182,PF6,EC:0.500+DEC:0.500,0.6931471805599453,45.9,1.255,45.9,1.255,1,0,0,0,0,1,0.5,0,0.0,0,0.0,0,0.0,1,0.5,0,0.0,Li,1.0,283.15,"[""EC"",""DEC""]","[0.5,0.5]",1,0.0,1,clustered,weighted_permittivity,0.7,0.7,lowest_q_within_tolerance,0.02,2.1719865620645566,3.2805046199354435,5,"0.7,0.75,0.8,0.85,0.9"
12009,10.1149/2.0641503jes,7.88106261,PF6,EC:0.500+DEC:0.500,0.6931471805599453,45.9,1.255,45.9,1.255,1,0,0,0,0,1,0.5,0,0.0,0,0.0,0,0.0,1,0.5,0,0.0,Li,1.0,298.15,"[""EC"",""DEC""]","[0.5,0.5]",1,0.0,1,clustered,weighted_permittivity,0.7,0.7,lowest_q_within_tolerance,0.02,3.637476393864972,4.243586216135028,5,"0.7,0.75,0.8,0.85,0.9"
12010,10.1149/2.0641503jes,10.64296737,PF6,EC:0.500+DEC:0.500,0.6931471805599453,45.9,1.255,45.9,1.255,1,0,0,0,0,1,0.5,0,0.0,0,0.0,0,0.0,1,0.5,0,0.0,Li,1.0,313.15,"[""EC"",""DEC""]","[0.5,0.5]",1,0.0,1,clustered,weighted_permittivity,0.7,0.7,lowest_q_within_tolerance,0.02,5.846721577426995,4.796245792573004,5,"0.7,0.75,0.8,0.85,0.9"
12011,10.1149/2.0641503jes,4.919091711,PF6,EC:0.500+DEC:0.500,0.6931471805599453,45.9,1.255,55.1437500051,1.5077430556949998,1,0,0,0,0,1,0.5,0,0.0,0,0.0,0,0.0,1,0.5,0,0.0,Li,1.201388889,283.15,"[""EC"",""DEC""]","[0.5,0.5]",1,0.0,1,clustered,weighted_permittivity,0.7,0.7,lowest_q_within_tolerance,0.02,1.910383218789554,3.008708492210446,5,"0.7,0.75,0.8,0.85,0.9"
12012,10.1149/2.0641503jes,7.490520282,PF6,EC:0.500+DEC:0.500,0.6931471805599453,45.9,1.255,55.1437500051,1.5077430556949998,1,0,0,0,0,1,0.5,0,0.0,0,0.0,0,0.0,1,0.5,0,0.0,Li,1.201388889,298.15,"[""EC"",""DEC""]","[0.5,0.5]",1,0.0,1,clustered,weighted_permittivity,0.7,0.7,lowest_q_within_tolerance,0.02,3.5375823065394854,3.952937975460515,5,"0.7,0.75,0.8,0.85,0.9"
12013,10.1149/2.0641503jes,10.204806,PF6,EC:0.500+DEC:0.500,0.6931471805599453,45.9,1.255,55.1437500051,1.5077430556949998,1,0,0,0,0,1,0.5,0,0.0,0,0.0,0,0.0,1,0.5,0,0.0,Li,1.201388889,313.15,"[""EC"",""DEC""]","[0.5,0.5]",1,0.0,1,clustered,weighted_permittivity,0.7,0.7,lowest_q_within_tolerance,0.02,5.744356220628779,4.460449779371221,5,"0.7,0.75,0.8,0.85,0.9"
12014,10.1149/2.0641503jes,3.785824515,PF6,EC:0.500+DEC:0.500,0.6931471805599453,45.9,1.255,68.85,1.8825,1,0,0,0,0,1,0.5,0,0.0,0,0.0,0,0.0,1,0.5,0,0.0,Li,1.5,283.15,"[""EC"",""DEC""]","[0.5,0.5]",1,0.0,1,clustered,weighted_permittivity,0.7,0.7,lowest_q_within_tolerance,0.02,1.2977702414953467,2.488054273504653,5,"0.7,0.75,0.8,0.85,0.9"
12015,10.1149/2.0641503jes,6.404872134,PF6,EC:0.500+DEC:0.500,0.6931471805599453,45.9,1.255,68.85,1.8825,1,0,0,0,0,1,0.5,0,0.0,0,0.0,0,0.0,1,0.5,0,0.0,Li,1.5,298.15,"[""EC"",""DEC""]","[0.5,0.5]",1,0.0,1,clustered,weighted_permittivity,0.7,0.7,lowest_q_within_tolerance,0.02,2.9910936201685403,3.4137785138314594,5,"0.7,0.75,0.8,0.85,0.9"
12016,10.1149/2.0641503jes,9.095238095,PF6,EC:0.500+DEC:0.500,0.6931471805599453,45.9,1.255,68.9562500085,1.885405092825,1,0,0,0,0,1,0.5,0,0.0,0,0.0,0,0.0,1,0.5,0,0.0,Li,1.502314815,313.15,"[""EC"",""DEC""]","[0.5,0.5]",1,0.0,1,clustered,weighted_permittivity,0.7,0.7,lowest_q_within_tolerance,0.02,5.255171943951591,3.8400661510484078,5,"0.7,0.75,0.8,0.85,0.9"
119,10.1016/j.jpowsour.2011.07.071,8.373333333,TFSI,EC:0.100+DMC:0.900,0.3250829733914482,11.69,0.7210000000000001,11.69,0.7210000000000001,0,0,1,0,0,1,0.1,0,0.0,0,0.0,1,0.9,0,0.0,0,0.0,Li,1.0,298.0,"[""EC"",""DMC""]","[0.1,0.9]",1,0.0,2,clustered,weighted_permittivity,0.7,0.7,lowest_q_within_tolerance,0.02,1.077005081589265,7.296328251410735,5,"0.7,0.75,0.8,0.85,0.9"
129,10.1016/j.jpowsour.2011.07.071,6.993333333,TFSI,DMC:1.000,-0.0,3.1,0.59,3.1,0.59,0,0,1,0,0,0,0.0,0,0.0,0,0.0,1,1.0,0,0.0,0,0.0,Li,1.0,298.0,"[""DMC""]",[1.0],1,0.0,2,clustered,weighted_permittivity,0.75,0.75,lowest_q_within_tolerance,0.02,0.016421869989301285,6.9769114630106985,5,"0.7,0.75,0.8,0.85,0.9"
3786,10.1149/1.1344281,2.579896064,ClO4,DME:1.000,-0.0,7.2,0.39,3.6,0.195,0,1,0,0,0,0,0.0,0,0.0,1,1.0,0,0.0,0,0.0,0,0.0,Li,0.5,342.1636336,"[""DME""]",[1.0],1,0.0,2,clustered,weighted_permittivity,0.8,0.8,lowest_q_within_tolerance,0.02,1.2725736207629885,1.3073224432370116,5,"0.7,0.75,0.8,0.85,0.9"
3787,10.1149/1.1344281,2.62959886,ClO4,DME:1.000,-0.0,7.2,0.39,3.6,0.195,0,1,0,0,0,0,0.0,0,0.0,1,1.0,0,0.0,0,0.0,0,0.0,Li,0.5,338.0551762,"[""DME""]",[1.0],1,0.0,2,clustered,weighted_permittivity,0.8,0.8,lowest_q_within_tolerance,0.02,1.308824477141164,1.3207743828588363,5,"0.7,0.75,0.8,0.85,0.9"
3788,10.1149/1.1344281,2.680259201,ClO4,DME:1.000,-0.0,7.2,0.39,3.6,0.195,0,1,0,0,0,0,0.0,0,0.0,1,1.0,0,0.0,0,0.0,0,0.0,Li,0.5,333.0552761,"[""DME""]",[1.0],1,0.0,2,clustered,weighted_permittivity,0.8,0.8,lowest_q_within_tolerance,0.02,1.349028120194752,1.331231080805248,5,"0.7,0.75,0.8,0.85,0.9"
3789,10.1149/1.1344281,2.714573827,ClO4,DME:1.000,-0.0,7.2,0.39,3.6,0.195,0,1,0,0,0,0,0.0,0,0.0,1,1.0,0,0.0,0,0.0,0,0.0,Li,0.5,328.1997969,"[""DME""]",[1.0],1,0.0,2,clustered,weighted_permittivity,0.8,0.8,lowest_q_within_tolerance,0.02,1.3708226038558418,1.3437512231441584,5,"0.7,0.75,0.8,0.85,0.9"
3790,10.1149/1.1344281,2.749327774,ClO4,DME:1.000,-0.0,7.2,0.39,3.6,0.195,0,1,0,0,0,0,0.0,0,0.0,1,1.0,0,0.0,0,0.0,0,0.0,Li,0.5,323.4838556,"[""DME""]",[1.0],1,0.0,2,clustered,weighted_permittivity,0.8,0.8,lowest_q_within_tolerance,0.02,1.3874079886052872,1.361919785394713,5,"0.7,0.75,0.8,0.85,0.9"
3791,10.1149/1.1344281,2.784526666,ClO4,DME:1.000,-0.0,7.2,0.39,3.6,0.195,0,1,0,0,0,0,0.0,0,0.0,1,1.0,0,0.0,0,0.0,0,0.0,Li,0.5,318.2249727,"[""DME""]",[1.0],1,0.0,2,clustered,weighted_permittivity,0.8,0.8,lowest_q_within_tolerance,0.02,1.3743559712428186,1.4101706947571815,5,"0.7,0.75,0.8,0.85,0.9"
3792,10.1149/1.1344281,2.820176199,ClO4,DME:1.000,-0.0,7.2,0.39,3.6,0.195,0,1,0,0,0,0,0.0,0,0.0,1,1.0,0,0.0,0,0.0,0,0.0,Li,0.5,313.3523897,"[""DME""]",[1.0],1,0.0,2,clustered,weighted_permittivity,0.8,0.8,lowest_q_within_tolerance,0.02,1.3702361283093887,1.4499400706906114,5,"0.7,0.75,0.8,0.85,0.9"
3793,10.1149/1.1344281,2.911309636,ClO4,DME:1.000,-0.0,7.2,0.39,3.6,0.195,0,1,0,0,0,0,0.0,0,0.0,1,1.0,0,0.0,0,0.0,0,0.0,Li,0.5,307.1556519,"[""DME""]",[1.0],1,0.0,2,clustered,weighted_permittivity,0.8,0.8,lowest_q_within_tolerance,0.02,1.4533570569846601,1.4579525790153398,5,"0.7,0.75,0.8,0.85,0.9"
3794,10.1149/1.1344281,2.948582337,ClO4,DME:1.000,-0.0,7.2,0.39,3.6,0.195,0,1,0,0,0,0,0.0,0,0.0,1,1.0,0,0.0,0,0.0,0,0.0,Li,0.5,303.021284,"[""DME""]",[1.0],1,0.0,2,clustered,weighted_permittivity,0.8,0.8,lowest_q_within_tolerance,0.02,1.4838170481645165,1.4647652888354834,5,"0.7,0.75,0.8,0.85,0.9"
3795,10.1149/1.1344281,2.986332231,ClO4,DME:1.000,-0.0,7.2,0.39,3.6,0.195,0,1,0,0,0,0,0.0,0,0.0,1,1.0,0,0.0,0,0.0,0,0.0,Li,0.5,298.0067029,"[""DME""]",[1.0],1,0.0,2,clustered,weighted_permittivity,0.8,0.8,lowest_q_within_tolerance,0.02,1.4774151886518374,1.5089170423481626,5,"0.7,0.75,0.8,0.85,0.9"
3796,10.1149/1.1344281,2.986332231,ClO4,DME:1.000,-0.0,7.2,0.39,3.6,0.195,0,1,0,0,0,0,0.0,0,0.0,1,1.0,0,0.0,0,0.0,0,0.0,Li,0.5,293.344378,"[""DME""]",[1.0],1,0.0,2,clustered,weighted_permittivity,0.75,0.75,lowest_q_within_tolerance,0.02,1.520379788803004,4.511473954732626,5,"0.7,0.75,0.8,0.85,0.9"
3797,10.1149/1.1344281,2.986332231,ClO4,DME:1.000,-0.0,7.2,0.39,3.6,0.195,0,1,0,0,0,0,0.0,0,0.0,1,1.0,0,0.0,0,0.0,0,0.0,Li,0.5,287.5338457,"[""DME""]",[1.0],1,0.0,2,clustered,weighted_permittivity,0.75,0.75,lowest_q_within_tolerance,0.02,1.2580337945982252,4.244366025598225,5,"0.7,0.75,0.8,0.85,0.9"
3798,10.1149/1.1344281,2.911309636,ClO4,DME:1.000,-0.0,7.2,0.39,3.6,0.195,0,1,0,0,0,0,0.0,0,0.0,1,1.0,0,0.0,0,0.0,0,0.0,Li,0.5,282.831159,"[""DME""]",[1.0],1,0.0,2,clustered,weighted_permittivity,0.75,0.75,lowest_q_within_tolerance,0.02,1.211884030777052,4.123193666777052,5,"0.7,0.75,0.8,0.85,0.9"
3799,10.1149/1.1344281,2.802294743,ClO4,DME:1.000,-0.0,7.2,0.39,3.6,0.195,0,1,0,0,0,0,0.0,0,0.0,1,1.0,0,0.0,0,0.0,0,0.0,Li,0.5,277.9341762,"[""DME""]",[1.0],1,0.0,2,clustered,weighted_permittivity,0.75,0.75,lowest_q_within_tolerance,0.02,0.9716989046487399,3.77399364764874,5,"0.7,0.75,0.8,0.85,0.9"
3800,10.1149/1.1344281,2.784526666,ClO4,DME:1.000,-0.0,7.2,0.39,3.6,0.195,0,1,0,0,0,0,0.0,0,0.0,1,1.0,0,0.0,0,0.0,0,0.0,Li,0.5,273.3744374,"[""DME""]",[1.0],1,0.0,2,clustered,weighted_permittivity,0.75,0.75,lowest_q_within_tolerance,0.02,0.6846307738046362,3.4691574398046363,5,"0.7,0.75,0.8,0.85,0.9"
3801,10.1149/1.1344281,2.714573827,ClO4,DME:1.000,-0.0,7.2,0.39,3.6,0.195,0,1,0,0,0,0,0.0,0,0.0,1,1.0,0,0.0,0,0.0,0,0.0,Li,0.5,267.9981574,"[""DME""]",[1.0],1,0.0,2,clustered,weighted_permittivity,0.75,0.75,lowest_q_within_tolerance,0.02,0.4633796680665667,3.177953495066567,5,"0.7,0.75,0.8,0.85,0.9"
3802,10.1149/1.1344281,2.714573827,ClO4,DME:1.000,-0.0,7.2,0.39,3.6,0.195,0,1,0,0,0,0,0.0,0,0.0,1,1.0,0,0.0,0,0.0,0,0.0,Li,0.5,263.1400409,"[""DME""]",[1.0],1,0.0,2,clustered,weighted_permittivity,0.75,0.75,lowest_q_within_tolerance,0.02,0.13455062743253254,2.8491244544325327,5,"0.7,0.75,0.8,0.85,0.9"
3803,10.1149/1.1344281,2.596358393,ClO4,DME:1.000,-0.0,7.2,0.39,3.6,0.195,0,1,0,0,0,0,0.0,0,0.0,1,1.0,0,0.0,0,0.0,0,0.0,Li,0.5,257.41429,"[""DME""]",[1.0],1,0.0,2,clustered,weighted_permittivity,0.75,0.75,lowest_q_within_tolerance,0.02,0.27007224114377903,2.866430634143779,5,"0.7,0.75,0.8,0.85,0.9"
3804,10.1149/1.1344281,2.531132715,ClO4,DME:1.000,-0.0,7.2,0.39,3.6,0.195,0,1,0,0,0,0,0.0,0,0.0,1,1.0,0,0.0,0,0.0,0,0.0,Li,0.5,252.3586002,"[""DME""]",[1.0],1,0.0,2,clustered,weighted_permittivity,0.75,0.75,lowest_q_within_tolerance,0.02,0.31787096184419905,2.849003676844199,5,"0.7,0.75,0.8,0.85,0.9"
3805,10.1149/1.1344281,2.271713669,ClO4,DME:1.000,-0.0,7.2,0.39,3.6,0.195,0,1,0,0,0,0,0.0,0,0.0,1,1.0,0,0.0,0,0.0,0,0.0,Li,0.5,247.7604222,"[""DME""]",[1.0],1,0.0,2,clustered,weighted_permittivity,0.75,0.75,lowest_q_within_tolerance,0.02,0.4533328214371437,2.7250464904371436,5,"0.7,0.75,0.8,0.85,0.9"
3806,10.1149/1.1344281,1.541151395,ClO4,DME:1.000,-0.0,7.2,0.39,3.6,0.195,0,1,0,0,0,0,0.0,0,0.0,1,1.0,0,0.0,0,0.0,0,0.0,Li,0.5,242.7698113,"[""DME""]",[1.0],1,0.0,2,clustered,weighted_permittivity,0.8,0.8,lowest_q_within_tolerance,0.02,0.4300887288150421,1.1110626661849579,5,"0.7,0.75,0.8,0.85,0.9"
3807,10.1149/1.1344281,0.575000879,ClO4,DME:1.000,-0.0,7.2,0.39,3.6,0.195,0,1,0,0,0,0,0.0,0,0.0,1,1.0,0,0.0,0,0.0,0,0.0,Li,0.5,236.6597417,"[""DME""]",[1.0],1,0.0,2,clustered,weighted_permittivity,0.85,0.85,lowest_q_within_tolerance,0.02,0.07041037954862672,0.6484456331573984,5,"0.7,0.75,0.8,0.85,0.9"
3808,10.1149/1.1344281,0.454421178,ClO4,DME:1.000,-0.0,7.2,0.39,3.6,0.195,0,1,0,0,0,0,0.0,0,0.0,1,1.0,0,0.0,0,0.0,0,0.0,Li,0.5,231.2829745,"[""DME""]",[1.0],1,0.0,2,clustered,weighted_permittivity,0.85,0.85,lowest_q_within_tolerance,0.02,0.170249947577428,0.6268962838292031,5,"0.7,0.75,0.8,0.85,0.9"
3809,10.1149/1.1344281,0.363725275,ClO4,DME:1.000,-0.0,7.2,0.39,3.6,0.195,0,1,0,0,0,0,0.0,0,0.0,1,1.0,0,0.0,0,0.0,0,0.0,Li,0.5,226.3738768,"[""DME""]",[1.0],1,0.0,2,clustered,weighted_permittivity,0.85,0.85,lowest_q_within_tolerance,0.02,0.24296342706022162,0.6102960495736954,5,"0.7,0.75,0.8,0.85,0.9"
3810,10.1149/1.1344281,0.308283497,ClO4,DME:1.000,-0.0,7.2,0.39,3.6,0.195,0,1,0,0,0,0,0.0,0,0.0,1,1.0,0,0.0,0,0.0,0,0.0,Li,0.5,221.8928866,"[""DME""]",[1.0],1,0.0,2,clustered,weighted_permittivity,0.85,0.85,lowest_q_within_tolerance,0.02,0.27342693149159647,0.5849486613394732,5,"0.7,0.75,0.8,0.85,0.9"
3811,10.1149/1.1344281,0.262959886,ClO4,DME:1.000,-0.0,7.2,0.39,3.6,0.195,0,1,0,0,0,0,0.0,0,0.0,1,1.0,0,0.0,0,0.0,0,0.0,Li,0.5,217.271265,"[""DME""]",[1.0],1,0.0,2,clustered,weighted_permittivity,0.85,0.85,lowest_q_within_tolerance,0.02,0.2827485527526824,0.5478316212328153,5,"0.7,0.75,0.8,0.85,0.9"
3812,10.1149/1.1344281,0.220060166,ClO4,DME:1.000,-0.0,7.2,0.39,3.6,0.195,0,1,0,0,0,0,0.0,0,0.0,1,1.0,0,0.0,0,0.0,0,0.0,Li,0.5,212.2342837,"[""DME""]",[1.0],1,0.0,2,clustered,weighted_permittivity,0.85,0.85,lowest_q_within_tolerance,0.02,0.3058547475782789,0.5280109077059278,5,"0.7,0.75,0.8,0.85,0.9"
3813,10.1149/1.1344281,10.25769363,TFSI,DME:1.000,-0.0,7.2,0.39,3.6,0.195,0,0,1,0,0,0,0.0,0,0.0,1,1.0,0,0.0,0,0.0,0,0.0,Li,0.5,338.3557034,"[""DME""]",[1.0],1,0.0,2,clustered,weighted_permittivity,0.7,0.7,lowest_q_within_tolerance,0.02,1.478560751988761,8.77913287801124,5,"0.7,0.75,0.8,0.85,0.9"
3814,10.1149/1.1344281,10.25769363,TFSI,DME:1.000,-0.0,7.2,0.39,3.6,0.195,0,0,1,0,0,0,0.0,0,0.0,1,1.0,0,0.0,0,0.0,0,0.0,Li,0.5,333.0961378,"[""DME""]",[1.0],1,0.0,2,clustered,weighted_permittivity,0.7,0.7,lowest_q_within_tolerance,0.02,1.7180731467835884,8.539620483216412,5,"0.7,0.75,0.8,0.85,0.9"
3815,10.1149/1.1344281,10.25769363,TFSI,DME:1.000,-0.0,7.2,0.39,3.6,0.195,0,0,1,0,0,0,0.0,0,0.0,1,1.0,0,0.0,0,0.0,0,0.0,Li,0.5,328.2368302,"[""DME""]",[1.0],1,0.0,2,clustered,weighted_permittivity,0.7,0.7,lowest_q_within_tolerance,0.02,1.915701639625098,8.341991990374902,5,"0.7,0.75,0.8,0.85,0.9"
3816,10.1149/1.1344281,10.32314802,TFSI,DME:1.000,-0.0,7.2,0.39,3.6,0.195,0,0,1,0,0,0,0.0,0,0.0,1,1.0,0,0.0,0,0.0,0,0.0,Li,0.5,322.8222872,"[""DME""]",[1.0],1,0.0,2,clustered,weighted_permittivity,0.7,0.7,lowest_q_within_tolerance,0.02,2.1690747556975296,8.15407326430247,5,"0.7,0.75,0.8,0.85,0.9"
3817,10.1149/1.1344281,10.32314802,TFSI,DME:1.000,-0.0,7.2,0.39,3.6,0.195,0,0,1,0,0,0,0.0,0,0.0,1,1.0,0,0.0,0,0.0,0,0.0,Li,0.5,317.8065302,"[""DME""]",[1.0],1,0.0,2,clustered,weighted_permittivity,0.7,0.7,lowest_q_within_tolerance,0.02,2.242727324403411,8.080420695596588,5,"0.7,0.75,0.8,0.85,0.9"
3818,10.1149/1.1344281,10.0,TFSI,DME:1.000,-0.0,7.2,0.39,3.6,0.195,0,0,1,0,0,0,0.0,0,0.0,1,1.0,0,0.0,0,0.0,0,0.0,Li,0.5,313.3740906,"[""DME""]",[1.0],1,0.0,2,clustered,weighted_permittivity,0.7,0.7,lowest_q_within_tolerance,0.02,1.9769363975310235,8.023063602468977,5,"0.7,0.75,0.8,0.85,0.9"
3819,10.1149/1.1344281,10.0,TFSI,DME:1.000,-0.0,7.2,0.39,3.6,0.195,0,0,1,0,0,0,0.0,0,0.0,1,1.0,0,0.0,0,0.0,0,0.0,Li,0.5,308.4339357,"[""DME""]",[1.0],1,0.0,2,clustered,weighted_permittivity,0.7,0.7,lowest_q_within_tolerance,0.02,2.0478198595254042,7.952180140474596,5,"0.7,0.75,0.8,0.85,0.9"
3820,10.1149/1.1344281,9.873591112,TFSI,DME:1.000,-0.0,7.2,0.39,3.6,0.195,0,0,1,0,0,0,0.0,0,0.0,1,1.0,0,0.0,0,0.0,0,0.0,Li,0.5,303.2356303,"[""DME""]",[1.0],1,0.0,2,clustered,weighted_permittivity,0.7,0.7,lowest_q_within_tolerance,0.02,1.9513957343482202,7.9221953776517795,5,"0.7,0.75,0.8,0.85,0.9"
3821,10.1149/1.1344281,9.748780144,TFSI,DME:1.000,-0.0,7.2,0.39,3.6,0.195,0,0,1,0,0,0,0.0,0,0.0,1,1.0,0,0.0,0,0.0,0,0.0,Li,0.5,297.4212537,"[""DME""]",[1.0],1,0.0,2,clustered,weighted_permittivity,0.7,0.7,lowest_q_within_tolerance,0.02,1.9519276111530228,7.796852532846977,5,"0.7,0.75,0.8,0.85,0.9"
3822,10.1149/1.1344281,9.4436117,TFSI,DME:1.000,-0.0,7.2,0.39,3.6,0.195,0,0,1,0,0,0,0.0,0,0.0,1,1.0,0,0.0,0,0.0,0,0.0,Li,0.5,292.5814702,"[""DME""]",[1.0],1,0.0,2,clustered,weighted_permittivity,0.7,0.7,lowest_q_within_tolerance,0.02,2.235092986130189,7.208518713869811,5,"0.7,0.75,0.8,0.85,0.9"
3823,10.1149/1.1344281,9.147996017,TFSI,DME:1.000,-0.0,7.2,0.39,3.6,0.195,0,0,1,0,0,0,0.0,0,0.0,1,1.0,0,0.0,0,0.0,0,0.0,Li,0.5,287.5287705,"[""DME""]",[1.0],1,0.0,2,clustered,weighted_permittivity,0.7,0.7,lowest_q_within_tolerance,0.02,2.335396394264971,6.812599622735029,5,"0.7,0.75,0.8,0.85,0.9"
3824,10.1149/1.1344281,8.749615134,TFSI,DME:1.000,-0.0,7.2,0.39,3.6,0.195,0,0,1,0,0,0,0.0,0,0.0,1,1.0,0,0.0,0,0.0,0,0.0,Li,0.5,282.2910457,"[""DME""]",[1.0],1,0.0,2,clustered,weighted_permittivity,0.7,0.7,lowest_q_within_tolerance,0.02,2.1560365415041565,6.593578592495844,5,"0.7,0.75,0.8,0.85,0.9"
3825,10.1149/1.1344281,8.421983081,TFSI,DME:1.000,-0.0,7.2,0.39,3.6,0.195,0,0,1,0,0,0,0.0,0,0.0,1,1.0,0,0.0,0,0.0,0,0.0,Li,0.5,277.7550436,"[""DME""]",[1.0],1,0.0,2,clustered,weighted_permittivity,0.7,0.7,lowest_q_within_tolerance,0.02,2.3931041830727064,6.028878897927294,5,"0.7,0.75,0.8,0.85,0.9"
3826,10.1149/1.1344281,8.106619313,TFSI,DME:1.000,-0.0,7.2,0.39,3.6,0.195,0,0,1,0,0,0,0.0,0,0.0,1,1.0,0,0.0,0,0.0,0,0.0,Li,0.5,272.5347235,"[""DME""]",[1.0],1,0.0,2,clustered,weighted_permittivity,0.7,0.7,lowest_q_within_tolerance,0.02,2.666069200491327,5.440550112508673,5,"0.7,0.75,0.8,0.85,0.9"
3827,10.1149/1.1344281,7.558803207,TFSI,DME:1.000,-0.0,7.2,0.39,3.6,0.195,0,0,1,0,0,0,0.0,0,0.0,1,1.0,0,0.0,0,0.0,0,0.0,Li,0.5,267.3436967,"[""DME""]",[1.0],1,0.0,2,clustered,weighted_permittivity,0.7,0.7,lowest_q_within_tolerance,0.02,2.579391077086413,4.979412129913587,5,"0.7,0.75,0.8,0.85,0.9"
3828,10.1149/1.1344281,7.13824024,TFSI,DME:1.000,-0.0,7.2,0.39,3.6,0.195,0,0,1,0,0,0,0.0,0,0.0,1,1.0,0,0.0,0,0.0,0,0.0,Li,0.5,262.5014503,"[""DME""]",[1.0],1,0.0,2,clustered,weighted_permittivity,0.7,0.7,lowest_q_within_tolerance,0.02,2.660186797849751,4.478053442150249,5,"0.7,0.75,0.8,0.85,0.9"
3829,10.1149/1.1344281,6.741076905,TFSI,DME:1.000,-0.0,7.2,0.39,3.6,0.195,0,0,1,0,0,0,0.0,0,0.0,1,1.0,0,0.0,0,0.0,0,0.0,Li,0.5,258.1272857,"[""DME""]",[1.0],1,0.0,2,clustered,weighted_permittivity,0.7,0.7,lowest_q_within_tolerance,0.02,2.2515608214335296,4.48951608356647,5,"0.7,0.75,0.8,0.85,0.9"
3830,10.1149/1.1344281,6.285539232,TFSI,DME:1.000,-0.0,7.2,0.39,3.6,0.195,0,0,1,0,0,0,0.0,0,0.0,1,1.0,0,0.0,0,0.0,0,0.0,Li,0.5,252.8961185,"[""DME""]",[1.0],1,0.0,2,clustered,weighted_permittivity,0.7,0.7,lowest_q_within_tolerance,0.02,1.8090656545691957,4.476473577430804,5,"0.7,0.75,0.8,0.85,0.9"
3831,10.1149/1.1344281,5.713550593,TFSI,DME:1.000,-0.0,7.2,0.39,3.6,0.195,0,0,1,0,0,0,0.0,0,0.0,1,1.0,0,0.0,0,0.0,0,0.0,Li,0.5,247.0532567,"[""DME""]",[1.0],1,0.0,2,clustered,weighted_permittivity,0.7,0.7,lowest_q_within_tolerance,0.02,1.4769840899392515,4.2365665030607484,5,"0.7,0.75,0.8,0.85,0.9"
3832,10.1149/1.1344281,4.904646766,TFSI,DME:1.000,-0.0,7.2,0.39,3.6,0.195,0,0,1,0,0,0,0.0,0,0.0,1,1.0,0,0.0,0,0.0,0,0.0,Li,0.5,241.4678399,"[""DME""]",[1.0],1,0.0,2,clustered,weighted_permittivity,0.7,0.7,lowest_q_within_tolerance,0.02,0.7764247592280302,4.12822200677197,5,"0.7,0.75,0.8,0.85,0.9"
3833,10.1149/1.1344281,4.130685208,TFSI,DME:1.000,-0.0,7.2,0.39,3.6,0.195,0,0,1,0,0,0,0.0,0,0.0,1,1.0,0,0.0,0,0.0,0,0.0,Li,0.5,235.0174568,"[""DME""]",[1.0],1,0.0,2,clustered,weighted_permittivity,0.7,0.7,lowest_q_within_tolerance,0.02,0.26876452783301197,3.861920680166988,5,"0.7,0.75,0.8,0.85,0.9"
3834,10.1149/1.1344281,3.456798248,TFSI,DME:1.000,-0.0,7.2,0.39,3.6,0.195,0,0,1,0,0,0,0.0,0,0.0,1,1.0,0,0.0,0,0.0,0,0.0,Li,0.5,227.9743728,"[""DME""]",[1.0],1,0.0,2,clustered,weighted_permittivity,0.7,0.7,lowest_q_within_tolerance,0.02,0.1884680534719254,3.6452663014719255,5,"0.7,0.75,0.8,0.85,0.9"
3835,10.1149/1.1344281,3.005388031,TFSI,DME:1.000,-0.0,7.2,0.39,3.6,0.195,0,0,1,0,0,0,0.0,0,0.0,1,1.0,0,0.0,0,0.0,0,0.0,Li,0.5,221.9999346,"[""DME""]",[1.0],1,0.0,2,clustered,weighted_permittivity,0.75,0.75,lowest_q_within_tolerance,0.02,0.01615410092918168,3.0215421319291815,5,"0.7,0.75,0.8,0.85,0.9"
3836,10.1149/1.1344281,2.62959886,TFSI,DME:1.000,-0.0,7.2,0.39,3.6,0.195,0,0,1,0,0,0,0.0,0,0.0,1,1.0,0,0.0,0,0.0,0,0.0,Li,0.5,217.3762197,"[""DME""]",[1.0],1,0.0,2,clustered,weighted_permittivity,0.75,0.75,lowest_q_within_tolerance,0.02,0.2035126134462688,2.833111473446269,5,"0.7,0.75,0.8,0.85,0.9"
3837,10.1149/1.1344281,2.420905854,TFSI,DME:1.000,-0.0,7.2,0.39,3.6,0.195,0,0,1,0,0,0,0.0,0,0.0,1,1.0,0,0.0,0,0.0,0,0.0,Li,0.5,214.3657983,"[""DME""]",[1.0],1,0.0,2,clustered,weighted_permittivity,0.75,0.75,lowest_q_within_tolerance,0.02,0.30593079315360683,2.7268366471536067,5,"0.7,0.75,0.8,0.85,0.9"
3838,10.1149/1.1344281,2.271713669,TFSI,DME:1.000,-0.0,7.2,0.39,3.6,0.195,0,0,1,0,0,0,0.0,0,0.0,1,1.0,0,0.0,0,0.0,0,0.0,Li,0.5,211.8374067,"[""DME""]",[1.0],1,0.0,2,clustered,weighted_permittivity,0.8,0.8,lowest_q_within_tolerance,0.02,0.3036607244702223,1.9680529445297776,5,"0.7,0.75,0.8,0.85,0.9"
126,10.1016/j.jpowsour.2011.07.071,8.886666667,TFSI,EC:0.700+DMC:0.300,0.6108643020548935,63.23,1.507,63.23,1.507,0,0,1,0,0,1,0.7,0,0.0,0,0.0,1,0.3,0,0.0,0,0.0,Li,1.0,298.0,"[""EC"",""DMC""]","[0.7,0.3]",1,0.0,3,clustered,weighted_permittivity,0.7,0.7,lowest_q_within_tolerance,0.02,1.434303835082095,7.452362831917905,5,"0.7,0.75,0.8,0.85,0.9"
3593,10.1149/1.1344281,16.88831057,TFSI,PC:1.000,-0.0,64.9,2.53,64.9,2.53,0,0,1,0,0,0,0.0,1,1.0,0,0.0,0,0.0,0,0.0,0,0.0,Li,1.0,375.3490984,"[""PC""]",[1.0],1,0.0,3,clustered,weighted_permittivity,0.8,0.8,lowest_q_within_tolerance,0.02,0.7381771234274979,16.150133446572504,5,"0.7,0.75,0.8,0.85,0.9"
3594,10.1149/1.1344281,15.5992403,TFSI,PC:1.000,-0.0,64.9,2.53,64.9,2.53,0,0,1,0,0,0,0.0,1,1.0,0,0.0,0,0.0,0,0.0,0,0.0,Li,1.0,370.2464953,"[""PC""]",[1.0],1,0.0,3,clustered,weighted_permittivity,0.7,0.7,lowest_q_within_tolerance,0.02,0.25598787320019945,15.8552281732002,5,"0.7,0.75,0.8,0.85,0.9"
3595,10.1149/1.1344281,15.11159636,TFSI,PC:1.000,-0.0,64.9,2.53,64.9,2.53,0,0,1,0,0,0,0.0,1,1.0,0,0.0,0,0.0,0,0.0,0,0.0,Li,1.0,365.2885407,"[""PC""]",[1.0],1,0.0,3,clustered,weighted_permittivity,0.85,0.85,lowest_q_within_tolerance,0.02,0.08728839154320056,15.0243079684568,5,"0.7,0.75,0.8,0.85,0.9"
3596,10.1149/1.1344281,14.18156428,TFSI,PC:1.000,-0.0,64.9,2.53,64.9,2.53,0,0,1,0,0,0,0.0,1,1.0,0,0.0,0,0.0,0,0.0,0,0.0,Li,1.0,360.0909409,"[""PC""]",[1.0],1,0.0,3,clustered,weighted_permittivity,0.85,0.85,lowest_q_within_tolerance,0.02,0.7474445466428943,14.929008826642894,5,"0.7,0.75,0.8,0.85,0.9"
3597,10.1149/1.1344281,13.73823796,TFSI,PC:1.000,-0.0,64.9,2.53,64.9,2.53,0,0,1,0,0,0,0.0,1,1.0,0,0.0,0,0.0,0,0.0,0,0.0,Li,1.0,355.7556741,"[""PC""]",[1.0],1,0.0,3,clustered,weighted_permittivity,0.85,0.85,lowest_q_within_tolerance,0.02,1.2475781542394113,14.98581611423941,5,"0.7,0.75,0.8,0.85,0.9"
3598,10.1149/1.1344281,12.89272821,TFSI,PC:1.000,-0.0,64.9,2.53,64.9,2.53,0,0,1,0,0,0,0.0,1,1.0,0,0.0,0,0.0,0,0.0,0,0.0,Li,1.0,349.786968,"[""PC""]",[1.0],1,0.0,3,clustered,weighted_permittivity,0.9,0.9,lowest_q_within_tolerance,0.02,0.05238236964800613,12.945110579648006,5,"0.7,0.75,0.8,0.85,0.9"
3599,10.1149/1.1344281,11.90863732,TFSI,PC:1.000,-0.0,64.9,2.53,64.9,2.53,0,0,1,0,0,0,0.0,1,1.0,0,0.0,0,0.0,0,0.0,0,0.0,Li,1.0,345.6878836,"[""PC""]",[1.0],1,0.0,3,clustered,weighted_permittivity,0.75,0.75,lowest_q_within_tolerance,0.02,0.013676794388761238,11.922314114388762,5,"0.7,0.75,0.8,0.85,0.9"
3600,10.1149/1.1344281,10.99966124,TFSI,PC:1.000,-0.0,64.9,2.53,64.9,2.53,0,0,1,0,0,0,0.0,1,1.0,0,0.0,0,0.0,0,0.0,0,0.0,Li,1.0,340.3733362,"[""PC""]",[1.0],1,0.0,3,clustered,weighted_permittivity,0.7,0.7,lowest_q_within_tolerance,0.02,0.08473880415634838,10.914922435843652,5,"0.7,0.75,0.8,0.85,0.9"
3601,10.1149/1.1344281,10.48792698,TFSI,PC:1.000,-0.0,64.9,2.53,64.9,2.53,0,0,1,0,0,0,0.0,1,1.0,0,0.0,0,0.0,0,0.0,0,0.0,Li,1.0,335.5409396,"[""PC""]",[1.0],1,0.0,3,clustered,weighted_permittivity,0.7,0.7,lowest_q_within_tolerance,0.02,0.07398008685724022,10.56190706685724,5,"0.7,0.75,0.8,0.85,0.9"
3602,10.1149/1.1344281,9.842455236,TFSI,PC:1.000,-0.0,64.9,2.53,64.9,2.53,0,0,1,0,0,0,0.0,1,1.0,0,0.0,0,0.0,0,0.0,0,0.0,Li,1.0,331.1503252,"[""PC""]",[1.0],1,0.0,3,clustered,weighted_permittivity,0.75,0.75,lowest_q_within_tolerance,0.02,0.018948506609991256,9.823506729390008,5,"0.7,0.75,0.8,0.85,0.9"
3603,10.1149/1.1344281,8.947962141,TFSI,PC:1.000,-0.0,64.9,2.53,64.9,2.53,0,0,1,0,0,0,0.0,1,1.0,0,0.0,0,0.0,0,0.0,0,0.0,Li,1.0,325.6695285,"[""PC""]",[1.0],1,0.0,3,clustered,weighted_permittivity,0.8,0.8,lowest_q_within_tolerance,0.02,0.11332438815686352,8.834637752843136,5,"0.7,0.75,0.8,0.85,0.9"
3604,10.1149/1.1344281,8.397266396,TFSI,PC:1.000,-0.0,64.9,2.53,64.9,2.53,0,0,1,0,0,0,0.0,1,1.0,0,0.0,0,0.0,0,0.0,0,0.0,Li,1.0,321.2409042,"[""PC""]",[1.0],1,0.0,3,clustered,weighted_permittivity,0.8,0.8,lowest_q_within_tolerance,0.02,0.22297068425065092,8.62023708025065,5,"0.7,0.75,0.8,0.85,0.9"
3605,10.1149/1.1344281,7.395465531,TFSI,PC:1.000,-0.0,64.9,2.53,64.9,2.53,0,0,1,0,0,0,0.0,1,1.0,0,0.0,0,0.0,0,0.0,0,0.0,Li,1.0,316.0767795,"[""PC""]",[1.0],1,0.0,3,clustered,weighted_permittivity,0.9,0.9,lowest_q_within_tolerance,0.02,0.06284842645653743,7.332617104543463,5,"0.7,0.75,0.8,0.85,0.9"
3606,10.1149/1.1344281,6.830975986,TFSI,PC:1.000,-0.0,64.9,2.53,64.9,2.53,0,0,1,0,0,0,0.0,1,1.0,0,0.0,0,0.0,0,0.0,0,0.0,Li,1.0,310.8093421,"[""PC""]",[1.0],1,0.0,3,clustered,weighted_permittivity,0.9,0.9,lowest_q_within_tolerance,0.02,0.2515092822241147,7.082485268224115,5,"0.7,0.75,0.8,0.85,0.9"
3607,10.1149/1.1344281,6.112331451,TFSI,PC:1.000,-0.0,64.9,2.53,64.9,2.53,0,0,1,0,0,0,0.0,1,1.0,0,0.0,0,0.0,0,0.0,0,0.0,Li,1.0,305.9744521,"[""PC""]",[1.0],1,0.0,3,clustered,weighted_permittivity,0.9,0.9,lowest_q_within_tolerance,0.02,0.8462699567809562,6.958601407780956,5,"0.7,0.75,0.8,0.85,0.9"
3608,10.1149/1.1344281,5.469291042,TFSI,PC:1.000,-0.0,64.9,2.53,64.9,2.53,0,0,1,0,0,0,0.0,1,1.0,0,0.0,0,0.0,0,0.0,0,0.0,Li,1.0,301.5435986,"[""PC""]",[1.0],1,0.0,3,clustered,weighted_permittivity,0.9,0.9,lowest_q_within_tolerance,0.02,1.3580249128781388,6.827315954878139,5,"0.7,0.75,0.8,0.85,0.9"
3609,10.1149/1.1344281,4.893900918,TFSI,PC:1.000,-0.0,64.9,2.53,64.9,2.53,0,0,1,0,0,0,0.0,1,1.0,0,0.0,0,0.0,0,0.0,0,0.0,Li,1.0,296.9905725,"[""PC""]",[1.0],1,0.0,3,clustered,weighted_permittivity,0.9,0.9,lowest_q_within_tolerance,0.02,1.665384751961657,6.559285669961657,5,"0.7,0.75,0.8,0.85,0.9"
3610,10.1149/1.1344281,4.175318937,TFSI,PC:1.000,-0.0,64.9,2.53,64.9,2.53,0,0,1,0,0,0,0.0,1,1.0,0,0.0,0,0.0,0,0.0,0,0.0,Li,1.0,292.0865677,"[""PC""]",[1.0],1,0.0,3,clustered,weighted_permittivity,0.9,0.9,lowest_q_within_tolerance,0.02,1.8448507174926103,6.02016965449261,5,"0.7,0.75,0.8,0.85,0.9"
3611,10.1149/1.1344281,3.677199915,TFSI,PC:1.000,-0.0,64.9,2.53,64.9,2.53,0,0,1,0,0,0,0.0,1,1.0,0,0.0,0,0.0,0,0.0,0,0.0,Li,1.0,286.6490324,"[""PC""]",[1.0],1,0.0,3,clustered,weighted_permittivity,0.9,0.9,lowest_q_within_tolerance,0.02,1.9321543243550519,5.609354239355052,5,"0.7,0.75,0.8,0.85,0.9"
3612,10.1149/1.1344281,3.087842728,TFSI,PC:1.000,-0.0,64.9,2.53,64.9,2.53,0,0,1,0,0,0,0.0,1,1.0,0,0.0,0,0.0,0,0.0,0,0.0,Li,1.0,281.6288791,"[""PC""]",[1.0],1,0.0,3,clustered,weighted_permittivity,0.9,0.9,lowest_q_within_tolerance,0.02,2.26153354738698,5.34937627538698,5,"0.7,0.75,0.8,0.85,0.9"
3613,10.1149/1.1344281,2.634448149,TFSI,PC:1.000,-0.0,64.9,2.53,64.9,2.53,0,0,1,0,0,0,0.0,1,1.0,0,0.0,0,0.0,0,0.0,0,0.0,Li,1.0,276.5673943,"[""PC""]",[1.0],1,0.0,3,clustered,weighted_permittivity,0.9,0.9,lowest_q_within_tolerance,0.02,2.2392058857722406,4.87365403477224,5,"0.7,0.75,0.8,0.85,0.9"
3614,10.1149/1.1344281,2.109297952,TFSI,PC:1.000,-0.0,64.9,2.53,64.9,2.53,0,0,1,0,0,0,0.0,1,1.0,0,0.0,0,0.0,0,0.0,0,0.0,Li,1.0,271.8869669,"[""PC""]",[1.0],1,0.0,3,clustered,weighted_permittivity,0.9,0.9,lowest_q_within_tolerance,0.02,2.2950348243391834,4.404332776339183,5,"0.7,0.75,0.8,0.85,0.9"
3615,10.1149/1.1344281,1.715863589,TFSI,PC:1.000,-0.0,64.9,2.53,64.9,2.53,0,0,1,0,0,0,0.0,1,1.0,0,0.0,0,0.0,0,0.0,0,0.0,Li,1.0,267.1624981,"[""PC""]",[1.0],1,0.0,3,clustered,weighted_permittivity,0.9,0.9,lowest_q_within_tolerance,0.02,2.293969517979915,4.009833106979915,5,"0.7,0.75,0.8,0.85,0.9"
3616,10.1149/1.1344281,1.395814116,TFSI,PC:1.000,-0.0,64.9,2.53,64.9,2.53,0,0,1,0,0,0,0.0,1,1.0,0,0.0,0,0.0,0,0.0,0,0.0,Li,1.0,262.0179582,"[""PC""]",[1.0],1,0.0,3,clustered,weighted_permittivity,0.9,0.9,lowest_q_within_tolerance,0.02,2.2488469980934425,3.6446611140934424,5,"0.7,0.75,0.8,0.85,0.9"
3617,10.1149/1.1344281,1.016006653,TFSI,PC:1.000,-0.0,64.9,2.53,64.9,2.53,0,0,1,0,0,0,0.0,1,1.0,0,0.0,0,0.0,0,0.0,0,0.0,Li,1.0,256.501612,"[""PC""]",[1.0],1,0.0,3,clustered,weighted_permittivity,0.9,0.9,lowest_q_within_tolerance,0.02,2.610720800423291,3.6267274534232907,5,"0.7,0.75,0.8,0.85,0.9"
3618,10.1149/1.1344281,0.763411364,TFSI,PC:1.000,-0.0,64.9,2.53,64.9,2.53,0,0,1,0,0,0,0.0,1,1.0,0,0.0,0,0.0,0,0.0,0,0.0,Li,1.0,252.1072196,"[""PC""]",[1.0],1,0.0,3,clustered,weighted_permittivity,0.9,0.9,lowest_q_within_tolerance,0.02,2.8097324577667964,3.5731438217667963,5,"0.7,0.75,0.8,0.85,0.9"
3619,10.1149/1.1344281,0.538312523,TFSI,PC:1.000,-0.0,64.9,2.53,64.9,2.53,0,0,1,0,0,0,0.0,1,1.0,0,0.0,0,0.0,0,0.0,0,0.0,Li,1.0,247.165816,"[""PC""]",[1.0],1,0.0,3,clustered,weighted_permittivity,0.9,0.9,lowest_q_within_tolerance,0.02,2.855419405256216,3.393731928256216,5,"0.7,0.75,0.8,0.85,0.9"
3620,10.1149/1.1344281,0.367719991,TFSI,PC:1.000,-0.0,64.9,2.53,64.9,2.53,0,0,1,0,0,0,0.0,1,1.0,0,0.0,0,0.0,0,0.0,0,0.0,Li,1.0,242.0815012,"[""PC""]",[1.0],1,0.0,3,clustered,weighted_permittivity,0.9,0.9,lowest_q_within_tolerance,0.02,2.9814846592959356,3.3492046502959356,5,"0.7,0.75,0.8,0.85,0.9"
3621,10.1149/1.1344281,0.243336298,TFSI,PC:1.000,-0.0,64.9,2.53,64.9,2.53,0,0,1,0,0,0,0.0,1,1.0,0,0.0,0,0.0,0,0.0,0,0.0,Li,1.0,237.6763815,"[""PC""]",[1.0],1,0.0,3,clustered,weighted_permittivity,0.9,0.9,lowest_q_within_tolerance,0.02,2.9794642937533613,3.2228005917533613,5,"0.7,0.75,0.8,0.85,0.9"
3622,10.1149/1.1344281,0.146391965,TFSI,PC:1.000,-0.0,64.9,2.53,64.9,2.53,0,0,1,0,0,0,0.0,1,1.0,0,0.0,0,0.0,0,0.0,0,0.0,Li,1.0,232.6574704,"[""PC""]",[1.0],1,0.0,3,clustered,weighted_permittivity,0.9,0.9,lowest_q_within_tolerance,0.02,2.928471635353488,3.074863600353488,5,"0.7,0.75,0.8,0.85,0.9"
3623,10.1149/1.1344281,0.078804628,TFSI,PC:1.000,-0.0,64.9,2.53,64.9,2.53,0,0,1,0,0,0,0.0,1,1.0,0,0.0,0,0.0,0,0.0,0,0.0,Li,1.0,227.8390808,"[""PC""]",[1.0],1,0.0,3,clustered,weighted_permittivity,0.9,0.9,lowest_q_within_tolerance,0.02,2.8401827367528507,2.9189873647528506,5,"0.7,0.75,0.8,0.85,0.9"
3624,10.1149/1.1344281,0.038566204,TFSI,PC:1.000,-0.0,64.9,2.53,64.9,2.53,0,0,1,0,0,0,0.0,1,1.0,0,0.0,0,0.0,0,0.0,0,0.0,Li,1.0,222.0932641,"[""PC""]",[1.0],1,0.0,3,clustered,weighted_permittivity,0.9,0.9,lowest_q_within_tolerance,0.02,2.705013660996001,2.743579864996001,5,"0.7,0.75,0.8,0.85,0.9"
3625,10.1149/1.1344281,0.018873918,TFSI,PC:1.000,-0.0,64.9,2.53,64.9,2.53,0,0,1,0,0,0,0.0,1,1.0,0,0.0,0,0.0,0,0.0,0,0.0,Li,1.0,217.6928575,"[""PC""]",[1.0],1,0.0,3,clustered,weighted_permittivity,0.9,0.9,lowest_q_within_tolerance,0.02,2.5451476509255957,2.564021568925596,5,"0.7,0.75,0.8,0.85,0.9"
3724,10.1149/1.1344281,15.11159636,ClO4,PC:1.000,-0.0,64.9,2.53,64.9,2.53,0,1,0,0,0,0,0.0,1,1.0,0,0.0,0,0.0,0,0.0,0,0.0,Li,1.0,393.6420782,"[""PC""]",[1.0],1,0.0,3,clustered,weighted_permittivity,0.7,0.7,lowest_q_within_tolerance,0.02,7.209033328767256,7.902563031232744,5,"0.7,0.75,0.8,0.85,0.9"
3725,10.1149/1.1344281,14.63919654,ClO4,PC:1.000,-0.0,64.9,2.53,64.9,2.53,0,1,0,0,0,0,0.0,1,1.0,0,0.0,0,0.0,0,0.0,0,0.0,Li,1.0,388.4671114,"[""PC""]",[1.0],1,0.0,3,clustered,weighted_permittivity,0.7,0.7,lowest_q_within_tolerance,0.02,6.736633508767256,7.902563031232744,5,"0.7,0.75,0.8,0.85,0.9"
3726,10.1149/1.1344281,14.18156428,ClO4,PC:1.000,-0.0,64.9,2.53,64.9,2.53,0,1,0,0,0,0,0.0,1,1.0,0,0.0,0,0.0,0,0.0,0,0.0,Li,1.0,384.2564945,"[""PC""]",[1.0],1,0.0,3,clustered,weighted_permittivity,0.7,0.7,lowest_q_within_tolerance,0.02,6.279001248767256,7.902563031232744,5,"0.7,0.75,0.8,0.85,0.9"
3727,10.1149/1.1344281,13.73823796,ClO4,PC:1.000,-0.0,64.9,2.53,64.9,2.53,0,1,0,0,0,0,0.0,1,1.0,0,0.0,0,0.0,0,0.0,0,0.0,Li,1.0,379.3238125,"[""PC""]",[1.0],1,0.0,3,clustered,weighted_permittivity,0.7,0.7,lowest_q_within_tolerance,0.02,5.835674928767255,7.902563031232744,5,"0.7,0.75,0.8,0.85,0.9"
3728,10.1149/1.1344281,13.30877035,ClO4,PC:1.000,-0.0,64.9,2.53,64.9,2.53,0,1,0,0,0,0,0.0,1,1.0,0,0.0,0,0.0,0,0.0,0,0.0,Li,1.0,374.9116891,"[""PC""]",[1.0],1,0.0,3,clustered,weighted_permittivity,0.7,0.7,lowest_q_within_tolerance,0.02,5.4062073187672555,7.902563031232744,5,"0.7,0.75,0.8,0.85,0.9"
3729,10.1149/1.1344281,12.48969187,ClO4,PC:1.000,-0.0,64.9,2.53,64.9,2.53,0,1,0,0,0,0,0.0,1,1.0,0,0.0,0,0.0,0,0.0,0,0.0,Li,1.0,369.823548,"[""PC""]",[1.0],1,0.0,3,clustered,weighted_permittivity,0.7,0.7,lowest_q_within_tolerance,0.02,4.710811149236696,7.778880720763303,5,"0.7,0.75,0.8,0.85,0.9"
3730,10.1149/1.1344281,11.72102298,ClO4,PC:1.000,-0.0,64.9,2.53,64.9,2.53,0,1,0,0,0,0,0.0,1,1.0,0,0.0,0,0.0,0,0.0,0,0.0,Li,1.0,364.8716658,"[""PC""]",[1.0],1,0.0,3,clustered,weighted_permittivity,0.7,0.7,lowest_q_within_tolerance,0.02,4.069924414679363,7.651098565320638,5,"0.7,0.75,0.8,0.85,0.9"
3731,10.1149/1.1344281,11.175729,ClO4,PC:1.000,-0.0,64.9,2.53,64.9,2.53,0,1,0,0,0,0,0.0,1,1.0,0,0.0,0,0.0,0,0.0,0,0.0,Li,1.0,360.0531599,"[""PC""]",[1.0],1,0.0,3,clustered,weighted_permittivity,0.7,0.7,lowest_q_within_tolerance,0.02,3.580008097186578,7.595720902813422,5,"0.7,0.75,0.8,0.85,0.9"
3732,10.1149/1.1344281,10.48792698,ClO4,PC:1.000,-0.0,64.9,2.53,64.9,2.53,0,1,0,0,0,0,0.0,1,1.0,0,0.0,0,0.0,0,0.0,0,0.0,Li,1.0,355.3578086,"[""PC""]",[1.0],1,0.0,3,clustered,weighted_permittivity,0.7,0.7,lowest_q_within_tolerance,0.02,2.855741220526192,7.632185759473807,5,"0.7,0.75,0.8,0.85,0.9"
3733,10.1149/1.1344281,9.687392507,ClO4,PC:1.000,-0.0,64.9,2.53,64.9,2.53,0,1,0,0,0,0,0.0,1,1.0,0,0.0,0,0.0,0,0.0,0,0.0,Li,1.0,349.744189,"[""PC""]",[1.0],1,0.0,3,clustered,weighted_permittivity,0.7,0.7,lowest_q_within_tolerance,0.02,2.8465910851913083,6.840801421808692,5,"0.7,0.75,0.8,0.85,0.9"
3734,10.1149/1.1344281,9.091189065,ClO4,PC:1.000,-0.0,64.9,2.53,64.9,2.53,0,1,0,0,0,0,0.0,1,1.0,0,0.0,0,0.0,0,0.0,0,0.0,Li,1.0,345.6484223,"[""PC""]",[1.0],1,0.0,3,clustered,weighted_permittivity,0.7,0.7,lowest_q_within_tolerance,0.02,3.1555514737259784,5.935637591274022,5,"0.7,0.75,0.8,0.85,0.9"
3735,10.1149/1.1344281,8.397266396,ClO4,PC:1.000,-0.0,64.9,2.53,64.9,2.53,0,1,0,0,0,0,0.0,1,1.0,0,0.0,0,0.0,0,0.0,0,0.0,Li,1.0,340.6616679,"[""PC""]",[1.0],1,0.0,3,clustered,weighted_permittivity,0.7,0.7,lowest_q_within_tolerance,0.02,3.0614480508014257,5.3358183451985735,5,"0.7,0.75,0.8,0.85,0.9"
3736,10.1149/1.1344281,7.880462816,ClO4,PC:1.000,-0.0,64.9,2.53,64.9,2.53,0,1,0,0,0,0,0.0,1,1.0,0,0.0,0,0.0,0,0.0,0,0.0,Li,1.0,335.501574,"[""PC""]",[1.0],1,0.0,3,clustered,weighted_permittivity,0.7,0.7,lowest_q_within_tolerance,0.02,2.6530503724580017,5.227412443541998,5,"0.7,0.75,0.8,0.85,0.9"
3737,10.1149/1.1344281,7.51384218,ClO4,PC:1.000,-0.0,64.9,2.53,64.9,2.53,0,1,0,0,0,0,0.0,1,1.0,0,0.0,0,0.0,0,0.0,0,0.0,Li,1.0,330.1901921,"[""PC""]",[1.0],1,0.0,3,clustered,weighted_permittivity,0.7,0.7,lowest_q_within_tolerance,0.02,2.440212199054419,5.073629980945581,5,"0.7,0.75,0.8,0.85,0.9"
3738,10.1149/1.1344281,6.940317048,ClO4,PC:1.000,-0.0,64.9,2.53,64.9,2.53,0,1,0,0,0,0,0.0,1,1.0,0,0.0,0,0.0,0,0.0,0,0.0,Li,1.0,325.6365649,"[""PC""]",[1.0],1,0.0,3,clustered,weighted_permittivity,0.7,0.7,lowest_q_within_tolerance,0.02,1.991920763235929,4.948396284764071,5,"0.7,0.75,0.8,0.85,0.9"
3739,10.1149/1.1344281,6.309573445,ClO4,PC:1.000,-0.0,64.9,2.53,64.9,2.53,0,1,0,0,0,0,0.0,1,1.0,0,0.0,0,0.0,0,0.0,0,0.0,Li,1.0,321.2048223,"[""PC""]",[1.0],1,0.0,3,clustered,weighted_permittivity,0.7,0.7,lowest_q_within_tolerance,0.02,1.4313244997632015,4.878248945236798,5,"0.7,0.75,0.8,0.85,0.9"
3740,10.1149/1.1344281,5.645782431,ClO4,PC:1.000,-0.0,64.9,2.53,64.9,2.53,0,1,0,0,0,0,0.0,1,1.0,0,0.0,0,0.0,0,0.0,0,0.0,Li,1.0,315.7626765,"[""PC""]",[1.0],1,0.0,3,clustered,weighted_permittivity,0.7,0.7,lowest_q_within_tolerance,0.02,0.8159905797774014,4.829791851222598,5,"0.7,0.75,0.8,0.85,0.9"
3741,10.1149/1.1344281,5.214844698,ClO4,PC:1.000,-0.0,64.9,2.53,64.9,2.53,0,1,0,0,0,0,0.0,1,1.0,0,0.0,0,0.0,0,0.0,0,0.0,Li,1.0,311.3225235,"[""PC""]",[1.0],1,0.0,3,clustered,weighted_permittivity,0.7,0.7,lowest_q_within_tolerance,0.02,0.45402595692146797,4.760818741078532,5,"0.7,0.75,0.8,0.85,0.9"
3742,10.1149/1.1344281,4.740913909,ClO4,PC:1.000,-0.0,64.9,2.53,64.9,2.53,0,1,0,0,0,0,0.0,1,1.0,0,0.0,0,0.0,0,0.0,0,0.0,Li,1.0,305.9453548,"[""PC""]",[1.0],1,0.0,3,clustered,weighted_permittivity,0.7,0.7,lowest_q_within_tolerance,0.02,0.056395507607506445,4.684518401392493,5,"0.7,0.75,0.8,0.85,0.9"
3743,10.1149/1.1344281,4.175318937,ClO4,PC:1.000,-0.0,64.9,2.53,64.9,2.53,0,1,0,0,0,0,0.0,1,1.0,0,0.0,0,0.0,0,0.0,0,0.0,Li,1.0,301.5135718,"[""PC""]",[1.0],1,0.0,3,clustered,weighted_permittivity,0.75,0.75,lowest_q_within_tolerance,0.02,0.16723213559584416,4.342551072595844,5,"0.7,0.75,0.8,0.85,0.9"
3744,10.1149/1.1344281,3.736059577,ClO4,PC:1.000,-0.0,64.9,2.53,64.9,2.53,0,1,0,0,0,0,0.0,1,1.0,0,0.0,0,0.0,0,0.0,0,0.0,Li,1.0,296.4654522,"[""PC""]",[1.0],1,0.0,3,clustered,weighted_permittivity,0.75,0.75,lowest_q_within_tolerance,0.02,0.38698205611233494,4.123041633112335,5,"0.7,0.75,0.8,0.85,0.9"
3745,10.1149/1.1344281,3.343011965,ClO4,PC:1.000,-0.0,64.9,2.53,64.9,2.53,0,1,0,0,0,0,0.0,1,1.0,0,0.0,0,0.0,0,0.0,0,0.0,Li,1.0,291.823279,"[""PC""]",[1.0],1,0.0,3,clustered,weighted_permittivity,0.8,0.8,lowest_q_within_tolerance,0.02,0.2846025217835062,3.058409443216494,5,"0.7,0.75,0.8,0.85,0.9"
3746,10.1149/1.1344281,2.897803719,ClO4,PC:1.000,-0.0,64.9,2.53,64.9,2.53,0,1,0,0,0,0,0.0,1,1.0,0,0.0,0,0.0,0,0.0,0,0.0,Li,1.0,286.6250905,"[""PC""]",[1.0],1,0.0,3,clustered,weighted_permittivity,0.8,0.8,lowest_q_within_tolerance,0.02,0.06465038160106351,2.8331533373989366,5,"0.7,0.75,0.8,0.85,0.9"
3747,10.1149/1.1344281,2.39502662,ClO4,PC:1.000,-0.0,64.9,2.53,64.9,2.53,0,1,0,0,0,0,0.0,1,1.0,0,0.0,0,0.0,0,0.0,0,0.0,Li,1.0,281.6042278,"[""PC""]",[1.0],1,0.0,3,clustered,weighted_permittivity,0.85,0.85,lowest_q_within_tolerance,0.02,0.16143867505560472,2.233587944944395,5,"0.7,0.75,0.8,0.85,0.9"
3748,10.1149/1.1344281,2.043359718,ClO4,PC:1.000,-0.0,64.9,2.53,64.9,2.53,0,1,0,0,0,0,0.0,1,1.0,0,0.0,0,0.0,0,0.0,0,0.0,Li,1.0,276.9751462,"[""PC""]",[1.0],1,0.0,3,clustered,weighted_permittivity,0.85,0.85,lowest_q_within_tolerance,0.02,0.05105920584673629,1.9923005121532638,5,"0.7,0.75,0.8,0.85,0.9"
3749,10.1149/1.1344281,1.743328822,ClO4,PC:1.000,-0.0,64.9,2.53,64.9,2.53,0,1,0,0,0,0,0.0,1,1.0,0,0.0,0,0.0,0,0.0,0,0.0,Li,1.0,271.8697349,"[""PC""]",[1.0],1,0.0,3,clustered,weighted_permittivity,0.85,0.85,lowest_q_within_tolerance,0.02,0.026818582223896215,1.7722522148768478,5,"0.7,0.75,0.8,0.85,0.9"
3750,10.1149/1.1344281,1.395814116,ClO4,PC:1.000,-0.0,64.9,2.53,64.9,2.53,0,1,0,0,0,0,0.0,1,1.0,0,0.0,0,0.0,0,0.0,0,0.0,Li,1.0,266.9435931,"[""PC""]",[1.0],1,0.0,3,clustered,weighted_permittivity,0.9,0.9,lowest_q_within_tolerance,0.02,0.14961810845452184,1.5454322244545218,5,"0.7,0.75,0.8,0.85,0.9"
3751,10.1149/1.1344281,1.099966124,ClO4,PC:1.000,-0.0,64.9,2.53,64.9,2.53,0,1,0,0,0,0,0.0,1,1.0,0,0.0,0,0.0,0,0.0,0,0.0,Li,1.0,261.8047361,"[""PC""]",[1.0],1,0.0,3,clustered,weighted_permittivity,0.9,0.9,lowest_q_within_tolerance,0.02,0.3137869303038616,1.4137530543038617,5,"0.7,0.75,0.8,0.85,0.9"
3752,10.1149/1.1344281,0.83972664,ClO4,PC:1.000,-0.0,64.9,2.53,64.9,2.53,0,1,0,0,0,0,0.0,1,1.0,0,0.0,0,0.0,0,0.0,0,0.0,Li,1.0,256.4862751,"[""PC""]",[1.0],1,0.0,3,clustered,weighted_permittivity,0.85,0.85,lowest_q_within_tolerance,0.02,0.5663402771928078,1.4218221120779901,5,"0.7,0.75,0.8,0.85,0.9"
3753,10.1149/1.1344281,0.601603487,ClO4,PC:1.000,-0.0,64.9,2.53,64.9,2.53,0,1,0,0,0,0,0.0,1,1.0,0,0.0,0,0.0,0,0.0,0,0.0,Li,1.0,251.7311868,"[""PC""]",[1.0],1,0.0,3,clustered,weighted_permittivity,0.85,0.85,lowest_q_within_tolerance,0.02,0.7839850832162623,1.4005087803606056,5,"0.7,0.75,0.8,0.85,0.9"
3754,10.1149/1.1344281,0.437904401,ClO4,PC:1.000,-0.0,64.9,2.53,64.9,2.53,0,1,0,0,0,0,0.0,1,1.0,0,0.0,0,0.0,0,0.0,0,0.0,Li,1.0,246.8067356,"[""PC""]",[1.0],1,0.0,3,clustered,weighted_permittivity,0.85,0.85,lowest_q_within_tolerance,0.02,0.8620144403992114,1.3143032465129139,5,"0.7,0.75,0.8,0.85,0.9"
3755,10.1149/1.1344281,0.308784273,ClO4,PC:1.000,-0.0,64.9,2.53,64.9,2.53,0,1,0,0,0,0,0.0,1,1.0,0,0.0,0,0.0,0,0.0,0,0.0,Li,1.0,242.0689785,"[""PC""]",[1.0],1,0.0,3,clustered,weighted_permittivity,0.85,0.85,lowest_q_within_tolerance,0.02,0.9733503621174032,1.2964078122941989,5,"0.7,0.75,0.8,0.85,0.9"
3756,10.1149/1.1344281,0.204335972,ClO4,PC:1.000,-0.0,64.9,2.53,64.9,2.53,0,1,0,0,0,0,0.0,1,1.0,0,0.0,0,0.0,0,0.0,0,0.0,Li,1.0,237.1879349,"[""PC""]",[1.0],1,0.0,3,clustered,weighted_permittivity,0.85,0.85,lowest_q_within_tolerance,0.02,1.0211952336594396,1.2387966932110765,5,"0.7,0.75,0.8,0.85,0.9"
3757,10.1149/1.1344281,0.135217992,ClO4,PC:1.000,-0.0,64.9,2.53,64.9,2.53,0,1,0,0,0,0,0.0,1,1.0,0,0.0,0,0.0,0,0.0,0,0.0,Li,1.0,232.8047832,"[""PC""]",[1.0],1,0.0,3,clustered,weighted_permittivity,0.85,0.85,lowest_q_within_tolerance,0.02,1.0302030610007673,1.1783282483479218,5,"0.7,0.75,0.8,0.85,0.9"
3758,10.1149/1.1344281,0.077563103,ClO4,PC:1.000,-0.0,64.9,2.53,64.9,2.53,0,1,0,0,0,0,0.0,1,1.0,0,0.0,0,0.0,0,0.0,0,0.0,Li,1.0,227.8380723,"[""PC""]",[1.0],1,0.0,3,clustered,weighted_permittivity,0.85,0.85,lowest_q_within_tolerance,0.02,1.0264335089877952,1.1173518664529682,5,"0.7,0.75,0.8,0.85,0.9"
3759,10.1149/1.1344281,0.038566204,ClO4,PC:1.000,-0.0,64.9,2.53,64.9,2.53,0,1,0,0,0,0,0.0,1,1.0,0,0.0,0,0.0,0,0.0,0,0.0,Li,1.0,222.7901682,"[""PC""]",[1.0],1,0.0,3,clustered,weighted_permittivity,0.85,0.85,lowest_q_within_tolerance,0.02,0.9888988333485415,1.0403345026978454,5,"0.7,0.75,0.8,0.85,0.9"
3760,10.1149/1.1344281,0.016360369,ClO4,PC:1.000,-0.0,64.9,2.53,64.9,2.53,0,1,0,0,0,0,0.0,1,1.0,0,0.0,0,0.0,0,0.0,0,0.0,Li,1.0,217.5511705,"[""PC""]",[1.0],1,0.0,3,clustered,weighted_permittivity,0.85,0.85,lowest_q_within_tolerance,0.02,0.9362875973357604,0.9644689482903069,5,"0.7,0.75,0.8,0.85,0.9"
13615,10.1016/0378-7753(91)80004-H,0.01,PF6,EC:0.150+PC:0.850,0.4227090878059908,68.515,2.4355,68.515,2.4355,1,0,0,0,0,1,0.15,1,0.85,0,0.0,0,0.0,0,0.0,0,0.0,Li,1.0,213.15,"[""EC"",""PC""]","[0.15,0.85]",1,0.0,3,clustered,weighted_permittivity,0.85,0.85,lowest_q_within_tolerance,0.02,0.6140291782488506,0.6285684087052575,5,"0.7,0.75,0.8,0.85,0.9"
13618,10.1016/0378-7753(91)80004-H,0.06,PF6,EC:0.150+PC:0.850,0.4227090878059908,68.515,2.4355,68.515,2.4355,1,0,0,0,0,1,0.15,1,0.85,0,0.0,0,0.0,0,0.0,0,0.0,Li,1.0,223.15,"[""EC"",""PC""]","[0.15,0.85]",1,0.0,3,clustered,weighted_permittivity,0.85,0.85,lowest_q_within_tolerance,0.02,0.696813148069992,0.7617235153557168,5,"0.7,0.75,0.8,0.85,0.9"
13621,10.1016/0378-7753(91)80004-H,0.21,PF6,EC:0.150+PC:0.850,0.4227090878059908,68.515,2.4355,68.515,2.4355,1,0,0,0,0,1,0.15,1,0.85,0,0.0,0,0.0,0,0.0,0,0.0,Li,1.0,233.15,"[""EC"",""PC""]","[0.15,0.85]",1,0.0,3,clustered,weighted_permittivity,0.85,0.85,lowest_q_within_tolerance,0.02,0.6947540525032169,0.9073145725108571,5,"0.7,0.75,0.8,0.85,0.9"
13624,10.1016/0378-7753(91)80004-H,0.56,PF6,EC:0.150+PC:0.850,0.4227090878059908,68.515,2.4355,68.515,2.4355,1,0,0,0,0,1,0.15,1,0.85,0,0.0,0,0.0,0,0.0,0,0.0,Li,1.0,243.15,"[""EC"",""PC""]","[0.15,0.85]",1,0.0,3,clustered,weighted_permittivity,0.85,0.85,lowest_q_within_tolerance,0.02,0.4628468222625237,1.0255660918469554,5,"0.7,0.75,0.8,0.85,0.9"
13627,10.1016/0378-7753(91)80004-H,1.12,PF6,EC:0.150+PC:0.850,0.4227090878059908,68.515,2.4355,68.515,2.4355,1,0,0,0,0,1,0.15,1,0.85,0,0.0,0,0.0,0,0.0,0,0.0,Li,1.0,253.15,"[""EC"",""PC""]","[0.15,0.85]",1,0.0,3,clustered,weighted_permittivity,0.85,0.85,lowest_q_within_tolerance,0.02,0.010940517239409031,1.1338050948589249,5,"0.7,0.75,0.8,0.85,0.9"
13630,10.1016/0378-7753(91)80004-H,1.9,PF6,EC:0.150+PC:0.850,0.4227090878059908,68.515,2.4355,68.515,2.4355,1,0,0,0,0,1,0.15,1,0.85,0,0.0,0,0.0,0,0.0,0,0.0,Li,1.0,263.15,"[""EC"",""PC""]","[0.15,0.85]",1,0.0,3,clustered,weighted_permittivity,0.7,0.7,lowest_q_within_tolerance,0.02,0.4355443387808251,1.4644556612191748,5,"0.7,0.75,0.8,0.85,0.9"
13633,10.1016/0378-7753(91)80004-H,2.92,PF6,EC:0.150+PC:0.850,0.4227090878059908,68.515,2.4355,68.515,2.4355,1,0,0,0,0,1,0.15,1,0.85,0,0.0,0,0.0,0,0.0,0,0.0,Li,1.0,273.15,"[""EC"",""PC""]","[0.15,0.85]",1,0.0,3,clustered,weighted_permittivity,0.7,0.7,lowest_q_within_tolerance,0.02,0.9022049466259969,2.017795053374003,5,"0.7,0.75,0.8,0.85,0.9"
13636,10.1016/0378-7753(91)80004-H,5.64,PF6,EC:0.150+PC:0.850,0.4227090878059908,68.515,2.4355,68.515,2.4355,1,0,0,0,0,1,0.15,1,0.85,0,0.0,0,0.0,0,0.0,0,0.0,Li,1.0,293.15,"[""EC"",""PC""]","[0.15,0.85]",1,0.0,3,clustered,weighted_permittivity,0.7,0.7,lowest_q_within_tolerance,0.02,2.408134987317599,3.231865012682401,5,"0.7,0.75,0.8,0.85,0.9"
13639,10.1016/0378-7753(91)80004-H,8.95,PF6,EC:0.150+PC:0.850,0.4227090878059908,68.515,2.4355,68.515,2.4355,1,0,0,0,0,1,0.15,1,0.85,0,0.0,0,0.0,0,0.0,0,0.0,Li,1.0,313.15,"[""EC"",""PC""]","[0.15,0.85]",1,0.0,3,clustered,weighted_permittivity,0.7,0.7,lowest_q_within_tolerance,0.02,4.956076199703061,3.993923800296938,5,"0.7,0.75,0.8,0.85,0.9"
13642,10.1016/0378-7753(91)80004-H,12.8,PF6,EC:0.150+PC:0.850,0.4227090878059908,68.515,2.4355,68.515,2.4355,1,0,0,0,0,1,0.15,1,0.85,0,0.0,0,0.0,0,0.0,0,0.0,Li,1.0,333.15,"[""EC"",""PC""]","[0.15,0.85]",1,0.0,3,clustered,weighted_permittivity,0.7,0.7,lowest_q_within_tolerance,0.02,8.327604318157992,4.472395681842008,5,"0.7,0.75,0.8,0.85,0.9"
13645,10.1016/0378-7753(91)80004-H,16.88,PF6,EC:0.150+PC:0.850,0.4227090878059908,68.515,2.4355,68.515,2.4355,1,0,0,0,0,1,0.15,1,0.85,0,0.0,0,0.0,0,0.0,0,0.0,Li,1.0,353.15,"[""EC"",""PC""]","[0.15,0.85]",1,0.0,3,clustered,weighted_permittivity,0.7,0.7,lowest_q_within_tolerance,0.02,9.571217133785073,7.308782866214926,5,"0.7,0.75,0.8,0.85,0.9"
23,10.1016/j.electacta.2008.04.023,4.534450652,PF6,EC:0.300+EMC:0.700,0.6108643020548935,28.73,1.025,5.80149254087,0.2069798069749999,1,0,0,0,0,1,0.3,0,0.0,0,0.0,0,0.0,0,0.0,1,0.7,Li,0.201931519,298.15,"[""EC"",""EMC""]","[0.3,0.7]",1,0.0,4,clustered,weighted_permittivity,0.7,0.7,lowest_q_within_tolerance,0.02,0.16818744640637373,4.702638098406374,5,"0.7,0.75,0.8,0.85,0.9"
24,10.1016/j.electacta.2008.04.023,7.802607076,PF6,EC:0.300+EMC:0.700,0.6108643020548935,28.73,1.025,14.32716417015,0.511150131375,1,0,0,0,0,1,0.3,0,0.0,0,0.0,0,0.0,0,0.0,1,0.7,Li,0.498683055,298.15,"[""EC"",""EMC""]","[0.3,0.7]",1,0.0,4,clustered,weighted_permittivity,0.7,0.7,lowest_q_within_tolerance,0.02,3.345747893941188,4.456859182058812,5,"0.7,0.75,0.8,0.85,0.9"
25,10.1016/j.electacta.2008.04.023,9.348230912,PF6,EC:0.300+EMC:0.700,0.6108643020548935,28.73,1.025,22.95373133612,0.8189201051,1,0,0,0,0,1,0.3,0,0.0,0,0.0,0,0.0,0,0.0,1,0.7,Li,0.798946444,298.15,"[""EC"",""EMC""]","[0.3,0.7]",1,0.0,4,clustered,weighted_permittivity,0.7,0.7,lowest_q_within_tolerance,0.02,5.366654461587095,3.9815764504129048,5,"0.7,0.75,0.8,0.85,0.9"
26,10.1016/j.electacta.2008.04.023,9.506517691,PF6,EC:0.300+EMC:0.700,0.6108643020548935,28.73,1.025,28.75522387699,1.025899912075,1,0,0,0,0,1,0.3,0,0.0,0,0.0,0,0.0,0,0.0,1,0.7,Li,1.000877963,298.15,"[""EC"",""EMC""]","[0.3,0.7]",1,0.0,4,clustered,weighted_permittivity,0.7,0.7,lowest_q_within_tolerance,0.02,5.8524673714751705,3.6540503195248304,5,"0.7,0.75,0.8,0.85,0.9"
27,10.1016/j.electacta.2008.04.023,9.217877095,PF6,EC:0.300+EMC:0.700,0.6108643020548935,28.73,1.025,34.50626866388,1.2310798949,1,0,0,0,0,1,0.3,0,0.0,0,0.0,0,0.0,0,0.0,1,0.7,Li,1.201053556,298.15,"[""EC"",""EMC""]","[0.3,0.7]",1,0.0,4,clustered,weighted_permittivity,0.7,0.7,lowest_q_within_tolerance,0.02,5.860169977170083,3.357707117829918,5,"0.7,0.75,0.8,0.85,0.9"
28,10.1016/j.electacta.2008.04.023,7.774674115,PF6,EC:0.300+EMC:0.700,0.6108643020548935,28.73,1.025,45.95791045495,1.6396400353749998,1,0,0,0,0,1,0.3,0,0.0,0,0.0,0,0.0,0,0.0,1,0.7,Li,1.599648815,298.15,"[""EC"",""EMC""]","[0.3,0.7]",1,0.0,4,clustered,weighted_permittivity,0.7,0.7,lowest_q_within_tolerance,0.02,4.89702144141498,2.8776526735850205,5,"0.7,0.75,0.8,0.85,0.9"
29,10.1016/j.electacta.2008.04.023,5.931098696,PF6,EC:0.300+EMC:0.700,0.6108643020548935,28.73,1.025,57.40955224602,2.04820017585,1,0,0,0,0,1,0.3,0,0.0,0,0.0,0,0.0,0,0.0,1,0.7,Li,1.998244074,298.15,"[""EC"",""EMC""]","[0.3,0.7]",1,0.0,4,clustered,weighted_permittivity,0.7,0.7,lowest_q_within_tolerance,0.02,3.4888838782967335,2.4422148177032668,5,"0.7,0.75,0.8,0.85,0.9"
30,10.1016/j.electacta.2008.04.023,5.158286778,PF6,EC:0.300+EMC:0.700,0.6108643020548935,28.73,1.025,63.21104478689,2.255179982825,1,0,0,0,0,1,0.3,0,0.0,0,0.0,0,0.0,0,0.0,1,0.7,Li,2.200175593,298.15,"[""EC"",""EMC""]","[0.3,0.7]",1,0.0,4,clustered,weighted_permittivity,0.7,0.7,lowest_q_within_tolerance,0.02,2.9038218414261863,2.2544649365738136,5,"0.7,0.75,0.8,0.85,0.9"
31,10.1016/j.jpowsour.2010.12.040,15.58303956,FSI,EC:0.300+EMC:0.700,0.6108643020548935,28.73,1.025,28.73,1.025,0,0,0,1,0,1,0.3,0,0.0,0,0.0,0,0.0,0,0.0,1,0.7,Li,1.0,332.5420421,"[""EC"",""EMC""]","[0.3,0.7]",1,0.0,4,clustered,weighted_permittivity,0.7,0.7,lowest_q_within_tolerance,0.02,10.989430654758156,4.593608905241844,5,"0.7,0.75,0.8,0.85,0.9"
32,10.1016/j.jpowsour.2010.12.040,13.92880901,FSI,EC:0.300+EMC:0.700,0.6108643020548935,28.73,1.025,28.73,1.025,0,0,0,1,0,1,0.3,0,0.0,0,0.0,0,0.0,0,0.0,1,0.7,Li,1.0,322.5244073,"[""EC"",""EMC""]","[0.3,0.7]",1,0.0,4,clustered,weighted_permittivity,0.7,0.7,lowest_q_within_tolerance,0.02,9.722437883623108,4.206371126376892,5,"0.7,0.75,0.8,0.85,0.9"
33,10.1016/j.jpowsour.2010.12.040,12.2868877,FSI,EC:0.300+EMC:0.700,0.6108643020548935,28.73,1.025,28.73,1.025,0,0,0,1,0,1,0.3,0,0.0,0,0.0,0,0.0,0,0.0,1,0.7,Li,1.0,312.7431776,"[""EC"",""EMC""]","[0.3,0.7]",1,0.0,4,clustered,weighted_permittivity,0.7,0.7,lowest_q_within_tolerance,0.02,8.258463164009141,4.028424535990858,5,"0.7,0.75,0.8,0.85,0.9"
34,10.1016/j.jpowsour.2010.12.040,10.69635701,FSI,EC:0.300+EMC:0.700,0.6108643020548935,28.73,1.025,28.73,1.025,0,0,0,1,0,1,0.3,0,0.0,0,0.0,0,0.0,0,0.0,1,0.7,Li,1.0,302.7131199,"[""EC"",""EMC""]","[0.3,0.7]",1,0.0,4,clustered,weighted_permittivity,0.7,0.7,lowest_q_within_tolerance,0.02,6.817421532199217,3.878935477800783,5,"0.7,0.75,0.8,0.85,0.9"
35,10.1016/j.jpowsour.2010.12.040,9.009384647,FSI,EC:0.300+EMC:0.700,0.6108643020548935,28.73,1.025,28.73,1.025,0,0,0,1,0,1,0.3,0,0.0,0,0.0,0,0.0,0,0.0,1,0.7,Li,1.0,292.8494972,"[""EC"",""EMC""]","[0.3,0.7]",1,0.0,4,clustered,weighted_permittivity,0.7,0.7,lowest_q_within_tolerance,0.02,5.5295960131199315,3.4797886338800676,5,"0.7,0.75,0.8,0.85,0.9"
36,10.1016/j.jpowsour.2010.12.040,7.439667245,FSI,EC:0.300+EMC:0.700,0.6108643020548935,28.73,1.025,28.73,1.025,0,0,0,1,0,1,0.3,0,0.0,0,0.0,0,0.0,0,0.0,1,0.7,Li,1.0,282.8897228,"[""EC"",""EMC""]","[0.3,0.7]",1,0.0,4,clustered,weighted_permittivity,0.7,0.7,lowest_q_within_tolerance,0.02,4.384920683492874,3.0547465615071254,5,"0.7,0.75,0.8,0.85,0.9"
37,10.1016/j.jpowsour.2010.12.040,5.943977157,FSI,EC:0.300+EMC:0.700,0.6108643020548935,28.73,1.025,28.73,1.025,0,0,0,1,0,1,0.3,0,0.0,0,0.0,0,0.0,0,0.0,1,0.7,Li,1.0,273.0531347,"[""EC"",""EMC""]","[0.3,0.7]",1,0.0,4,clustered,weighted_permittivity,0.7,0.7,lowest_q_within_tolerance,0.02,3.5311687124585562,2.4128084445414437,5,"0.7,0.75,0.8,0.85,0.9"
38,10.1016/j.jpowsour.2010.12.040,4.534527977,FSI,EC:0.300+EMC:0.700,0.6108643020548935,28.73,1.025,28.73,1.025,0,0,0,1,0,1,0.3,0,0.0,0,0.0,0,0.0,0,0.0,1,0.7,Li,1.0,263.0106197,"[""EC"",""EMC""]","[0.3,0.7]",1,0.0,4,clustered,weighted_permittivity,0.7,0.7,lowest_q_within_tolerance,0.02,2.7154715172627713,1.8190564597372285,5,"0.7,0.75,0.8,0.85,0.9"
39,10.1016/j.jpowsour.2010.12.040,3.346973534,FSI,EC:0.300+EMC:0.700,0.6108643020548935,28.73,1.025,28.73,1.025,0,0,0,1,0,1,0.3,0,0.0,0,0.0,0,0.0,0,0.0,1,0.7,Li,1.0,253.2231362,"[""EC"",""EMC""]","[0.3,0.7]",1,0.0,4,clustered,weighted_permittivity,0.7,0.7,lowest_q_within_tolerance,0.02,1.5187879287288406,1.8281856052711594,5,"0.7,0.75,0.8,0.85,0.9"
40,10.1016/j.jpowsour.2010.12.040,12.3682667,FSI,EC:0.300+EMC:0.700,0.6108643020548935,28.73,1.025,28.73,1.025,0,0,0,1,0,1,0.3,0,0.0,0,0.0,0,0.0,0,0.0,1,0.7,Li,1.0,332.6084723,"[""EC"",""EMC""]","[0.3,0.7]",1,0.0,4,clustered,weighted_permittivity,0.7,0.7,lowest_q_within_tolerance,0.02,7.774657794758156,4.593608905241844,5,"0.7,0.75,0.8,0.85,0.9"
41,10.1016/j.jpowsour.2010.12.040,10.9825629,FSI,EC:0.300+EMC:0.700,0.6108643020548935,28.73,1.025,28.73,1.025,0,0,0,1,0,1,0.3,0,0.0,0,0.0,0,0.0,0,0.0,1,0.7,Li,1.0,322.7762915,"[""EC"",""EMC""]","[0.3,0.7]",1,0.0,4,clustered,weighted_permittivity,0.7,0.7,lowest_q_within_tolerance,0.02,6.776191773623108,4.206371126376892,5,"0.7,0.75,0.8,0.85,0.9"
42,10.1016/j.jpowsour.2010.12.040,9.624200289,FSI,EC:0.300+EMC:0.700,0.6108643020548935,28.73,1.025,28.73,1.025,0,0,0,1,0,1,0.3,0,0.0,0,0.0,0,0.0,0,0.0,1,0.7,Li,1.0,312.8052904,"[""EC"",""EMC""]","[0.3,0.7]",1,0.0,4,clustered,weighted_permittivity,0.7,0.7,lowest_q_within_tolerance,0.02,5.595775753009141,4.028424535990858,5,"0.7,0.75,0.8,0.85,0.9"
43,10.1016/j.jpowsour.2010.12.040,8.268462264,FSI,EC:0.300+EMC:0.700,0.6108643020548935,28.73,1.025,28.73,1.025,0,0,0,1,0,1,0.3,0,0.0,0,0.0,0,0.0,0,0.0,1,0.7,Li,1.0,302.7744584,"[""EC"",""EMC""]","[0.3,0.7]",1,0.0,4,clustered,weighted_permittivity,0.7,0.7,lowest_q_within_tolerance,0.02,4.389526786199217,3.878935477800783,5,"0.7,0.75,0.8,0.85,0.9"
44,10.1016/j.jpowsour.2010.12.040,7.638732831,FSI,EC:0.300+EMC:0.700,0.6108643020548935,28.73,1.025,28.73,1.025,0,0,0,1,0,1,0.3,0,0.0,0,0.0,0,0.0,0,0.0,1,0.7,Li,1.0,297.7574305,"[""EC"",""EMC""]","[0.3,0.7]",1,0.0,4,clustered,weighted_permittivity,0.7,0.7,lowest_q_within_tolerance,0.02,3.8156422659822433,3.8230905650177562,5,"0.7,0.75,0.8,0.85,0.9"
45,10.1016/j.jpowsour.2010.12.040,6.964404506,FSI,EC:0.300+EMC:0.700,0.6108643020548935,28.73,1.025,28.73,1.025,0,0,0,1,0,1,0.3,0,0.0,0,0.0,0,0.0,0,0.0,1,0.7,Li,1.0,292.9069031,"[""EC"",""EMC""]","[0.3,0.7]",1,0.0,4,clustered,weighted_permittivity,0.7,0.7,lowest_q_within_tolerance,0.02,3.4846158721199325,3.4797886338800676,5,"0.7,0.75,0.8,0.85,0.9"
46,10.1016/j.jpowsour.2010.12.040,5.675556682,FSI,EC:0.300+EMC:0.700,0.6108643020548935,28.73,1.025,28.73,1.025,0,0,0,1,0,1,0.3,0,0.0,0,0.0,0,0.0,0,0.0,1,0.7,Li,1.0,282.9460375,"[""EC"",""EMC""]","[0.3,0.7]",1,0.0,4,clustered,weighted_permittivity,0.7,0.7,lowest_q_within_tolerance,0.02,2.6208101204928744,3.0547465615071254,5,"0.7,0.75,0.8,0.85,0.9"
47,10.1016/j.jpowsour.2010.12.040,4.504692324,FSI,EC:0.300+EMC:0.700,0.6108643020548935,28.73,1.025,28.73,1.025,0,0,0,1,0,1,0.3,0,0.0,0,0.0,0,0.0,0,0.0,1,0.7,Li,1.0,272.9725552,"[""EC"",""EMC""]","[0.3,0.7]",1,0.0,4,clustered,weighted_permittivity,0.7,0.7,lowest_q_within_tolerance,0.02,2.091883879458556,2.4128084445414437,5,"0.7,0.75,0.8,0.85,0.9"
48,10.1016/j.jpowsour.2010.12.040,3.391455968,FSI,EC:0.300+EMC:0.700,0.6108643020548935,28.73,1.025,28.73,1.025,0,0,0,1,0,1,0.3,0,0.0,0,0.0,0,0.0,0,0.0,1,0.7,Li,1.0,263.0628597,"[""EC"",""EMC""]","[0.3,0.7]",1,0.0,4,clustered,weighted_permittivity,0.7,0.7,lowest_q_within_tolerance,0.02,1.5723995082627713,1.8190564597372285,5,"0.7,0.75,0.8,0.85,0.9"
49,10.1016/j.jpowsour.2010.12.040,2.406050072,FSI,EC:0.300+EMC:0.700,0.6108643020548935,28.73,1.025,28.73,1.025,0,0,0,1,0,1,0.3,0,0.0,0,0.0,0,0.0,0,0.0,1,0.7,Li,1.0,253.1626323,"[""EC"",""EMC""]","[0.3,0.7]",1,0.0,4,clustered,weighted_permittivity,0.7,0.7,lowest_q_within_tolerance,0.02,0.5791720498218105,1.8268780221781897,5,"0.7,0.75,0.8,0.85,0.9"
50,10.1016/j.jpowsour.2010.12.040,15.68624976,PF6,EC:0.300+EMC:0.700,0.6108643020548935,28.73,1.025,28.73,1.025,1,0,0,0,0,1,0.3,0,0.0,0,0.0,0,0.0,0,0.0,1,0.7,Li,1.0,332.5401445,"[""EC"",""EMC""]","[0.3,0.7]",1,0.0,4,clustered,weighted_permittivity,0.7,0.7,lowest_q_within_tolerance,0.02,11.18263040047514,4.503619359524861,5,"0.7,0.75,0.8,0.85,0.9"
51,10.1016/j.jpowsour.2010.12.040,13.83716218,PF6,EC:0.300+EMC:0.700,0.6108643020548935,28.73,1.025,28.73,1.025,1,0,0,0,0,1,0.3,0,0.0,0,0.0,0,0.0,0,0.0,1,0.7,Li,1.0,322.7137304,"[""EC"",""EMC""]","[0.3,0.7]",1,0.0,4,clustered,weighted_permittivity,0.7,0.7,lowest_q_within_tolerance,0.02,9.720372230786506,4.116789949213494,5,"0.7,0.75,0.8,0.85,0.9"
52,10.1016/j.jpowsour.2010.12.040,12.04594933,PF6,EC:0.300+EMC:0.700,0.6108643020548935,28.73,1.025,28.73,1.025,1,0,0,0,0,1,0.3,0,0.0,0,0.0,0,0.0,0,0.0,1,0.7,Li,1.0,312.5720753,"[""EC"",""EMC""]","[0.3,0.7]",1,0.0,4,clustered,weighted_permittivity,0.7,0.7,lowest_q_within_tolerance,0.02,8.147069457138592,3.898879872861407,5,"0.7,0.75,0.8,0.85,0.9"
53,10.1016/j.jpowsour.2010.12.040,10.21332669,PF6,EC:0.300+EMC:0.700,0.6108643020548935,28.73,1.025,28.73,1.025,1,0,0,0,0,1,0.3,0,0.0,0,0.0,0,0.0,0,0.0,1,0.7,Li,1.0,302.7241275,"[""EC"",""EMC""]","[0.3,0.7]",1,0.0,4,clustered,weighted_permittivity,0.7,0.7,lowest_q_within_tolerance,0.02,6.471116611811491,3.7422100781885104,5,"0.7,0.75,0.8,0.85,0.9"
54,10.1016/j.jpowsour.2010.12.040,9.373393367,PF6,EC:0.300+EMC:0.700,0.6108643020548935,28.73,1.025,28.73,1.025,1,0,0,0,0,1,0.3,0,0.0,0,0.0,0,0.0,0,0.0,1,0.7,Li,1.0,297.8700566,"[""EC"",""EMC""]","[0.3,0.7]",1,0.0,4,clustered,weighted_permittivity,0.7,0.7,lowest_q_within_tolerance,0.02,5.683018368150783,3.6903749988492165,5,"0.7,0.75,0.8,0.85,0.9"
55,10.1016/j.jpowsour.2010.12.040,8.545933527,PF6,EC:0.300+EMC:0.700,0.6108643020548935,28.73,1.025,28.73,1.025,1,0,0,0,0,1,0.3,0,0.0,0,0.0,0,0.0,0,0.0,1,0.7,Li,1.0,292.706816,"[""EC"",""EMC""]","[0.3,0.7]",1,0.0,4,clustered,weighted_permittivity,0.7,0.7,lowest_q_within_tolerance,0.02,5.199237206027089,3.3466963209729124,5,"0.7,0.75,0.8,0.85,0.9"
56,10.1016/j.jpowsour.2010.12.040,6.873059177,PF6,EC:0.300+EMC:0.700,0.6108643020548935,28.73,1.025,28.73,1.025,1,0,0,0,0,1,0.3,0,0.0,0,0.0,0,0.0,0,0.0,1,0.7,Li,1.0,282.9062028,"[""EC"",""EMC""]","[0.3,0.7]",1,0.0,4,clustered,weighted_permittivity,0.7,0.7,lowest_q_within_tolerance,0.02,3.92725793826341,2.94580123873659,5,"0.7,0.75,0.8,0.85,0.9"
57,10.1016/j.jpowsour.2010.12.040,5.348178506,PF6,EC:0.300+EMC:0.700,0.6108643020548935,28.73,1.025,28.73,1.025,1,0,0,0,0,1,0.3,0,0.0,0,0.0,0,0.0,0,0.0,1,0.7,Li,1.0,272.939314,"[""EC"",""EMC""]","[0.3,0.7]",1,0.0,4,clustered,weighted_permittivity,0.7,0.7,lowest_q_within_tolerance,0.02,3.0167536997258644,2.3314248062741356,5,"0.7,0.75,0.8,0.85,0.9"
58,10.1016/j.jpowsour.2010.12.040,4.0,PF6,EC:0.300+EMC:0.700,0.6108643020548935,28.73,1.025,28.73,1.025,1,0,0,0,0,1,0.3,0,0.0,0,0.0,0,0.0,0,0.0,1,0.7,Li,1.0,263.0331754,"[""EC"",""EMC""]","[0.3,0.7]",1,0.0,4,clustered,weighted_permittivity,0.7,0.7,lowest_q_within_tolerance,0.02,2.2278934756223814,1.7721065243776188,5,"0.7,0.75,0.8,0.85,0.9"
59,10.1016/j.jpowsour.2010.12.040,2.76382576,PF6,EC:0.300+EMC:0.700,0.6108643020548935,28.73,1.025,28.73,1.025,1,0,0,0,0,1,0.3,0,0.0,0,0.0,0,0.0,0,0.0,1,0.7,Li,1.0,253.1395384,"[""EC"",""EMC""]","[0.3,0.7]",1,0.0,4,clustered,weighted_permittivity,0.7,0.7,lowest_q_within_tolerance,0.02,0.980747104271495,1.783078655728505,5,"0.7,0.75,0.8,0.85,0.9"
60,10.1016/j.jpowsour.2010.12.040,6.103022078,BF4,EC:0.300+EMC:0.700,0.6108643020548935,28.73,1.025,28.73,1.025,0,0,0,0,1,1,0.3,0,0.0,0,0.0,0,0.0,0,0.0,1,0.7,Li,1.0,332.8117237,"[""EC"",""EMC""]","[0.3,0.7]",1,0.0,4,clustered,weighted_permittivity,0.7,0.7,lowest_q_within_tolerance,0.02,1.5094131727581566,4.593608905241844,5,"0.7,0.75,0.8,0.85,0.9"
61,10.1016/j.jpowsour.2010.12.040,5.419257645,BF4,EC:0.300+EMC:0.700,0.6108643020548935,28.73,1.025,28.73,1.025,0,0,0,0,1,1,0.3,0,0.0,0,0.0,0,0.0,0,0.0,1,0.7,Li,1.0,322.9677005,"[""EC"",""EMC""]","[0.3,0.7]",1,0.0,4,clustered,weighted_permittivity,0.7,0.7,lowest_q_within_tolerance,0.02,1.2128865186231081,4.206371126376892,5,"0.7,0.75,0.8,0.85,0.9"
62,10.1016/j.jpowsour.2010.12.040,4.748984501,BF4,EC:0.300+EMC:0.700,0.6108643020548935,28.73,1.025,28.73,1.025,0,0,0,0,1,1,0.3,0,0.0,0,0.0,0,0.0,0,0.0,1,0.7,Li,1.0,312.985053,"[""EC"",""EMC""]","[0.3,0.7]",1,0.0,4,clustered,weighted_permittivity,0.7,0.7,lowest_q_within_tolerance,0.02,0.7205599650091417,4.028424535990858,5,"0.7,0.75,0.8,0.85,0.9"
63,10.1016/j.jpowsour.2010.12.040,4.080006438,BF4,EC:0.300+EMC:0.700,0.6108643020548935,28.73,1.025,28.73,1.025,0,0,0,0,1,1,0.3,0,0.0,0,0.0,0,0.0,0,0.0,1,0.7,Li,1.0,302.9428736,"[""EC"",""EMC""]","[0.3,0.7]",1,0.0,4,clustered,weighted_permittivity,0.7,0.7,lowest_q_within_tolerance,0.02,0.20107096019921666,3.878935477800783,5,"0.7,0.75,0.8,0.85,0.9"
64,10.1016/j.jpowsour.2010.12.040,3.719833623,BF4,EC:0.300+EMC:0.700,0.6108643020548935,28.73,1.025,28.73,1.025,0,0,0,0,1,1,0.3,0,0.0,0,0.0,0,0.0,0,0.0,1,0.7,Li,1.0,298.0833662,"[""EC"",""EMC""]","[0.3,0.7]",1,0.0,4,clustered,weighted_permittivity,0.7,0.7,lowest_q_within_tolerance,0.02,0.10487376999203857,3.8247073929920385,5,"0.7,0.75,0.8,0.85,0.9"
65,10.1016/j.jpowsour.2010.12.040,3.436529588,BF4,EC:0.300+EMC:0.700,0.6108643020548935,28.73,1.025,28.73,1.025,0,0,0,0,1,1,0.3,0,0.0,0,0.0,0,0.0,0,0.0,1,0.7,Li,1.0,293.0645169,"[""EC"",""EMC""]","[0.3,0.7]",1,0.0,4,clustered,weighted_permittivity,0.7,0.7,lowest_q_within_tolerance,0.02,0.04325904588006768,3.4797886338800676,5,"0.7,0.75,0.8,0.85,0.9"
66,10.1016/j.jpowsour.2010.12.040,2.856573625,BF4,EC:0.300+EMC:0.700,0.6108643020548935,28.73,1.025,28.73,1.025,0,0,0,0,1,1,0.3,0,0.0,0,0.0,0,0.0,0,0.0,1,0.7,Li,1.0,283.0889854,"[""EC"",""EMC""]","[0.3,0.7]",1,0.0,4,clustered,weighted_permittivity,0.75,0.75,lowest_q_within_tolerance,0.02,0.16549833921959456,2.6910752857804052,5,"0.7,0.75,0.8,0.85,0.9"
67,10.1016/j.jpowsour.2010.12.040,2.29739671,BF4,EC:0.300+EMC:0.700,0.6108643020548935,28.73,1.025,28.73,1.025,0,0,0,0,1,1,0.3,0,0.0,0,0.0,0,0.0,0,0.0,1,0.7,Li,1.0,273.103041,"[""EC"",""EMC""]","[0.3,0.7]",1,0.0,4,clustered,weighted_permittivity,0.7,0.7,lowest_q_within_tolerance,0.02,0.1154117345414436,2.4128084445414437,5,"0.7,0.75,0.8,0.85,0.9"
68,10.1016/j.jpowsour.2010.12.040,1.764240962,BF4,EC:0.300+EMC:0.700,0.6108643020548935,28.73,1.025,28.73,1.025,0,0,0,0,1,1,0.3,0,0.0,0,0.0,0,0.0,0,0.0,1,0.7,Li,1.0,263.1804756,"[""EC"",""EMC""]","[0.3,0.7]",1,0.0,4,clustered,weighted_permittivity,0.7,0.7,lowest_q_within_tolerance,0.02,0.0548154977372286,1.8190564597372285,5,"0.7,0.75,0.8,0.85,0.9"
69,10.1016/j.jpowsour.2010.12.040,1.293633165,BF4,EC:0.300+EMC:0.700,0.6108643020548935,28.73,1.025,28.73,1.025,0,0,0,0,1,1,0.3,0,0.0,0,0.0,0,0.0,0,0.0,1,0.7,Li,1.0,253.3816835,"[""EC"",""EMC""]","[0.3,0.7]",1,0.0,4,clustered,weighted_permittivity,0.8,0.8,lowest_q_within_tolerance,0.02,0.052441865543906285,1.2411912994560936,5,"0.7,0.75,0.8,0.85,0.9"
70,10.1016/j.jpowsour.2010.12.040,10.48660798,BF4,EC:0.300+EMC:0.700,0.6108643020548935,28.73,1.025,28.73,1.025,0,0,0,0,1,1,0.3,0,0.0,0,0.0,0,0.0,0,0.0,1,0.7,Li,1.0,332.6559387,"[""EC"",""EMC""]","[0.3,0.7]",1,0.0,4,clustered,weighted_permittivity,0.7,0.7,lowest_q_within_tolerance,0.02,5.892999074758157,4.593608905241844,5,"0.7,0.75,0.8,0.85,0.9"
71,10.1016/j.jpowsour.2010.12.040,9.311719622,BF4,EC:0.300+EMC:0.700,0.6108643020548935,28.73,1.025,28.73,1.025,0,0,0,0,1,1,0.3,0,0.0,0,0.0,0,0.0,0,0.0,1,0.7,Li,1.0,322.8209929,"[""EC"",""EMC""]","[0.3,0.7]",1,0.0,4,clustered,weighted_permittivity,0.7,0.7,lowest_q_within_tolerance,0.02,5.105348495623108,4.206371126376892,5,"0.7,0.75,0.8,0.85,0.9"
72,10.1016/j.jpowsour.2010.12.040,8.052985912,BF4,EC:0.300+EMC:0.700,0.6108643020548935,28.73,1.025,28.73,1.025,0,0,0,0,1,1,0.3,0,0.0,0,0.0,0,0.0,0,0.0,1,0.7,Li,1.0,312.8506316,"[""EC"",""EMC""]","[0.3,0.7]",1,0.0,4,clustered,weighted_permittivity,0.7,0.7,lowest_q_within_tolerance,0.02,4.024561376009142,4.028424535990858,5,"0.7,0.75,0.8,0.85,0.9"
73,10.1016/j.jpowsour.2010.12.040,6.827836782,BF4,EC:0.300+EMC:0.700,0.6108643020548935,28.73,1.025,28.73,1.025,0,0,0,0,1,1,0.3,0,0.0,0,0.0,0,0.0,0,0.0,1,0.7,Li,1.0,302.8200851,"[""EC"",""EMC""]","[0.3,0.7]",1,0.0,4,clustered,weighted_permittivity,0.7,0.7,lowest_q_within_tolerance,0.02,2.948901304199217,3.878935477800783,5,"0.7,0.75,0.8,0.85,0.9"
74,10.1016/j.jpowsour.2010.12.040,6.266322617,BF4,EC:0.300+EMC:0.700,0.6108643020548935,28.73,1.025,28.73,1.025,0,0,0,0,1,1,0.3,0,0.0,0,0.0,0,0.0,0,0.0,1,0.7,Li,1.0,297.9629611,"[""EC"",""EMC""]","[0.3,0.7]",1,0.0,4,clustered,weighted_permittivity,0.7,0.7,lowest_q_within_tolerance,0.02,2.42966512691026,3.83665749008974,5,"0.7,0.75,0.8,0.85,0.9"
75,10.1016/j.jpowsour.2010.12.040,5.75098679,BF4,EC:0.300+EMC:0.700,0.6108643020548935,28.73,1.025,28.73,1.025,0,0,0,0,1,1,0.3,0,0.0,0,0.0,0,0.0,0,0.0,1,0.7,Li,1.0,292.9496041,"[""EC"",""EMC""]","[0.3,0.7]",1,0.0,4,clustered,weighted_permittivity,0.7,0.7,lowest_q_within_tolerance,0.02,2.271198156119932,3.4797886338800676,5,"0.7,0.75,0.8,0.85,0.9"
76,10.1016/j.jpowsour.2010.12.040,4.717737796,BF4,EC:0.300+EMC:0.700,0.6108643020548935,28.73,1.025,28.73,1.025,0,0,0,0,1,1,0.3,0,0.0,0,0.0,0,0.0,0,0.0,1,0.7,Li,1.0,283.1288716,"[""EC"",""EMC""]","[0.3,0.7]",1,0.0,4,clustered,weighted_permittivity,0.7,0.7,lowest_q_within_tolerance,0.02,1.6640561033724066,3.053681692627593,5,"0.7,0.75,0.8,0.85,0.9"
77,10.1016/j.jpowsour.2010.12.040,3.695358381,BF4,EC:0.300+EMC:0.700,0.6108643020548935,28.73,1.025,28.73,1.025,0,0,0,0,1,1,0.3,0,0.0,0,0.0,0,0.0,0,0.0,1,0.7,Li,1.0,273.0109204,"[""EC"",""EMC""]","[0.3,0.7]",1,0.0,4,clustered,weighted_permittivity,0.7,0.7,lowest_q_within_tolerance,0.02,1.2825499364585564,2.4128084445414437,5,"0.7,0.75,0.8,0.85,0.9"
78,10.1016/j.jpowsour.2010.12.040,2.800557959,BF4,EC:0.300+EMC:0.700,0.6108643020548935,28.73,1.025,28.73,1.025,0,0,0,0,1,1,0.3,0,0.0,0,0.0,0,0.0,0,0.0,1,0.7,Li,1.0,263.2220822,"[""EC"",""EMC""]","[0.3,0.7]",1,0.0,4,clustered,weighted_permittivity,0.7,0.7,lowest_q_within_tolerance,0.02,0.9629088763154932,1.8376490826845067,5,"0.7,0.75,0.8,0.85,0.9"
79,10.1016/j.jpowsour.2010.12.040,1.973767943,BF4,EC:0.300+EMC:0.700,0.6108643020548935,28.73,1.025,28.73,1.025,0,0,0,0,1,1,0.3,0,0.0,0,0.0,0,0.0,0,0.0,1,0.7,Li,1.0,253.1956308,"[""EC"",""EMC""]","[0.3,0.7]",1,0.0,4,clustered,weighted_permittivity,0.7,0.7,lowest_q_within_tolerance,0.02,0.14558233772884055,1.8281856052711594,5,"0.7,0.75,0.8,0.85,0.9"
120,10.1016/j.jpowsour.2011.07.071,9.066666667,TFSI,EC:0.200+DMC:0.800,0.5004024235381879,20.28,0.852,20.28,0.852,0,0,1,0,0,1,0.2,0,0.0,0,0.0,1,0.8,0,0.0,0,0.0,Li,1.0,298.0,"[""EC"",""DMC""]","[0.2,0.8]",1,0.0,4,clustered,weighted_permittivity,0.7,0.7,lowest_q_within_tolerance,0.02,0.8216843689678406,8.24498229803216,5,"0.7,0.75,0.8,0.85,0.9"
121,10.1016/j.jpowsour.2011.07.071,9.3,TFSI,EC:0.250+DMC:0.750,0.5623351446188083,24.575,0.9175,24.575,0.9175,0,0,1,0,0,1,0.25,0,0.0,0,0.0,1,0.75,0,0.0,0,0.0,Li,1.0,298.0,"[""EC"",""DMC""]","[0.25,0.75]",1,0.0,4,clustered,weighted_permittivity,0.7,0.7,lowest_q_within_tolerance,0.02,1.0743373735252284,8.225662626474772,5,"0.7,0.75,0.8,0.85,0.9"
122,10.1016/j.jpowsour.2011.07.071,9.373333333,TFSI,EC:0.300+DMC:0.700,0.6108643020548935,28.87,0.983,28.87,0.983,0,0,1,0,0,1,0.3,0,0.0,0,0.0,1,0.7,0,0.0,0,0.0,Li,1.0,298.0,"[""EC"",""DMC""]","[0.3,0.7]",1,0.0,4,clustered,weighted_permittivity,0.7,0.7,lowest_q_within_tolerance,0.02,1.1587949484036617,8.214538384596338,5,"0.7,0.75,0.8,0.85,0.9"
4363,10.1149/1.1466857,0.551948052,PF6,EC:0.300+EMC:0.700,0.6108643020548935,28.73,1.025,28.73,1.025,1,0,0,0,0,1,0.3,0,0.0,0,0.0,0,0.0,0,0.0,1,0.7,Li,1.0,222.7274648,"[""EC"",""EMC""]","[0.3,0.7]",1,0.0,4,clustered,weighted_permittivity,0.9,0.9,lowest_q_within_tolerance,0.02,0.3557557978548601,0.9077038498548601,5,"0.7,0.75,0.8,0.85,0.9"
4364,10.1149/1.1466857,1.038961039,PF6,EC:0.300+EMC:0.700,0.6108643020548935,28.73,1.025,28.73,1.025,1,0,0,0,0,1,0.3,0,0.0,0,0.0,0,0.0,0,0.0,1,0.7,Li,1.0,232.5866197,"[""EC"",""EMC""]","[0.3,0.7]",1,0.0,4,clustered,weighted_permittivity,0.8,0.8,lowest_q_within_tolerance,0.02,0.01921570897034841,1.0712724039607529,5,"0.7,0.75,0.8,0.85,0.9"
4365,10.1149/1.1466857,1.818181818,PF6,EC:0.300+EMC:0.700,0.6108643020548935,28.73,1.025,28.73,1.025,1,0,0,0,0,1,0.3,0,0.0,0,0.0,0,0.0,0,0.0,1,0.7,Li,1.0,243.0091549,"[""EC"",""EMC""]","[0.3,0.7]",1,0.0,4,clustered,weighted_permittivity,0.7,0.7,lowest_q_within_tolerance,0.02,0.13456008071982617,1.6836217372801738,5,"0.7,0.75,0.8,0.85,0.9"
4366,10.1149/1.1466857,2.824675325,PF6,EC:0.300+EMC:0.700,0.6108643020548935,28.73,1.025,28.73,1.025,1,0,0,0,0,1,0.3,0,0.0,0,0.0,0,0.0,0,0.0,1,0.7,Li,1.0,252.8683099,"[""EC"",""EMC""]","[0.3,0.7]",1,0.0,4,clustered,weighted_permittivity,0.7,0.7,lowest_q_within_tolerance,0.02,1.0415966692714949,1.783078655728505,5,"0.7,0.75,0.8,0.85,0.9"
4367,10.1149/1.1466857,3.928571429,PF6,EC:0.300+EMC:0.700,0.6108643020548935,28.73,1.025,28.73,1.025,1,0,0,0,0,1,0.3,0,0.0,0,0.0,0,0.0,0,0.0,1,0.7,Li,1.0,263.0091549,"[""EC"",""EMC""]","[0.3,0.7]",1,0.0,4,clustered,weighted_permittivity,0.7,0.7,lowest_q_within_tolerance,0.02,2.156464904622381,1.7721065243776188,5,"0.7,0.75,0.8,0.85,0.9"
4368,10.1149/1.1466857,5.162337662,PF6,EC:0.300+EMC:0.700,0.6108643020548935,28.73,1.025,28.73,1.025,1,0,0,0,0,1,0.3,0,0.0,0,0.0,0,0.0,0,0.0,1,0.7,Li,1.0,272.8683099,"[""EC"",""EMC""]","[0.3,0.7]",1,0.0,4,clustered,weighted_permittivity,0.7,0.7,lowest_q_within_tolerance,0.02,2.8584246843146364,2.3039129776853633,5,"0.7,0.75,0.8,0.85,0.9"
4369,10.1149/1.1466857,6.493506494,PF6,EC:0.300+EMC:0.700,0.6108643020548935,28.73,1.025,28.73,1.025,1,0,0,0,0,1,0.3,0,0.0,0,0.0,0,0.0,0,0.0,1,0.7,Li,1.0,283.0091549,"[""EC"",""EMC""]","[0.3,0.7]",1,0.0,4,clustered,weighted_permittivity,0.7,0.7,lowest_q_within_tolerance,0.02,3.54770525526341,2.94580123873659,5,"0.7,0.75,0.8,0.85,0.9"
4370,10.1149/1.1466857,7.954545455,PF6,EC:0.300+EMC:0.700,0.6108643020548935,28.73,1.025,28.73,1.025,1,0,0,0,0,1,0.3,0,0.0,0,0.0,0,0.0,0,0.0,1,0.7,Li,1.0,292.8683099,"[""EC"",""EMC""]","[0.3,0.7]",1,0.0,4,clustered,weighted_permittivity,0.7,0.7,lowest_q_within_tolerance,0.02,4.598363446439354,3.356182008560646,5,"0.7,0.75,0.8,0.85,0.9"
4371,10.1149/1.1466857,9.545454545,PF6,EC:0.300+EMC:0.700,0.6108643020548935,28.73,1.025,28.73,1.025,1,0,0,0,0,1,0.3,0,0.0,0,0.0,0,0.0,0,0.0,1,0.7,Li,1.0,303.0091549,"[""EC"",""EMC""]","[0.3,0.7]",1,0.0,4,clustered,weighted_permittivity,0.7,0.7,lowest_q_within_tolerance,0.02,5.80324446681149,3.7422100781885104,5,"0.7,0.75,0.8,0.85,0.9"
4372,10.1149/1.1466857,11.16883117,PF6,EC:0.300+EMC:0.700,0.6108643020548935,28.73,1.025,28.73,1.025,1,0,0,0,0,1,0.3,0,0.0,0,0.0,0,0.0,0,0.0,1,0.7,Li,1.0,312.8683099,"[""EC"",""EMC""]","[0.3,0.7]",1,0.0,4,clustered,weighted_permittivity,0.7,0.7,lowest_q_within_tolerance,0.02,7.269951297138594,3.898879872861407,5,"0.7,0.75,0.8,0.85,0.9"
4373,10.1149/1.1466857,12.5974026,PF6,EC:0.300+EMC:0.700,0.6108643020548935,28.73,1.025,28.73,1.025,1,0,0,0,0,1,0.3,0,0.0,0,0.0,0,0.0,0,0.0,1,0.7,Li,1.0,323.0091549,"[""EC"",""EMC""]","[0.3,0.7]",1,0.0,4,clustered,weighted_permittivity,0.7,0.7,lowest_q_within_tolerance,0.02,8.480612650786506,4.116789949213494,5,"0.7,0.75,0.8,0.85,0.9"
4374,10.1149/1.1466857,14.05844156,PF6,EC:0.300+EMC:0.700,0.6108643020548935,28.73,1.025,28.73,1.025,1,0,0,0,0,1,0.3,0,0.0,0,0.0,0,0.0,0,0.0,1,0.7,Li,1.0,333.15,"[""EC"",""EMC""]","[0.3,0.7]",1,0.0,4,clustered,weighted_permittivity,0.7,0.7,lowest_q_within_tolerance,0.02,9.506730203306947,4.551711356693053,5,"0.7,0.75,0.8,0.85,0.9"
4375,10.1149/1.1466857,0.12987013,BF4,EC:0.300+EMC:0.700,0.6108643020548935,28.73,1.025,28.73,1.025,0,0,0,0,1,1,0.3,0,0.0,0,0.0,0,0.0,0,0.0,1,0.7,Li,1.0,222.4457746,"[""EC"",""EMC""]","[0.3,0.7]",1,0.0,4,clustered,weighted_permittivity,0.9,0.9,lowest_q_within_tolerance,0.02,0.7540328078057097,0.8839029378057097,5,"0.7,0.75,0.8,0.85,0.9"
4376,10.1149/1.1466857,0.454545455,BF4,EC:0.300+EMC:0.700,0.6108643020548935,28.73,1.025,28.73,1.025,0,0,0,0,1,1,0.3,0,0.0,0,0.0,0,0.0,0,0.0,1,0.7,Li,1.0,232.5866197,"[""EC"",""EMC""]","[0.3,0.7]",1,0.0,4,clustered,weighted_permittivity,0.9,0.9,lowest_q_within_tolerance,0.02,0.5061392697666326,0.9606847247666326,5,"0.7,0.75,0.8,0.85,0.9"
4377,10.1149/1.1466857,0.714285714,BF4,EC:0.300+EMC:0.700,0.6108643020548935,28.73,1.025,28.73,1.025,0,0,0,0,1,1,0.3,0,0.0,0,0.0,0,0.0,0,0.0,1,0.7,Li,1.0,243.0091549,"[""EC"",""EMC""]","[0.3,0.7]",1,0.0,4,clustered,weighted_permittivity,0.9,0.9,lowest_q_within_tolerance,0.02,0.32160541577660007,1.0358911297766,5,"0.7,0.75,0.8,0.85,0.9"
4378,10.1149/1.1466857,0.974025974,BF4,EC:0.300+EMC:0.700,0.6108643020548935,28.73,1.025,28.73,1.025,0,0,0,0,1,1,0.3,0,0.0,0,0.0,0,0.0,0,0.0,1,0.7,Li,1.0,252.8683099,"[""EC"",""EMC""]","[0.3,0.7]",1,0.0,4,clustered,weighted_permittivity,0.9,0.9,lowest_q_within_tolerance,0.02,0.12054184814748303,1.094567822147483,5,"0.7,0.75,0.8,0.85,0.9"
4379,10.1149/1.1466857,1.233766234,BF4,EC:0.300+EMC:0.700,0.6108643020548935,28.73,1.025,28.73,1.025,0,0,0,0,1,1,0.3,0,0.0,0,0.0,0,0.0,0,0.0,1,0.7,Li,1.0,263.0091549,"[""EC"",""EMC""]","[0.3,0.7]",1,0.0,4,clustered,weighted_permittivity,0.8,0.8,lowest_q_within_tolerance,0.02,0.003871693790499009,1.229894540209501,5,"0.7,0.75,0.8,0.85,0.9"
4380,10.1149/1.1466857,1.720779221,BF4,EC:0.300+EMC:0.700,0.6108643020548935,28.73,1.025,28.73,1.025,0,0,0,0,1,1,0.3,0,0.0,0,0.0,0,0.0,0,0.0,1,0.7,Li,1.0,272.8683099,"[""EC"",""EMC""]","[0.3,0.7]",1,0.0,4,clustered,weighted_permittivity,0.8,0.8,lowest_q_within_tolerance,0.02,0.07834308621555319,1.6424361347844467,5,"0.7,0.75,0.8,0.85,0.9"
4381,10.1149/1.1466857,2.045454545,BF4,EC:0.300+EMC:0.700,0.6108643020548935,28.73,1.025,28.73,1.025,0,0,0,0,1,1,0.3,0,0.0,0,0.0,0,0.0,0,0.0,1,0.7,Li,1.0,283.2908451,"[""EC"",""EMC""]","[0.3,0.7]",1,0.0,4,clustered,weighted_permittivity,0.85,0.85,lowest_q_within_tolerance,0.02,0.031312658596792,2.014141886403208,5,"0.7,0.75,0.8,0.85,0.9"
4382,10.1149/1.1466857,2.564935065,BF4,EC:0.300+EMC:0.700,0.6108643020548935,28.73,1.025,28.73,1.025,0,0,0,0,1,1,0.3,0,0.0,0,0.0,0,0.0,0,0.0,1,0.7,Li,1.0,293.15,"[""EC"",""EMC""]","[0.3,0.7]",1,0.0,4,clustered,weighted_permittivity,0.8,0.8,lowest_q_within_tolerance,0.02,0.14775667083302624,2.4171783941669736,5,"0.7,0.75,0.8,0.85,0.9"
4383,10.1149/1.1466857,3.084415584,BF4,EC:0.300+EMC:0.700,0.6108643020548935,28.73,1.025,28.73,1.025,0,0,0,0,1,1,0.3,0,0.0,0,0.0,0,0.0,0,0.0,1,0.7,Li,1.0,303.0091549,"[""EC"",""EMC""]","[0.3,0.7]",1,0.0,4,clustered,weighted_permittivity,0.75,0.75,lowest_q_within_tolerance,0.02,0.30306015246331697,3.387475736463317,5,"0.7,0.75,0.8,0.85,0.9"
4384,10.1149/1.1466857,3.506493506,BF4,EC:0.300+EMC:0.700,0.6108643020548935,28.73,1.025,28.73,1.025,0,0,0,0,1,1,0.3,0,0.0,0,0.0,0,0.0,0,0.0,1,0.7,Li,1.0,312.8683099,"[""EC"",""EMC""]","[0.3,0.7]",1,0.0,4,clustered,weighted_permittivity,0.75,0.75,lowest_q_within_tolerance,0.02,0.0014568017650420373,3.507950307765042,5,"0.7,0.75,0.8,0.85,0.9"
4385,10.1149/1.1466857,3.928571429,BF4,EC:0.300+EMC:0.700,0.6108643020548935,28.73,1.025,28.73,1.025,0,0,0,0,1,1,0.3,0,0.0,0,0.0,0,0.0,0,0.0,1,0.7,Li,1.0,323.2908451,"[""EC"",""EMC""]","[0.3,0.7]",1,0.0,4,clustered,weighted_permittivity,0.7,0.7,lowest_q_within_tolerance,0.02,0.26706357491284116,4.206371126376892,5,"0.7,0.75,0.8,0.85,0.9"
4386,10.1149/1.1466857,4.220779221,BF4,EC:0.300+EMC:0.700,0.6108643020548935,28.73,1.025,28.73,1.025,0,0,0,0,1,1,0.3,0,0.0,0,0.0,0,0.0,0,0.0,1,0.7,Li,1.0,333.15,"[""EC"",""EMC""]","[0.3,0.7]",1,0.0,4,clustered,weighted_permittivity,0.75,0.75,lowest_q_within_tolerance,0.02,0.18401924961530902,4.036759971384691,5,"0.7,0.75,0.8,0.85,0.9"
11918,10.1149/2.0571912jes,1.417,PF6,EC:0.300+EMC:0.700,0.6108643020548935,28.73,1.025,3.1890300000000003,0.1137749999999999,1,0,0,0,0,1,0.3,0,0.0,0,0.0,0,0.0,0,0.0,1,0.7,Li,0.111,263.15,"[""EC"",""EMC""]","[0.3,0.7]",1,0.0,4,clustered,weighted_permittivity,0.9,0.9,lowest_q_within_tolerance,0.02,0.06307833532007856,1.4800783353200786,5,"0.7,0.75,0.8,0.85,0.9"
11919,10.1149/2.0571912jes,3.784,PF6,EC:0.300+EMC:0.700,0.6108643020548935,28.73,1.025,14.33627,0.5114749999999999,1,0,0,0,0,1,0.3,0,0.0,0,0.0,0,0.0,0,0.0,1,0.7,Li,0.499,263.15,"[""EC"",""EMC""]","[0.3,0.7]",1,0.0,4,clustered,weighted_permittivity,0.7,0.7,lowest_q_within_tolerance,0.02,1.5123058874297026,2.271694112570297,5,"0.7,0.75,0.8,0.85,0.9"
11920,10.1149/2.0571912jes,4.185,PF6,EC:0.300+EMC:0.700,0.6108643020548935,28.73,1.025,28.58635,1.019875,1,0,0,0,0,1,0.3,0,0.0,0,0.0,0,0.0,0,0.0,1,0.7,Li,0.995,263.15,"[""EC"",""EMC""]","[0.3,0.7]",1,0.0,4,clustered,weighted_permittivity,0.7,0.7,lowest_q_within_tolerance,0.02,2.394504445012631,1.7904955549873685,5,"0.7,0.75,0.8,0.85,0.9"
11921,10.1149/2.0571912jes,3.11,PF6,EC:0.300+EMC:0.700,0.6108643020548935,28.73,1.025,43.095,1.5375,1,0,0,0,0,1,0.3,0,0.0,0,0.0,0,0.0,0,0.0,1,0.7,Li,1.5,263.15,"[""EC"",""EMC""]","[0.3,0.7]",1,0.0,4,clustered,weighted_permittivity,0.7,0.7,lowest_q_within_tolerance,0.02,1.7669253972714893,1.3430746027285105,5,"0.7,0.75,0.8,0.85,0.9"
11922,10.1149/2.0571912jes,1.665,PF6,EC:0.300+EMC:0.700,0.6108643020548935,28.73,1.025,57.373810000000006,2.046925,1,0,0,0,0,1,0.3,0,0.0,0,0.0,0,0.0,0,0.0,1,0.7,Li,1.997,263.15,"[""EC"",""EMC""]","[0.3,0.7]",1,0.0,4,clustered,weighted_permittivity,0.7,0.7,lowest_q_within_tolerance,0.02,0.6971538373464401,0.9678461626535599,5,"0.7,0.75,0.8,0.85,0.9"
11923,10.1149/2.0571912jes,0.35,PF6,EC:0.300+EMC:0.700,0.6108643020548935,28.73,1.025,86.24745999999999,3.0770499999999994,1,0,0,0,0,1,0.3,0,0.0,0,0.0,0,0.0,0,0.0,1,0.7,Li,3.002,263.15,"[""EC"",""EMC""]","[0.3,0.7]",1,0.0,4,clustered,weighted_permittivity,0.8,0.8,lowest_q_within_tolerance,0.02,0.04617423615226024,0.3973786118417889,5,"0.7,0.75,0.8,0.85,0.9"
11924,10.1149/2.0571912jes,1.631,PF6,EC:0.300+EMC:0.700,0.6108643020548935,28.73,1.025,2.98792,0.1065999999999999,1,0,0,0,0,1,0.3,0,0.0,0,0.0,0,0.0,0,0.0,1,0.7,Li,0.104,273.15,"[""EC"",""EMC""]","[0.3,0.7]",1,0.0,4,clustered,weighted_permittivity,0.9,0.9,lowest_q_within_tolerance,0.02,0.26328809894529015,1.8942880989452902,5,"0.7,0.75,0.8,0.85,0.9"
11925,10.1149/2.0571912jes,4.697,PF6,EC:0.300+EMC:0.700,0.6108643020548935,28.73,1.025,14.02024,0.5002,1,0,0,0,0,1,0.3,0,0.0,0,0.0,0,0.0,0,0.0,1,0.7,Li,0.488,273.15,"[""EC"",""EMC""]","[0.3,0.7]",1,0.0,4,clustered,weighted_permittivity,0.7,0.7,lowest_q_within_tolerance,0.02,1.7754309654315246,2.9215690345684755,5,"0.7,0.75,0.8,0.85,0.9"
11926,10.1149/2.0571912jes,5.39,PF6,EC:0.300+EMC:0.700,0.6108643020548935,28.73,1.025,28.61508,1.0209,1,0,0,0,0,1,0.3,0,0.0,0,0.0,0,0.0,0,0.0,1,0.7,Li,0.996,273.15,"[""EC"",""EMC""]","[0.3,0.7]",1,0.0,4,clustered,weighted_permittivity,0.7,0.7,lowest_q_within_tolerance,0.02,3.036475872434303,2.353524127565697,5,"0.7,0.75,0.8,0.85,0.9"
11927,10.1149/2.0571912jes,4.276,PF6,EC:0.300+EMC:0.700,0.6108643020548935,28.73,1.025,42.98008,1.5334,1,0,0,0,0,1,0.3,0,0.0,0,0.0,0,0.0,0,0.0,1,0.7,Li,1.496,273.15,"[""EC"",""EMC""]","[0.3,0.7]",1,0.0,4,clustered,weighted_permittivity,0.7,0.7,lowest_q_within_tolerance,0.02,2.4602457247728933,1.8157542752271065,5,"0.7,0.75,0.8,0.85,0.9"
11928,10.1149/2.0571912jes,2.637,PF6,EC:0.300+EMC:0.700,0.6108643020548935,28.73,1.025,57.431270000000005,2.048975,1,0,0,0,0,1,0.3,0,0.0,0,0.0,0,0.0,0,0.0,1,0.7,Li,1.999,273.15,"[""EC"",""EMC""]","[0.3,0.7]",1,0.0,4,clustered,weighted_permittivity,0.7,0.7,lowest_q_within_tolerance,0.02,1.243592554524193,1.393407445475807,5,"0.7,0.75,0.8,0.85,0.9"
11929,10.1149/2.0571912jes,0.855,PF6,EC:0.300+EMC:0.700,0.6108643020548935,28.73,1.025,86.13254,3.07295,1,0,0,0,0,1,0.3,0,0.0,0,0.0,0,0.0,0,0.0,1,0.7,Li,2.998,273.15,"[""EC"",""EMC""]","[0.3,0.7]",1,0.0,4,clustered,weighted_permittivity,0.7,0.7,lowest_q_within_tolerance,0.02,0.003055628353608064,0.8519443716463919,5,"0.7,0.75,0.8,0.85,0.9"
11930,10.1149/2.0571912jes,2.137,PF6,EC:0.300+EMC:0.700,0.6108643020548935,28.73,1.025,2.93046,0.1045499999999999,1,0,0,0,0,1,0.3,0,0.0,0,0.0,0,0.0,0,0.0,1,0.7,Li,0.102,283.15,"[""EC"",""EMC""]","[0.3,0.7]",1,0.0,4,clustered,weighted_permittivity,0.9,0.9,lowest_q_within_tolerance,0.02,0.1900664244175725,2.3270664244175725,5,"0.7,0.75,0.8,0.85,0.9"
11931,10.1149/2.0571912jes,5.63,PF6,EC:0.300+EMC:0.700,0.6108643020548935,28.73,1.025,14.27881,0.5094249999999999,1,0,0,0,0,1,0.3,0,0.0,0,0.0,0,0.0,0,0.0,1,0.7,Li,0.497,283.15,"[""EC"",""EMC""]","[0.3,0.7]",1,0.0,4,clustered,weighted_permittivity,0.7,0.7,lowest_q_within_tolerance,0.02,1.9928244313269303,3.6371755686730696,5,"0.7,0.75,0.8,0.85,0.9"
11932,10.1149/2.0571912jes,6.77,PF6,EC:0.300+EMC:0.700,0.6108643020548935,28.73,1.025,28.55762,1.0188499999999998,1,0,0,0,0,1,0.3,0,0.0,0,0.0,0,0.0,0,0.0,1,0.7,Li,0.994,283.15,"[""EC"",""EMC""]","[0.3,0.7]",1,0.0,4,clustered,weighted_permittivity,0.7,0.7,lowest_q_within_tolerance,0.02,3.799067047310273,2.9709329526897266,5,"0.7,0.75,0.8,0.85,0.9"
11933,10.1149/2.0571912jes,5.656,PF6,EC:0.300+EMC:0.700,0.6108643020548935,28.73,1.025,43.03754,1.5354499999999998,1,0,0,0,0,1,0.3,0,0.0,0,0.0,0,0.0,0,0.0,1,0.7,Li,1.498,283.15,"[""EC"",""EMC""]","[0.3,0.7]",1,0.0,4,clustered,weighted_permittivity,0.7,0.7,lowest_q_within_tolerance,0.02,3.3155440631609774,2.3404559368390223,5,"0.7,0.75,0.8,0.85,0.9"
11934,10.1149/2.0571912jes,3.725,PF6,EC:0.300+EMC:0.700,0.6108643020548935,28.73,1.025,57.373810000000006,2.046925,1,0,0,0,0,1,0.3,0,0.0,0,0.0,0,0.0,0,0.0,1,0.7,Li,1.997,283.15,"[""EC"",""EMC""]","[0.3,0.7]",1,0.0,4,clustered,weighted_permittivity,0.7,0.7,lowest_q_within_tolerance,0.02,1.8617662708921963,1.8632337291078038,5,"0.7,0.75,0.8,0.85,0.9"
11935,10.1149/2.0571912jes,1.399,PF6,EC:0.300+EMC:0.700,0.6108643020548935,28.73,1.025,86.19,3.075,1,0,0,0,0,1,0.3,0,0.0,0,0.0,0,0.0,0,0.0,1,0.7,Li,3.0,283.15,"[""EC"",""EMC""]","[0.3,0.7]",1,0.0,4,clustered,weighted_permittivity,0.7,0.7,lowest_q_within_tolerance,0.02,0.16973224594770442,1.2292677540522956,5,"0.7,0.75,0.8,0.85,0.9"
11936,10.1149/2.0571912jes,2.467,PF6,EC:0.300+EMC:0.700,0.6108643020548935,28.73,1.025,2.93046,0.1045499999999999,1,0,0,0,0,1,0.3,0,0.0,0,0.0,0,0.0,0,0.0,1,0.7,Li,0.102,293.15,"[""EC"",""EMC""]","[0.3,0.7]",1,0.0,4,clustered,weighted_permittivity,0.9,0.9,lowest_q_within_tolerance,0.02,0.15860170736319956,2.6256017073631996,5,"0.7,0.75,0.8,0.85,0.9"
11937,10.1149/2.0571912jes,6.796,PF6,EC:0.300+EMC:0.700,0.6108643020548935,28.73,1.025,14.27881,0.5094249999999999,1,0,0,0,0,1,0.3,0,0.0,0,0.0,0,0.0,0,0.0,1,0.7,Li,0.497,293.15,"[""EC"",""EMC""]","[0.3,0.7]",1,0.0,4,clustered,weighted_permittivity,0.7,0.7,lowest_q_within_tolerance,0.02,2.663961981541692,4.132038018458308,5,"0.7,0.75,0.8,0.85,0.9"
11938,10.1149/2.0571912jes,8.267,PF6,EC:0.300+EMC:0.700,0.6108643020548935,28.73,1.025,28.67254,1.0229499999999998,1,0,0,0,0,1,0.3,0,0.0,0,0.0,0,0.0,0,0.0,1,0.7,Li,0.998,293.15,"[""EC"",""EMC""]","[0.3,0.7]",1,0.0,4,clustered,weighted_permittivity,0.7,0.7,lowest_q_within_tolerance,0.02,4.883910721969456,3.3830892780305435,5,"0.7,0.75,0.8,0.85,0.9"
11939,10.1149/2.0571912jes,7.172,PF6,EC:0.300+EMC:0.700,0.6108643020548935,28.73,1.025,43.06627,1.536475,1,0,0,0,0,1,0.3,0,0.0,0,0.0,0,0.0,0,0.0,1,0.7,Li,1.499,293.15,"[""EC"",""EMC""]","[0.3,0.7]",1,0.0,4,clustered,weighted_permittivity,0.7,0.7,lowest_q_within_tolerance,0.02,4.4527567347181485,2.7192432652818512,5,"0.7,0.75,0.8,0.85,0.9"
11940,10.1149/2.0571912jes,5.047,PF6,EC:0.300+EMC:0.700,0.6108643020548935,28.73,1.025,57.54619,2.053075,1,0,0,0,0,1,0.3,0,0.0,0,0.0,0,0.0,0,0.0,1,0.7,Li,2.003,293.15,"[""EC"",""EMC""]","[0.3,0.7]",1,0.0,4,clustered,weighted_permittivity,0.7,0.7,lowest_q_within_tolerance,0.02,2.861241910327276,2.185758089672724,5,"0.7,0.75,0.8,0.85,0.9"
11941,10.1149/2.0571912jes,2.216,PF6,EC:0.300+EMC:0.700,0.6108643020548935,28.73,1.025,86.19,3.075,1,0,0,0,0,1,0.3,0,0.0,0,0.0,0,0.0,0,0.0,1,0.7,Li,3.0,293.15,"[""EC"",""EMC""]","[0.3,0.7]",1,0.0,4,clustered,weighted_permittivity,0.7,0.7,lowest_q_within_tolerance,0.02,0.7060692994062805,1.5099307005937197,5,"0.7,0.75,0.8,0.85,0.9"
11942,10.1149/2.0571912jes,2.739,PF6,EC:0.300+EMC:0.700,0.6108643020548935,28.73,1.025,2.93046,0.1045499999999999,1,0,0,0,0,1,0.3,0,0.0,0,0.0,0,0.0,0,0.0,1,0.7,Li,0.102,303.15,"[""EC"",""EMC""]","[0.3,0.7]",1,0.0,4,clustered,weighted_permittivity,0.9,0.9,lowest_q_within_tolerance,0.02,0.18889653756539992,2.9278965375654,5,"0.7,0.75,0.8,0.85,0.9"
11943,10.1149/2.0571912jes,7.613,PF6,EC:0.300+EMC:0.700,0.6108643020548935,28.73,1.025,14.33627,0.5114749999999999,1,0,0,0,0,1,0.3,0,0.0,0,0.0,0,0.0,0,0.0,1,0.7,Li,0.499,303.15,"[""EC"",""EMC""]","[0.3,0.7]",1,0.0,4,clustered,weighted_permittivity,0.7,0.7,lowest_q_within_tolerance,0.02,3.0457554264693547,4.567244573530646,5,"0.7,0.75,0.8,0.85,0.9"
11944,10.1149/2.0571912jes,9.764,PF6,EC:0.300+EMC:0.700,0.6108643020548935,28.73,1.025,28.61508,1.0209,1,0,0,0,0,1,0.3,0,0.0,0,0.0,0,0.0,0,0.0,1,0.7,Li,0.996,303.15,"[""EC"",""EMC""]","[0.3,0.7]",1,0.0,4,clustered,weighted_permittivity,0.7,0.7,lowest_q_within_tolerance,0.02,5.990332023091219,3.77366797690878,5,"0.7,0.75,0.8,0.85,0.9"
11945,10.1149/2.0571912jes,8.688,PF6,EC:0.300+EMC:0.700,0.6108643020548935,28.73,1.025,43.12373,1.5385249999999997,1,0,0,0,0,1,0.3,0,0.0,0,0.0,0,0.0,0,0.0,1,0.7,Li,1.501,303.15,"[""EC"",""EMC""]","[0.3,0.7]",1,0.0,4,clustered,weighted_permittivity,0.7,0.7,lowest_q_within_tolerance,0.02,5.644677015355962,3.043322984644039,5,"0.7,0.75,0.8,0.85,0.9"
11946,10.1149/2.0571912jes,6.466,PF6,EC:0.300+EMC:0.700,0.6108643020548935,28.73,1.025,57.57492,2.0541,1,0,0,0,0,1,0.3,0,0.0,0,0.0,0,0.0,0,0.0,1,0.7,Li,2.004,303.15,"[""EC"",""EMC""]","[0.3,0.7]",1,0.0,4,clustered,weighted_permittivity,0.7,0.7,lowest_q_within_tolerance,0.02,3.982453295192662,2.4835467048073383,5,"0.7,0.75,0.8,0.85,0.9"
11947,10.1149/2.0571912jes,3.246,PF6,EC:0.300+EMC:0.700,0.6108643020548935,28.73,1.025,86.07508,3.0708999999999995,1,0,0,0,0,1,0.3,0,0.0,0,0.0,0,0.0,0,0.0,1,0.7,Li,2.996,303.15,"[""EC"",""EMC""]","[0.3,0.7]",1,0.0,4,clustered,weighted_permittivity,0.7,0.7,lowest_q_within_tolerance,0.02,1.4936880782018935,1.7523119217981065,5,"0.7,0.75,0.8,0.85,0.9"
11948,10.1149/2.0571912jes,3.381,PF6,EC:0.300+EMC:0.700,0.6108643020548935,28.73,1.025,2.93046,0.1045499999999999,1,0,0,0,0,1,0.3,0,0.0,0,0.0,0,0.0,0,0.0,1,0.7,Li,0.102,313.15,"[""EC"",""EMC""]","[0.3,0.7]",1,0.0,4,clustered,weighted_permittivity,0.85,0.85,lowest_q_within_tolerance,0.02,0.0726778136246291,3.3083221863753707,5,"0.7,0.75,0.8,0.85,0.9"
11949,10.1149/2.0571912jes,9.07,PF6,EC:0.300+EMC:0.700,0.6108643020548935,28.73,1.025,14.27881,0.5094249999999999,1,0,0,0,0,1,0.3,0,0.0,0,0.0,0,0.0,0,0.0,1,0.7,Li,0.497,313.15,"[""EC"",""EMC""]","[0.3,0.7]",1,0.0,4,clustered,weighted_permittivity,0.7,0.7,lowest_q_within_tolerance,0.02,4.297870776138618,4.772129223861382,5,"0.7,0.75,0.8,0.85,0.9"
11950,10.1149/2.0571912jes,11.513,PF6,EC:0.300+EMC:0.700,0.6108643020548935,28.73,1.025,28.61508,1.0209,1,0,0,0,0,1,0.3,0,0.0,0,0.0,0,0.0,0,0.0,1,0.7,Li,0.996,313.15,"[""EC"",""EMC""]","[0.3,0.7]",1,0.0,4,clustered,weighted_permittivity,0.7,0.7,lowest_q_within_tolerance,0.02,7.581622944529148,3.9313770554708523,5,"0.7,0.75,0.8,0.85,0.9"
11951,10.1149/2.0571912jes,10.748,PF6,EC:0.300+EMC:0.700,0.6108643020548935,28.73,1.025,42.86516,1.5293,1,0,0,0,0,1,0.3,0,0.0,0,0.0,0,0.0,0,0.0,1,0.7,Li,1.492,313.15,"[""EC"",""EMC""]","[0.3,0.7]",1,0.0,4,clustered,weighted_permittivity,0.7,0.7,lowest_q_within_tolerance,0.02,7.560171886486042,3.1878281135139566,5,"0.7,0.75,0.8,0.85,0.9"
11952,10.1149/2.0571912jes,8.312,PF6,EC:0.300+EMC:0.700,0.6108643020548935,28.73,1.025,57.51745999999999,2.0520499999999995,1,0,0,0,0,1,0.3,0,0.0,0,0.0,0,0.0,0,0.0,1,0.7,Li,2.002,313.15,"[""EC"",""EMC""]","[0.3,0.7]",1,0.0,4,clustered,weighted_permittivity,0.7,0.7,lowest_q_within_tolerance,0.02,5.717953577879968,2.594046422120031,5,"0.7,0.75,0.8,0.85,0.9"
11953,10.1149/2.0571912jes,4.373,PF6,EC:0.300+EMC:0.700,0.6108643020548935,28.73,1.025,86.07508,3.0708999999999995,1,0,0,0,0,1,0.3,0,0.0,0,0.0,0,0.0,0,0.0,1,0.7,Li,2.996,313.15,"[""EC"",""EMC""]","[0.3,0.7]",1,0.0,4,clustered,weighted_permittivity,0.7,0.7,lowest_q_within_tolerance,0.02,2.5630323735776934,1.8099676264223068,5,"0.7,0.75,0.8,0.85,0.9"
11954,10.1149/2.0571912jes,3.556,PF6,EC:0.300+EMC:0.700,0.6108643020548935,28.73,1.025,2.75808,0.0983999999999999,1,0,0,0,0,1,0.3,0,0.0,0,0.0,0,0.0,0,0.0,1,0.7,Li,0.096,323.15,"[""EC"",""EMC""]","[0.3,0.7]",1,0.0,4,clustered,weighted_permittivity,0.85,0.85,lowest_q_within_tolerance,0.02,0.21481460043042944,3.3411853995695706,5,"0.7,0.75,0.8,0.85,0.9"
11955,10.1149/2.0571912jes,9.537,PF6,EC:0.300+EMC:0.700,0.6108643020548935,28.73,1.025,14.27881,0.5094249999999999,1,0,0,0,0,1,0.3,0,0.0,0,0.0,0,0.0,0,0.0,1,0.7,Li,0.497,323.15,"[""EC"",""EMC""]","[0.3,0.7]",1,0.0,4,clustered,weighted_permittivity,0.7,0.7,lowest_q_within_tolerance,0.02,4.508117160510346,5.028882839489655,5,"0.7,0.75,0.8,0.85,0.9"
11956,10.1149/2.0571912jes,13.029,PF6,EC:0.300+EMC:0.700,0.6108643020548935,28.73,1.025,28.70127,1.023975,1,0,0,0,0,1,0.3,0,0.0,0,0.0,0,0.0,0,0.0,1,0.7,Li,0.999,323.15,"[""EC"",""EMC""]","[0.3,0.7]",1,0.0,4,clustered,weighted_permittivity,0.7,0.7,lowest_q_within_tolerance,0.02,8.912210050786506,4.116789949213494,5,"0.7,0.75,0.8,0.85,0.9"
11957,10.1149/2.0571912jes,11.934,PF6,EC:0.300+EMC:0.700,0.6108643020548935,28.73,1.025,43.00881,1.534425,1,0,0,0,0,1,0.3,0,0.0,0,0.0,0,0.0,0,0.0,1,0.7,Li,1.497,323.15,"[""EC"",""EMC""]","[0.3,0.7]",1,0.0,4,clustered,weighted_permittivity,0.7,0.7,lowest_q_within_tolerance,0.02,8.578046447103496,3.3559535528965037,5,"0.7,0.75,0.8,0.85,0.9"
11958,10.1149/2.0571912jes,9.44,PF6,EC:0.300+EMC:0.700,0.6108643020548935,28.73,1.025,57.25889,2.042825,1,0,0,0,0,1,0.3,0,0.0,0,0.0,0,0.0,0,0.0,1,0.7,Li,1.993,323.15,"[""EC"",""EMC""]","[0.3,0.7]",1,0.0,4,clustered,weighted_permittivity,0.7,0.7,lowest_q_within_tolerance,0.02,6.66928747959412,2.7707125204058793,5,"0.7,0.75,0.8,0.85,0.9"
11959,10.1149/2.0571912jes,5.617,PF6,EC:0.300+EMC:0.700,0.6108643020548935,28.73,1.025,86.07508,3.0708999999999995,1,0,0,0,0,1,0.3,0,0.0,0,0.0,0,0.0,0,0.0,1,0.7,Li,2.996,323.15,"[""EC"",""EMC""]","[0.3,0.7]",1,0.0,4,clustered,weighted_permittivity,0.7,0.7,lowest_q_within_tolerance,0.02,3.7217551289839177,1.8952448710160823,5,"0.7,0.75,0.8,0.85,0.9"
127,10.1016/j.jpowsour.2011.07.071,8.666666667,TFSI,EC:0.800+DMC:0.200,0.5004024235381879,71.82000000000001,1.638,71.82000000000001,1.638,0,0,1,0,0,1,0.8,0,0.0,0,0.0,1,0.2,0,0.0,0,0.0,Li,1.0,298.0,"[""EC"",""DMC""]","[0.8,0.2]",1,0.0,5,clustered,weighted_permittivity,0.7,0.7,lowest_q_within_tolerance,0.02,2.216762914193059,6.44990375280694,5,"0.7,0.75,0.8,0.85,0.9"
128,10.1016/j.jpowsour.2011.07.071,7.906666667,TFSI,EC:1.000,-0.0,89.0,1.9,89.0,1.9,0,0,1,0,0,1,1.0,0,0.0,0,0.0,0,0.0,0,0.0,0,0.0,Li,1.0,298.0,"[""EC""]",[1.0],1,0.0,5,clustered,weighted_permittivity,0.7,0.7,lowest_q_within_tolerance,0.02,3.631558331946758,4.2751083350532415,5,"0.7,0.75,0.8,0.85,0.9"
13616,10.1016/0378-7753(91)80004-H,0.01,PF6,EC:0.500+PC:0.500,0.6931471805599453,76.95,2.215,76.95,2.215,1,0,0,0,0,1,0.5,1,0.5,0,0.0,0,0.0,0,0.0,0,0.0,Li,1.0,213.15,"[""EC"",""PC""]","[0.5,0.5]",1,0.0,5,clustered,weighted_permittivity,0.8,0.8,lowest_q_within_tolerance,0.02,0.09502730988343318,0.1170269248216191,5,"0.7,0.75,0.8,0.85,0.9"
13619,10.1016/0378-7753(91)80004-H,0.05,PF6,EC:0.500+PC:0.500,0.6931471805599453,76.95,2.215,76.95,2.215,1,0,0,0,0,1,0.5,1,0.5,0,0.0,0,0.0,0,0.0,0,0.0,Li,1.0,223.15,"[""EC"",""PC""]","[0.5,0.5]",1,0.0,5,clustered,weighted_permittivity,0.85,0.85,lowest_q_within_tolerance,0.02,0.14792300987227713,0.19792300987227712,5,"0.7,0.75,0.8,0.85,0.9"
13622,10.1016/0378-7753(91)80004-H,0.23,PF6,EC:0.500+PC:0.500,0.6931471805599453,76.95,2.215,76.95,2.215,1,0,0,0,0,1,0.5,1,0.5,0,0.0,0,0.0,0,0.0,0,0.0,Li,1.0,233.15,"[""EC"",""PC""]","[0.5,0.5]",1,0.0,5,clustered,weighted_permittivity,0.85,0.85,lowest_q_within_tolerance,0.02,0.0744561563169909,0.3044561563169909,5,"0.7,0.75,0.8,0.85,0.9"
13625,10.1016/0378-7753(91)80004-H,0.71,PF6,EC:0.500+PC:0.500,0.6931471805599453,76.95,2.215,76.95,2.215,1,0,0,0,0,1,0.5,1,0.5,0,0.0,0,0.0,0,0.0,0,0.0,Li,1.0,243.15,"[""EC"",""PC""]","[0.5,0.5]",1,0.0,5,clustered,weighted_permittivity,0.7,0.7,lowest_q_within_tolerance,0.02,0.22125438029016636,0.4887456197098336,5,"0.7,0.75,0.8,0.85,0.9"
13628,10.1016/0378-7753(91)80004-H,1.36,PF6,EC:0.500+PC:0.500,0.6931471805599453,76.95,2.215,76.95,2.215,1,0,0,0,0,1,0.5,1,0.5,0,0.0,0,0.0,0,0.0,0,0.0,Li,1.0,253.15,"[""EC"",""PC""]","[0.5,0.5]",1,0.0,5,clustered,weighted_permittivity,0.7,0.7,lowest_q_within_tolerance,0.02,0.7662089699349666,0.5937910300650335,5,"0.7,0.75,0.8,0.85,0.9"
13631,10.1016/0378-7753(91)80004-H,2.26,PF6,EC:0.500+PC:0.500,0.6931471805599453,76.95,2.215,76.95,2.215,1,0,0,0,0,1,0.5,1,0.5,0,0.0,0,0.0,0,0.0,0,0.0,Li,1.0,263.15,"[""EC"",""PC""]","[0.5,0.5]",1,0.0,5,clustered,weighted_permittivity,0.7,0.7,lowest_q_within_tolerance,0.02,1.6287522009824427,0.631247799017557,5,"0.7,0.75,0.8,0.85,0.9"
13634,10.1016/0378-7753(91)80004-H,3.46,PF6,EC:0.500+PC:0.500,0.6931471805599453,76.95,2.215,76.95,2.215,1,0,0,0,0,1,0.5,1,0.5,0,0.0,0,0.0,0,0.0,0,0.0,Li,1.0,273.15,"[""EC"",""PC""]","[0.5,0.5]",1,0.0,5,clustered,weighted_permittivity,0.7,0.7,lowest_q_within_tolerance,0.02,2.4629152887493855,0.9970847112506145,5,"0.7,0.75,0.8,0.85,0.9"
13637,10.1016/0378-7753(91)80004-H,6.56,PF6,EC:0.500+PC:0.500,0.6931471805599453,76.95,2.215,76.95,2.215,1,0,0,0,0,1,0.5,1,0.5,0,0.0,0,0.0,0,0.0,0,0.0,Li,1.0,293.15,"[""EC"",""PC""]","[0.5,0.5]",1,0.0,5,clustered,weighted_permittivity,0.7,0.7,lowest_q_within_tolerance,0.02,4.79333895538142,1.76666104461858,5,"0.7,0.75,0.8,0.85,0.9"
13640,10.1016/0378-7753(91)80004-H,10.34,PF6,EC:0.500+PC:0.500,0.6931471805599453,76.95,2.215,76.95,2.215,1,0,0,0,0,1,0.5,1,0.5,0,0.0,0,0.0,0,0.0,0,0.0,Li,1.0,313.15,"[""EC"",""PC""]","[0.5,0.5]",1,0.0,5,clustered,weighted_permittivity,0.7,0.7,lowest_q_within_tolerance,0.02,8.121893550854193,2.2181064491458082,5,"0.7,0.75,0.8,0.85,0.9"
13643,10.1016/0378-7753(91)80004-H,14.63,PF6,EC:0.500+PC:0.500,0.6931471805599453,76.95,2.215,76.95,2.215,1,0,0,0,0,1,0.5,1,0.5,0,0.0,0,0.0,0,0.0,0,0.0,Li,1.0,333.15,"[""EC"",""PC""]","[0.5,0.5]",1,0.0,5,clustered,weighted_permittivity,0.7,0.7,lowest_q_within_tolerance,0.02,12.169562272975067,2.4604377270249342,5,"0.7,0.75,0.8,0.85,0.9"
13646,10.1016/0378-7753(91)80004-H,19.35,PF6,EC:0.500+PC:0.500,0.6931471805599453,76.95,2.215,76.95,2.215,1,0,0,0,0,1,0.5,1,0.5,0,0.0,0,0.0,0,0.0,0,0.0,Li,1.0,353.15,"[""EC"",""PC""]","[0.5,0.5]",1,0.0,5,clustered,weighted_permittivity,0.7,0.7,lowest_q_within_tolerance,0.02,15.0879331506019,4.262066849398101,5,"0.7,0.75,0.8,0.85,0.9"
13793,10.1016/0378-7753(91)80004-H,0.02,BF4,EC:0.500+PC:0.500,0.6931471805599453,76.95,2.215,76.95,2.215,0,0,0,0,1,1,0.5,1,0.5,0,0.0,0,0.0,0,0.0,0,0.0,Li,1.0,213.15,"[""EC"",""PC""]","[0.5,0.5]",1,0.0,5,clustered,weighted_permittivity,0.8,0.8,lowest_q_within_tolerance,0.02,0.08732813980128003,0.11924575674077212,5,"0.7,0.75,0.8,0.85,0.9"
13796,10.1016/0378-7753(91)80004-H,0.05,BF4,EC:0.500+PC:0.500,0.6931471805599453,76.95,2.215,76.95,2.215,0,0,0,0,1,1,0.5,1,0.5,0,0.0,0,0.0,0,0.0,0,0.0,Li,1.0,223.15,"[""EC"",""PC""]","[0.5,0.5]",1,0.0,5,clustered,weighted_permittivity,0.85,0.85,lowest_q_within_tolerance,0.02,0.1530574243152567,0.2037600539491961,5,"0.7,0.75,0.8,0.85,0.9"
13799,10.1016/0378-7753(91)80004-H,0.19,BF4,EC:0.500+PC:0.500,0.6931471805599453,76.95,2.215,76.95,2.215,0,0,0,0,1,1,0.5,1,0.5,0,0.0,0,0.0,0,0.0,0,0.0,Li,1.0,233.15,"[""EC"",""PC""]","[0.5,0.5]",1,0.0,5,clustered,weighted_permittivity,0.85,0.85,lowest_q_within_tolerance,0.02,0.12345807422011029,0.3134580742201103,5,"0.7,0.75,0.8,0.85,0.9"
13802,10.1016/0378-7753(91)80004-H,0.64,BF4,EC:0.500+PC:0.500,0.6931471805599453,76.95,2.215,76.95,2.215,0,0,0,0,1,1,0.5,1,0.5,0,0.0,0,0.0,0,0.0,0,0.0,Li,1.0,243.15,"[""EC"",""PC""]","[0.5,0.5]",1,0.0,5,clustered,weighted_permittivity,0.7,0.7,lowest_q_within_tolerance,0.02,0.14017685398332635,0.49982314601667366,5,"0.7,0.75,0.8,0.85,0.9"
13805,10.1016/0378-7753(91)80004-H,1.11,BF4,EC:0.500+PC:0.500,0.6931471805599453,76.95,2.215,76.95,2.215,0,0,0,0,1,1,0.5,1,0.5,0,0.0,0,0.0,0,0.0,0,0.0,Li,1.0,253.15,"[""EC"",""PC""]","[0.5,0.5]",1,0.0,5,clustered,weighted_permittivity,0.7,0.7,lowest_q_within_tolerance,0.02,0.5043498169477743,0.6056501830522258,5,"0.7,0.75,0.8,0.85,0.9"
13808,10.1016/0378-7753(91)80004-H,1.71,BF4,EC:0.500+PC:0.500,0.6931471805599453,76.95,2.215,76.95,2.215,0,0,0,0,1,1,0.5,1,0.5,0,0.0,0,0.0,0,0.0,0,0.0,Li,1.0,263.15,"[""EC"",""PC""]","[0.5,0.5]",1,0.0,5,clustered,weighted_permittivity,0.7,0.7,lowest_q_within_tolerance,0.02,1.0654068271830914,0.6445931728169085,5,"0.7,0.75,0.8,0.85,0.9"
13811,10.1016/0378-7753(91)80004-H,2.41,BF4,EC:0.500+PC:0.500,0.6931471805599453,76.95,2.215,76.95,2.215,0,0,0,0,1,1,0.5,1,0.5,0,0.0,0,0.0,0,0.0,0,0.0,Li,1.0,273.15,"[""EC"",""PC""]","[0.5,0.5]",1,0.0,5,clustered,weighted_permittivity,0.7,0.7,lowest_q_within_tolerance,0.02,1.3799339990832606,1.0300660009167395,5,"0.7,0.75,0.8,0.85,0.9"
13814,10.1016/0378-7753(91)80004-H,4.25,BF4,EC:0.500+PC:0.500,0.6931471805599453,76.95,2.215,76.95,2.215,0,0,0,0,1,1,0.5,1,0.5,0,0.0,0,0.0,0,0.0,0,0.0,Li,1.0,293.15,"[""EC"",""PC""]","[0.5,0.5]",1,0.0,5,clustered,weighted_permittivity,0.7,0.7,lowest_q_within_tolerance,0.02,2.4318795336366357,1.818120466363364,5,"0.7,0.75,0.8,0.85,0.9"
13817,10.1016/0378-7753(91)80004-H,6.27,BF4,EC:0.500+PC:0.500,0.6931471805599453,76.95,2.215,76.95,2.215,0,0,0,0,1,1,0.5,1,0.5,0,0.0,0,0.0,0,0.0,0,0.0,Li,1.0,313.15,"[""EC"",""PC""]","[0.5,0.5]",1,0.0,5,clustered,weighted_permittivity,0.7,0.7,lowest_q_within_tolerance,0.02,4.003431572446209,2.2665684275537914,5,"0.7,0.75,0.8,0.85,0.9"
13820,10.1016/0378-7753(91)80004-H,8.51,BF4,EC:0.500+PC:0.500,0.6931471805599453,76.95,2.215,76.95,2.215,0,0,0,0,1,1,0.5,1,0.5,0,0.0,0,0.0,0,0.0,0,0.0,Li,1.0,333.15,"[""EC"",""PC""]","[0.5,0.5]",1,0.0,5,clustered,weighted_permittivity,0.7,0.7,lowest_q_within_tolerance,0.02,6.024321707442281,2.4856782925577185,5,"0.7,0.75,0.8,0.85,0.9"
13823,10.1016/0378-7753(91)80004-H,10.79,BF4,EC:0.500+PC:0.500,0.6931471805599453,76.95,2.215,76.95,2.215,0,0,0,0,1,1,0.5,1,0.5,0,0.0,0,0.0,0,0.0,0,0.0,Li,1.0,353.15,"[""EC"",""PC""]","[0.5,0.5]",1,0.0,5,clustered,weighted_permittivity,0.7,0.7,lowest_q_within_tolerance,0.02,6.607893183157227,4.182106816842772,5,"0.7,0.75,0.8,0.85,0.9"
123,10.1016/j.jpowsour.2011.07.071,9.446666667,TFSI,EC:0.400+DMC:0.600,0.6730116670092565,37.46,1.114,37.46,1.114,0,0,1,0,0,1,0.4,0,0.0,0,0.0,1,0.6,0,0.0,0,0.0,Li,1.0,298.0,"[""EC"",""DMC""]","[0.4,0.6]",1,0.0,6,clustered,weighted_permittivity,0.7,0.7,lowest_q_within_tolerance,0.02,1.1718283890540775,8.274838277945923,5,"0.7,0.75,0.8,0.85,0.9"
10873,10.1149/1.1872737,12.29547642,PF6,EC:0.270+PC:0.100+DMC:0.630,0.8748608452408524,32.473,1.1377,12.621085032864,0.4421829963936,1,0,0,0,0,1,0.27,1,0.1,0,0.0,1,0.63,0,0.0,0,0.0,Li,0.388663968,333.0,"[""EC"",""PC"",""DMC""]","[0.27,0.1,0.63]",1,0.0,6,clustered,weighted_permittivity,0.8,0.8,lowest_q_within_tolerance,0.02,1.7174399642330798,10.57803645576692,5,"0.7,0.75,0.8,0.85,0.9"
10874,10.1149/1.1872737,12.82483157,PF6,EC:0.270+PC:0.100+DMC:0.630,0.8748608452408524,32.473,1.1377,12.708731445879,0.4452537112670999,1,0,0,0,0,1,0.27,1,0.1,0,0.0,1,0.63,0,0.0,0,0.0,Li,0.391363023,333.0,"[""EC"",""PC"",""DMC""]","[0.27,0.1,0.63]",1,0.0,6,clustered,weighted_permittivity,0.8,0.8,lowest_q_within_tolerance,0.02,2.254771017680291,10.57006055231971,5,"0.7,0.75,0.8,0.85,0.9"
10875,10.1149/1.1872737,19.30943215,PF6,EC:0.270+PC:0.100+DMC:0.630,0.8748608452408524,32.473,1.1377,31.202126865154,1.0931746292146,1,0,0,0,0,1,0.27,1,0.1,0,0.0,1,0.63,0,0.0,0,0.0,Li,0.960863698,333.0,"[""EC"",""PC"",""DMC""]","[0.27,0.1,0.63]",2,0.4593812117809462,6,clustered,weighted_permittivity,0.8,0.8,lowest_q_within_tolerance,0.02,8.746932500694303,10.562499649305696,5,"0.7,0.75,0.8,0.85,0.9"
10877,10.1149/1.1872737,18.21462945,PF6,EC:0.270+PC:0.100+DMC:0.630,0.8748608452408524,32.473,1.1377,56.269004039906,1.9713991899794,1,0,0,0,0,1,0.27,1,0.1,0,0.0,1,0.63,0,0.0,0,0.0,Li,1.732793522,333.0,"[""EC"",""PC"",""DMC""]","[0.27,0.1,0.63]",1,0.0,6,clustered,weighted_permittivity,0.8,0.8,lowest_q_within_tolerance,0.02,7.685815879371166,10.528813570628834,5,"0.7,0.75,0.8,0.85,0.9"
10878,10.1149/1.1872737,15.816490216666669,PF6,EC:0.270+PC:0.100+DMC:0.630,0.8748608452408524,32.473,1.1377,72.746531700052,2.5486936567348,1,0,0,0,0,1,0.27,1,0.1,0,0.0,1,0.63,0,0.0,0,0.0,Li,2.240215924,333.0,"[""EC"",""PC"",""DMC""]","[0.27,0.1,0.63]",3,0.4885946209488701,6,clustered,weighted_permittivity,0.7,0.7,lowest_q_within_tolerance,0.02,5.583201570311594,10.233288646355074,5,"0.7,0.75,0.8,0.85,0.9"
10881,10.1149/1.1872737,7.747834456,PF6,EC:0.270+PC:0.100+DMC:0.630,0.8748608452408524,32.473,1.1377,108.155686909494,3.7892626180806,1,0,0,0,0,1,0.27,1,0.1,0,0.0,1,0.63,0,0.0,0,0.0,Li,3.330634278,333.0,"[""EC"",""PC"",""DMC""]","[0.27,0.1,0.63]",2,0.1020847132576943,6,clustered,weighted_permittivity,0.9,0.9,lowest_q_within_tolerance,0.02,1.1666561359402312,8.91449059194023,5,"0.7,0.75,0.8,0.85,0.9"
10884,10.1149/1.1872737,10.08180943,PF6,EC:0.270+PC:0.100+DMC:0.630,0.8748608452408524,32.473,1.1377,12.621085032864,0.4421829963936,1,0,0,0,0,1,0.27,1,0.1,0,0.0,1,0.63,0,0.0,0,0.0,Li,0.388663968,313.0,"[""EC"",""PC"",""DMC""]","[0.27,0.1,0.63]",1,0.0,6,clustered,weighted_permittivity,0.7,0.7,lowest_q_within_tolerance,0.02,0.6520459262130753,9.429763503786925,5,"0.7,0.75,0.8,0.85,0.9"
10885,10.1149/1.1872737,14.96631376,PF6,EC:0.270+PC:0.100+DMC:0.630,0.8748608452408524,32.473,1.1377,31.202126865154,1.0931746292146,1,0,0,0,0,1,0.27,1,0.1,0,0.0,1,0.63,0,0.0,0,0.0,Li,0.960863698,313.0,"[""EC"",""PC"",""DMC""]","[0.27,0.1,0.63]",1,0.0,6,clustered,weighted_permittivity,0.7,0.7,lowest_q_within_tolerance,0.02,5.585613253855687,9.380700506144313,5,"0.7,0.75,0.8,0.85,0.9"
10886,10.1149/1.1872737,14.19634264,PF6,EC:0.270+PC:0.100+DMC:0.630,0.8748608452408524,32.473,1.1377,56.444296898409,1.9775406208641,1,0,0,0,0,1,0.27,1,0.1,0,0.0,1,0.63,0,0.0,0,0.0,Li,1.738191633,313.0,"[""EC"",""PC"",""DMC""]","[0.27,0.1,0.63]",1,0.0,6,clustered,weighted_permittivity,0.7,0.7,lowest_q_within_tolerance,0.02,4.7732550960949265,9.423087543905073,5,"0.7,0.75,0.8,0.85,0.9"
10887,10.1149/1.1872737,13.16169394,PF6,EC:0.270+PC:0.100+DMC:0.630,0.8748608452408524,32.473,1.1377,56.35665048539399,1.9744699059906,1,0,0,0,0,1,0.27,1,0.1,0,0.0,1,0.63,0,0.0,0,0.0,Li,1.735492578,313.0,"[""EC"",""PC"",""DMC""]","[0.27,0.1,0.63]",1,0.0,6,clustered,weighted_permittivity,0.7,0.7,lowest_q_within_tolerance,0.02,3.7386063960949265,9.423087543905073,5,"0.7,0.75,0.8,0.85,0.9"
10888,10.1149/1.1872737,10.29836381,PF6,EC:0.270+PC:0.100+DMC:0.630,0.8748608452408524,32.473,1.1377,72.571238874022,2.5425522269878,1,0,0,0,0,1,0.27,1,0.1,0,0.0,1,0.63,0,0.0,0,0.0,Li,2.234817814,313.0,"[""EC"",""PC"",""DMC""]","[0.27,0.1,0.63]",1,0.0,6,clustered,weighted_permittivity,0.7,0.7,lowest_q_within_tolerance,0.02,0.9684978208751218,9.329865989124878,5,"0.7,0.75,0.8,0.85,0.9"
10889,10.1149/1.1872737,3.970163619,PF6,EC:0.270+PC:0.100+DMC:0.630,0.8748608452408524,32.473,1.1377,108.243333322509,3.7923333329541,1,0,0,0,0,1,0.27,1,0.1,0,0.0,1,0.63,0,0.0,0,0.0,Li,3.333333333,313.0,"[""EC"",""PC"",""DMC""]","[0.27,0.1,0.63]",1,0.0,6,clustered,weighted_permittivity,0.9,0.9,lowest_q_within_tolerance,0.02,2.5704421109709497,6.54060572997095,5,"0.7,0.75,0.8,0.85,0.9"
10891,10.1149/1.1872737,7.832050048,PF6,EC:0.270+PC:0.100+DMC:0.630,0.8748608452408524,32.473,1.1377,12.796377858894,0.4483244261406,1,0,0,0,0,1,0.27,1,0.1,0,0.0,1,0.63,0,0.0,0,0.0,Li,0.394062078,293.0,"[""EC"",""PC"",""DMC""]","[0.27,0.1,0.63]",2,0.2552117838513426,6,clustered,weighted_permittivity,0.7,0.7,lowest_q_within_tolerance,0.02,0.05341794184565263,7.885467989845653,5,"0.7,0.75,0.8,0.85,0.9"
10893,10.1149/1.1872737,10.77959577,PF6,EC:0.270+PC:0.100+DMC:0.630,0.8748608452408524,32.473,1.1377,31.026834006651,1.0870331983299,1,0,0,0,0,1,0.27,1,0.1,0,0.0,1,0.63,0,0.0,0,0.0,Li,0.955465587,293.0,"[""EC"",""PC"",""DMC""]","[0.27,0.1,0.63]",1,0.0,6,clustered,weighted_permittivity,0.7,0.7,lowest_q_within_tolerance,0.02,2.8811822330115175,7.898413536988483,5,"0.7,0.75,0.8,0.85,0.9"
10894,10.1149/1.1872737,8.54186718,PF6,EC:0.270+PC:0.100+DMC:0.630,0.8748608452408524,32.473,1.1377,56.35665048539399,1.9744699059906,1,0,0,0,0,1,0.27,1,0.1,0,0.0,1,0.63,0,0.0,0,0.0,Li,1.735492578,293.0,"[""EC"",""PC"",""DMC""]","[0.27,0.1,0.63]",1,0.0,6,clustered,weighted_permittivity,0.7,0.7,lowest_q_within_tolerance,0.02,0.707546371335015,7.834320808664986,5,"0.7,0.75,0.8,0.85,0.9"
10895,10.1149/1.1872737,6.207892204,PF6,EC:0.270+PC:0.100+DMC:0.630,0.8748608452408524,32.473,1.1377,72.658885287037,2.5456229418612994,1,0,0,0,0,1,0.27,1,0.1,0,0.0,1,0.63,0,0.0,0,0.0,Li,2.237516869,293.0,"[""EC"",""PC"",""DMC""]","[0.27,0.1,0.63]",2,0.4763953294787168,6,clustered,weighted_permittivity,0.85,0.85,lowest_q_within_tolerance,0.02,0.04958440922984142,6.257476613229842,5,"0.7,0.75,0.8,0.85,0.9"
10897,10.1149/1.1872737,1.588065448,PF6,EC:0.270+PC:0.100+DMC:0.630,0.8748608452408524,32.473,1.1377,108.243333322509,3.7923333329541,1,0,0,0,0,1,0.27,1,0.1,0,0.0,1,0.63,0,0.0,0,0.0,Li,3.333333333,293.0,"[""EC"",""PC"",""DMC""]","[0.27,0.1,0.63]",1,0.0,6,clustered,weighted_permittivity,0.9,0.9,lowest_q_within_tolerance,0.02,3.879401839218863,5.467467287218863,5,"0.7,0.75,0.8,0.85,0.9"
10899,10.1149/1.1872737,4.234841193,PF6,EC:0.270+PC:0.100+DMC:0.630,0.8748608452408524,32.473,1.1377,12.708731445879,0.4452537112670999,1,0,0,0,0,1,0.27,1,0.1,0,0.0,1,0.63,0,0.0,0,0.0,Li,0.391363023,263.0,"[""EC"",""PC"",""DMC""]","[0.27,0.1,0.63]",1,0.0,6,clustered,weighted_permittivity,0.8,0.8,lowest_q_within_tolerance,0.02,0.00881395242223082,4.243655145422231,5,"0.7,0.75,0.8,0.85,0.9"
10900,10.1149/1.1872737,5.221366699,PF6,EC:0.270+PC:0.100+DMC:0.630,0.8748608452408524,32.473,1.1377,31.026834006651,1.0870331983299,1,0,0,0,0,1,0.27,1,0.1,0,0.0,1,0.63,0,0.0,0,0.0,Li,0.955465587,263.0,"[""EC"",""PC"",""DMC""]","[0.27,0.1,0.63]",1,0.0,6,clustered,weighted_permittivity,0.7,0.7,lowest_q_within_tolerance,0.02,0.6329585529679944,4.588408146032005,5,"0.7,0.75,0.8,0.85,0.9"
10901,10.1149/1.1872737,2.935514918,PF6,EC:0.270+PC:0.100+DMC:0.630,0.8748608452408524,32.473,1.1377,56.444296898409,1.9775406208641,1,0,0,0,0,1,0.27,1,0.1,0,0.0,1,0.63,0,0.0,0,0.0,Li,1.738191633,263.0,"[""EC"",""PC"",""DMC""]","[0.27,0.1,0.63]",1,0.0,6,clustered,weighted_permittivity,0.9,0.9,lowest_q_within_tolerance,0.02,0.5419032551243115,3.4774181731243115,5,"0.7,0.75,0.8,0.85,0.9"
10902,10.1149/1.1872737,1.347449471,PF6,EC:0.270+PC:0.100+DMC:0.630,0.8748608452408524,32.473,1.1377,72.571238874022,2.5425522269878,1,0,0,0,0,1,0.27,1,0.1,0,0.0,1,0.63,0,0.0,0,0.0,Li,2.234817814,263.0,"[""EC"",""PC"",""DMC""]","[0.27,0.1,0.63]",1,0.0,6,clustered,weighted_permittivity,0.9,0.9,lowest_q_within_tolerance,0.02,1.927269834106613,3.274719305106613,5,"0.7,0.75,0.8,0.85,0.9"
10903,10.1149/1.1872737,0.144369586,PF6,EC:0.270+PC:0.100+DMC:0.630,0.8748608452408524,32.473,1.1377,108.068040496479,3.7861919032071,1,0,0,0,0,1,0.27,1,0.1,0,0.0,1,0.63,0,0.0,0,0.0,Li,3.327935223,263.0,"[""EC"",""PC"",""DMC""]","[0.27,0.1,0.63]",1,0.0,6,clustered,weighted_permittivity,0.9,0.9,lowest_q_within_tolerance,0.02,3.1162340590835,3.2606036450834996,5,"0.7,0.75,0.8,0.85,0.9"
