doi,conductivity_mScm,temperature_K,concentration_molkg,salt,EC,PC,DMC,EMC,DEC,DME
10.1007/s10008-002-0300-9,0.160642894,333.2350339,1.0,PF6,0.33333333333333337,0.0,0.33333333333333337,0.0,0.33333333333333337,0.0
10.1007/s10008-002-0300-9,0.150856146,322.7649243,1.0,PF6,0.33333333333333337,0.0,0.33333333333333337,0.0,0.33333333333333337,0.0
10.1007/s10008-002-0300-9,0.14166563,313.8017217,1.0,PF6,0.33333333333333337,0.0,0.33333333333333337,0.0,0.33333333333333337,0.0
10.1007/s10008-002-0300-9,0.13227699,303.681806,1.0,PF6,0.33333333333333337,0.0,0.33333333333333337,0.0,0.33333333333333337,0.0
10.1007/s10008-002-0300-9,0.119347689,293.0497925,1.0,PF6,0.33333333333333337,0.0,0.33333333333333337,0.0,0.33333333333333337,0.0
10.1007/s10008-002-0300-9,0.110171803,283.4922228,1.0,PF6,0.33333333333333337,0.0,0.33333333333333337,0.0,0.33333333333333337,0.0
10.1007/s10008-002-0300-9,0.098273586,273.5415154,1.0,PF6,0.33333333333333337,0.0,0.33333333333333337,0.0,0.33333333333333337,0.0
10.1007/s10008-002-0300-9,0.0856794,263.3418784,1.0,PF6,0.33333333333333337,0.0,0.33333333333333337,0.0,0.33333333333333337,0.0
10.1007/s10008-002-0300-9,0.072181505,253.3064335,1.0,PF6,0.33333333333333337,0.0,0.33333333333333337,0.0,0.33333333333333337,0.0
10.1007/s10008-002-0300-9,0.058092757,243.4820082,1.0,PF6,0.33333333333333337,0.0,0.33333333333333337,0.0,0.33333333333333337,0.0
10.1007/s10008-002-0300-9,0.043159309,233.6641853,1.0,PF6,0.33333333333333337,0.0,0.33333333333333337,0.0,0.33333333333333337,0.0
10.1007/s10008-002-0300-9,0.030807411,223.4968354,1.0,PF6,0.33333333333333337,0.0,0.33333333333333337,0.0,0.33333333333333337,0.0
10.1007/s10008-002-0300-9,0.092815386,332.7444052,1.0,BF4,0.33333333333333337,0.0,0.33333333333333337,0.0,0.33333333333333337,0.0
10.1007/s10008-002-0300-9,0.089687079,322.7649243,1.0,BF4,0.33333333333333337,0.0,0.33333333333333337,0.0,0.33333333333333337,0.0
10.1007/s10008-002-0300-9,0.085191199,313.3666112,1.0,BF4,0.33333333333333337,0.0,0.33333333333333337,0.0,0.33333333333333337,0.0
10.1007/s10008-002-0300-9,0.082791608,303.681806,1.0,BF4,0.33333333333333337,0.0,0.33333333333333337,0.0,0.33333333333333337,0.0
10.1007/s10008-002-0300-9,0.077747746,293.0497925,1.0,BF4,0.33333333333333337,0.0,0.33333333333333337,0.0,0.33333333333333337,0.0
10.1007/s10008-002-0300-9,0.072595152,283.4922228,1.0,BF4,0.33333333333333337,0.0,0.33333333333333337,0.0,0.33333333333333337,0.0
10.1007/s10008-002-0300-9,0.065126186,273.2108317,1.0,BF4,0.33333333333333337,0.0,0.33333333333333337,0.0,0.33333333333333337,0.0
10.1007/s10008-002-0300-9,0.056779983,263.3418784,1.0,BF4,0.33333333333333337,0.0,0.33333333333333337,0.0,0.33333333333333337,0.0
10.1007/s10008-002-0300-9,0.045697381,253.3064335,1.0,BF4,0.33333333333333337,0.0,0.33333333333333337,0.0,0.33333333333333337,0.0
10.1007/s10008-002-0300-9,0.036360011,243.7446074,1.0,BF4,0.33333333333333337,0.0,0.33333333333333337,0.0,0.33333333333333337,0.0
10.1007/s10008-002-0300-9,0.025367519,233.4228465,1.0,BF4,0.33333333333333337,0.0,0.33333333333333337,0.0,0.33333333333333337,0.0
10.1016/S0378-7753(03)00153-8,0.495652174,233.15,0.311764706,PF6,0.0,0.9,0.0,0.0,0.1,0.0
10.1016/S0378-7753(03)00153-8,0.506521739,233.15,0.388235294,PF6,0.0,0.9,0.0,0.0,0.1,0.0
10.1016/S0378-7753(03)00153-8,0.502173913,233.15,0.458823529,PF6,0.0,0.9,0.0,0.0,0.1,0.0
10.1016/S0378-7753(03)00153-8,0.47173913,233.15,0.547058824,PF6,0.0,0.9,0.0,0.0,0.1,0.0
10.1016/S0378-7753(03)00153-8,0.42173913,233.15,0.652941176,PF6,0.0,0.9,0.0,0.0,0.1,0.0
10.1016/S0378-7753(03)00153-8,0.354347826,233.15,0.764705882,PF6,0.0,0.9,0.0,0.0,0.1,0.0
10.1016/S0378-7753(03)00153-8,0.276086957,233.15,0.894117647,PF6,0.0,0.9,0.0,0.0,0.1,0.0
10.1016/S0378-7753(03)00153-8,0.186956522,233.15,1.052941176,PF6,0.0,0.9,0.0,0.0,0.1,0.0
10.1016/S0378-7753(03)00153-8,0.108695652,233.15,1.223529412,PF6,0.0,0.9,0.0,0.0,0.1,0.0
10.1016/S0378-7753(03)00153-8,0.047826087,233.15,1.447058824,PF6,0.0,0.9,0.0,0.0,0.1,0.0
10.1016/S0378-7753(03)00153-8,0.015217391,233.15,1.688235294,PF6,0.0,0.9,0.0,0.0,0.1,0.0
10.1016/S0378-7753(03)00153-8,0.004347826,233.15,1.905882353,PF6,0.0,0.9,0.0,0.0,0.1,0.0
10.1016/S0378-7753(03)00153-8,1.11e-16,233.15,2.123529412,PF6,0.0,0.9,0.0,0.0,0.1,0.0
10.1016/S0378-7753(03)00153-8,1.11e-16,233.15,2.311764706,PF6,0.0,0.9,0.0,0.0,0.1,0.0
10.1016/S0378-7753(03)00153-8,4.615384615,293.15,0.311764706,PF6,0.0,0.9,0.0,0.0,0.1,0.0
10.1016/S0378-7753(03)00153-8,5.179487179,293.15,0.388235294,PF6,0.0,0.9,0.0,0.0,0.1,0.0
10.1016/S0378-7753(03)00153-8,5.564102564,293.15,0.464705882,PF6,0.0,0.9,0.0,0.0,0.1,0.0
10.1016/S0378-7753(03)00153-8,5.846153846,293.15,0.552941176,PF6,0.0,0.9,0.0,0.0,0.1,0.0
10.1016/S0378-7753(03)00153-8,6.025641026,293.15,0.652941176,PF6,0.0,0.9,0.0,0.0,0.1,0.0
10.1016/S0378-7753(03)00153-8,6.0,293.15,0.770588235,PF6,0.0,0.9,0.0,0.0,0.1,0.0
10.1016/S0378-7753(03)00153-8,5.820512821,293.15,0.9,PF6,0.0,0.9,0.0,0.0,0.1,0.0
10.1016/S0378-7753(03)00153-8,5.358974359,293.15,1.058823529,PF6,0.0,0.9,0.0,0.0,0.1,0.0
10.1016/S0378-7753(03)00153-8,4.717948718,293.15,1.229411765,PF6,0.0,0.9,0.0,0.0,0.1,0.0
10.1016/S0378-7753(03)00153-8,3.769230769,293.15,1.458823529,PF6,0.0,0.9,0.0,0.0,0.1,0.0
10.1016/S0378-7753(03)00153-8,2.871794872,293.15,1.7,PF6,0.0,0.9,0.0,0.0,0.1,0.0
10.1016/S0378-7753(03)00153-8,2.128205128,293.15,1.917647059,PF6,0.0,0.9,0.0,0.0,0.1,0.0
10.1016/S0378-7753(03)00153-8,1.58974359,293.15,2.135294118,PF6,0.0,0.9,0.0,0.0,0.1,0.0
10.1016/S0378-7753(03)00153-8,1.179487179,293.15,2.329411765,PF6,0.0,0.9,0.0,0.0,0.1,0.0
10.1016/S0378-7753(03)00153-8,0.766037736,233.15,0.282336895,PF6,0.0,0.3,0.0,0.0,0.7,0.0
10.1016/S0378-7753(03)00153-8,0.898113208,233.15,0.400772903,PF6,0.0,0.3,0.0,0.0,0.7,0.0
10.1016/S0378-7753(03)00153-8,0.954716981,233.15,0.486815185,PF6,0.0,0.3,0.0,0.0,0.7,0.0
10.1016/S0378-7753(03)00153-8,0.973584906,233.15,0.577744942,PF6,0.0,0.3,0.0,0.0,0.7,0.0
10.1016/S0378-7753(03)00153-8,0.969811321,233.15,0.674016822,PF6,0.0,0.3,0.0,0.0,0.7,0.0
10.1016/S0378-7753(03)00153-8,0.932075472,233.15,0.787338031,PF6,0.0,0.3,0.0,0.0,0.7,0.0
10.1016/S0378-7753(03)00153-8,0.856603774,233.15,0.917594908,PF6,0.0,0.3,0.0,0.0,0.7,0.0
10.1016/S0378-7753(03)00153-8,0.735849057,233.15,1.082632416,PF6,0.0,0.3,0.0,0.0,0.7,0.0
10.1016/S0378-7753(03)00153-8,0.573584906,233.15,1.270516026,PF6,0.0,0.3,0.0,0.0,0.7,0.0
10.1016/S0378-7753(03)00153-8,0.396226415,233.15,1.488065469,PF6,0.0,0.3,0.0,0.0,0.7,0.0
10.1016/S0378-7753(03)00153-8,0.249056604,233.15,1.724596499,PF6,0.0,0.3,0.0,0.0,0.7,0.0
10.1016/S0378-7753(03)00153-8,0.147169811,233.15,1.926346897,PF6,0.0,0.3,0.0,0.0,0.7,0.0
10.1016/S0378-7753(03)00153-8,0.086792453,233.15,2.129347579,PF6,0.0,0.3,0.0,0.0,0.7,0.0
10.1016/S0378-7753(03)00153-8,0.049056604,233.15,2.314957945,PF6,0.0,0.3,0.0,0.0,0.7,0.0
10.1016/S0378-7753(03)00153-8,3.402027953,293.15,0.258426966,PF6,0.0,0.3,0.0,0.0,0.7,0.0
10.1016/S0378-7753(03)00153-8,4.298711976,293.15,0.376404494,PF6,0.0,0.3,0.0,0.0,0.7,0.0
10.1016/S0378-7753(03)00153-8,4.806796383,293.15,0.460674157,PF6,0.0,0.3,0.0,0.0,0.7,0.0
10.1016/S0378-7753(03)00153-8,5.192655522,293.15,0.550561798,PF6,0.0,0.3,0.0,0.0,0.7,0.0
10.1016/S0378-7753(03)00153-8,5.529460126,293.15,0.646067416,PF6,0.0,0.3,0.0,0.0,0.7,0.0
10.1016/S0378-7753(03)00153-8,5.791997808,293.15,0.764044944,PF6,0.0,0.3,0.0,0.0,0.7,0.0
10.1016/S0378-7753(03)00153-8,5.931762127,293.15,0.898876404,PF6,0.0,0.3,0.0,0.0,0.7,0.0
10.1016/S0378-7753(03)00153-8,5.8994245,293.15,1.061797753,PF6,0.0,0.3,0.0,0.0,0.7,0.0
10.1016/S0378-7753(03)00153-8,5.646478487,293.15,1.247191011,PF6,0.0,0.3,0.0,0.0,0.7,0.0
10.1016/S0378-7753(03)00153-8,5.123321458,293.15,1.471910112,PF6,0.0,0.3,0.0,0.0,0.7,0.0
10.1016/S0378-7753(03)00153-8,4.477117018,293.15,1.719101124,PF6,0.0,0.3,0.0,0.0,0.7,0.0
10.1016/S0378-7753(03)00153-8,3.83310496,293.15,1.921348315,PF6,0.0,0.3,0.0,0.0,0.7,0.0
10.1016/S0378-7753(03)00153-8,3.262263634,293.15,2.123595506,PF6,0.0,0.3,0.0,0.0,0.7,0.0
10.1016/S0378-7753(03)00153-8,2.716634694,293.15,2.308988764,PF6,0.0,0.3,0.0,0.0,0.7,0.0
10.1016/S0378-7753(03)00153-8,0.411111111,233.15,0.276773762,BF4,0.0,0.5,0.0,0.0,0.5,0.0
10.1016/S0378-7753(03)00153-8,0.433333333,233.15,0.354417671,BF4,0.0,0.5,0.0,0.0,0.5,0.0
10.1016/S0378-7753(03)00153-8,0.440740741,233.15,0.432507809,BF4,0.0,0.5,0.0,0.0,0.5,0.0
10.1016/S0378-7753(03)00153-8,0.433333333,233.15,0.517068273,BF4,0.0,0.5,0.0,0.0,0.5,0.0
10.1016/S0378-7753(03)00153-8,0.422222222,233.15,0.595716198,BF4,0.0,0.5,0.0,0.0,0.5,0.0
10.1016/S0378-7753(03)00153-8,0.411111111,233.15,0.674364123,BF4,0.0,0.5,0.0,0.0,0.5,0.0
10.1016/S0378-7753(03)00153-8,0.392592593,233.15,0.765283356,BF4,0.0,0.5,0.0,0.0,0.5,0.0
10.1016/S0378-7753(03)00153-8,0.366666667,233.15,0.862449799,BF4,0.0,0.5,0.0,0.0,0.5,0.0
10.1016/S0378-7753(03)00153-8,0.340740741,233.15,0.965640339,BF4,0.0,0.5,0.0,0.0,0.5,0.0
10.1016/S0378-7753(03)00153-8,0.314814815,233.15,1.080879072,BF4,0.0,0.5,0.0,0.0,0.5,0.0
10.1016/S0378-7753(03)00153-8,0.277777778,233.15,1.208500669,BF4,0.0,0.5,0.0,0.0,0.5,0.0
10.1016/S0378-7753(03)00153-8,0.244444444,233.15,1.342034806,BF4,0.0,0.5,0.0,0.0,0.5,0.0
10.1016/S0378-7753(03)00153-8,0.211111111,233.15,1.487617135,BF4,0.0,0.5,0.0,0.0,0.5,0.0
10.1016/S0378-7753(03)00153-8,0.177777778,233.15,1.645247657,BF4,0.0,0.5,0.0,0.0,0.5,0.0
10.1016/S0378-7753(03)00153-8,0.140740741,233.15,1.851182508,BF4,0.0,0.5,0.0,0.0,0.5,0.0
10.1016/S0378-7753(03)00153-8,0.107407407,233.15,2.044957608,BF4,0.0,0.5,0.0,0.0,0.5,0.0
10.1016/S0378-7753(03)00153-8,2.024390244,293.15,0.297889833,BF4,0.0,0.5,0.0,0.0,0.5,0.0
10.1016/S0378-7753(03)00153-8,2.195121951,293.15,0.383118663,BF4,0.0,0.5,0.0,0.0,0.5,0.0
10.1016/S0378-7753(03)00153-8,2.292682927,293.15,0.462318443,BF4,0.0,0.5,0.0,0.0,0.5,0.0
10.1016/S0378-7753(03)00153-8,2.365853659,293.15,0.5413812,BF4,0.0,0.5,0.0,0.0,0.5,0.0
10.1016/S0378-7753(03)00153-8,2.414634146,293.15,0.625924911,BF4,0.0,0.5,0.0,0.0,0.5,0.0
10.1016/S0378-7753(03)00153-8,2.43902439,293.15,0.70471362,BF4,0.0,0.5,0.0,0.0,0.5,0.0
10.1016/S0378-7753(03)00153-8,2.43902439,293.15,0.788983283,BF4,0.0,0.5,0.0,0.0,0.5,0.0
10.1016/S0378-7753(03)00153-8,2.414634146,293.15,0.889969855,BF4,0.0,0.5,0.0,0.0,0.5,0.0
10.1016/S0378-7753(03)00153-8,2.365853659,293.15,0.990819403,BF4,0.0,0.5,0.0,0.0,0.5,0.0
10.1016/S0378-7753(03)00153-8,2.317073171,293.15,1.102904905,BF4,0.0,0.5,0.0,0.0,0.5,0.0
10.1016/S0378-7753(03)00153-8,2.243902439,293.15,1.231707317,BF4,0.0,0.5,0.0,0.0,0.5,0.0
10.1016/S0378-7753(03)00153-8,2.146341463,293.15,1.360372705,BF4,0.0,0.5,0.0,0.0,0.5,0.0
10.1016/S0378-7753(03)00153-8,2.024390244,293.15,1.505755001,BF4,0.0,0.5,0.0,0.0,0.5,0.0
10.1016/S0378-7753(03)00153-8,1.902439024,293.15,1.656755275,BF4,0.0,0.5,0.0,0.0,0.5,0.0
10.1016/S0378-7753(03)00153-8,1.731707317,293.15,1.863661277,BF4,0.0,0.5,0.0,0.0,0.5,0.0
10.1016/S0378-7753(03)00153-8,1.585365854,293.15,2.048232392,BF4,0.0,0.5,0.0,0.0,0.5,0.0
10.1016/S0378-7753(03)00153-8,0.435294118,233.15,0.258823529,BF4,0.0,0.7,0.0,0.0,0.3,0.0
10.1016/S0378-7753(03)00153-8,0.458823529,233.15,0.335294118,BF4,0.0,0.7,0.0,0.0,0.3,0.0
10.1016/S0378-7753(03)00153-8,0.461764706,233.15,0.411764706,BF4,0.0,0.7,0.0,0.0,0.3,0.0
10.1016/S0378-7753(03)00153-8,0.45,233.15,0.505882353,BF4,0.0,0.7,0.0,0.0,0.3,0.0
10.1016/S0378-7753(03)00153-8,0.429411765,233.15,0.594117647,BF4,0.0,0.7,0.0,0.0,0.3,0.0
10.1016/S0378-7753(03)00153-8,0.405882353,233.15,0.676470588,BF4,0.0,0.7,0.0,0.0,0.3,0.0
10.1016/S0378-7753(03)00153-8,0.376470588,233.15,0.770588235,BF4,0.0,0.7,0.0,0.0,0.3,0.0
10.1016/S0378-7753(03)00153-8,0.341176471,233.15,0.870588235,BF4,0.0,0.7,0.0,0.0,0.3,0.0
10.1016/S0378-7753(03)00153-8,0.302941176,233.15,0.982352941,BF4,0.0,0.7,0.0,0.0,0.3,0.0
10.1016/S0378-7753(03)00153-8,0.264705882,233.15,1.094117647,BF4,0.0,0.7,0.0,0.0,0.3,0.0
10.1016/S0378-7753(03)00153-8,0.223529412,233.15,1.223529412,BF4,0.0,0.7,0.0,0.0,0.3,0.0
10.1016/S0378-7753(03)00153-8,0.185294118,233.15,1.358823529,BF4,0.0,0.7,0.0,0.0,0.3,0.0
10.1016/S0378-7753(03)00153-8,0.15,233.15,1.511764706,BF4,0.0,0.7,0.0,0.0,0.3,0.0
10.1016/S0378-7753(03)00153-8,0.117647059,233.15,1.676470588,BF4,0.0,0.7,0.0,0.0,0.3,0.0
10.1016/S0378-7753(03)00153-8,0.082352941,233.15,1.870588235,BF4,0.0,0.7,0.0,0.0,0.3,0.0
10.1016/S0378-7753(03)00153-8,0.061764706,233.15,2.052941176,BF4,0.0,0.7,0.0,0.0,0.3,0.0
10.1016/S0378-7753(03)00153-8,2.525,293.15,0.255813953,BF4,0.0,0.7,0.0,0.0,0.3,0.0
10.1016/S0378-7753(03)00153-8,2.75,293.15,0.337209302,BF4,0.0,0.7,0.0,0.0,0.3,0.0
10.1016/S0378-7753(03)00153-8,2.9,293.15,0.418604651,BF4,0.0,0.7,0.0,0.0,0.3,0.0
10.1016/S0378-7753(03)00153-8,3.0,293.15,0.5,BF4,0.0,0.7,0.0,0.0,0.3,0.0
10.1016/S0378-7753(03)00153-8,3.025,293.15,0.593023256,BF4,0.0,0.7,0.0,0.0,0.3,0.0
10.1016/S0378-7753(03)00153-8,3.025,293.15,0.674418605,BF4,0.0,0.7,0.0,0.0,0.3,0.0
10.1016/S0378-7753(03)00153-8,2.975,293.15,0.76744186,BF4,0.0,0.7,0.0,0.0,0.3,0.0
10.1016/S0378-7753(03)00153-8,2.9,293.15,0.872093023,BF4,0.0,0.7,0.0,0.0,0.3,0.0
10.1016/S0378-7753(03)00153-8,2.8,293.15,0.976744186,BF4,0.0,0.7,0.0,0.0,0.3,0.0
10.1016/S0378-7753(03)00153-8,2.675,293.15,1.093023256,BF4,0.0,0.7,0.0,0.0,0.3,0.0
10.1016/S0378-7753(03)00153-8,2.525,293.15,1.220930233,BF4,0.0,0.7,0.0,0.0,0.3,0.0
10.1016/S0378-7753(03)00153-8,2.35,293.15,1.360465116,BF4,0.0,0.7,0.0,0.0,0.3,0.0
10.1016/S0378-7753(03)00153-8,2.175,293.15,1.505813953,BF4,0.0,0.7,0.0,0.0,0.3,0.0
10.1016/S0378-7753(03)00153-8,1.975,293.15,1.674418605,BF4,0.0,0.7,0.0,0.0,0.3,0.0
10.1016/S0378-7753(03)00153-8,1.75,293.15,1.872093023,BF4,0.0,0.7,0.0,0.0,0.3,0.0
10.1016/S0378-7753(03)00153-8,1.575,293.15,2.046511628,BF4,0.0,0.7,0.0,0.0,0.3,0.0
10.1016/S0378-7753(03)00153-8,0.811111111,233.15,0.24665328,PF6,0.0,0.5,0.0,0.0,0.5,0.0
10.1016/S0378-7753(03)00153-8,0.911111111,233.15,0.358099063,PF6,0.0,0.5,0.0,0.0,0.5,0.0
10.1016/S0378-7753(03)00153-8,0.933333333,233.15,0.435742972,PF6,0.0,0.5,0.0,0.0,0.5,0.0
10.1016/S0378-7753(03)00153-8,0.918518519,233.15,0.520526551,PF6,0.0,0.5,0.0,0.0,0.5,0.0
10.1016/S0378-7753(03)00153-8,0.881481481,233.15,0.624051763,PF6,0.0,0.5,0.0,0.0,0.5,0.0
10.1016/S0378-7753(03)00153-8,0.807407407,233.15,0.740740741,PF6,0.0,0.5,0.0,0.0,0.5,0.0
10.1016/S0378-7753(03)00153-8,0.703703704,233.15,0.87037037,PF6,0.0,0.5,0.0,0.0,0.5,0.0
10.1016/S0378-7753(03)00153-8,0.555555556,233.15,1.037483266,PF6,0.0,0.5,0.0,0.0,0.5,0.0
10.1016/S0378-7753(03)00153-8,0.374074074,233.15,1.241744757,PF6,0.0,0.5,0.0,0.0,0.5,0.0
10.1016/S0378-7753(03)00153-8,0.225925926,233.15,1.46307452,PF6,0.0,0.5,0.0,0.0,0.5,0.0
10.1016/S0378-7753(03)00153-8,0.118518519,233.15,1.707273539,PF6,0.0,0.5,0.0,0.0,0.5,0.0
10.1016/S0378-7753(03)00153-8,0.059259259,233.15,1.907853637,PF6,0.0,0.5,0.0,0.0,0.5,0.0
10.1016/S0378-7753(03)00153-8,0.033333333,233.15,2.107429719,PF6,0.0,0.5,0.0,0.0,0.5,0.0
10.1016/S0378-7753(03)00153-8,0.014814815,233.15,2.306782686,PF6,0.0,0.5,0.0,0.0,0.5,0.0
10.1016/S0378-7753(03)00153-8,4.487804878,293.15,0.294875308,PF6,0.0,0.5,0.0,0.0,0.5,0.0
10.1016/S0378-7753(03)00153-8,5.463414634,293.15,0.412715813,PF6,0.0,0.5,0.0,0.0,0.5,0.0
10.1016/S0378-7753(03)00153-8,5.951219512,293.15,0.499725952,PF6,0.0,0.5,0.0,0.0,0.5,0.0
10.1016/S0378-7753(03)00153-8,6.341463415,293.15,0.591805974,PF6,0.0,0.5,0.0,0.0,0.5,0.0
10.1016/S0378-7753(03)00153-8,6.609756098,293.15,0.688818854,PF6,0.0,0.5,0.0,0.0,0.5,0.0
10.1016/S0378-7753(03)00153-8,6.756097561,293.15,0.802000548,PF6,0.0,0.5,0.0,0.0,0.5,0.0
10.1016/S0378-7753(03)00153-8,6.731707317,293.15,0.931077007,PF6,0.0,0.5,0.0,0.0,0.5,0.0
10.1016/S0378-7753(03)00153-8,6.487804878,293.15,1.092628117,PF6,0.0,0.5,0.0,0.0,0.5,0.0
10.1016/S0378-7753(03)00153-8,5.926829268,293.15,1.286105782,PF6,0.0,0.5,0.0,0.0,0.5,0.0
10.1016/S0378-7753(03)00153-8,5.146341463,293.15,1.500822143,PF6,0.0,0.5,0.0,0.0,0.5,0.0
10.1016/S0378-7753(03)00153-8,4.341463415,293.15,1.732255412,PF6,0.0,0.5,0.0,0.0,0.5,0.0
10.1016/S0378-7753(03)00153-8,3.56097561,293.15,1.935735818,PF6,0.0,0.5,0.0,0.0,0.5,0.0
10.1016/S0378-7753(03)00153-8,2.951219512,293.15,2.128939435,PF6,0.0,0.5,0.0,0.0,0.5,0.0
10.1016/S0378-7753(03)00153-8,2.365853659,293.15,2.316662099,PF6,0.0,0.5,0.0,0.0,0.5,0.0
10.1016/S0378-7753(03)00153-8,0.222641509,233.15,0.205728575,PF6,0.0,0.3,0.0,0.0,0.7,0.0
10.1016/S0378-7753(03)00153-8,0.260377358,233.15,0.28517845,PF6,0.0,0.3,0.0,0.0,0.7,0.0
10.1016/S0378-7753(03)00153-8,0.283018868,233.15,0.358149579,PF6,0.0,0.3,0.0,0.0,0.7,0.0
10.1016/S0378-7753(03)00153-8,0.301886792,233.15,0.455103433,PF6,0.0,0.3,0.0,0.0,0.7,0.0
10.1016/S0378-7753(03)00153-8,0.313207547,233.15,0.533757672,PF6,0.0,0.3,0.0,0.0,0.7,0.0
10.1016/S0378-7753(03)00153-8,0.316981132,233.15,0.618208684,PF6,0.0,0.3,0.0,0.0,0.7,0.0
10.1016/S0378-7753(03)00153-8,0.316981132,233.15,0.70857013,PF6,0.0,0.3,0.0,0.0,0.7,0.0
10.1016/S0378-7753(03)00153-8,0.313207547,233.15,0.816890202,PF6,0.0,0.3,0.0,0.0,0.7,0.0
10.1016/S0378-7753(03)00153-8,0.305660377,233.15,0.931120709,PF6,0.0,0.3,0.0,0.0,0.7,0.0
10.1016/S0378-7753(03)00153-8,0.290566038,233.15,1.051147988,PF6,0.0,0.3,0.0,0.0,0.7,0.0
10.1016/S0378-7753(03)00153-8,0.271698113,233.15,1.21323028,PF6,0.0,0.3,0.0,0.0,0.7,0.0
10.1016/S0378-7753(03)00153-8,0.249056604,233.15,1.35712662,PF6,0.0,0.3,0.0,0.0,0.7,0.0
10.1016/S0378-7753(03)00153-8,0.230188679,233.15,1.495112526,PF6,0.0,0.3,0.0,0.0,0.7,0.0
10.1016/S0378-7753(03)00153-8,0.20754717,233.15,1.626960673,PF6,0.0,0.3,0.0,0.0,0.7,0.0
10.1016/S0378-7753(03)00153-8,0.173584906,233.15,1.860877472,PF6,0.0,0.3,0.0,0.0,0.7,0.0
10.1016/S0378-7753(03)00153-8,0.143396226,233.15,2.040691066,PF6,0.0,0.3,0.0,0.0,0.7,0.0
10.1016/S0378-7753(03)00153-8,0.84379282,293.15,0.202247191,PF6,0.0,0.3,0.0,0.0,0.7,0.0
10.1016/S0378-7753(03)00153-8,1.01068786,293.15,0.280898876,PF6,0.0,0.3,0.0,0.0,0.7,0.0
10.1016/S0378-7753(03)00153-8,1.129076459,293.15,0.353932584,PF6,0.0,0.3,0.0,0.0,0.7,0.0
10.1016/S0378-7753(03)00153-8,1.246642916,293.15,0.443820225,PF6,0.0,0.3,0.0,0.0,0.7,0.0
10.1016/S0378-7753(03)00153-8,1.340093176,293.15,0.528089888,PF6,0.0,0.3,0.0,0.0,0.7,0.0
10.1016/S0378-7753(03)00153-8,1.40942724,293.15,0.606741573,PF6,0.0,0.3,0.0,0.0,0.7,0.0
10.1016/S0378-7753(03)00153-8,1.453548918,293.15,0.702247191,PF6,0.0,0.3,0.0,0.0,0.7,0.0
10.1016/S0378-7753(03)00153-8,1.473006303,293.15,0.803370787,PF6,0.0,0.3,0.0,0.0,0.7,0.0
10.1016/S0378-7753(03)00153-8,1.51603179,293.15,0.921348315,PF6,0.0,0.3,0.0,0.0,0.7,0.0
10.1016/S0378-7753(03)00153-8,1.534392984,293.15,1.04494382,PF6,0.0,0.3,0.0,0.0,0.7,0.0
10.1016/S0378-7753(03)00153-8,1.502329405,293.15,1.202247191,PF6,0.0,0.3,0.0,0.0,0.7,0.0
10.1016/S0378-7753(03)00153-8,1.495204166,293.15,1.348314607,PF6,0.0,0.3,0.0,0.0,0.7,0.0
10.1016/S0378-7753(03)00153-8,1.46396273,293.15,1.488764045,PF6,0.0,0.3,0.0,0.0,0.7,0.0
10.1016/S0378-7753(03)00153-8,1.408879145,293.15,1.617977528,PF6,0.0,0.3,0.0,0.0,0.7,0.0
10.1016/S0378-7753(03)00153-8,1.299808167,293.15,1.853932584,PF6,0.0,0.3,0.0,0.0,0.7,0.0
10.1016/S0378-7753(03)00153-8,1.217867909,293.15,2.033707865,PF6,0.0,0.7,0.0,0.0,0.3,0.0
10.1016/S0378-7753(03)00153-8,0.694117647,233.15,0.305882353,PF6,0.0,0.7,0.0,0.0,0.3,0.0
10.1016/S0378-7753(03)00153-8,0.738235294,233.15,0.4,PF6,0.0,0.7,0.0,0.0,0.3,0.0
10.1016/S0378-7753(03)00153-8,0.735294118,233.15,0.482352941,PF6,0.0,0.7,0.0,0.0,0.3,0.0
10.1016/S0378-7753(03)00153-8,0.705882353,233.15,0.570588235,PF6,0.0,0.7,0.0,0.0,0.3,0.0
10.1016/S0378-7753(03)00153-8,0.652941176,233.15,0.664705882,PF6,0.0,0.7,0.0,0.0,0.3,0.0
10.1016/S0378-7753(03)00153-8,0.570588235,233.15,0.776470588,PF6,0.0,0.7,0.0,0.0,0.3,0.0
10.1016/S0378-7753(03)00153-8,0.464705882,233.15,0.905882353,PF6,0.0,0.7,0.0,0.0,0.3,0.0
10.1016/S0378-7753(03)00153-8,0.338235294,233.15,1.064705882,PF6,0.0,0.7,0.0,0.0,0.3,0.0
10.1016/S0378-7753(03)00153-8,0.211764706,233.15,1.247058824,PF6,0.0,0.7,0.0,0.0,0.3,0.0
10.1016/S0378-7753(03)00153-8,0.108823529,233.15,1.464705882,PF6,0.0,0.7,0.0,0.0,0.3,0.0
10.1016/S0378-7753(03)00153-8,0.044117647,233.15,1.7,PF6,0.0,0.7,0.0,0.0,0.3,0.0
10.1016/S0378-7753(03)00153-8,0.014705882,233.15,1.911764706,PF6,0.0,0.7,0.0,0.0,0.3,0.0
10.1016/S0378-7753(03)00153-8,0.002941176,233.15,2.117647059,PF6,0.0,0.7,0.0,0.0,0.3,0.0
10.1016/S0378-7753(03)00153-8,0.0,233.15,2.3,PF6,0.0,0.7,0.0,0.0,0.3,0.0
10.1016/S0378-7753(03)00153-8,4.8,293.15,0.308139535,PF6,0.0,0.7,0.0,0.0,0.3,0.0
10.1016/S0378-7753(03)00153-8,5.55,293.15,0.401162791,PF6,0.0,0.7,0.0,0.0,0.3,0.0
10.1016/S0378-7753(03)00153-8,6.0,293.15,0.48255814,PF6,0.0,0.7,0.0,0.0,0.3,0.0
10.1016/S0378-7753(03)00153-8,6.275,293.15,0.569767442,PF6,0.0,0.7,0.0,0.0,0.3,0.0
10.1016/S0378-7753(03)00153-8,6.5,293.15,0.668604651,PF6,0.0,0.7,0.0,0.0,0.3,0.0
10.1016/S0378-7753(03)00153-8,6.625,293.15,0.779069767,PF6,0.0,0.7,0.0,0.0,0.3,0.0
10.1016/S0378-7753(03)00153-8,6.4,293.15,0.906976744,PF6,0.0,0.7,0.0,0.0,0.3,0.0
10.1016/S0378-7753(03)00153-8,6.025,293.15,1.069767442,PF6,0.0,0.7,0.0,0.0,0.3,0.0
10.1016/S0378-7753(03)00153-8,5.4,293.15,1.25,PF6,0.0,0.7,0.0,0.0,0.3,0.0
10.1016/S0378-7753(03)00153-8,4.475,293.15,1.459302326,PF6,0.0,0.7,0.0,0.0,0.3,0.0
10.1016/S0378-7753(03)00153-8,3.525,293.15,1.697674419,PF6,0.0,0.7,0.0,0.0,0.3,0.0
10.1016/S0378-7753(03)00153-8,2.8,293.15,1.906976744,PF6,0.0,0.7,0.0,0.0,0.3,0.0
10.1016/S0378-7753(03)00153-8,2.2,293.15,2.11627907,PF6,0.0,0.7,0.0,0.0,0.3,0.0
10.1016/S0378-7753(03)00153-8,1.725,293.15,2.296511628,PF6,0.0,0.7,0.0,0.0,0.3,0.0
10.1016/S0378-7753(03)00153-8,0.389130435,233.15,0.3,BF4,0.0,0.9,0.0,0.0,0.1,0.0
10.1016/S0378-7753(03)00153-8,0.395652174,233.15,0.358823529,BF4,0.0,0.9,0.0,0.0,0.1,0.0
10.1016/S0378-7753(03)00153-8,0.389130435,233.15,0.435294118,BF4,0.0,0.9,0.0,0.0,0.1,0.0
10.1016/S0378-7753(03)00153-8,0.373913043,233.15,0.511764706,BF4,0.0,0.9,0.0,0.0,0.1,0.0
10.1016/S0378-7753(03)00153-8,0.35,233.15,0.594117647,BF4,0.0,0.9,0.0,0.0,0.1,0.0
10.1016/S0378-7753(03)00153-8,0.323913043,233.15,0.682352941,BF4,0.0,0.9,0.0,0.0,0.1,0.0
10.1016/S0378-7753(03)00153-8,0.289130435,233.15,0.776470588,BF4,0.0,0.9,0.0,0.0,0.1,0.0
10.1016/S0378-7753(03)00153-8,0.256521739,233.15,0.876470588,BF4,0.0,0.9,0.0,0.0,0.1,0.0
10.1016/S0378-7753(03)00153-8,0.22173913,233.15,0.982352941,BF4,0.0,0.9,0.0,0.0,0.1,0.0
10.1016/S0378-7753(03)00153-8,0.182608696,233.15,1.105882353,BF4,0.0,0.9,0.0,0.0,0.1,0.0
10.1016/S0378-7753(03)00153-8,0.143478261,233.15,1.252941176,BF4,0.0,0.9,0.0,0.0,0.1,0.0
10.1016/S0378-7753(03)00153-8,0.113043478,233.15,1.388235294,BF4,0.0,0.9,0.0,0.0,0.1,0.0
10.1016/S0378-7753(03)00153-8,0.084782609,233.15,1.547058824,BF4,0.0,0.9,0.0,0.0,0.1,0.0
10.1016/S0378-7753(03)00153-8,0.060869565,233.15,1.717647059,BF4,0.0,0.9,0.0,0.0,0.1,0.0
10.1016/S0378-7753(03)00153-8,0.036956522,233.15,1.964705882,BF4,0.0,0.9,0.0,0.0,0.1,0.0
10.1016/S0378-7753(03)00153-8,0.023913043,233.15,2.170588235,BF4,0.0,0.9,0.0,0.0,0.1,0.0
10.1016/S0378-7753(03)00153-8,3.0,293.15,0.3,BF4,0.0,0.9,0.0,0.0,0.1,0.0
10.1016/S0378-7753(03)00153-8,3.153846154,293.15,0.358823529,BF4,0.0,0.9,0.0,0.0,0.1,0.0
10.1016/S0378-7753(03)00153-8,3.307692308,293.15,0.435294118,BF4,0.0,0.9,0.0,0.0,0.1,0.0
10.1016/S0378-7753(03)00153-8,3.358974359,293.15,0.511764706,BF4,0.0,0.9,0.0,0.0,0.1,0.0
10.1016/S0378-7753(03)00153-8,3.358974359,293.15,0.6,BF4,0.0,0.9,0.0,0.0,0.1,0.0
10.1016/S0378-7753(03)00153-8,3.307692308,293.15,0.682352941,BF4,0.0,0.9,0.0,0.0,0.1,0.0
10.1016/S0378-7753(03)00153-8,3.230769231,293.15,0.782352941,BF4,0.0,0.9,0.0,0.0,0.1,0.0
10.1016/S0378-7753(03)00153-8,3.128205128,293.15,0.882352941,BF4,0.0,0.9,0.0,0.0,0.1,0.0
10.1016/S0378-7753(03)00153-8,2.974358974,293.15,0.982352941,BF4,0.0,0.9,0.0,0.0,0.1,0.0
10.1016/S0378-7753(03)00153-8,2.794871795,293.15,1.111764706,BF4,0.0,0.9,0.0,0.0,0.1,0.0
10.1016/S0378-7753(03)00153-8,2.564102564,293.15,1.258823529,BF4,0.0,0.9,0.0,0.0,0.1,0.0
10.1016/S0378-7753(03)00153-8,2.333333333,293.15,1.4,BF4,0.0,0.9,0.0,0.0,0.1,0.0
10.1016/S0378-7753(03)00153-8,2.102564103,293.15,1.558823529,BF4,0.0,0.9,0.0,0.0,0.1,0.0
10.1016/S0378-7753(03)00153-8,1.846153846,293.15,1.729411765,BF4,0.0,0.9,0.0,0.0,0.1,0.0
10.1016/S0378-7753(03)00153-8,1.538461538,293.15,1.976470588,BF4,0.0,0.9,0.0,0.0,0.1,0.0
10.1016/S0378-7753(03)00153-8,1.307692308,293.15,2.188235294,BF4,0.0,0.9,0.0,0.0,0.1,0.0
10.1021/JE020219O,5.278,332.15,2.3241,PF6,0.0,1.0,0.0,0.0,0.0,0.0
10.1021/JE020219O,6.288,332.15,2.1256,PF6,0.0,1.0,0.0,0.0,0.0,0.0
10.1021/JE020219O,7.365,332.15,1.9123,PF6,0.0,1.0,0.0,0.0,0.0,0.0
10.1021/JE020219O,8.679,332.15,1.6827,PF6,0.0,1.0,0.0,0.0,0.0,0.0
10.1021/JE020219O,10.05,332.15,1.445,PF6,0.0,1.0,0.0,0.0,0.0,0.0
10.1021/JE020219O,11.25,332.15,1.2341,PF6,0.0,1.0,0.0,0.0,0.0,0.0
10.1021/JE020219O,11.95,332.15,1.0609,PF6,0.0,1.0,0.0,0.0,0.0,0.0
10.1021/JE020219O,12.29,332.15,0.9089,PF6,0.0,1.0,0.0,0.0,0.0,0.0
10.1021/JE020219O,12.27,332.15,0.7799,PF6,0.0,1.0,0.0,0.0,0.0,0.0
10.1021/JE020219O,11.96,332.15,0.6659,PF6,0.0,1.0,0.0,0.0,0.0,0.0
10.1021/JE020219O,11.41,332.15,0.5661,PF6,0.0,1.0,0.0,0.0,0.0,0.0
10.1021/JE020219O,10.67,332.15,0.4759,PF6,0.0,1.0,0.0,0.0,0.0,0.0
10.1021/JE020219O,9.766,332.15,0.3958,PF6,0.0,1.0,0.0,0.0,0.0,0.0
10.1021/JE020219O,7.99,332.15,0.2801,PF6,0.0,1.0,0.0,0.0,0.0,0.0
10.1021/JE020219O,3.833,322.35,2.3241,PF6,0.0,1.0,0.0,0.0,0.0,0.0
10.1021/JE020219O,4.674,322.35,2.1256,PF6,0.0,1.0,0.0,0.0,0.0,0.0
10.1021/JE020219O,5.673,322.35,1.9123,PF6,0.0,1.0,0.0,0.0,0.0,0.0
10.1021/JE020219O,6.815,322.35,1.6827,PF6,0.0,1.0,0.0,0.0,0.0,0.0
10.1021/JE020219O,8.127,322.35,1.445,PF6,0.0,1.0,0.0,0.0,0.0,0.0
10.1021/JE020219O,9.225,322.35,1.2341,PF6,0.0,1.0,0.0,0.0,0.0,0.0
10.1021/JE020219O,9.959,322.35,1.0609,PF6,0.0,1.0,0.0,0.0,0.0,0.0
10.1021/JE020219O,10.37,322.35,0.9089,PF6,0.0,1.0,0.0,0.0,0.0,0.0
10.1021/JE020219O,10.44,322.35,0.7799,PF6,0.0,1.0,0.0,0.0,0.0,0.0
10.1021/JE020219O,10.24,322.35,0.6659,PF6,0.0,1.0,0.0,0.0,0.0,0.0
10.1021/JE020219O,9.816,322.35,0.5661,PF6,0.0,1.0,0.0,0.0,0.0,0.0
10.1021/JE020219O,9.227,322.35,0.4759,PF6,0.0,1.0,0.0,0.0,0.0,0.0
10.1021/JE020219O,8.47,322.35,0.3958,PF6,0.0,1.0,0.0,0.0,0.0,0.0
10.1021/JE020219O,6.954,322.35,0.2801,PF6,0.0,1.0,0.0,0.0,0.0,0.0
10.1021/JE020219O,2.608,312.45,2.3241,PF6,0.0,1.0,0.0,0.0,0.0,0.0
10.1021/JE020219O,3.288,312.45,2.1256,PF6,0.0,1.0,0.0,0.0,0.0,0.0
10.1021/JE020219O,4.136,312.45,1.9123,PF6,0.0,1.0,0.0,0.0,0.0,0.0
10.1021/JE020219O,5.142,312.45,1.6827,PF6,0.0,1.0,0.0,0.0,0.0,0.0
10.1021/JE020219O,6.326,312.45,1.445,PF6,0.0,1.0,0.0,0.0,0.0,0.0
10.1021/JE020219O,7.352,312.45,1.2341,PF6,0.0,1.0,0.0,0.0,0.0,0.0
10.1021/JE020219O,8.079,312.45,1.0609,PF6,0.0,1.0,0.0,0.0,0.0,0.0
10.1021/JE020219O,8.524,312.45,0.9089,PF6,0.0,1.0,0.0,0.0,0.0,0.0
10.1021/JE020219O,8.661,312.45,0.7799,PF6,0.0,1.0,0.0,0.0,0.0,0.0
10.1021/JE020219O,8.565,312.45,0.6659,PF6,0.0,1.0,0.0,0.0,0.0,0.0
10.1021/JE020219O,8.263,312.45,0.5661,PF6,0.0,1.0,0.0,0.0,0.0,0.0
10.1021/JE020219O,7.803,312.45,0.4759,PF6,0.0,1.0,0.0,0.0,0.0,0.0
10.1021/JE020219O,7.197,312.45,0.3958,PF6,0.0,1.0,0.0,0.0,0.0,0.0
10.1021/JE020219O,5.94,312.45,0.2801,PF6,0.0,1.0,0.0,0.0,0.0,0.0
10.1021/JE020219O,1.647,302.55,2.3241,PF6,0.0,1.0,0.0,0.0,0.0,0.0
10.1021/JE020219O,2.167,302.55,2.1256,PF6,0.0,1.0,0.0,0.0,0.0,0.0
10.1021/JE020219O,2.824,302.55,1.9123,PF6,0.0,1.0,0.0,0.0,0.0,0.0
10.1021/JE020219O,3.681,302.55,1.6827,PF6,0.0,1.0,0.0,0.0,0.0,0.0
10.1021/JE020219O,4.717,302.55,1.445,PF6,0.0,1.0,0.0,0.0,0.0,0.0
10.1021/JE020219O,5.648,302.55,1.2341,PF6,0.0,1.0,0.0,0.0,0.0,0.0
10.1021/JE020219O,6.339,302.55,1.0609,PF6,0.0,1.0,0.0,0.0,0.0,0.0
10.1021/JE020219O,6.799,302.55,0.9089,PF6,0.0,1.0,0.0,0.0,0.0,0.0
10.1021/JE020219O,6.995,302.55,0.7799,PF6,0.0,1.0,0.0,0.0,0.0,0.0
10.1021/JE020219O,6.979,302.55,0.6659,PF6,0.0,1.0,0.0,0.0,0.0,0.0
10.1021/JE020219O,6.786,302.55,0.5661,PF6,0.0,1.0,0.0,0.0,0.0,0.0
10.1021/JE020219O,6.452,302.55,0.4759,PF6,0.0,1.0,0.0,0.0,0.0,0.0
10.1021/JE020219O,5.981,302.55,0.3958,PF6,0.0,1.0,0.0,0.0,0.0,0.0
10.1021/JE020219O,4.972,302.55,0.2801,PF6,0.0,1.0,0.0,0.0,0.0,0.0
10.1021/JE020219O,0.9521,292.65,2.3241,PF6,0.0,1.0,0.0,0.0,0.0,0.0
10.1021/JE020219O,1.314,292.65,2.1256,PF6,0.0,1.0,0.0,0.0,0.0,0.0
10.1021/JE020219O,1.79,292.65,1.9123,PF6,0.0,1.0,0.0,0.0,0.0,0.0
10.1021/JE020219O,2.482,292.65,1.6827,PF6,0.0,1.0,0.0,0.0,0.0,0.0
10.1021/JE020219O,3.315,292.65,1.445,PF6,0.0,1.0,0.0,0.0,0.0,0.0
10.1021/JE020219O,4.15,292.65,1.2341,PF6,0.0,1.0,0.0,0.0,0.0,0.0
10.1021/JE020219O,4.791,292.65,1.0609,PF6,0.0,1.0,0.0,0.0,0.0,0.0
10.1021/JE020219O,5.244,292.65,0.9089,PF6,0.0,1.0,0.0,0.0,0.0,0.0
10.1021/JE020219O,5.473,292.65,0.7799,PF6,0.0,1.0,0.0,0.0,0.0,0.0
10.1021/JE020219O,5.533,292.65,0.6659,PF6,0.0,1.0,0.0,0.0,0.0,0.0
10.1021/JE020219O,5.429,292.65,0.5661,PF6,0.0,1.0,0.0,0.0,0.0,0.0
10.1021/JE020219O,5.203,292.65,0.4759,PF6,0.0,1.0,0.0,0.0,0.0,0.0
10.1021/JE020219O,4.855,292.65,0.3958,PF6,0.0,1.0,0.0,0.0,0.0,0.0
10.1021/JE020219O,4.07,292.65,0.2801,PF6,0.0,1.0,0.0,0.0,0.0,0.0
10.1021/JE020219O,0.4782,282.85,2.3241,PF6,0.0,1.0,0.0,0.0,0.0,0.0
10.1021/JE020219O,0.7061,282.85,2.1256,PF6,0.0,1.0,0.0,0.0,0.0,0.0
10.1021/JE020219O,1.036,282.85,1.9123,PF6,0.0,1.0,0.0,0.0,0.0,0.0
10.1021/JE020219O,1.542,282.85,1.6827,PF6,0.0,1.0,0.0,0.0,0.0,0.0
10.1021/JE020219O,2.158,282.85,1.445,PF6,0.0,1.0,0.0,0.0,0.0,0.0
10.1021/JE020219O,2.869,282.85,1.2341,PF6,0.0,1.0,0.0,0.0,0.0,0.0
10.1021/JE020219O,3.425,282.85,1.0609,PF6,0.0,1.0,0.0,0.0,0.0,0.0
10.1021/JE020219O,3.85,282.85,0.9089,PF6,0.0,1.0,0.0,0.0,0.0,0.0
10.1021/JE020219O,4.094,282.85,0.7799,PF6,0.0,1.0,0.0,0.0,0.0,0.0
10.1021/JE020219O,4.201,282.85,0.6659,PF6,0.0,1.0,0.0,0.0,0.0,0.0
10.1021/JE020219O,4.17,282.85,0.5661,PF6,0.0,1.0,0.0,0.0,0.0,0.0
10.1021/JE020219O,4.038,282.85,0.4759,PF6,0.0,1.0,0.0,0.0,0.0,0.0
10.1021/JE020219O,3.798,282.85,0.3958,PF6,0.0,1.0,0.0,0.0,0.0,0.0
10.1021/JE020219O,3.221,282.85,0.2801,PF6,0.0,1.0,0.0,0.0,0.0,0.0
10.1021/JE020219O,0.1992,272.95,2.3241,PF6,0.0,1.0,0.0,0.0,0.0,0.0
10.1021/JE020219O,0.324,272.95,2.1256,PF6,0.0,1.0,0.0,0.0,0.0,0.0
10.1021/JE020219O,0.5173,272.95,1.9123,PF6,0.0,1.0,0.0,0.0,0.0,0.0
10.1021/JE020219O,0.85,272.95,1.6827,PF6,0.0,1.0,0.0,0.0,0.0,0.0
10.1021/JE020219O,1.288,272.95,1.445,PF6,0.0,1.0,0.0,0.0,0.0,0.0
10.1021/JE020219O,1.828,272.95,1.2341,PF6,0.0,1.0,0.0,0.0,0.0,0.0
10.1021/JE020219O,2.286,272.95,1.0609,PF6,0.0,1.0,0.0,0.0,0.0,0.0
10.1021/JE020219O,2.656,272.95,0.9089,PF6,0.0,1.0,0.0,0.0,0.0,0.0
10.1021/JE020219O,2.894,272.95,0.7799,PF6,0.0,1.0,0.0,0.0,0.0,0.0
10.1021/JE020219O,3.024,272.95,0.6659,PF6,0.0,1.0,0.0,0.0,0.0,0.0
10.1021/JE020219O,3.049,272.95,0.5661,PF6,0.0,1.0,0.0,0.0,0.0,0.0
10.1021/JE020219O,2.991,272.95,0.4759,PF6,0.0,1.0,0.0,0.0,0.0,0.0
10.1021/JE020219O,2.842,272.95,0.3958,PF6,0.0,1.0,0.0,0.0,0.0,0.0
10.1021/JE020219O,2.443,272.95,0.2801,PF6,0.0,1.0,0.0,0.0,0.0,0.0
10.1021/JE020219O,0.06444,263.15,2.3241,PF6,0.0,1.0,0.0,0.0,0.0,0.0
10.1021/JE020219O,0.1197,263.15,2.1256,PF6,0.0,1.0,0.0,0.0,0.0,0.0
10.1021/JE020219O,0.2146,263.15,1.9123,PF6,0.0,1.0,0.0,0.0,0.0,0.0
10.1021/JE020219O,0.4036,263.15,1.6827,PF6,0.0,1.0,0.0,0.0,0.0,0.0
10.1021/JE020219O,0.6807,263.15,1.445,PF6,0.0,1.0,0.0,0.0,0.0,0.0
10.1021/JE020219O,1.052,263.15,1.2341,PF6,0.0,1.0,0.0,0.0,0.0,0.0
10.1021/JE020219O,1.395,263.15,1.0609,PF6,0.0,1.0,0.0,0.0,0.0,0.0
10.1021/JE020219O,1.693,263.15,0.9089,PF6,0.0,1.0,0.0,0.0,0.0,0.0
10.1021/JE020219O,1.902,263.15,0.7799,PF6,0.0,1.0,0.0,0.0,0.0,0.0
10.1021/JE020219O,2.039,263.15,0.6659,PF6,0.0,1.0,0.0,0.0,0.0,0.0
10.1021/JE020219O,2.095,263.15,0.5661,PF6,0.0,1.0,0.0,0.0,0.0,0.0
10.1021/JE020219O,2.086,263.15,0.4759,PF6,0.0,1.0,0.0,0.0,0.0,0.0
10.1021/JE020219O,2.013,263.15,0.3958,PF6,0.0,1.0,0.0,0.0,0.0,0.0
10.1021/JE020219O,1.761,263.15,0.2801,PF6,0.0,1.0,0.0,0.0,0.0,0.0
10.1021/JE020219O,0.01503,253.35,2.3241,PF6,0.0,1.0,0.0,0.0,0.0,0.0
10.1021/JE020219O,0.03297,253.35,2.1256,PF6,0.0,1.0,0.0,0.0,0.0,0.0
10.1021/JE020219O,0.07108,253.35,1.9123,PF6,0.0,1.0,0.0,0.0,0.0,0.0
10.1021/JE020219O,0.157,253.35,1.6827,PF6,0.0,1.0,0.0,0.0,0.0,0.0
10.1021/JE020219O,0.3058,253.35,1.445,PF6,0.0,1.0,0.0,0.0,0.0,0.0
10.1021/JE020219O,0.5279,253.35,1.2341,PF6,0.0,1.0,0.0,0.0,0.0,0.0
10.1021/JE020219O,0.7551,253.35,1.0609,PF6,0.0,1.0,0.0,0.0,0.0,0.0
10.1021/JE020219O,0.9691,253.35,0.9089,PF6,0.0,1.0,0.0,0.0,0.0,0.0
10.1021/JE020219O,1.134,253.35,0.7799,PF6,0.0,1.0,0.0,0.0,0.0,0.0
10.1021/JE020219O,1.258,253.35,0.6659,PF6,0.0,1.0,0.0,0.0,0.0,0.0
10.1021/JE020219O,1.326,253.35,0.5661,PF6,0.0,1.0,0.0,0.0,0.0,0.0
10.1021/JE020219O,1.351,253.35,0.4759,PF6,0.0,1.0,0.0,0.0,0.0,0.0
10.1021/JE020219O,1.325,253.35,0.3958,PF6,0.0,1.0,0.0,0.0,0.0,0.0
10.1021/JE020219O,1.188,253.35,0.2801,PF6,0.0,1.0,0.0,0.0,0.0,0.0
10.1021/JE020219O,0.002207,243.65,2.3241,PF6,0.0,1.0,0.0,0.0,0.0,0.0
10.1021/JE020219O,0.006131,243.65,2.1256,PF6,0.0,1.0,0.0,0.0,0.0,0.0
10.1021/JE020219O,0.01725,243.65,1.9123,PF6,0.0,1.0,0.0,0.0,0.0,0.0
10.1021/JE020219O,0.04731,243.65,1.6827,PF6,0.0,1.0,0.0,0.0,0.0,0.0
10.1021/JE020219O,0.1123,243.65,1.445,PF6,0.0,1.0,0.0,0.0,0.0,0.0
10.1021/JE020219O,0.2213,243.65,1.2341,PF6,0.0,1.0,0.0,0.0,0.0,0.0
10.1021/JE020219O,0.35,243.65,1.0609,PF6,0.0,1.0,0.0,0.0,0.0,0.0
10.1021/JE020219O,0.4831,243.65,0.9089,PF6,0.0,1.0,0.0,0.0,0.0,0.0
10.1021/JE020219O,0.5982,243.65,0.7799,PF6,0.0,1.0,0.0,0.0,0.0,0.0
10.1021/JE020219O,0.693,243.65,0.6659,PF6,0.0,1.0,0.0,0.0,0.0,0.0
10.1021/JE020219O,0.7547,243.65,0.5661,PF6,0.0,1.0,0.0,0.0,0.0,0.0
10.1021/JE020219O,0.7914,243.65,0.4759,PF6,0.0,1.0,0.0,0.0,0.0,0.0
10.1021/JE020219O,0.7947,243.65,0.3958,PF6,0.0,1.0,0.0,0.0,0.0,0.0
10.1021/JE020219O,0.7341,243.65,0.2801,PF6,0.0,1.0,0.0,0.0,0.0,0.0
10.1021/JE020219O,0.0001602,233.75,2.3241,PF6,0.0,1.0,0.0,0.0,0.0,0.0
10.1021/JE020219O,0.0006667,233.75,2.1256,PF6,0.0,1.0,0.0,0.0,0.0,0.0
10.1021/JE020219O,0.002594,233.75,1.9123,PF6,0.0,1.0,0.0,0.0,0.0,0.0
10.1021/JE020219O,0.009964,233.75,1.6827,PF6,0.0,1.0,0.0,0.0,0.0,0.0
10.1021/JE020219O,0.03048,233.75,1.445,PF6,0.0,1.0,0.0,0.0,0.0,0.0
10.1021/JE020219O,0.0714,233.75,1.2341,PF6,0.0,1.0,0.0,0.0,0.0,0.0
10.1021/JE020219O,0.1281,233.75,1.0609,PF6,0.0,1.0,0.0,0.0,0.0,0.0
10.1021/JE020219O,0.1962,233.75,0.9089,PF6,0.0,1.0,0.0,0.0,0.0,0.0
10.1021/JE020219O,0.2618,233.75,0.7799,PF6,0.0,1.0,0.0,0.0,0.0,0.0
10.1021/JE020219O,0.3204,233.75,0.6659,PF6,0.0,1.0,0.0,0.0,0.0,0.0
10.1021/JE020219O,0.365,233.75,0.5661,PF6,0.0,1.0,0.0,0.0,0.0,0.0
10.1021/JE020219O,0.3985,233.75,0.4759,PF6,0.0,1.0,0.0,0.0,0.0,0.0
10.1021/JE020219O,0.4106,233.75,0.3958,PF6,0.0,1.0,0.0,0.0,0.0,0.0
10.1021/JE020219O,0.3979,233.75,0.2801,PF6,0.0,1.0,0.0,0.0,0.0,0.0
10.1021/JE020219O,,223.85,2.3241,PF6,0.0,1.0,0.0,0.0,0.0,0.0
10.1021/JE020219O,2.98e-05,223.85,2.1256,PF6,0.0,1.0,0.0,0.0,0.0,0.0
10.1021/JE020219O,0.0002043,223.85,1.9123,PF6,0.0,1.0,0.0,0.0,0.0,0.0
10.1021/JE020219O,0.001211,223.85,1.6827,PF6,0.0,1.0,0.0,0.0,0.0,0.0
10.1021/JE020219O,0.005367,223.85,1.445,PF6,0.0,1.0,0.0,0.0,0.0,0.0
10.1021/JE020219O,0.0156,223.85,1.2341,PF6,0.0,1.0,0.0,0.0,0.0,0.0
10.1021/JE020219O,0.03374,223.85,1.0609,PF6,0.0,1.0,0.0,0.0,0.0,0.0
10.1021/JE020219O,0.05888,223.85,0.9089,PF6,0.0,1.0,0.0,0.0,0.0,0.0
10.1021/JE020219O,0.08669,223.85,0.7799,PF6,0.0,1.0,0.0,0.0,0.0,0.0
10.1021/JE020219O,0.1151,223.85,0.6659,PF6,0.0,1.0,0.0,0.0,0.0,0.0
10.1021/JE020219O,0.139,223.85,0.5661,PF6,0.0,1.0,0.0,0.0,0.0,0.0
10.1021/JE020219O,0.1602,223.85,0.4759,PF6,0.0,1.0,0.0,0.0,0.0,0.0
10.1021/JE020219O,0.1736,223.85,0.3958,PF6,0.0,1.0,0.0,0.0,0.0,0.0
10.1021/JE020219O,0.1775,223.85,0.2801,PF6,0.0,1.0,0.0,0.0,0.0,0.0
10.1021/JE020219O,,213.95,2.3241,PF6,0.0,1.0,0.0,0.0,0.0,0.0
10.1021/JE020219O,,213.95,2.1256,PF6,0.0,1.0,0.0,0.0,0.0,0.0
10.1021/JE020219O,5.73e-05,213.95,1.9123,PF6,0.0,1.0,0.0,0.0,0.0,0.0
10.1021/JE020219O,7.29e-05,213.95,1.6827,PF6,0.0,1.0,0.0,0.0,0.0,0.0
10.1021/JE020219O,0.0005148,213.95,1.445,PF6,0.0,1.0,0.0,0.0,0.0,0.0
10.1021/JE020219O,0.002039,213.95,1.2341,PF6,0.0,1.0,0.0,0.0,0.0,0.0
10.1021/JE020219O,0.00559,213.95,1.0609,PF6,0.0,1.0,0.0,0.0,0.0,0.0
10.1021/JE020219O,0.01163,213.95,0.9089,PF6,0.0,1.0,0.0,0.0,0.0,0.0
10.1021/JE020219O,0.01944,213.95,0.7799,PF6,0.0,1.0,0.0,0.0,0.0,0.0
10.1021/JE020219O,0.02865,213.95,0.6659,PF6,0.0,1.0,0.0,0.0,0.0,0.0
10.1021/JE020219O,0.03783,213.95,0.5661,PF6,0.0,1.0,0.0,0.0,0.0,0.0
10.1021/JE020219O,0.04691,213.95,0.4759,PF6,0.0,1.0,0.0,0.0,0.0,0.0
10.1021/JE020219O,0.0539,213.95,0.3958,PF6,0.0,1.0,0.0,0.0,0.0,0.0
10.1021/JE020219O,0.05974,213.95,0.2801,PF6,0.0,1.0,0.0,0.0,0.0,0.0
10.1021/JE020219O,,204.15,2.3241,PF6,0.0,1.0,0.0,0.0,0.0,0.0
10.1021/JE020219O,,204.15,2.1256,PF6,0.0,1.0,0.0,0.0,0.0,0.0
10.1021/JE020219O,,204.15,1.9123,PF6,0.0,1.0,0.0,0.0,0.0,0.0
10.1021/JE020219O,,204.15,1.6827,PF6,0.0,1.0,0.0,0.0,0.0,0.0
10.1021/JE020219O,2.03e-05,204.15,1.445,PF6,0.0,1.0,0.0,0.0,0.0,0.0
10.1021/JE020219O,0.0001276,204.15,1.2341,PF6,0.0,1.0,0.0,0.0,0.0,0.0
10.1021/JE020219O,0.0004771,204.15,1.0609,PF6,0.0,1.0,0.0,0.0,0.0,0.0
10.1021/JE020219O,0.001253,204.15,0.9089,PF6,0.0,1.0,0.0,0.0,0.0,0.0
10.1021/JE020219O,0.002466,204.15,0.7799,PF6,0.0,1.0,0.0,0.0,0.0,0.0
10.1021/JE020219O,0.004156,204.15,0.6659,PF6,0.0,1.0,0.0,0.0,0.0,0.0
10.1021/JE020219O,0.006117,204.15,0.5661,PF6,0.0,1.0,0.0,0.0,0.0,0.0
10.1021/JE020219O,0.008352,204.15,0.4759,PF6,0.0,1.0,0.0,0.0,0.0,0.0
10.1021/JE020219O,0.01043,204.15,0.3958,PF6,0.0,1.0,0.0,0.0,0.0,0.0
10.1021/JE020219O,0.01284,204.15,0.2801,PF6,0.0,1.0,0.0,0.0,0.0,0.0
10.1021/JE020219O,,194.15,2.3241,PF6,0.0,1.0,0.0,0.0,0.0,0.0
10.1021/JE020219O,,194.15,2.1256,PF6,0.0,1.0,0.0,0.0,0.0,0.0
10.1021/JE020219O,,194.15,1.9123,PF6,0.0,1.0,0.0,0.0,0.0,0.0
10.1021/JE020219O,,194.15,1.6827,PF6,0.0,1.0,0.0,0.0,0.0,0.0
10.1021/JE020219O,,194.15,1.445,PF6,0.0,1.0,0.0,0.0,0.0,0.0
10.1021/JE020219O,2.41e-05,194.15,1.2341,PF6,0.0,1.0,0.0,0.0,0.0,0.0
10.1021/JE020219O,1.56e-05,194.15,1.0609,PF6,0.0,1.0,0.0,0.0,0.0,0.0
10.1021/JE020219O,5.72e-05,194.15,0.9089,PF6,0.0,1.0,0.0,0.0,0.0,0.0
10.1021/JE020219O,0.000139,194.15,0.7799,PF6,0.0,1.0,0.0,0.0,0.0,0.0
10.1021/JE020219O,0.0002821,194.15,0.6659,PF6,0.0,1.0,0.0,0.0,0.0,0.0
10.1021/JE020219O,0.0004755,194.15,0.5661,PF6,0.0,1.0,0.0,0.0,0.0,0.0
10.1021/JE020219O,0.0007332,194.15,0.4759,PF6,0.0,1.0,0.0,0.0,0.0,0.0
10.1021/JE020219O,0.00101,194.15,0.3958,PF6,0.0,1.0,0.0,0.0,0.0,0.0
10.1021/JE020219O,0.001456,194.15,0.2801,PF6,0.0,1.0,0.0,0.0,0.0,0.0
10.1021/JE020219O,5.758,332.15,2.3225,PF6,0.0,0.9,0.0,0.0,0.1,0.0
10.1021/JE020219O,6.802,332.15,2.1311,PF6,0.0,0.9,0.0,0.0,0.1,0.0
10.1021/JE020219O,7.858,332.15,1.9117,PF6,0.0,0.9,0.0,0.0,0.1,0.0
10.1021/JE020219O,9.257,332.15,1.6929,PF6,0.0,0.9,0.0,0.0,0.1,0.0
10.1021/JE020219O,10.62,332.15,1.4535,PF6,0.0,0.9,0.0,0.0,0.1,0.0
10.1021/JE020219O,11.89,332.15,1.2271,PF6,0.0,0.9,0.0,0.0,0.1,0.0
10.1021/JE020219O,12.58,332.15,1.0532,PF6,0.0,0.9,0.0,0.0,0.1,0.0
10.1021/JE020219O,12.86,332.15,0.8954,PF6,0.0,0.9,0.0,0.0,0.1,0.0
10.1021/JE020219O,12.76,332.15,0.7652,PF6,0.0,0.9,0.0,0.0,0.1,0.0
10.1021/JE020219O,12.37,332.15,0.6524,PF6,0.0,0.9,0.0,0.0,0.1,0.0
10.1021/JE020219O,11.72,332.15,0.5499,PF6,0.0,0.9,0.0,0.0,0.1,0.0
10.1021/JE020219O,10.9,332.15,0.4603,PF6,0.0,0.9,0.0,0.0,0.1,0.0
10.1021/JE020219O,9.947,332.15,0.3839,PF6,0.0,0.9,0.0,0.0,0.1,0.0
10.1021/JE020219O,8.779,332.15,0.3086,PF6,0.0,0.9,0.0,0.0,0.1,0.0
10.1021/JE020219O,4.271,322.35,2.3225,PF6,0.0,0.9,0.0,0.0,0.1,0.0
10.1021/JE020219O,5.158,322.35,2.1311,PF6,0.0,0.9,0.0,0.0,0.1,0.0
10.1021/JE020219O,6.117,322.35,1.9117,PF6,0.0,0.9,0.0,0.0,0.1,0.0
10.1021/JE020219O,7.367,322.35,1.6929,PF6,0.0,0.9,0.0,0.0,0.1,0.0
10.1021/JE020219O,8.686,322.35,1.4535,PF6,0.0,0.9,0.0,0.0,0.1,0.0
10.1021/JE020219O,9.855,322.35,1.2271,PF6,0.0,0.9,0.0,0.0,0.1,0.0
10.1021/JE020219O,10.58,322.35,1.0532,PF6,0.0,0.9,0.0,0.0,0.1,0.0
10.1021/JE020219O,10.93,322.35,0.8954,PF6,0.0,0.9,0.0,0.0,0.1,0.0
10.1021/JE020219O,10.93,322.35,0.7652,PF6,0.0,0.9,0.0,0.0,0.1,0.0
10.1021/JE020219O,10.66,322.35,0.6524,PF6,0.0,0.9,0.0,0.0,0.1,0.0
10.1021/JE020219O,10.15,322.35,0.5499,PF6,0.0,0.9,0.0,0.0,0.1,0.0
10.1021/JE020219O,9.478,322.35,0.4603,PF6,0.0,0.9,0.0,0.0,0.1,0.0
10.1021/JE020219O,8.672,322.35,0.3839,PF6,0.0,0.9,0.0,0.0,0.1,0.0
10.1021/JE020219O,7.669,322.35,0.3086,PF6,0.0,0.9,0.0,0.0,0.1,0.0
10.1021/JE020219O,2.991,312.45,2.3225,PF6,0.0,0.9,0.0,0.0,0.1,0.0
10.1021/JE020219O,3.721,312.45,2.1311,PF6,0.0,0.9,0.0,0.0,0.1,0.0
10.1021/JE020219O,4.548,312.45,1.9117,PF6,0.0,0.9,0.0,0.0,0.1,0.0
10.1021/JE020219O,5.649,312.45,1.6929,PF6,0.0,0.9,0.0,0.0,0.1,0.0
10.1021/JE020219O,6.85,312.45,1.4535,PF6,0.0,0.9,0.0,0.0,0.1,0.0
10.1021/JE020219O,7.956,312.45,1.2271,PF6,0.0,0.9,0.0,0.0,0.1,0.0
10.1021/JE020219O,8.673,312.45,1.0532,PF6,0.0,0.9,0.0,0.0,0.1,0.0
10.1021/JE020219O,9.08,312.45,0.8954,PF6,0.0,0.9,0.0,0.0,0.1,0.0
10.1021/JE020219O,9.157,312.45,0.7652,PF6,0.0,0.9,0.0,0.0,0.1,0.0
10.1021/JE020219O,8.994,312.45,0.6524,PF6,0.0,0.9,0.0,0.0,0.1,0.0
10.1021/JE020219O,8.611,312.45,0.5499,PF6,0.0,0.9,0.0,0.0,0.1,0.0
10.1021/JE020219O,8.074,312.45,0.4603,PF6,0.0,0.9,0.0,0.0,0.1,0.0
10.1021/JE020219O,7.42,312.45,0.3839,PF6,0.0,0.9,0.0,0.0,0.1,0.0
10.1021/JE020219O,6.582,312.45,0.3086,PF6,0.0,0.9,0.0,0.0,0.1,0.0
10.1021/JE020219O,1.953,302.55,2.3225,PF6,0.0,0.9,0.0,0.0,0.1,0.0
10.1021/JE020219O,2.523,302.55,2.1311,PF6,0.0,0.9,0.0,0.0,0.1,0.0
10.1021/JE020219O,3.197,302.55,1.9117,PF6,0.0,0.9,0.0,0.0,0.1,0.0
10.1021/JE020219O,4.123,302.55,1.6929,PF6,0.0,0.9,0.0,0.0,0.1,0.0
10.1021/JE020219O,5.19,302.55,1.4535,PF6,0.0,0.9,0.0,0.0,0.1,0.0
10.1021/JE020219O,6.209,302.55,1.2271,PF6,0.0,0.9,0.0,0.0,0.1,0.0
10.1021/JE020219O,6.896,302.55,1.0532,PF6,0.0,0.9,0.0,0.0,0.1,0.0
10.1021/JE020219O,7.332,302.55,0.8954,PF6,0.0,0.9,0.0,0.0,0.1,0.0
10.1021/JE020219O,7.477,302.55,0.7652,PF6,0.0,0.9,0.0,0.0,0.1,0.0
10.1021/JE020219O,7.404,302.55,0.6524,PF6,0.0,0.9,0.0,0.0,0.1,0.0
10.1021/JE020219O,7.138,302.55,0.5499,PF6,0.0,0.9,0.0,0.0,0.1,0.0
10.1021/JE020219O,6.735,302.55,0.4603,PF6,0.0,0.9,0.0,0.0,0.1,0.0
10.1021/JE020219O,6.217,302.55,0.3839,PF6,0.0,0.9,0.0,0.0,0.1,0.0
10.1021/JE020219O,5.539,302.55,0.3086,PF6,0.0,0.9,0.0,0.0,0.1,0.0
10.1021/JE020219O,1.178,292.65,2.3225,PF6,0.0,0.9,0.0,0.0,0.1,0.0
10.1021/JE020219O,1.591,292.65,2.1311,PF6,0.0,0.9,0.0,0.0,0.1,0.0
10.1021/JE020219O,2.114,292.65,1.9117,PF6,0.0,0.9,0.0,0.0,0.1,0.0
10.1021/JE020219O,2.849,292.65,1.6929,PF6,0.0,0.9,0.0,0.0,0.1,0.0
10.1021/JE020219O,3.717,292.65,1.4535,PF6,0.0,0.9,0.0,0.0,0.1,0.0
10.1021/JE020219O,4.645,292.65,1.2271,PF6,0.0,0.9,0.0,0.0,0.1,0.0
10.1021/JE020219O,5.295,292.65,1.0532,PF6,0.0,0.9,0.0,0.0,0.1,0.0
10.1021/JE020219O,5.741,292.65,0.8954,PF6,0.0,0.9,0.0,0.0,0.1,0.0
10.1021/JE020219O,5.927,292.65,0.7652,PF6,0.0,0.9,0.0,0.0,0.1,0.0
10.1021/JE020219O,5.939,292.65,0.6524,PF6,0.0,0.9,0.0,0.0,0.1,0.0
10.1021/JE020219O,5.775,292.65,0.5499,PF6,0.0,0.9,0.0,0.0,0.1,0.0
10.1021/JE020219O,5.488,292.65,0.4603,PF6,0.0,0.9,0.0,0.0,0.1,0.0
10.1021/JE020219O,5.095,292.65,0.3839,PF6,0.0,0.9,0.0,0.0,0.1,0.0
10.1021/JE020219O,4.563,292.65,0.3086,PF6,0.0,0.9,0.0,0.0,0.1,0.0
10.1021/JE020219O,0.6269,282.85,2.3225,PF6,0.0,0.9,0.0,0.0,0.1,0.0
10.1021/JE020219O,0.8976,282.85,2.1311,PF6,0.0,0.9,0.0,0.0,0.1,0.0
10.1021/JE020219O,1.263,282.85,1.9117,PF6,0.0,0.9,0.0,0.0,0.1,0.0
10.1021/JE020219O,1.824,282.85,1.6929,PF6,0.0,0.9,0.0,0.0,0.1,0.0
10.1021/JE020219O,2.485,282.85,1.4535,PF6,0.0,0.9,0.0,0.0,0.1,0.0
10.1021/JE020219O,3.29,282.85,1.2271,PF6,0.0,0.9,0.0,0.0,0.1,0.0
10.1021/JE020219O,3.864,282.85,1.0532,PF6,0.0,0.9,0.0,0.0,0.1,0.0
10.1021/JE020219O,4.293,282.85,0.8954,PF6,0.0,0.9,0.0,0.0,0.1,0.0
10.1021/JE020219O,4.51,282.85,0.7652,PF6,0.0,0.9,0.0,0.0,0.1,0.0
10.1021/JE020219O,4.58,282.85,0.6524,PF6,0.0,0.9,0.0,0.0,0.1,0.0
10.1021/JE020219O,4.502,282.85,0.5499,PF6,0.0,0.9,0.0,0.0,0.1,0.0
10.1021/JE020219O,4.318,282.85,0.4603,PF6,0.0,0.9,0.0,0.0,0.1,0.0
10.1021/JE020219O,4.036,282.85,0.3839,PF6,0.0,0.9,0.0,0.0,0.1,0.0
10.1021/JE020219O,3.641,282.85,0.3086,PF6,0.0,0.9,0.0,0.0,0.1,0.0
10.1021/JE020219O,0.2803,272.95,2.3225,PF6,0.0,0.9,0.0,0.0,0.1,0.0
10.1021/JE020219O,0.4383,272.95,2.1311,PF6,0.0,0.9,0.0,0.0,0.1,0.0
10.1021/JE020219O,0.666,272.95,1.9117,PF6,0.0,0.9,0.0,0.0,0.1,0.0
10.1021/JE020219O,1.045,272.95,1.6929,PF6,0.0,0.9,0.0,0.0,0.1,0.0
10.1021/JE020219O,1.531,272.95,1.4535,PF6,0.0,0.9,0.0,0.0,0.1,0.0
10.1021/JE020219O,2.158,272.95,1.2271,PF6,0.0,0.9,0.0,0.0,0.1,0.0
10.1021/JE020219O,2.647,272.95,1.0532,PF6,0.0,0.9,0.0,0.0,0.1,0.0
10.1021/JE020219O,3.032,272.95,0.8954,PF6,0.0,0.9,0.0,0.0,0.1,0.0
10.1021/JE020219O,3.259,272.95,0.7652,PF6,0.0,0.9,0.0,0.0,0.1,0.0
10.1021/JE020219O,3.363,272.95,0.6524,PF6,0.0,0.9,0.0,0.0,0.1,0.0
10.1021/JE020219O,3.353,272.95,0.5499,PF6,0.0,0.9,0.0,0.0,0.1,0.0
10.1021/JE020219O,3.254,272.95,0.4603,PF6,0.0,0.9,0.0,0.0,0.1,0.0
10.1021/JE020219O,3.068,272.95,0.3839,PF6,0.0,0.9,0.0,0.0,0.1,0.0
10.1021/JE020219O,2.79,272.95,0.3086,PF6,0.0,0.9,0.0,0.0,0.1,0.0
10.1021/JE020219O,0.09998,263.15,2.3225,PF6,0.0,0.9,0.0,0.0,0.1,0.0
10.1021/JE020219O,0.1758,263.15,2.1311,PF6,0.0,0.9,0.0,0.0,0.1,0.0
10.1021/JE020219O,0.2977,263.15,1.9117,PF6,0.0,0.9,0.0,0.0,0.1,0.0
10.1021/JE020219O,0.5217,263.15,1.6929,PF6,0.0,0.9,0.0,0.0,0.1,0.0
10.1021/JE020219O,0.8436,263.15,1.4535,PF6,0.0,0.9,0.0,0.0,0.1,0.0
10.1021/JE020219O,1.294,263.15,1.2271,PF6,0.0,0.9,0.0,0.0,0.1,0.0
10.1021/JE020219O,1.671,263.15,1.0532,PF6,0.0,0.9,0.0,0.0,0.1,0.0
10.1021/JE020219O,1.994,263.15,0.8954,PF6,0.0,0.9,0.0,0.0,0.1,0.0
10.1021/JE020219O,2.204,263.15,0.7652,PF6,0.0,0.9,0.0,0.0,0.1,0.0
10.1021/JE020219O,2.325,263.15,0.6524,PF6,0.0,0.9,0.0,0.0,0.1,0.0
10.1021/JE020219O,2.359,263.15,0.5499,PF6,0.0,0.9,0.0,0.0,0.1,0.0
10.1021/JE020219O,2.32,263.15,0.4603,PF6,0.0,0.9,0.0,0.0,0.1,0.0
10.1021/JE020219O,2.218,263.15,0.3839,PF6,0.0,0.9,0.0,0.0,0.1,0.0
10.1021/JE020219O,2.036,263.15,0.3086,PF6,0.0,0.9,0.0,0.0,0.1,0.0
10.1021/JE020219O,0.02636,253.35,2.3225,PF6,0.0,0.9,0.0,0.0,0.1,0.0
10.1021/JE020219O,0.05382,253.35,2.1311,PF6,0.0,0.9,0.0,0.0,0.1,0.0
10.1021/JE020219O,0.1055,253.35,1.9117,PF6,0.0,0.9,0.0,0.0,0.1,0.0
10.1021/JE020219O,0.2167,253.35,1.6929,PF6,0.0,0.9,0.0,0.0,0.1,0.0
10.1021/JE020219O,0.4004,253.35,1.4535,PF6,0.0,0.9,0.0,0.0,0.1,0.0
10.1021/JE020219O,0.6847,253.35,1.2271,PF6,0.0,0.9,0.0,0.0,0.1,0.0
10.1021/JE020219O,0.9471,253.35,1.0532,PF6,0.0,0.9,0.0,0.0,0.1,0.0
10.1021/JE020219O,1.19,253.35,0.8954,PF6,0.0,0.9,0.0,0.0,0.1,0.0
10.1021/JE020219O,1.364,253.35,0.7652,PF6,0.0,0.9,0.0,0.0,0.1,0.0
10.1021/JE020219O,1.484,253.35,0.6524,PF6,0.0,0.9,0.0,0.0,0.1,0.0
10.1021/JE020219O,1.542,253.35,0.5499,PF6,0.0,0.9,0.0,0.0,0.1,0.0
10.1021/JE020219O,1.546,253.35,0.4603,PF6,0.0,0.9,0.0,0.0,0.1,0.0
10.1021/JE020219O,1.499,253.35,0.3839,PF6,0.0,0.9,0.0,0.0,0.1,0.0
10.1021/JE020219O,1.397,253.35,0.3086,PF6,0.0,0.9,0.0,0.0,0.1,0.0
10.1021/JE020219O,0.004503,243.65,2.3225,PF6,0.0,0.9,0.0,0.0,0.1,0.0
10.1021/JE020219O,0.0114,243.65,2.1311,PF6,0.0,0.9,0.0,0.0,0.1,0.0
10.1021/JE020219O,0.02811,243.65,1.9117,PF6,0.0,0.9,0.0,0.0,0.1,0.0
10.1021/JE020219O,0.07096,243.65,1.6929,PF6,0.0,0.9,0.0,0.0,0.1,0.0
10.1021/JE020219O,0.158,243.65,1.4535,PF6,0.0,0.9,0.0,0.0,0.1,0.0
10.1021/JE020219O,0.3078,243.65,1.2271,PF6,0.0,0.9,0.0,0.0,0.1,0.0
10.1021/JE020219O,0.4667,243.65,1.0532,PF6,0.0,0.9,0.0,0.0,0.1,0.0
10.1021/JE020219O,0.6278,243.65,0.8954,PF6,0.0,0.9,0.0,0.0,0.1,0.0
10.1021/JE020219O,0.7573,243.65,0.7652,PF6,0.0,0.9,0.0,0.0,0.1,0.0
10.1021/JE020219O,0.856,243.65,0.6524,PF6,0.0,0.9,0.0,0.0,0.1,0.0
10.1021/JE020219O,0.9161,243.65,0.5499,PF6,0.0,0.9,0.0,0.0,0.1,0.0
10.1021/JE020219O,0.9434,243.65,0.4603,PF6,0.0,0.9,0.0,0.0,0.1,0.0
10.1021/JE020219O,0.9321,243.65,0.3839,PF6,0.0,0.9,0.0,0.0,0.1,0.0
10.1021/JE020219O,0.8847,243.65,0.3086,PF6,0.0,0.9,0.0,0.0,0.1,0.0
10.1021/JE020219O,0.0004067,233.75,2.3225,PF6,0.0,0.9,0.0,0.0,0.1,0.0
10.1021/JE020219O,0.001473,233.75,2.1311,PF6,0.0,0.9,0.0,0.0,0.1,0.0
10.1021/JE020219O,0.00477,233.75,1.9117,PF6,0.0,0.9,0.0,0.0,0.1,0.0
10.1021/JE020219O,0.01662,233.75,1.6929,PF6,0.0,0.9,0.0,0.0,0.1,0.0
10.1021/JE020219O,0.04729,233.75,1.4535,PF6,0.0,0.9,0.0,0.0,0.1,0.0
10.1021/JE020219O,0.1092,233.75,1.2271,PF6,0.0,0.9,0.0,0.0,0.1,0.0
10.1021/JE020219O,0.1865,233.75,1.0532,PF6,0.0,0.9,0.0,0.0,0.1,0.0
10.1021/JE020219O,0.2765,233.75,0.8954,PF6,0.0,0.9,0.0,0.0,0.1,0.0
10.1021/JE020219O,0.3567,233.75,0.7652,PF6,0.0,0.9,0.0,0.0,0.1,0.0
10.1021/JE020219O,0.4233,233.75,0.6524,PF6,0.0,0.9,0.0,0.0,0.1,0.0
10.1021/JE020219O,0.4724,233.75,0.5499,PF6,0.0,0.9,0.0,0.0,0.1,0.0
10.1021/JE020219O,0.5035,233.75,0.4603,PF6,0.0,0.9,0.0,0.0,0.1,0.0
10.1021/JE020219O,0.5092,233.75,0.3839,PF6,0.0,0.9,0.0,0.0,0.1,0.0
10.1021/JE020219O,0.497,233.75,0.3086,PF6,0.0,0.9,0.0,0.0,0.1,0.0
10.1021/JE020219O,1.36e-05,223.85,2.3225,PF6,0.0,0.9,0.0,0.0,0.1,0.0
10.1021/JE020219O,8.33e-05,223.85,2.1311,PF6,0.0,0.9,0.0,0.0,0.1,0.0
10.1021/JE020219O,0.0004368,223.85,1.9117,PF6,0.0,0.9,0.0,0.0,0.1,0.0
10.1021/JE020219O,0.002312,223.85,1.6929,PF6,0.0,0.9,0.0,0.0,0.1,0.0
10.1021/JE020219O,0.009424,223.85,1.4535,PF6,0.0,0.9,0.0,0.0,0.1,0.0
10.1021/JE020219O,0.02733,223.85,1.2271,PF6,0.0,0.9,0.0,0.0,0.1,0.0
10.1021/JE020219O,0.05555,223.85,1.0532,PF6,0.0,0.9,0.0,0.0,0.1,0.0
10.1021/JE020219O,0.09317,223.85,0.8954,PF6,0.0,0.9,0.0,0.0,0.1,0.0
10.1021/JE020219O,0.1315,223.85,0.7652,PF6,0.0,0.9,0.0,0.0,0.1,0.0
10.1021/JE020219O,0.1677,223.85,0.6524,PF6,0.0,0.9,0.0,0.0,0.1,0.0
10.1021/JE020219O,0.1976,223.85,0.5499,PF6,0.0,0.9,0.0,0.0,0.1,0.0
10.1021/JE020219O,0.2212,223.85,0.4603,PF6,0.0,0.9,0.0,0.0,0.1,0.0
10.1021/JE020219O,0.233,223.85,0.3839,PF6,0.0,0.9,0.0,0.0,0.1,0.0
10.1021/JE020219O,0.2343,223.85,0.3086,PF6,0.0,0.9,0.0,0.0,0.1,0.0
10.1021/JE020219O,,213.95,2.3225,PF6,0.0,0.9,0.0,0.0,0.1,0.0
10.1021/JE020219O,,213.95,2.1311,PF6,0.0,0.9,0.0,0.0,0.1,0.0
10.1021/JE020219O,1.63e-05,213.95,1.9117,PF6,0.0,0.9,0.0,0.0,0.1,0.0
10.1021/JE020219O,0.0001668,213.95,1.6929,PF6,0.0,0.9,0.0,0.0,0.1,0.0
10.1021/JE020219O,0.001065,213.95,1.4535,PF6,0.0,0.9,0.0,0.0,0.1,0.0
10.1021/JE020219O,0.00427,213.95,1.2271,PF6,0.0,0.9,0.0,0.0,0.1,0.0
10.1021/JE020219O,0.01088,213.95,1.0532,PF6,0.0,0.9,0.0,0.0,0.1,0.0
10.1021/JE020219O,0.02172,213.95,0.8954,PF6,0.0,0.9,0.0,0.0,0.1,0.0
10.1021/JE020219O,0.03448,213.95,0.7652,PF6,0.0,0.9,0.0,0.0,0.1,0.0
10.1021/JE020219O,0.04837,213.95,0.6524,PF6,0.0,0.9,0.0,0.0,0.1,0.0
10.1021/JE020219O,0.06185,213.95,0.5499,PF6,0.0,0.9,0.0,0.0,0.1,0.0
10.1021/JE020219O,0.07388,213.95,0.4603,PF6,0.0,0.9,0.0,0.0,0.1,0.0
10.1021/JE020219O,0.08187,213.95,0.3839,PF6,0.0,0.9,0.0,0.0,0.1,0.0
10.1021/JE020219O,0.08629,213.95,0.3086,PF6,0.0,0.9,0.0,0.0,0.1,0.0
10.1021/JE020219O,,204.15,2.3225,PF6,0.0,0.9,0.0,0.0,0.1,0.0
10.1021/JE020219O,,204.15,2.1311,PF6,0.0,0.9,0.0,0.0,0.1,0.0
10.1021/JE020219O,,204.15,1.9117,PF6,0.0,0.9,0.0,0.0,0.1,0.0
10.1021/JE020219O,4.39e-06,204.15,1.6929,PF6,0.0,0.9,0.0,0.0,0.1,0.0
10.1021/JE020219O,5.3e-05,204.15,1.4535,PF6,0.0,0.9,0.0,0.0,0.1,0.0
10.1021/JE020219O,0.0003408,204.15,1.2271,PF6,0.0,0.9,0.0,0.0,0.1,0.0
10.1021/JE020219O,0.001173,204.15,1.0532,PF6,0.0,0.9,0.0,0.0,0.1,0.0
10.1021/JE020219O,0.002951,204.15,0.8954,PF6,0.0,0.9,0.0,0.0,0.1,0.0
10.1021/JE020219O,0.005483,204.15,0.7652,PF6,0.0,0.9,0.0,0.0,0.1,0.0
10.1021/JE020219O,0.008714,204.15,0.6524,PF6,0.0,0.9,0.0,0.0,0.1,0.0
10.1021/JE020219O,0.01236,204.15,0.5499,PF6,0.0,0.9,0.0,0.0,0.1,0.0
10.1021/JE020219O,0.01612,204.15,0.4603,PF6,0.0,0.9,0.0,0.0,0.1,0.0
10.1021/JE020219O,0.01915,204.15,0.3839,PF6,0.0,0.9,0.0,0.0,0.1,0.0
10.1021/JE020219O,0.02148,204.15,0.3086,PF6,0.0,0.9,0.0,0.0,0.1,0.0
10.1021/JE020219O,,194.15,2.3225,PF6,0.0,0.9,0.0,0.0,0.1,0.0
10.1021/JE020219O,,194.15,2.1311,PF6,0.0,0.9,0.0,0.0,0.1,0.0
10.1021/JE020219O,,194.15,1.9117,PF6,0.0,0.9,0.0,0.0,0.1,0.0
10.1021/JE020219O,,194.15,1.6929,PF6,0.0,0.9,0.0,0.0,0.1,0.0
10.1021/JE020219O,,194.15,1.4535,PF6,0.0,0.9,0.0,0.0,0.1,0.0
10.1021/JE020219O,9.73e-06,194.15,1.2271,PF6,0.0,0.9,0.0,0.0,0.1,0.0
10.1021/JE020219O,5.32e-05,194.15,1.0532,PF6,0.0,0.9,0.0,0.0,0.1,0.0
10.1021/JE020219O,0.0001843,194.15,0.8954,PF6,0.0,0.9,0.0,0.0,0.1,0.0
10.1021/JE020219O,0.0004222,194.15,0.7652,PF6,0.0,0.9,0.0,0.0,0.1,0.0
10.1021/JE020219O,0.0007996,194.15,0.6524,PF6,0.0,0.9,0.0,0.0,0.1,0.0
10.1021/JE020219O,0.001296,194.15,0.5499,PF6,0.0,0.9,0.0,0.0,0.1,0.0
10.1021/JE020219O,0.001899,194.15,0.4603,PF6,0.0,0.9,0.0,0.0,0.1,0.0
10.1021/JE020219O,0.002468,194.15,0.3839,PF6,0.0,0.9,0.0,0.0,0.1,0.0
10.1021/JE020219O,0.003056,194.15,0.3086,PF6,0.0,0.9,0.0,0.0,0.1,0.0
10.1021/JE020219O,6.0,332.15,2.3728,PF6,0.0,0.8,0.0,0.0,0.2,0.0
10.1021/JE020219O,7.222,332.15,2.1648,PF6,0.0,0.8,0.0,0.0,0.2,0.0
10.1021/JE020219O,8.241,332.15,1.9482,PF6,0.0,0.8,0.0,0.0,0.2,0.0
10.1021/JE020219O,9.604,332.15,1.7321,PF6,0.0,0.8,0.0,0.0,0.2,0.0
10.1021/JE020219O,11.08,332.15,1.4764,PF6,0.0,0.8,0.0,0.0,0.2,0.0
10.1021/JE020219O,12.37,332.15,1.2444,PF6,0.0,0.8,0.0,0.0,0.2,0.0
10.1021/JE020219O,13.09,332.15,1.0529,PF6,0.0,0.8,0.0,0.0,0.2,0.0
10.1021/JE020219O,13.31,332.15,0.8911,PF6,0.0,0.8,0.0,0.0,0.2,0.0
10.1021/JE020219O,13.13,332.15,0.7537,PF6,0.0,0.8,0.0,0.0,0.2,0.0
10.1021/JE020219O,12.66,332.15,0.6385,PF6,0.0,0.8,0.0,0.0,0.2,0.0
10.1021/JE020219O,11.93,332.15,0.538,PF6,0.0,0.8,0.0,0.0,0.2,0.0
10.1021/JE020219O,11.05,332.15,0.4496,PF6,0.0,0.8,0.0,0.0,0.2,0.0
10.1021/JE020219O,9.996,332.15,0.3704,PF6,0.0,0.8,0.0,0.0,0.2,0.0
10.1021/JE020219O,8.548,332.15,0.2848,PF6,0.0,0.8,0.0,0.0,0.2,0.0
10.1021/JE020219O,4.519,322.35,2.3728,PF6,0.0,0.8,0.0,0.0,0.2,0.0
10.1021/JE020219O,5.569,322.35,2.1648,PF6,0.0,0.8,0.0,0.0,0.2,0.0
10.1021/JE020219O,6.502,322.35,1.9482,PF6,0.0,0.8,0.0,0.0,0.2,0.0
10.1021/JE020219O,7.729,322.35,1.7321,PF6,0.0,0.8,0.0,0.0,0.2,0.0
10.1021/JE020219O,9.167,322.35,1.4764,PF6,0.0,0.8,0.0,0.0,0.2,0.0
10.1021/JE020219O,10.35,322.35,1.2444,PF6,0.0,0.8,0.0,0.0,0.2,0.0
10.1021/JE020219O,11.12,322.35,1.0529,PF6,0.0,0.8,0.0,0.0,0.2,0.0
10.1021/JE020219O,11.42,322.35,0.8911,PF6,0.0,0.8,0.0,0.0,0.2,0.0
10.1021/JE020219O,11.35,322.35,0.7537,PF6,0.0,0.8,0.0,0.0,0.2,0.0
10.1021/JE020219O,10.99,322.35,0.6385,PF6,0.0,0.8,0.0,0.0,0.2,0.0
10.1021/JE020219O,10.41,322.35,0.538,PF6,0.0,0.8,0.0,0.0,0.2,0.0
10.1021/JE020219O,9.682,322.35,0.4496,PF6,0.0,0.8,0.0,0.0,0.2,0.0
10.1021/JE020219O,8.773,322.35,0.3704,PF6,0.0,0.8,0.0,0.0,0.2,0.0
10.1021/JE020219O,7.521,322.35,0.2848,PF6,0.0,0.8,0.0,0.0,0.2,0.0
10.1021/JE020219O,3.232,312.45,2.3728,PF6,0.0,0.8,0.0,0.0,0.2,0.0
10.1021/JE020219O,4.106,312.45,2.1648,PF6,0.0,0.8,0.0,0.0,0.2,0.0
10.1021/JE020219O,4.918,312.45,1.9482,PF6,0.0,0.8,0.0,0.0,0.2,0.0
10.1021/JE020219O,6.008,312.45,1.7321,PF6,0.0,0.8,0.0,0.0,0.2,0.0
10.1021/JE020219O,7.327,312.45,1.4764,PF6,0.0,0.8,0.0,0.0,0.2,0.0
10.1021/JE020219O,8.462,312.45,1.2444,PF6,0.0,0.8,0.0,0.0,0.2,0.0
10.1021/JE020219O,9.226,312.45,1.0529,PF6,0.0,0.8,0.0,0.0,0.2,0.0
10.1021/JE020219O,9.587,312.45,0.8911,PF6,0.0,0.8,0.0,0.0,0.2,0.0
10.1021/JE020219O,9.606,312.45,0.7537,PF6,0.0,0.8,0.0,0.0,0.2,0.0
10.1021/JE020219O,9.367,312.45,0.6385,PF6,0.0,0.8,0.0,0.0,0.2,0.0
10.1021/JE020219O,8.918,312.45,0.538,PF6,0.0,0.8,0.0,0.0,0.2,0.0
10.1021/JE020219O,8.321,312.45,0.4496,PF6,0.0,0.8,0.0,0.0,0.2,0.0
10.1021/JE020219O,7.569,312.45,0.3704,PF6,0.0,0.8,0.0,0.0,0.2,0.0
10.1021/JE020219O,6.509,312.45,0.2848,PF6,0.0,0.8,0.0,0.0,0.2,0.0
10.1021/JE020219O,2.166,302.55,2.3728,PF6,0.0,0.8,0.0,0.0,0.2,0.0
10.1021/JE020219O,2.859,302.55,2.1648,PF6,0.0,0.8,0.0,0.0,0.2,0.0
10.1021/JE020219O,3.536,302.55,1.9482,PF6,0.0,0.8,0.0,0.0,0.2,0.0
10.1021/JE020219O,4.463,302.55,1.7321,PF6,0.0,0.8,0.0,0.0,0.2,0.0
10.1021/JE020219O,5.643,302.55,1.4764,PF6,0.0,0.8,0.0,0.0,0.2,0.0
10.1021/JE020219O,6.692,302.55,1.2444,PF6,0.0,0.8,0.0,0.0,0.2,0.0
10.1021/JE020219O,7.441,302.55,1.0529,PF6,0.0,0.8,0.0,0.0,0.2,0.0
10.1021/JE020219O,7.843,302.55,0.8911,PF6,0.0,0.8,0.0,0.0,0.2,0.0
10.1021/JE020219O,7.94,302.55,0.7537,PF6,0.0,0.8,0.0,0.0,0.2,0.0
10.1021/JE020219O,7.8,302.55,0.6385,PF6,0.0,0.8,0.0,0.0,0.2,0.0
10.1021/JE020219O,7.472,302.55,0.538,PF6,0.0,0.8,0.0,0.0,0.2,0.0
10.1021/JE020219O,7.009,302.55,0.4496,PF6,0.0,0.8,0.0,0.0,0.2,0.0
10.1021/JE020219O,6.403,302.55,0.3704,PF6,0.0,0.8,0.0,0.0,0.2,0.0
10.1021/JE020219O,5.531,302.55,0.2848,PF6,0.0,0.8,0.0,0.0,0.2,0.0
10.1021/JE020219O,1.348,292.65,2.3728,PF6,0.0,0.8,0.0,0.0,0.2,0.0
10.1021/JE020219O,1.863,292.65,2.1648,PF6,0.0,0.8,0.0,0.0,0.2,0.0
10.1021/JE020219O,2.4,292.65,1.9482,PF6,0.0,0.8,0.0,0.0,0.2,0.0
10.1021/JE020219O,3.151,292.65,1.7321,PF6,0.0,0.8,0.0,0.0,0.2,0.0
10.1021/JE020219O,4.117,292.65,1.4764,PF6,0.0,0.8,0.0,0.0,0.2,0.0
10.1021/JE020219O,5.094,292.65,1.2444,PF6,0.0,0.8,0.0,0.0,0.2,0.0
10.1021/JE020219O,5.809,292.65,1.0529,PF6,0.0,0.8,0.0,0.0,0.2,0.0
10.1021/JE020219O,6.232,292.65,0.8911,PF6,0.0,0.8,0.0,0.0,0.2,0.0
10.1021/JE020219O,6.384,292.65,0.7537,PF6,0.0,0.8,0.0,0.0,0.2,0.0
10.1021/JE020219O,6.34,292.65,0.6385,PF6,0.0,0.8,0.0,0.0,0.2,0.0
10.1021/JE020219O,6.121,292.65,0.538,PF6,0.0,0.8,0.0,0.0,0.2,0.0
10.1021/JE020219O,5.777,292.65,0.4496,PF6,0.0,0.8,0.0,0.0,0.2,0.0
10.1021/JE020219O,5.304,292.65,0.3704,PF6,0.0,0.8,0.0,0.0,0.2,0.0
10.1021/JE020219O,4.606,292.65,0.2848,PF6,0.0,0.8,0.0,0.0,0.2,0.0
10.1021/JE020219O,0.7502,282.85,2.3728,PF6,0.0,0.8,0.0,0.0,0.2,0.0
10.1021/JE020219O,1.097,282.85,2.1648,PF6,0.0,0.8,0.0,0.0,0.2,0.0
10.1021/JE020219O,1.485,282.85,1.9482,PF6,0.0,0.8,0.0,0.0,0.2,0.0
10.1021/JE020219O,2.07,282.85,1.7321,PF6,0.0,0.8,0.0,0.0,0.2,0.0
10.1021/JE020219O,2.826,282.85,1.4764,PF6,0.0,0.8,0.0,0.0,0.2,0.0
10.1021/JE020219O,3.683,282.85,1.2444,PF6,0.0,0.8,0.0,0.0,0.2,0.0
10.1021/JE020219O,4.326,282.85,1.0529,PF6,0.0,0.8,0.0,0.0,0.2,0.0
10.1021/JE020219O,4.747,282.85,0.8911,PF6,0.0,0.8,0.0,0.0,0.2,0.0
10.1021/JE020219O,4.944,282.85,0.7537,PF6,0.0,0.8,0.0,0.0,0.2,0.0
10.1021/JE020219O,4.969,282.85,0.6385,PF6,0.0,0.8,0.0,0.0,0.2,0.0
10.1021/JE020219O,4.842,282.85,0.538,PF6,0.0,0.8,0.0,0.0,0.2,0.0
10.1021/JE020219O,4.609,282.85,0.4496,PF6,0.0,0.8,0.0,0.0,0.2,0.0
10.1021/JE020219O,4.259,282.85,0.3704,PF6,0.0,0.8,0.0,0.0,0.2,0.0
10.1021/JE020219O,3.724,282.85,0.2848,PF6,0.0,0.8,0.0,0.0,0.2,0.0
10.1021/JE020219O,0.3551,272.95,2.3728,PF6,0.0,0.8,0.0,0.0,0.2,0.0
10.1021/JE020219O,0.5658,272.95,2.1648,PF6,0.0,0.8,0.0,0.0,0.2,0.0
10.1021/JE020219O,0.8162,272.95,1.9482,PF6,0.0,0.8,0.0,0.0,0.2,0.0
10.1021/JE020219O,1.227,272.95,1.7321,PF6,0.0,0.8,0.0,0.0,0.2,0.0
10.1021/JE020219O,1.796,272.95,1.4764,PF6,0.0,0.8,0.0,0.0,0.2,0.0
10.1021/JE020219O,2.482,272.95,1.2444,PF6,0.0,0.8,0.0,0.0,0.2,0.0
10.1021/JE020219O,3.041,272.95,1.0529,PF6,0.0,0.8,0.0,0.0,0.2,0.0
10.1021/JE020219O,3.43,272.95,0.8911,PF6,0.0,0.8,0.0,0.0,0.2,0.0
10.1021/JE020219O,3.652,272.95,0.7537,PF6,0.0,0.8,0.0,0.0,0.2,0.0
10.1021/JE020219O,3.726,272.95,0.6385,PF6,0.0,0.8,0.0,0.0,0.2,0.0
10.1021/JE020219O,3.675,272.95,0.538,PF6,0.0,0.8,0.0,0.0,0.2,0.0
10.1021/JE020219O,3.533,272.95,0.4496,PF6,0.0,0.8,0.0,0.0,0.2,0.0
10.1021/JE020219O,3.292,272.95,0.3704,PF6,0.0,0.8,0.0,0.0,0.2,0.0
10.1021/JE020219O,2.903,272.95,0.2848,PF6,0.0,0.8,0.0,0.0,0.2,0.0
10.1021/JE020219O,0.1366,263.15,2.3728,PF6,0.0,0.8,0.0,0.0,0.2,0.0
10.1021/JE020219O,0.2436,263.15,2.1648,PF6,0.0,0.8,0.0,0.0,0.2,0.0
10.1021/JE020219O,0.3851,263.15,1.9482,PF6,0.0,0.8,0.0,0.0,0.2,0.0
10.1021/JE020219O,0.6384,263.15,1.7321,PF6,0.0,0.8,0.0,0.0,0.2,0.0
10.1021/JE020219O,1.03,263.15,1.4764,PF6,0.0,0.8,0.0,0.0,0.2,0.0
10.1021/JE020219O,1.538,263.15,1.2444,PF6,0.0,0.8,0.0,0.0,0.2,0.0
10.1021/JE020219O,1.984,263.15,1.0529,PF6,0.0,0.8,0.0,0.0,0.2,0.0
10.1021/JE020219O,2.325,263.15,0.8911,PF6,0.0,0.8,0.0,0.0,0.2,0.0
10.1021/JE020219O,2.539,263.15,0.7537,PF6,0.0,0.8,0.0,0.0,0.2,0.0
10.1021/JE020219O,2.643,263.15,0.6385,PF6,0.0,0.8,0.0,0.0,0.2,0.0
10.1021/JE020219O,2.648,263.15,0.538,PF6,0.0,0.8,0.0,0.0,0.2,0.0
10.1021/JE020219O,2.576,263.15,0.4496,PF6,0.0,0.8,0.0,0.0,0.2,0.0
10.1021/JE020219O,2.433,263.15,0.3704,PF6,0.0,0.8,0.0,0.0,0.2,0.0
10.1021/JE020219O,2.164,263.15,0.2848,PF6,0.0,0.8,0.0,0.0,0.2,0.0
10.1021/JE020219O,0.03951,253.35,2.3728,PF6,0.0,0.8,0.0,0.0,0.2,0.0
10.1021/JE020219O,0.08189,253.35,2.1648,PF6,0.0,0.8,0.0,0.0,0.2,0.0
10.1021/JE020219O,0.146,253.35,1.9482,PF6,0.0,0.8,0.0,0.0,0.2,0.0
10.1021/JE020219O,0.2794,253.35,1.7321,PF6,0.0,0.8,0.0,0.0,0.2,0.0
10.1021/JE020219O,0.514,253.35,1.4764,PF6,0.0,0.8,0.0,0.0,0.2,0.0
10.1021/JE020219O,0.8499,253.35,1.2444,PF6,0.0,0.8,0.0,0.0,0.2,0.0
10.1021/JE020219O,1.174,253.35,1.0529,PF6,0.0,0.8,0.0,0.0,0.2,0.0
10.1021/JE020219O,1.441,253.35,0.8911,PF6,0.0,0.8,0.0,0.0,0.2,0.0
10.1021/JE020219O,1.63,253.35,0.7537,PF6,0.0,0.8,0.0,0.0,0.2,0.0
10.1021/JE020219O,1.744,253.35,0.6385,PF6,0.0,0.8,0.0,0.0,0.2,0.0
10.1021/JE020219O,1.783,253.35,0.538,PF6,0.0,0.8,0.0,0.0,0.2,0.0
10.1021/JE020219O,1.764,253.35,0.4496,PF6,0.0,0.8,0.0,0.0,0.2,0.0
10.1021/JE020219O,1.687,253.35,0.3704,PF6,0.0,0.8,0.0,0.0,0.2,0.0
10.1021/JE020219O,1.524,253.35,0.2848,PF6,0.0,0.8,0.0,0.0,0.2,0.0
10.1021/JE020219O,0.007546,243.65,2.3728,PF6,0.0,0.8,0.0,0.0,0.2,0.0
10.1021/JE020219O,0.01947,243.65,2.1648,PF6,0.0,0.8,0.0,0.0,0.2,0.0
10.1021/JE020219O,0.04228,243.65,1.9482,PF6,0.0,0.8,0.0,0.0,0.2,0.0
10.1021/JE020219O,0.09744,243.65,1.7321,PF6,0.0,0.8,0.0,0.0,0.2,0.0
10.1021/JE020219O,0.2159,243.65,1.4764,PF6,0.0,0.8,0.0,0.0,0.2,0.0
10.1021/JE020219O,0.4034,243.65,1.2444,PF6,0.0,0.8,0.0,0.0,0.2,0.0
10.1021/JE020219O,0.6113,243.65,1.0529,PF6,0.0,0.8,0.0,0.0,0.2,0.0
10.1021/JE020219O,0.7997,243.65,0.8911,PF6,0.0,0.8,0.0,0.0,0.2,0.0
10.1021/JE020219O,0.9483,243.65,0.7537,PF6,0.0,0.8,0.0,0.0,0.2,0.0
10.1021/JE020219O,1.051,243.65,0.6385,PF6,0.0,0.8,0.0,0.0,0.2,0.0
10.1021/JE020219O,1.102,243.65,0.538,PF6,0.0,0.8,0.0,0.0,0.2,0.0
10.1021/JE020219O,1.117,243.65,0.4496,PF6,0.0,0.8,0.0,0.0,0.2,0.0
10.1021/JE020219O,1.086,243.65,0.3704,PF6,0.0,0.8,0.0,0.0,0.2,0.0
10.1021/JE020219O,1.0,243.65,0.2848,PF6,0.0,0.8,0.0,0.0,0.2,0.0
10.1021/JE020219O,,233.75,2.3728,PF6,0.0,0.8,0.0,0.0,0.2,0.0
10.1021/JE020219O,0.002896,233.75,2.1648,PF6,0.0,0.8,0.0,0.0,0.2,0.0
10.1021/JE020219O,0.007944,233.75,1.9482,PF6,0.0,0.8,0.0,0.0,0.2,0.0
10.1021/JE020219O,0.02472,233.75,1.7321,PF6,0.0,0.8,0.0,0.0,0.2,0.0
10.1021/JE020219O,0.07044,233.75,1.4764,PF6,0.0,0.8,0.0,0.0,0.2,0.0
10.1021/JE020219O,0.1545,233.75,1.2444,PF6,0.0,0.8,0.0,0.0,0.2,0.0
10.1021/JE020219O,0.2648,233.75,1.0529,PF6,0.0,0.8,0.0,0.0,0.2,0.0
10.1021/JE020219O,0.378,233.75,0.8911,PF6,0.0,0.8,0.0,0.0,0.2,0.0
10.1021/JE020219O,0.477,233.75,0.7537,PF6,0.0,0.8,0.0,0.0,0.2,0.0
10.1021/JE020219O,0.5531,233.75,0.6385,PF6,0.0,0.8,0.0,0.0,0.2,0.0
10.1021/JE020219O,0.6013,233.75,0.538,PF6,0.0,0.8,0.0,0.0,0.2,0.0
10.1021/JE020219O,0.6275,233.75,0.4496,PF6,0.0,0.8,0.0,0.0,0.2,0.0
10.1021/JE020219O,0.6248,233.75,0.3704,PF6,0.0,0.8,0.0,0.0,0.2,0.0
10.1021/JE020219O,0.5902,233.75,0.2848,PF6,0.0,0.8,0.0,0.0,0.2,0.0
10.1021/JE020219O,,223.85,2.3728,PF6,0.0,0.8,0.0,0.0,0.2,0.0
10.1021/JE020219O,0.0001969,223.85,2.1648,PF6,0.0,0.8,0.0,0.0,0.2,0.0
10.1021/JE020219O,0.0008212,223.85,1.9482,PF6,0.0,0.8,0.0,0.0,0.2,0.0
10.1021/JE020219O,0.00379,223.85,1.7321,PF6,0.0,0.8,0.0,0.0,0.2,0.0
10.1021/JE020219O,0.01572,223.85,1.4764,PF6,0.0,0.8,0.0,0.0,0.2,0.0
10.1021/JE020219O,0.04314,223.85,1.2444,PF6,0.0,0.8,0.0,0.0,0.2,0.0
10.1021/JE020219O,0.08791,223.85,1.0529,PF6,0.0,0.8,0.0,0.0,0.2,0.0
10.1021/JE020219O,0.1407,223.85,0.8911,PF6,0.0,0.8,0.0,0.0,0.2,0.0
10.1021/JE020219O,0.1932,223.85,0.7537,PF6,0.0,0.8,0.0,0.0,0.2,0.0
10.1021/JE020219O,0.2392,223.85,0.6385,PF6,0.0,0.8,0.0,0.0,0.2,0.0
10.1021/JE020219O,0.2734,223.85,0.538,PF6,0.0,0.8,0.0,0.0,0.2,0.0
10.1021/JE020219O,0.2975,223.85,0.4496,PF6,0.0,0.8,0.0,0.0,0.2,0.0
10.1021/JE020219O,0.3066,223.85,0.3704,PF6,0.0,0.8,0.0,0.0,0.2,0.0
10.1021/JE020219O,0.2991,223.85,0.2848,PF6,0.0,0.8,0.0,0.0,0.2,0.0
10.1021/JE020219O,,213.95,2.3728,PF6,0.0,0.8,0.0,0.0,0.2,0.0
10.1021/JE020219O,4.7e-06,213.95,2.1648,PF6,0.0,0.8,0.0,0.0,0.2,0.0
10.1021/JE020219O,3.65e-05,213.95,1.9482,PF6,0.0,0.8,0.0,0.0,0.2,0.0
10.1021/JE020219O,0.0003102,213.95,1.7321,PF6,0.0,0.8,0.0,0.0,0.2,0.0
10.1021/JE020219O,0.002047,213.95,1.4764,PF6,0.0,0.8,0.0,0.0,0.2,0.0
10.1021/JE020219O,0.007809,213.95,1.2444,PF6,0.0,0.8,0.0,0.0,0.2,0.0
10.1021/JE020219O,0.02006,213.95,1.0529,PF6,0.0,0.8,0.0,0.0,0.2,0.0
10.1021/JE020219O,0.03797,213.95,0.8911,PF6,0.0,0.8,0.0,0.0,0.2,0.0
10.1021/JE020219O,0.05838,213.95,0.7537,PF6,0.0,0.8,0.0,0.0,0.2,0.0
10.1021/JE020219O,0.07876,213.95,0.6385,PF6,0.0,0.8,0.0,0.0,0.2,0.0
10.1021/JE020219O,0.09636,213.95,0.538,PF6,0.0,0.8,0.0,0.0,0.2,0.0
10.1021/JE020219O,0.1111,213.95,0.4496,PF6,0.0,0.8,0.0,0.0,0.2,0.0
10.1021/JE020219O,0.1198,213.95,0.3704,PF6,0.0,0.8,0.0,0.0,0.2,0.0
10.1021/JE020219O,0.1226,213.95,0.2848,PF6,0.0,0.8,0.0,0.0,0.2,0.0
10.1021/JE020219O,,204.15,2.3728,PF6,0.0,0.8,0.0,0.0,0.2,0.0
10.1021/JE020219O,,204.15,2.1648,PF6,0.0,0.8,0.0,0.0,0.2,0.0
10.1021/JE020219O,,204.15,1.9482,PF6,0.0,0.8,0.0,0.0,0.2,0.0
10.1021/JE020219O,9.66e-06,204.15,1.7321,PF6,0.0,0.8,0.0,0.0,0.2,0.0
10.1021/JE020219O,0.0001249,204.15,1.4764,PF6,0.0,0.8,0.0,0.0,0.2,0.0
10.1021/JE020219O,0.0007546,204.15,1.2444,PF6,0.0,0.8,0.0,0.0,0.2,0.0
10.1021/JE020219O,0.002665,204.15,1.0529,PF6,0.0,0.8,0.0,0.0,0.2,0.0
10.1021/JE020219O,0.006308,204.15,0.8911,PF6,0.0,0.8,0.0,0.0,0.2,0.0
10.1021/JE020219O,0.01134,204.15,0.7537,PF6,0.0,0.8,0.0,0.0,0.2,0.0
10.1021/JE020219O,0.0172,204.15,0.6385,PF6,0.0,0.8,0.0,0.0,0.2,0.0
10.1021/JE020219O,0.02306,204.15,0.538,PF6,0.0,0.8,0.0,0.0,0.2,0.0
10.1021/JE020219O,0.02873,204.15,0.4496,PF6,0.0,0.8,0.0,0.0,0.2,0.0
10.1021/JE020219O,0.0331,204.15,0.3704,PF6,0.0,0.8,0.0,0.0,0.2,0.0
10.1021/JE020219O,0.03604,204.15,0.2848,PF6,0.0,0.8,0.0,0.0,0.2,0.0
10.1021/JE020219O,,194.15,2.3728,PF6,0.0,0.8,0.0,0.0,0.2,0.0
10.1021/JE020219O,,194.15,2.1648,PF6,0.0,0.8,0.0,0.0,0.2,0.0
10.1021/JE020219O,,194.15,1.9482,PF6,0.0,0.8,0.0,0.0,0.2,0.0
10.1021/JE020219O,,194.15,1.7321,PF6,0.0,0.8,0.0,0.0,0.2,0.0
10.1021/JE020219O,,194.15,1.4764,PF6,0.0,0.8,0.0,0.0,0.2,0.0
10.1021/JE020219O,,194.15,1.2444,PF6,0.0,0.8,0.0,0.0,0.2,0.0
10.1021/JE020219O,0.0001608,194.15,1.0529,PF6,0.0,0.8,0.0,0.0,0.2,0.0
10.1021/JE020219O,0.0005201,194.15,0.8911,PF6,0.0,0.8,0.0,0.0,0.2,0.0
10.1021/JE020219O,0.001153,194.15,0.7537,PF6,0.0,0.8,0.0,0.0,0.2,0.0
10.1021/JE020219O,0.002067,194.15,0.6385,PF6,0.0,0.8,0.0,0.0,0.2,0.0
10.1021/JE020219O,0.003132,194.15,0.538,PF6,0.0,0.8,0.0,0.0,0.2,0.0
10.1021/JE020219O,0.004347,194.15,0.4496,PF6,0.0,0.8,0.0,0.0,0.2,0.0
10.1021/JE020219O,0.005459,194.15,0.3704,PF6,0.0,0.8,0.0,0.0,0.2,0.0
10.1021/JE020219O,0.006554,194.15,0.2848,PF6,0.0,0.8,0.0,0.0,0.2,0.0
10.1021/JE020219O,6.665,332.15,2.3118,PF6,0.0,0.7,0.0,0.0,0.3,0.0
10.1021/JE020219O,7.685,332.15,2.1265,PF6,0.0,0.7,0.0,0.0,0.3,0.0
10.1021/JE020219O,8.784,332.15,1.9194,PF6,0.0,0.7,0.0,0.0,0.3,0.0
10.1021/JE020219O,10.03,332.15,1.7059,PF6,0.0,0.7,0.0,0.0,0.3,0.0
10.1021/JE020219O,11.38,332.15,1.4664,PF6,0.0,0.7,0.0,0.0,0.3,0.0
10.1021/JE020219O,12.49,332.15,1.2514,PF6,0.0,0.7,0.0,0.0,0.3,0.0
10.1021/JE020219O,13.11,332.15,1.0685,PF6,0.0,0.7,0.0,0.0,0.3,0.0
10.1021/JE020219O,13.28,332.15,0.9088,PF6,0.0,0.7,0.0,0.0,0.3,0.0
10.1021/JE020219O,13.07,332.15,0.7784,PF6,0.0,0.7,0.0,0.0,0.3,0.0
10.1021/JE020219O,12.71,332.15,0.6653,PF6,0.0,0.7,0.0,0.0,0.3,0.0
10.1021/JE020219O,12.0,332.15,0.5658,PF6,0.0,0.7,0.0,0.0,0.3,0.0
10.1021/JE020219O,11.28,332.15,0.4802,PF6,0.0,0.7,0.0,0.0,0.3,0.0
10.1021/JE020219O,10.18,332.15,0.3992,PF6,0.0,0.7,0.0,0.0,0.3,0.0
10.1021/JE020219O,8.781,332.15,0.302,PF6,0.0,0.7,0.0,0.0,0.3,0.0
10.1021/JE020219O,5.148,322.35,2.3118,PF6,0.0,0.7,0.0,0.0,0.3,0.0
10.1021/JE020219O,6.043,322.35,2.1265,PF6,0.0,0.7,0.0,0.0,0.3,0.0
10.1021/JE020219O,7.099,322.35,1.9194,PF6,0.0,0.7,0.0,0.0,0.3,0.0
10.1021/JE020219O,8.175,322.35,1.7059,PF6,0.0,0.7,0.0,0.0,0.3,0.0
10.1021/JE020219O,9.532,322.35,1.4664,PF6,0.0,0.7,0.0,0.0,0.3,0.0
10.1021/JE020219O,10.42,322.35,1.2514,PF6,0.0,0.7,0.0,0.0,0.3,0.0
10.1021/JE020219O,11.23,322.35,1.0685,PF6,0.0,0.7,0.0,0.0,0.3,0.0
10.1021/JE020219O,11.49,322.35,0.9088,PF6,0.0,0.7,0.0,0.0,0.3,0.0
10.1021/JE020219O,11.35,322.35,0.7784,PF6,0.0,0.7,0.0,0.0,0.3,0.0
10.1021/JE020219O,11.04,322.35,0.6653,PF6,0.0,0.7,0.0,0.0,0.3,0.0
10.1021/JE020219O,10.44,322.35,0.5658,PF6,0.0,0.7,0.0,0.0,0.3,0.0
10.1021/JE020219O,9.947,322.35,0.4802,PF6,0.0,0.7,0.0,0.0,0.3,0.0
10.1021/JE020219O,9.086,322.35,0.3992,PF6,0.0,0.7,0.0,0.0,0.3,0.0
10.1021/JE020219O,7.71,322.35,0.302,PF6,0.0,0.7,0.0,0.0,0.3,0.0
10.1021/JE020219O,3.815,312.45,2.3118,PF6,0.0,0.7,0.0,0.0,0.3,0.0
10.1021/JE020219O,4.568,312.45,2.1265,PF6,0.0,0.7,0.0,0.0,0.3,0.0
10.1021/JE020219O,5.501,312.45,1.9194,PF6,0.0,0.7,0.0,0.0,0.3,0.0
10.1021/JE020219O,6.505,312.45,1.7059,PF6,0.0,0.7,0.0,0.0,0.3,0.0
10.1021/JE020219O,7.731,312.45,1.4664,PF6,0.0,0.7,0.0,0.0,0.3,0.0
10.1021/JE020219O,8.727,312.45,1.2514,PF6,0.0,0.7,0.0,0.0,0.3,0.0
10.1021/JE020219O,9.406,312.45,1.0685,PF6,0.0,0.7,0.0,0.0,0.3,0.0
10.1021/JE020219O,9.73,312.45,0.9088,PF6,0.0,0.7,0.0,0.0,0.3,0.0
10.1021/JE020219O,9.739,312.45,0.7784,PF6,0.0,0.7,0.0,0.0,0.3,0.0
10.1021/JE020219O,9.521,312.45,0.6653,PF6,0.0,0.7,0.0,0.0,0.3,0.0
10.1021/JE020219O,9.048,312.45,0.5658,PF6,0.0,0.7,0.0,0.0,0.3,0.0
10.1021/JE020219O,8.535,312.45,0.4802,PF6,0.0,0.7,0.0,0.0,0.3,0.0
10.1021/JE020219O,7.884,312.45,0.3992,PF6,0.0,0.7,0.0,0.0,0.3,0.0
10.1021/JE020219O,6.761,312.45,0.302,PF6,0.0,0.7,0.0,0.0,0.3,0.0
10.1021/JE020219O,2.654,302.55,2.3118,PF6,0.0,0.7,0.0,0.0,0.3,0.0
10.1021/JE020219O,3.283,302.55,2.1265,PF6,0.0,0.7,0.0,0.0,0.3,0.0
10.1021/JE020219O,4.058,302.55,1.9194,PF6,0.0,0.7,0.0,0.0,0.3,0.0
10.1021/JE020219O,4.972,302.55,1.7059,PF6,0.0,0.7,0.0,0.0,0.3,0.0
10.1021/JE020219O,6.059,302.55,1.4664,PF6,0.0,0.7,0.0,0.0,0.3,0.0
10.1021/JE020219O,6.998,302.55,1.2514,PF6,0.0,0.7,0.0,0.0,0.3,0.0
10.1021/JE020219O,7.673,302.55,1.0685,PF6,0.0,0.7,0.0,0.0,0.3,0.0
10.1021/JE020219O,8.086,302.55,0.9088,PF6,0.0,0.7,0.0,0.0,0.3,0.0
10.1021/JE020219O,8.103,302.55,0.7784,PF6,0.0,0.7,0.0,0.0,0.3,0.0
10.1021/JE020219O,7.844,302.55,0.6653,PF6,0.0,0.7,0.0,0.0,0.3,0.0
10.1021/JE020219O,7.516,302.55,0.5658,PF6,0.0,0.7,0.0,0.0,0.3,0.0
10.1021/JE020219O,7.281,302.55,0.4802,PF6,0.0,0.7,0.0,0.0,0.3,0.0
10.1021/JE020219O,6.711,302.55,0.3992,PF6,0.0,0.7,0.0,0.0,0.3,0.0
10.1021/JE020219O,5.78,302.55,0.302,PF6,0.0,0.7,0.0,0.0,0.3,0.0
10.1021/JE020219O,1.74,292.65,2.3118,PF6,0.0,0.7,0.0,0.0,0.3,0.0
10.1021/JE020219O,2.223,292.65,2.1265,PF6,0.0,0.7,0.0,0.0,0.3,0.0
10.1021/JE020219O,2.827,292.65,1.9194,PF6,0.0,0.7,0.0,0.0,0.3,0.0
10.1021/JE020219O,3.561,292.65,1.7059,PF6,0.0,0.7,0.0,0.0,0.3,0.0
10.1021/JE020219O,4.519,292.65,1.4664,PF6,0.0,0.7,0.0,0.0,0.3,0.0
10.1021/JE020219O,5.427,292.65,1.2514,PF6,0.0,0.7,0.0,0.0,0.3,0.0
10.1021/JE020219O,6.069,292.65,1.0685,PF6,0.0,0.7,0.0,0.0,0.3,0.0
10.1021/JE020219O,6.454,292.65,0.9088,PF6,0.0,0.7,0.0,0.0,0.3,0.0
10.1021/JE020219O,6.669,292.65,0.7784,PF6,0.0,0.7,0.0,0.0,0.3,0.0
10.1021/JE020219O,6.537,292.65,0.6653,PF6,0.0,0.7,0.0,0.0,0.3,0.0
10.1021/JE020219O,6.304,292.65,0.5658,PF6,0.0,0.7,0.0,0.0,0.3,0.0
10.1021/JE020219O,6.045,292.65,0.4802,PF6,0.0,0.7,0.0,0.0,0.3,0.0
10.1021/JE020219O,5.596,292.65,0.3992,PF6,0.0,0.7,0.0,0.0,0.3,0.0
10.1021/JE020219O,4.841,292.65,0.302,PF6,0.0,0.7,0.0,0.0,0.3,0.0
10.1021/JE020219O,1.035,282.85,2.3118,PF6,0.0,0.7,0.0,0.0,0.3,0.0
10.1021/JE020219O,1.38,282.85,2.1265,PF6,0.0,0.7,0.0,0.0,0.3,0.0
10.1021/JE020219O,1.843,282.85,1.9194,PF6,0.0,0.7,0.0,0.0,0.3,0.0
10.1021/JE020219O,2.448,282.85,1.7059,PF6,0.0,0.7,0.0,0.0,0.3,0.0
10.1021/JE020219O,3.193,282.85,1.4664,PF6,0.0,0.7,0.0,0.0,0.3,0.0
10.1021/JE020219O,3.947,282.85,1.2514,PF6,0.0,0.7,0.0,0.0,0.3,0.0
10.1021/JE020219O,4.617,282.85,1.0685,PF6,0.0,0.7,0.0,0.0,0.3,0.0
10.1021/JE020219O,4.972,282.85,0.9088,PF6,0.0,0.7,0.0,0.0,0.3,0.0
10.1021/JE020219O,5.22,282.85,0.7784,PF6,0.0,0.7,0.0,0.0,0.3,0.0
10.1021/JE020219O,5.188,282.85,0.6653,PF6,0.0,0.7,0.0,0.0,0.3,0.0
10.1021/JE020219O,5.067,282.85,0.5658,PF6,0.0,0.7,0.0,0.0,0.3,0.0
10.1021/JE020219O,4.841,282.85,0.4802,PF6,0.0,0.7,0.0,0.0,0.3,0.0
10.1021/JE020219O,4.475,282.85,0.3992,PF6,0.0,0.7,0.0,0.0,0.3,0.0
10.1021/JE020219O,3.904,282.85,0.302,PF6,0.0,0.7,0.0,0.0,0.3,0.0
10.1021/JE020219O,0.5375,272.95,2.3118,PF6,0.0,0.7,0.0,0.0,0.3,0.0
10.1021/JE020219O,0.762,272.95,2.1265,PF6,0.0,0.7,0.0,0.0,0.3,0.0
10.1021/JE020219O,1.077,272.95,1.9194,PF6,0.0,0.7,0.0,0.0,0.3,0.0
10.1021/JE020219O,1.522,272.95,1.7059,PF6,0.0,0.7,0.0,0.0,0.3,0.0
10.1021/JE020219O,2.102,272.95,1.4664,PF6,0.0,0.7,0.0,0.0,0.3,0.0
10.1021/JE020219O,2.713,272.95,1.2514,PF6,0.0,0.7,0.0,0.0,0.3,0.0
10.1021/JE020219O,3.289,272.95,1.0685,PF6,0.0,0.7,0.0,0.0,0.3,0.0
10.1021/JE020219O,3.659,272.95,0.9088,PF6,0.0,0.7,0.0,0.0,0.3,0.0
10.1021/JE020219O,3.857,272.95,0.7784,PF6,0.0,0.7,0.0,0.0,0.3,0.0
10.1021/JE020219O,3.936,272.95,0.6653,PF6,0.0,0.7,0.0,0.0,0.3,0.0
10.1021/JE020219O,3.836,272.95,0.5658,PF6,0.0,0.7,0.0,0.0,0.3,0.0
10.1021/JE020219O,3.751,272.95,0.4802,PF6,0.0,0.7,0.0,0.0,0.3,0.0
10.1021/JE020219O,3.543,272.95,0.3992,PF6,0.0,0.7,0.0,0.0,0.3,0.0
10.1021/JE020219O,3.118,272.95,0.302,PF6,0.0,0.7,0.0,0.0,0.3,0.0
10.1021/JE020219O,0.2331,263.15,2.3118,PF6,0.0,0.7,0.0,0.0,0.3,0.0
10.1021/JE020219O,0.3591,263.15,2.1265,PF6,0.0,0.7,0.0,0.0,0.3,0.0
10.1021/JE020219O,0.5472,263.15,1.9194,PF6,0.0,0.7,0.0,0.0,0.3,0.0
10.1021/JE020219O,0.823,263.15,1.7059,PF6,0.0,0.7,0.0,0.0,0.3,0.0
10.1021/JE020219O,1.244,263.15,1.4664,PF6,0.0,0.7,0.0,0.0,0.3,0.0
10.1021/JE020219O,1.722,263.15,1.2514,PF6,0.0,0.7,0.0,0.0,0.3,0.0
10.1021/JE020219O,2.198,263.15,1.0685,PF6,0.0,0.7,0.0,0.0,0.3,0.0
10.1021/JE020219O,2.528,263.15,0.9088,PF6,0.0,0.7,0.0,0.0,0.3,0.0
10.1021/JE020219O,2.733,263.15,0.7784,PF6,0.0,0.7,0.0,0.0,0.3,0.0
10.1021/JE020219O,2.835,263.15,0.6653,PF6,0.0,0.7,0.0,0.0,0.3,0.0
10.1021/JE020219O,2.83,263.15,0.5658,PF6,0.0,0.7,0.0,0.0,0.3,0.0
10.1021/JE020219O,2.783,263.15,0.4802,PF6,0.0,0.7,0.0,0.0,0.3,0.0
10.1021/JE020219O,2.645,263.15,0.3992,PF6,0.0,0.7,0.0,0.0,0.3,0.0
10.1021/JE020219O,2.352,263.15,0.302,PF6,0.0,0.7,0.0,0.0,0.3,0.0
10.1021/JE020219O,0.07911,253.35,2.3118,PF6,0.0,0.7,0.0,0.0,0.3,0.0
10.1021/JE020219O,0.1361,253.35,2.1265,PF6,0.0,0.7,0.0,0.0,0.3,0.0
10.1021/JE020219O,0.2346,253.35,1.9194,PF6,0.0,0.7,0.0,0.0,0.3,0.0
10.1021/JE020219O,0.4062,253.35,1.7059,PF6,0.0,0.7,0.0,0.0,0.3,0.0
10.1021/JE020219O,0.6679,253.35,1.4664,PF6,0.0,0.7,0.0,0.0,0.3,0.0
10.1021/JE020219O,0.9986,253.35,1.2514,PF6,0.0,0.7,0.0,0.0,0.3,0.0
10.1021/JE020219O,1.343,253.35,1.0685,PF6,0.0,0.7,0.0,0.0,0.3,0.0
10.1021/JE020219O,1.614,253.35,0.9088,PF6,0.0,0.7,0.0,0.0,0.3,0.0
10.1021/JE020219O,1.817,253.35,0.7784,PF6,0.0,0.7,0.0,0.0,0.3,0.0
10.1021/JE020219O,1.911,253.35,0.6653,PF6,0.0,0.7,0.0,0.0,0.3,0.0
10.1021/JE020219O,1.94,253.35,0.5658,PF6,0.0,0.7,0.0,0.0,0.3,0.0
10.1021/JE020219O,1.929,253.35,0.4802,PF6,0.0,0.7,0.0,0.0,0.3,0.0
10.1021/JE020219O,1.861,253.35,0.3992,PF6,0.0,0.7,0.0,0.0,0.3,0.0
10.1021/JE020219O,1.689,253.35,0.302,PF6,0.0,0.7,0.0,0.0,0.3,0.0
10.1021/JE020219O,0.0188,243.65,2.3118,PF6,0.0,0.7,0.0,0.0,0.3,0.0
10.1021/JE020219O,0.03819,243.65,2.1265,PF6,0.0,0.7,0.0,0.0,0.3,0.0
10.1021/JE020219O,0.07871,243.65,1.9194,PF6,0.0,0.7,0.0,0.0,0.3,0.0
10.1021/JE020219O,0.1584,243.65,1.7059,PF6,0.0,0.7,0.0,0.0,0.3,0.0
10.1021/JE020219O,0.3039,243.65,1.4664,PF6,0.0,0.7,0.0,0.0,0.3,0.0
10.1021/JE020219O,0.5086,243.65,1.2514,PF6,0.0,0.7,0.0,0.0,0.3,0.0
10.1021/JE020219O,0.7309,243.65,1.0685,PF6,0.0,0.7,0.0,0.0,0.3,0.0
10.1021/JE020219O,0.9277,243.65,0.9088,PF6,0.0,0.7,0.0,0.0,0.3,0.0
10.1021/JE020219O,1.076,243.65,0.7784,PF6,0.0,0.7,0.0,0.0,0.3,0.0
10.1021/JE020219O,1.181,243.65,0.6653,PF6,0.0,0.7,0.0,0.0,0.3,0.0
10.1021/JE020219O,1.235,243.65,0.5658,PF6,0.0,0.7,0.0,0.0,0.3,0.0
10.1021/JE020219O,1.257,243.65,0.4802,PF6,0.0,0.7,0.0,0.0,0.3,0.0
10.1021/JE020219O,1.23,243.65,0.3992,PF6,0.0,0.7,0.0,0.0,0.3,0.0
10.1021/JE020219O,1.133,243.65,0.302,PF6,0.0,0.7,0.0,0.0,0.3,0.0
10.1021/JE020219O,0.002682,233.75,2.3118,PF6,0.0,0.7,0.0,0.0,0.3,0.0
10.1021/JE020219O,0.007027,233.75,2.1265,PF6,0.0,0.7,0.0,0.0,0.3,0.0
10.1021/JE020219O,0.01805,233.75,1.9194,PF6,0.0,0.7,0.0,0.0,0.3,0.0
10.1021/JE020219O,0.04653,233.75,1.7059,PF6,0.0,0.7,0.0,0.0,0.3,0.0
10.1021/JE020219O,0.11,233.75,1.4664,PF6,0.0,0.7,0.0,0.0,0.3,0.0
10.1021/JE020219O,0.211,233.75,1.2514,PF6,0.0,0.7,0.0,0.0,0.3,0.0
10.1021/JE020219O,0.3373,233.75,1.0685,PF6,0.0,0.7,0.0,0.0,0.3,0.0
10.1021/JE020219O,0.4625,233.75,0.9088,PF6,0.0,0.7,0.0,0.0,0.3,0.0
10.1021/JE020219O,0.5657,233.75,0.7784,PF6,0.0,0.7,0.0,0.0,0.3,0.0
10.1021/JE020219O,0.6469,233.75,0.6653,PF6,0.0,0.7,0.0,0.0,0.3,0.0
10.1021/JE020219O,0.6993,233.75,0.5658,PF6,0.0,0.7,0.0,0.0,0.3,0.0
10.1021/JE020219O,0.7291,233.75,0.4802,PF6,0.0,0.7,0.0,0.0,0.3,0.0
10.1021/JE020219O,0.7303,233.75,0.3992,PF6,0.0,0.7,0.0,0.0,0.3,0.0
10.1021/JE020219O,0.6885,233.75,0.302,PF6,0.0,0.7,0.0,0.0,0.3,0.0
10.1021/JE020219O,0.0001756,223.85,2.3118,PF6,0.0,0.7,0.0,0.0,0.3,0.0
10.1021/JE020219O,0.0006462,223.85,2.1265,PF6,0.0,0.7,0.0,0.0,0.3,0.0
10.1021/JE020219O,0.002464,223.85,1.9194,PF6,0.0,0.7,0.0,0.0,0.3,0.0
10.1021/JE020219O,0.008752,223.85,1.7059,PF6,0.0,0.7,0.0,0.0,0.3,0.0
10.1021/JE020219O,0.02842,223.85,1.4664,PF6,0.0,0.7,0.0,0.0,0.3,0.0
10.1021/JE020219O,0.06563,223.85,1.2514,PF6,0.0,0.7,0.0,0.0,0.3,0.0
10.1021/JE020219O,0.1219,223.85,1.0685,PF6,0.0,0.7,0.0,0.0,0.3,0.0
10.1021/JE020219O,0.1852,223.85,0.9088,PF6,0.0,0.7,0.0,0.0,0.3,0.0
10.1021/JE020219O,0.2445,223.85,0.7784,PF6,0.0,0.7,0.0,0.0,0.3,0.0
10.1021/JE020219O,0.2963,223.85,0.6653,PF6,0.0,0.7,0.0,0.0,0.3,0.0
10.1021/JE020219O,0.3357,223.85,0.5658,PF6,0.0,0.7,0.0,0.0,0.3,0.0
10.1021/JE020219O,0.3627,223.85,0.4802,PF6,0.0,0.7,0.0,0.0,0.3,0.0
10.1021/JE020219O,0.3742,223.85,0.3992,PF6,0.0,0.7,0.0,0.0,0.3,0.0
10.1021/JE020219O,0.3665,223.85,0.302,PF6,0.0,0.7,0.0,0.0,0.3,0.0
10.1021/JE020219O,,213.95,2.3118,PF6,0.0,0.7,0.0,0.0,0.3,0.0
10.1021/JE020219O,2.39e-05,213.95,2.1265,PF6,0.0,0.7,0.0,0.0,0.3,0.0
10.1021/JE020219O,0.000157,213.95,1.9194,PF6,0.0,0.7,0.0,0.0,0.3,0.0
10.1021/JE020219O,0.0009393,213.95,1.7059,PF6,0.0,0.7,0.0,0.0,0.3,0.0
10.1021/JE020219O,0.004494,213.95,1.4664,PF6,0.0,0.7,0.0,0.0,0.3,0.0
10.1021/JE020219O,0.0138,213.95,1.2514,PF6,0.0,0.7,0.0,0.0,0.3,0.0
10.1021/JE020219O,0.03154,213.95,1.0685,PF6,0.0,0.7,0.0,0.0,0.3,0.0
10.1021/JE020219O,0.05592,213.95,0.9088,PF6,0.0,0.7,0.0,0.0,0.3,0.0
10.1021/JE020219O,0.08129,213.95,0.7784,PF6,0.0,0.7,0.0,0.0,0.3,0.0
10.1021/JE020219O,0.1065,213.95,0.6653,PF6,0.0,0.7,0.0,0.0,0.3,0.0
10.1021/JE020219O,0.1279,213.95,0.5658,PF6,0.0,0.7,0.0,0.0,0.3,0.0
10.1021/JE020219O,0.1452,213.95,0.4802,PF6,0.0,0.7,0.0,0.0,0.3,0.0
10.1021/JE020219O,0.1568,213.95,0.3992,PF6,0.0,0.7,0.0,0.0,0.3,0.0
10.1021/JE020219O,0.1611,213.95,0.302,PF6,0.0,0.7,0.0,0.0,0.3,0.0
10.1021/JE020219O,,204.15,2.3118,PF6,0.0,0.7,0.0,0.0,0.3,0.0
10.1021/JE020219O,,204.15,2.1265,PF6,0.0,0.7,0.0,0.0,0.3,0.0
10.1021/JE020219O,3.2e-06,204.15,1.9194,PF6,0.0,0.7,0.0,0.0,0.3,0.0
10.1021/JE020219O,4.35e-05,204.15,1.7059,PF6,0.0,0.7,0.0,0.0,0.3,0.0
10.1021/JE020219O,0.000363,204.15,1.4664,PF6,0.0,0.7,0.0,0.0,0.3,0.0
10.1021/JE020219O,0.001654,204.15,1.2514,PF6,0.0,0.7,0.0,0.0,0.3,0.0
10.1021/JE020219O,0.005038,204.15,1.0685,PF6,0.0,0.7,0.0,0.0,0.3,0.0
10.1021/JE020219O,0.01097,204.15,0.9088,PF6,0.0,0.7,0.0,0.0,0.3,0.0
10.1021/JE020219O,0.0183,204.15,0.7784,PF6,0.0,0.7,0.0,0.0,0.3,0.0
10.1021/JE020219O,0.02665,204.15,0.6653,PF6,0.0,0.7,0.0,0.0,0.3,0.0
10.1021/JE020219O,0.03483,204.15,0.5658,PF6,0.0,0.7,0.0,0.0,0.3,0.0
10.1021/JE020219O,0.0424,204.15,0.4802,PF6,0.0,0.7,0.0,0.0,0.3,0.0
10.1021/JE020219O,0.04862,204.15,0.3992,PF6,0.0,0.7,0.0,0.0,0.3,0.0
10.1021/JE020219O,0.05323,204.15,0.302,PF6,0.0,0.7,0.0,0.0,0.3,0.0
10.1021/JE020219O,,194.15,2.3118,PF6,0.0,0.7,0.0,0.0,0.3,0.0
10.1021/JE020219O,,194.15,2.1265,PF6,0.0,0.7,0.0,0.0,0.3,0.0
10.1021/JE020219O,,194.15,1.9194,PF6,0.0,0.7,0.0,0.0,0.3,0.0
10.1021/JE020219O,,194.15,1.7059,PF6,0.0,0.7,0.0,0.0,0.3,0.0
10.1021/JE020219O,1.07e-05,194.15,1.4664,PF6,0.0,0.7,0.0,0.0,0.3,0.0
10.1021/JE020219O,8.68e-05,194.15,1.2514,PF6,0.0,0.7,0.0,0.0,0.3,0.0
10.1021/JE020219O,0.0003953,194.15,1.0685,PF6,0.0,0.7,0.0,0.0,0.3,0.0
10.1021/JE020219O,0.001156,194.15,0.9088,PF6,0.0,0.7,0.0,0.0,0.3,0.0
10.1021/JE020219O,0.002326,194.15,0.7784,PF6,0.0,0.7,0.0,0.0,0.3,0.0
10.1021/JE020219O,0.003956,194.15,0.6653,PF6,0.0,0.7,0.0,0.0,0.3,0.0
10.1021/JE020219O,0.005774,194.15,0.5658,PF6,0.0,0.7,0.0,0.0,0.3,0.0
10.1021/JE020219O,0.007747,194.15,0.4802,PF6,0.0,0.7,0.0,0.0,0.3,0.0
10.1021/JE020219O,0.009621,194.15,0.3992,PF6,0.0,0.7,0.0,0.0,0.3,0.0
10.1021/JE020219O,0.01161,194.15,0.302,PF6,0.0,0.7,0.0,0.0,0.3,0.0
10.1021/JE020219O,6.904,332.15,2.3304,PF6,0.0,0.6,0.0,0.0,0.4,0.0
10.1021/JE020219O,7.943,332.15,2.1375,PF6,0.0,0.6,0.0,0.0,0.4,0.0
10.1021/JE020219O,8.923,332.15,1.9367,PF6,0.0,0.6,0.0,0.0,0.4,0.0
10.1021/JE020219O,10.12,332.15,1.7328,PF6,0.0,0.6,0.0,0.0,0.4,0.0
10.1021/JE020219O,11.29,332.15,1.5041,PF6,0.0,0.6,0.0,0.0,0.4,0.0
10.1021/JE020219O,12.32,332.15,1.2952,PF6,0.0,0.6,0.0,0.0,0.4,0.0
10.1021/JE020219O,12.95,332.15,1.1019,PF6,0.0,0.6,0.0,0.0,0.4,0.0
10.1021/JE020219O,13.13,332.15,0.9351,PF6,0.0,0.6,0.0,0.0,0.4,0.0
10.1021/JE020219O,12.96,332.15,0.7987,PF6,0.0,0.6,0.0,0.0,0.4,0.0
10.1021/JE020219O,12.56,332.15,0.6859,PF6,0.0,0.6,0.0,0.0,0.4,0.0
10.1021/JE020219O,11.95,332.15,0.5857,PF6,0.0,0.6,0.0,0.0,0.4,0.0
10.1021/JE020219O,11.23,332.15,0.5023,PF6,0.0,0.6,0.0,0.0,0.4,0.0
10.1021/JE020219O,10.36,332.15,0.4233,PF6,0.0,0.6,0.0,0.0,0.4,0.0
10.1021/JE020219O,8.95,332.15,0.3256,PF6,0.0,0.6,0.0,0.0,0.4,0.0
10.1021/JE020219O,5.417,322.35,2.3304,PF6,0.0,0.6,0.0,0.0,0.4,0.0
10.1021/JE020219O,6.345,322.35,2.1375,PF6,0.0,0.6,0.0,0.0,0.4,0.0
10.1021/JE020219O,7.274,322.35,1.9367,PF6,0.0,0.6,0.0,0.0,0.4,0.0
10.1021/JE020219O,8.375,322.35,1.7328,PF6,0.0,0.6,0.0,0.0,0.4,0.0
10.1021/JE020219O,9.542,322.35,1.5041,PF6,0.0,0.6,0.0,0.0,0.4,0.0
10.1021/JE020219O,10.49,322.35,1.2952,PF6,0.0,0.6,0.0,0.0,0.4,0.0
10.1021/JE020219O,11.17,322.35,1.1019,PF6,0.0,0.6,0.0,0.0,0.4,0.0
10.1021/JE020219O,11.43,322.35,0.9351,PF6,0.0,0.6,0.0,0.0,0.4,0.0
10.1021/JE020219O,11.35,322.35,0.7987,PF6,0.0,0.6,0.0,0.0,0.4,0.0
10.1021/JE020219O,11.04,322.35,0.6859,PF6,0.0,0.6,0.0,0.0,0.4,0.0
10.1021/JE020219O,10.54,322.35,0.5857,PF6,0.0,0.6,0.0,0.0,0.4,0.0
10.1021/JE020219O,9.949,322.35,0.5023,PF6,0.0,0.6,0.0,0.0,0.4,0.0
10.1021/JE020219O,9.187,322.35,0.4233,PF6,0.0,0.6,0.0,0.0,0.4,0.0
10.1021/JE020219O,7.96,322.35,0.3256,PF6,0.0,0.6,0.0,0.0,0.4,0.0
10.1021/JE020219O,4.082,312.45,2.3304,PF6,0.0,0.6,0.0,0.0,0.4,0.0
10.1021/JE020219O,4.895,312.45,2.1375,PF6,0.0,0.6,0.0,0.0,0.4,0.0
10.1021/JE020219O,5.726,312.45,1.9367,PF6,0.0,0.6,0.0,0.0,0.4,0.0
10.1021/JE020219O,6.731,312.45,1.7328,PF6,0.0,0.6,0.0,0.0,0.4,0.0
10.1021/JE020219O,7.826,312.45,1.5041,PF6,0.0,0.6,0.0,0.0,0.4,0.0
10.1021/JE020219O,8.753,312.45,1.2952,PF6,0.0,0.6,0.0,0.0,0.4,0.0
10.1021/JE020219O,9.437,312.45,1.1019,PF6,0.0,0.6,0.0,0.0,0.4,0.0
10.1021/JE020219O,9.747,312.45,0.9351,PF6,0.0,0.6,0.0,0.0,0.4,0.0
10.1021/JE020219O,9.752,312.45,0.7987,PF6,0.0,0.6,0.0,0.0,0.4,0.0
10.1021/JE020219O,9.535,312.45,0.6859,PF6,0.0,0.6,0.0,0.0,0.4,0.0
10.1021/JE020219O,9.143,312.45,0.5857,PF6,0.0,0.6,0.0,0.0,0.4,0.0
10.1021/JE020219O,8.658,312.45,0.5023,PF6,0.0,0.6,0.0,0.0,0.4,0.0
10.1021/JE020219O,8.018,312.45,0.4233,PF6,0.0,0.6,0.0,0.0,0.4,0.0
10.1021/JE020219O,6.971,312.45,0.3256,PF6,0.0,0.6,0.0,0.0,0.4,0.0
10.1021/JE020219O,2.93,302.55,2.3304,PF6,0.0,0.6,0.0,0.0,0.4,0.0
10.1021/JE020219O,3.608,302.55,2.1375,PF6,0.0,0.6,0.0,0.0,0.4,0.0
10.1021/JE020219O,4.329,302.55,1.9367,PF6,0.0,0.6,0.0,0.0,0.4,0.0
10.1021/JE020219O,5.212,302.55,1.7328,PF6,0.0,0.6,0.0,0.0,0.4,0.0
10.1021/JE020219O,6.216,302.55,1.5041,PF6,0.0,0.6,0.0,0.0,0.4,0.0
10.1021/JE020219O,7.087,302.55,1.2952,PF6,0.0,0.6,0.0,0.0,0.4,0.0
10.1021/JE020219O,7.772,302.55,1.1019,PF6,0.0,0.6,0.0,0.0,0.4,0.0
10.1021/JE020219O,8.128,302.55,0.9351,PF6,0.0,0.6,0.0,0.0,0.4,0.0
10.1021/JE020219O,8.2,302.55,0.7987,PF6,0.0,0.6,0.0,0.0,0.4,0.0
10.1021/JE020219O,8.07,302.55,0.6859,PF6,0.0,0.6,0.0,0.0,0.4,0.0
10.1021/JE020219O,7.777,302.55,0.5857,PF6,0.0,0.6,0.0,0.0,0.4,0.0
10.1021/JE020219O,7.459,302.55,0.5023,PF6,0.0,0.6,0.0,0.0,0.4,0.0
10.1021/JE020219O,6.876,302.55,0.4233,PF6,0.0,0.6,0.0,0.0,0.4,0.0
10.1021/JE020219O,6.0,302.55,0.3256,PF6,0.0,0.6,0.0,0.0,0.4,0.0
10.1021/JE020219O,1.986,292.65,2.3304,PF6,0.0,0.6,0.0,0.0,0.4,0.0
10.1021/JE020219O,2.524,292.65,2.1375,PF6,0.0,0.6,0.0,0.0,0.4,0.0
10.1021/JE020219O,3.119,292.65,1.9367,PF6,0.0,0.6,0.0,0.0,0.4,0.0
10.1021/JE020219O,3.868,292.65,1.7328,PF6,0.0,0.6,0.0,0.0,0.4,0.0
10.1021/JE020219O,4.711,292.65,1.5041,PF6,0.0,0.6,0.0,0.0,0.4,0.0
10.1021/JE020219O,5.552,292.65,1.2952,PF6,0.0,0.6,0.0,0.0,0.4,0.0
10.1021/JE020219O,6.221,292.65,1.1019,PF6,0.0,0.6,0.0,0.0,0.4,0.0
10.1021/JE020219O,6.598,292.65,0.9351,PF6,0.0,0.6,0.0,0.0,0.4,0.0
10.1021/JE020219O,6.727,292.65,0.7987,PF6,0.0,0.6,0.0,0.0,0.4,0.0
10.1021/JE020219O,6.679,292.65,0.6859,PF6,0.0,0.6,0.0,0.0,0.4,0.0
10.1021/JE020219O,6.478,292.65,0.5857,PF6,0.0,0.6,0.0,0.0,0.4,0.0
10.1021/JE020219O,6.191,292.65,0.5023,PF6,0.0,0.6,0.0,0.0,0.4,0.0
10.1021/JE020219O,5.781,292.65,0.4233,PF6,0.0,0.6,0.0,0.0,0.4,0.0
10.1021/JE020219O,5.074,292.65,0.3256,PF6,0.0,0.6,0.0,0.0,0.4,0.0
10.1021/JE020219O,1.233,282.85,2.3304,PF6,0.0,0.6,0.0,0.0,0.4,0.0
10.1021/JE020219O,1.632,282.85,2.1375,PF6,0.0,0.6,0.0,0.0,0.4,0.0
10.1021/JE020219O,2.097,282.85,1.9367,PF6,0.0,0.6,0.0,0.0,0.4,0.0
10.1021/JE020219O,2.71,282.85,1.7328,PF6,0.0,0.6,0.0,0.0,0.4,0.0
10.1021/JE020219O,3.398,282.85,1.5041,PF6,0.0,0.6,0.0,0.0,0.4,0.0
10.1021/JE020219O,4.154,282.85,1.2952,PF6,0.0,0.6,0.0,0.0,0.4,0.0
10.1021/JE020219O,4.772,282.85,1.1019,PF6,0.0,0.6,0.0,0.0,0.4,0.0
10.1021/JE020219O,5.163,282.85,0.9351,PF6,0.0,0.6,0.0,0.0,0.4,0.0
10.1021/JE020219O,5.334,282.85,0.7987,PF6,0.0,0.6,0.0,0.0,0.4,0.0
10.1021/JE020219O,5.35,282.85,0.6859,PF6,0.0,0.6,0.0,0.0,0.4,0.0
10.1021/JE020219O,5.236,282.85,0.5857,PF6,0.0,0.6,0.0,0.0,0.4,0.0
10.1021/JE020219O,5.037,282.85,0.5023,PF6,0.0,0.6,0.0,0.0,0.4,0.0
10.1021/JE020219O,4.731,282.85,0.4233,PF6,0.0,0.6,0.0,0.0,0.4,0.0
10.1021/JE020219O,4.176,282.85,0.3256,PF6,0.0,0.6,0.0,0.0,0.4,0.0
10.1021/JE020219O,0.6817,272.95,2.3304,PF6,0.0,0.6,0.0,0.0,0.4,0.0
10.1021/JE020219O,0.9517,272.95,2.1375,PF6,0.0,0.6,0.0,0.0,0.4,0.0
10.1021/JE020219O,1.281,272.95,1.9367,PF6,0.0,0.6,0.0,0.0,0.4,0.0
10.1021/JE020219O,1.745,272.95,1.7328,PF6,0.0,0.6,0.0,0.0,0.4,0.0
10.1021/JE020219O,2.295,272.95,1.5041,PF6,0.0,0.6,0.0,0.0,0.4,0.0
10.1021/JE020219O,2.93,272.95,1.2952,PF6,0.0,0.6,0.0,0.0,0.4,0.0
10.1021/JE020219O,3.48,272.95,1.1019,PF6,0.0,0.6,0.0,0.0,0.4,0.0
10.1021/JE020219O,3.855,272.95,0.9351,PF6,0.0,0.6,0.0,0.0,0.4,0.0
10.1021/JE020219O,4.056,272.95,0.7987,PF6,0.0,0.6,0.0,0.0,0.4,0.0
10.1021/JE020219O,4.119,272.95,0.6859,PF6,0.0,0.6,0.0,0.0,0.4,0.0
10.1021/JE020219O,4.07,272.95,0.5857,PF6,0.0,0.6,0.0,0.0,0.4,0.0
10.1021/JE020219O,3.949,272.95,0.5023,PF6,0.0,0.6,0.0,0.0,0.4,0.0
10.1021/JE020219O,3.735,272.95,0.4233,PF6,0.0,0.6,0.0,0.0,0.4,0.0
10.1021/JE020219O,3.336,272.95,0.3256,PF6,0.0,0.6,0.0,0.0,0.4,0.0
10.1021/JE020219O,0.3213,263.15,2.3304,PF6,0.0,0.6,0.0,0.0,0.4,0.0
10.1021/JE020219O,0.4825,263.15,2.1375,PF6,0.0,0.6,0.0,0.0,0.4,0.0
10.1021/JE020219O,0.6919,263.15,1.9367,PF6,0.0,0.6,0.0,0.0,0.4,0.0
10.1021/JE020219O,1.014,263.15,1.7328,PF6,0.0,0.6,0.0,0.0,0.4,0.0
10.1021/JE020219O,1.423,263.15,1.5041,PF6,0.0,0.6,0.0,0.0,0.4,0.0
10.1021/JE020219O,1.919,263.15,1.2952,PF6,0.0,0.6,0.0,0.0,0.4,0.0
10.1021/JE020219O,2.379,263.15,1.1019,PF6,0.0,0.6,0.0,0.0,0.4,0.0
10.1021/JE020219O,2.723,263.15,0.9351,PF6,0.0,0.6,0.0,0.0,0.4,0.0
10.1021/JE020219O,2.925,263.15,0.7987,PF6,0.0,0.6,0.0,0.0,0.4,0.0
10.1021/JE020219O,3.022,263.15,0.6859,PF6,0.0,0.6,0.0,0.0,0.4,0.0
10.1021/JE020219O,3.028,263.15,0.5857,PF6,0.0,0.6,0.0,0.0,0.4,0.0
10.1021/JE020219O,2.967,263.15,0.5023,PF6,0.0,0.6,0.0,0.0,0.4,0.0
10.1021/JE020219O,2.834,263.15,0.4233,PF6,0.0,0.6,0.0,0.0,0.4,0.0
10.1021/JE020219O,2.548,263.15,0.3256,PF6,0.0,0.6,0.0,0.0,0.4,0.0
10.1021/JE020219O,0.1213,253.35,2.3304,PF6,0.0,0.6,0.0,0.0,0.4,0.0
10.1021/JE020219O,0.2013,253.35,2.1375,PF6,0.0,0.6,0.0,0.0,0.4,0.0
10.1021/JE020219O,0.3163,253.35,1.9367,PF6,0.0,0.6,0.0,0.0,0.4,0.0
10.1021/JE020219O,0.5115,253.35,1.7328,PF6,0.0,0.6,0.0,0.0,0.4,0.0
10.1021/JE020219O,0.7858,253.35,1.5041,PF6,0.0,0.6,0.0,0.0,0.4,0.0
10.1021/JE020219O,1.14,253.35,1.2952,PF6,0.0,0.6,0.0,0.0,0.4,0.0
10.1021/JE020219O,1.496,253.35,1.1019,PF6,0.0,0.6,0.0,0.0,0.4,0.0
10.1021/JE020219O,1.781,253.35,0.9351,PF6,0.0,0.6,0.0,0.0,0.4,0.0
10.1021/JE020219O,1.971,253.35,0.7987,PF6,0.0,0.6,0.0,0.0,0.4,0.0
10.1021/JE020219O,2.081,253.35,0.6859,PF6,0.0,0.6,0.0,0.0,0.4,0.0
10.1021/JE020219O,2.12,253.35,0.5857,PF6,0.0,0.6,0.0,0.0,0.4,0.0
10.1021/JE020219O,2.106,253.35,0.5023,PF6,0.0,0.6,0.0,0.0,0.4,0.0
10.1021/JE020219O,2.036,253.35,0.4233,PF6,0.0,0.6,0.0,0.0,0.4,0.0
10.1021/JE020219O,1.857,253.35,0.3256,PF6,0.0,0.6,0.0,0.0,0.4,0.0
10.1021/JE020219O,0.0335,243.65,2.3304,PF6,0.0,0.6,0.0,0.0,0.4,0.0
10.1021/JE020219O,0.06456,243.65,2.1375,PF6,0.0,0.6,0.0,0.0,0.4,0.0
10.1021/JE020219O,0.1158,243.65,1.9367,PF6,0.0,0.6,0.0,0.0,0.4,0.0
10.1021/JE020219O,0.2145,243.65,1.7328,PF6,0.0,0.6,0.0,0.0,0.4,0.0
10.1021/JE020219O,0.375,243.65,1.5041,PF6,0.0,0.6,0.0,0.0,0.4,0.0
10.1021/JE020219O,0.594,243.65,1.2952,PF6,0.0,0.6,0.0,0.0,0.4,0.0
10.1021/JE020219O,0.8436,243.65,1.1019,PF6,0.0,0.6,0.0,0.0,0.4,0.0
10.1021/JE020219O,1.061,243.65,0.9351,PF6,0.0,0.6,0.0,0.0,0.4,0.0
10.1021/JE020219O,1.22,243.65,0.7987,PF6,0.0,0.6,0.0,0.0,0.4,0.0
10.1021/JE020219O,1.326,243.65,0.6859,PF6,0.0,0.6,0.0,0.0,0.4,0.0
10.1021/JE020219O,1.381,243.65,0.5857,PF6,0.0,0.6,0.0,0.0,0.4,0.0
10.1021/JE020219O,1.397,243.65,0.5023,PF6,0.0,0.6,0.0,0.0,0.4,0.0
10.1021/JE020219O,1.371,243.65,0.4233,PF6,0.0,0.6,0.0,0.0,0.4,0.0
10.1021/JE020219O,1.273,243.65,0.3256,PF6,0.0,0.6,0.0,0.0,0.4,0.0
10.1021/JE020219O,0.005844,233.75,2.3304,PF6,0.0,0.6,0.0,0.0,0.4,0.0
10.1021/JE020219O,0.01409,233.75,2.1375,PF6,0.0,0.6,0.0,0.0,0.4,0.0
10.1021/JE020219O,0.03023,233.75,1.9367,PF6,0.0,0.6,0.0,0.0,0.4,0.0
10.1021/JE020219O,0.06932,233.75,1.7328,PF6,0.0,0.6,0.0,0.0,0.4,0.0
10.1021/JE020219O,0.145,233.75,1.5041,PF6,0.0,0.6,0.0,0.0,0.4,0.0
10.1021/JE020219O,0.2592,233.75,1.2952,PF6,0.0,0.6,0.0,0.0,0.4,0.0
10.1021/JE020219O,0.4097,233.75,1.1019,PF6,0.0,0.6,0.0,0.0,0.4,0.0
10.1021/JE020219O,0.553,233.75,0.9351,PF6,0.0,0.6,0.0,0.0,0.4,0.0
10.1021/JE020219O,0.6693,233.75,0.7987,PF6,0.0,0.6,0.0,0.0,0.4,0.0
10.1021/JE020219O,0.7549,233.75,0.6859,PF6,0.0,0.6,0.0,0.0,0.4,0.0
10.1021/JE020219O,0.8094,233.75,0.5857,PF6,0.0,0.6,0.0,0.0,0.4,0.0
10.1021/JE020219O,0.8392,233.75,0.5023,PF6,0.0,0.6,0.0,0.0,0.4,0.0
10.1021/JE020219O,0.8403,233.75,0.4233,PF6,0.0,0.6,0.0,0.0,0.4,0.0
10.1021/JE020219O,0.7985,233.75,0.3256,PF6,0.0,0.6,0.0,0.0,0.4,0.0
10.1021/JE020219O,0.0005079,223.85,2.3304,PF6,0.0,0.6,0.0,0.0,0.4,0.0
10.1021/JE020219O,0.001649,223.85,2.1375,PF6,0.0,0.6,0.0,0.0,0.4,0.0
10.1021/JE020219O,0.004805,223.85,1.9367,PF6,0.0,0.6,0.0,0.0,0.4,0.0
10.1021/JE020219O,0.01485,223.85,1.7328,PF6,0.0,0.6,0.0,0.0,0.4,0.0
10.1021/JE020219O,0.04118,223.85,1.5041,PF6,0.0,0.6,0.0,0.0,0.4,0.0
10.1021/JE020219O,0.08708,223.85,1.2952,PF6,0.0,0.6,0.0,0.0,0.4,0.0
10.1021/JE020219O,0.1586,223.85,1.1019,PF6,0.0,0.6,0.0,0.0,0.4,0.0
10.1021/JE020219O,0.2377,223.85,0.9351,PF6,0.0,0.6,0.0,0.0,0.4,0.0
10.1021/JE020219O,0.308,223.85,0.7987,PF6,0.0,0.6,0.0,0.0,0.4,0.0
10.1021/JE020219O,0.3664,223.85,0.6859,PF6,0.0,0.6,0.0,0.0,0.4,0.0
10.1021/JE020219O,0.4096,223.85,0.5857,PF6,0.0,0.6,0.0,0.0,0.4,0.0
10.1021/JE020219O,0.4383,223.85,0.5023,PF6,0.0,0.6,0.0,0.0,0.4,0.0
10.1021/JE020219O,0.4507,223.85,0.4233,PF6,0.0,0.6,0.0,0.0,0.4,0.0
10.1021/JE020219O,0.4424,223.85,0.3256,PF6,0.0,0.6,0.0,0.0,0.4,0.0
10.1021/JE020219O,1.58e-05,213.95,2.3304,PF6,0.0,0.6,0.0,0.0,0.4,0.0
10.1021/JE020219O,8.35e-05,213.95,2.1375,PF6,0.0,0.6,0.0,0.0,0.4,0.0
10.1021/JE020219O,0.0003817,213.95,1.9367,PF6,0.0,0.6,0.0,0.0,0.4,0.0
10.1021/JE020219O,0.001882,213.95,1.7328,PF6,0.0,0.6,0.0,0.0,0.4,0.0
10.1021/JE020219O,0.007415,213.95,1.5041,PF6,0.0,0.6,0.0,0.0,0.4,0.0
10.1021/JE020219O,0.02033,213.95,1.2952,PF6,0.0,0.6,0.0,0.0,0.4,0.0
10.1021/JE020219O,0.04559,213.95,1.1019,PF6,0.0,0.6,0.0,0.0,0.4,0.0
10.1021/JE020219O,0.07891,213.95,0.9351,PF6,0.0,0.6,0.0,0.0,0.4,0.0
10.1021/JE020219O,0.1126,213.95,0.7987,PF6,0.0,0.6,0.0,0.0,0.4,0.0
10.1021/JE020219O,0.1435,213.95,0.6859,PF6,0.0,0.6,0.0,0.0,0.4,0.0
10.1021/JE020219O,0.1695,213.95,0.5857,PF6,0.0,0.6,0.0,0.0,0.4,0.0
10.1021/JE020219O,0.1894,213.95,0.5023,PF6,0.0,0.6,0.0,0.0,0.4,0.0
10.1021/JE020219O,0.2019,213.95,0.4233,PF6,0.0,0.6,0.0,0.0,0.4,0.0
10.1021/JE020219O,0.2072,213.95,0.3256,PF6,0.0,0.6,0.0,0.0,0.4,0.0
10.1021/JE020219O,,204.15,2.3304,PF6,0.0,0.6,0.0,0.0,0.4,0.0
10.1021/JE020219O,,204.15,2.1375,PF6,0.0,0.6,0.0,0.0,0.4,0.0
10.1021/JE020219O,1.05e-05,204.15,1.9367,PF6,0.0,0.6,0.0,0.0,0.4,0.0
10.1021/JE020219O,0.0001085,204.15,1.7328,PF6,0.0,0.6,0.0,0.0,0.4,0.0
10.1021/JE020219O,0.0007101,204.15,1.5041,PF6,0.0,0.6,0.0,0.0,0.4,0.0
10.1021/JE020219O,0.002826,204.15,1.2952,PF6,0.0,0.6,0.0,0.0,0.4,0.0
10.1021/JE020219O,0.008491,204.15,1.1019,PF6,0.0,0.6,0.0,0.0,0.4,0.0
10.1021/JE020219O,0.01786,204.15,0.9351,PF6,0.0,0.6,0.0,0.0,0.4,0.0
10.1021/JE020219O,0.02909,204.15,0.7987,PF6,0.0,0.6,0.0,0.0,0.4,0.0
10.1021/JE020219O,0.04076,204.15,0.6859,PF6,0.0,0.6,0.0,0.0,0.4,0.0
10.1021/JE020219O,0.05196,204.15,0.5857,PF6,0.0,0.6,0.0,0.0,0.4,0.0
10.1021/JE020219O,0.06169,204.15,0.5023,PF6,0.0,0.6,0.0,0.0,0.4,0.0
10.1021/JE020219O,0.06953,204.15,0.4233,PF6,0.0,0.6,0.0,0.0,0.4,0.0
10.1021/JE020219O,0.07551,204.15,0.3256,PF6,0.0,0.6,0.0,0.0,0.4,0.0
10.1021/JE020219O,,194.15,2.3304,PF6,0.0,0.6,0.0,0.0,0.4,0.0
10.1021/JE020219O,,194.15,2.1375,PF6,0.0,0.6,0.0,0.0,0.4,0.0
10.1021/JE020219O,,194.15,1.9367,PF6,0.0,0.6,0.0,0.0,0.4,0.0
10.1021/JE020219O,,194.15,1.7328,PF6,0.0,0.6,0.0,0.0,0.4,0.0
10.1021/JE020219O,2.69e-05,194.15,1.5041,PF6,0.0,0.6,0.0,0.0,0.4,0.0
10.1021/JE020219O,0.0001827,194.15,1.2952,PF6,0.0,0.6,0.0,0.0,0.4,0.0
10.1021/JE020219O,0.0008224,194.15,1.1019,PF6,0.0,0.6,0.0,0.0,0.4,0.0
10.1021/JE020219O,0.002316,194.15,0.9351,PF6,0.0,0.6,0.0,0.0,0.4,0.0
10.1021/JE020219O,0.004519,194.15,0.7987,PF6,0.0,0.6,0.0,0.0,0.4,0.0
10.1021/JE020219O,0.007292,194.15,0.6859,PF6,0.0,0.6,0.0,0.0,0.4,0.0
10.1021/JE020219O,0.01032,194.15,0.5857,PF6,0.0,0.6,0.0,0.0,0.4,0.0
10.1021/JE020219O,0.01333,194.15,0.5023,PF6,0.0,0.6,0.0,0.0,0.4,0.0
10.1021/JE020219O,0.01611,194.15,0.4233,PF6,0.0,0.6,0.0,0.0,0.4,0.0
10.1021/JE020219O,0.01914,194.15,0.3256,PF6,0.0,0.6,0.0,0.0,0.4,0.0
10.1021/JE020219O,7.278,332.15,2.3128,PF6,0.0,0.5,0.0,0.0,0.5,0.0
10.1021/JE020219O,8.323,332.15,2.1166,PF6,0.0,0.5,0.0,0.0,0.5,0.0
10.1021/JE020219O,9.18,332.15,1.9198,PF6,0.0,0.5,0.0,0.0,0.5,0.0
10.1021/JE020219O,10.33,332.15,1.7117,PF6,0.0,0.5,0.0,0.0,0.5,0.0
10.1021/JE020219O,11.34,332.15,1.4766,PF6,0.0,0.5,0.0,0.0,0.5,0.0
10.1021/JE020219O,12.2,332.15,1.2604,PF6,0.0,0.5,0.0,0.0,0.5,0.0
10.1021/JE020219O,12.64,332.15,1.0593,PF6,0.0,0.5,0.0,0.0,0.5,0.0
10.1021/JE020219O,12.62,332.15,0.8937,PF6,0.0,0.5,0.0,0.0,0.5,0.0
10.1021/JE020219O,12.32,332.15,0.7671,PF6,0.0,0.5,0.0,0.0,0.5,0.0
10.1021/JE020219O,11.81,332.15,0.6541,PF6,0.0,0.5,0.0,0.0,0.5,0.0
10.1021/JE020219O,11.12,332.15,0.5547,PF6,0.0,0.5,0.0,0.0,0.5,0.0
10.1021/JE020219O,10.28,332.15,0.4648,PF6,0.0,0.5,0.0,0.0,0.5,0.0
10.1021/JE020219O,9.337,332.15,0.3855,PF6,0.0,0.5,0.0,0.0,0.5,0.0
10.1021/JE020219O,7.538,332.15,0.2705,PF6,0.0,0.5,0.0,0.0,0.5,0.0
10.1021/JE020219O,5.825,322.35,2.3128,PF6,0.0,0.5,0.0,0.0,0.5,0.0
10.1021/JE020219O,6.772,322.35,2.1166,PF6,0.0,0.5,0.0,0.0,0.5,0.0
10.1021/JE020219O,7.612,322.35,1.9198,PF6,0.0,0.5,0.0,0.0,0.5,0.0
10.1021/JE020219O,8.681,322.35,1.7117,PF6,0.0,0.5,0.0,0.0,0.5,0.0
10.1021/JE020219O,9.719,322.35,1.4766,PF6,0.0,0.5,0.0,0.0,0.5,0.0
10.1021/JE020219O,10.53,322.35,1.2604,PF6,0.0,0.5,0.0,0.0,0.5,0.0
10.1021/JE020219O,11.02,322.35,1.0593,PF6,0.0,0.5,0.0,0.0,0.5,0.0
10.1021/JE020219O,11.1,322.35,0.8937,PF6,0.0,0.5,0.0,0.0,0.5,0.0
10.1021/JE020219O,10.89,322.35,0.7671,PF6,0.0,0.5,0.0,0.0,0.5,0.0
10.1021/JE020219O,10.48,322.35,0.6541,PF6,0.0,0.5,0.0,0.0,0.5,0.0
10.1021/JE020219O,9.896,322.35,0.5547,PF6,0.0,0.5,0.0,0.0,0.5,0.0
10.1021/JE020219O,9.178,322.35,0.4648,PF6,0.0,0.5,0.0,0.0,0.5,0.0
10.1021/JE020219O,8.344,322.35,0.3855,PF6,0.0,0.5,0.0,0.0,0.5,0.0
10.1021/JE020219O,6.761,322.35,0.2705,PF6,0.0,0.5,0.0,0.0,0.5,0.0
10.1021/JE020219O,4.499,312.45,2.3128,PF6,0.0,0.5,0.0,0.0,0.5,0.0
10.1021/JE020219O,5.35,312.45,2.1166,PF6,0.0,0.5,0.0,0.0,0.5,0.0
10.1021/JE020219O,6.115,312.45,1.9198,PF6,0.0,0.5,0.0,0.0,0.5,0.0
10.1021/JE020219O,7.109,312.45,1.7117,PF6,0.0,0.5,0.0,0.0,0.5,0.0
10.1021/JE020219O,8.1,312.45,1.4766,PF6,0.0,0.5,0.0,0.0,0.5,0.0
10.1021/JE020219O,8.912,312.45,1.2604,PF6,0.0,0.5,0.0,0.0,0.5,0.0
10.1021/JE020219O,9.443,312.45,1.0593,PF6,0.0,0.5,0.0,0.0,0.5,0.0
10.1021/JE020219O,9.58,312.45,0.8937,PF6,0.0,0.5,0.0,0.0,0.5,0.0
10.1021/JE020219O,9.46,312.45,0.7671,PF6,0.0,0.5,0.0,0.0,0.5,0.0
10.1021/JE020219O,9.14,312.45,0.6541,PF6,0.0,0.5,0.0,0.0,0.5,0.0
10.1021/JE020219O,8.666,312.45,0.5547,PF6,0.0,0.5,0.0,0.0,0.5,0.0
10.1021/JE020219O,8.062,312.45,0.4648,PF6,0.0,0.5,0.0,0.0,0.5,0.0
10.1021/JE020219O,7.345,312.45,0.3855,PF6,0.0,0.5,0.0,0.0,0.5,0.0
10.1021/JE020219O,5.971,312.45,0.2705,PF6,0.0,0.5,0.0,0.0,0.5,0.0
10.1021/JE020219O,3.329,302.55,2.3128,PF6,0.0,0.5,0.0,0.0,0.5,0.0
10.1021/JE020219O,4.056,302.55,2.1166,PF6,0.0,0.5,0.0,0.0,0.5,0.0
10.1021/JE020219O,4.738,302.55,1.9198,PF6,0.0,0.5,0.0,0.0,0.5,0.0
10.1021/JE020219O,5.627,302.55,1.7117,PF6,0.0,0.5,0.0,0.0,0.5,0.0
10.1021/JE020219O,6.561,302.55,1.4766,PF6,0.0,0.5,0.0,0.0,0.5,0.0
10.1021/JE020219O,7.339,302.55,1.2604,PF6,0.0,0.5,0.0,0.0,0.5,0.0
10.1021/JE020219O,7.897,302.55,1.0593,PF6,0.0,0.5,0.0,0.0,0.5,0.0
10.1021/JE020219O,8.101,302.55,0.8937,PF6,0.0,0.5,0.0,0.0,0.5,0.0
10.1021/JE020219O,8.052,302.55,0.7671,PF6,0.0,0.5,0.0,0.0,0.5,0.0
10.1021/JE020219O,7.824,302.55,0.6541,PF6,0.0,0.5,0.0,0.0,0.5,0.0
10.1021/JE020219O,7.45,302.55,0.5547,PF6,0.0,0.5,0.0,0.0,0.5,0.0
10.1021/JE020219O,6.957,302.55,0.4648,PF6,0.0,0.5,0.0,0.0,0.5,0.0
10.1021/JE020219O,6.36,302.55,0.3855,PF6,0.0,0.5,0.0,0.0,0.5,0.0
10.1021/JE020219O,5.19,302.55,0.2705,PF6,0.0,0.5,0.0,0.0,0.5,0.0
10.1021/JE020219O,2.343,292.65,2.3128,PF6,0.0,0.5,0.0,0.0,0.5,0.0
10.1021/JE020219O,2.935,292.65,2.1166,PF6,0.0,0.5,0.0,0.0,0.5,0.0
10.1021/JE020219O,3.518,292.65,1.9198,PF6,0.0,0.5,0.0,0.0,0.5,0.0
10.1021/JE020219O,4.29,292.65,1.7117,PF6,0.0,0.5,0.0,0.0,0.5,0.0
10.1021/JE020219O,5.093,292.65,1.4766,PF6,0.0,0.5,0.0,0.0,0.5,0.0
10.1021/JE020219O,5.872,292.65,1.2604,PF6,0.0,0.5,0.0,0.0,0.5,0.0
10.1021/JE020219O,6.435,292.65,1.0593,PF6,0.0,0.5,0.0,0.0,0.5,0.0
10.1021/JE020219O,6.681,292.65,0.8937,PF6,0.0,0.5,0.0,0.0,0.5,0.0
10.1021/JE020219O,6.697,292.65,0.7671,PF6,0.0,0.5,0.0,0.0,0.5,0.0
10.1021/JE020219O,6.56,292.65,0.6541,PF6,0.0,0.5,0.0,0.0,0.5,0.0
10.1021/JE020219O,6.279,292.65,0.5547,PF6,0.0,0.5,0.0,0.0,0.5,0.0
10.1021/JE020219O,5.893,292.65,0.4648,PF6,0.0,0.5,0.0,0.0,0.5,0.0
10.1021/JE020219O,5.407,292.65,0.3855,PF6,0.0,0.5,0.0,0.0,0.5,0.0
10.1021/JE020219O,4.438,292.65,0.2705,PF6,0.0,0.5,0.0,0.0,0.5,0.0
10.1021/JE020219O,1.528,282.85,2.3128,PF6,0.0,0.5,0.0,0.0,0.5,0.0
10.1021/JE020219O,1.99,282.85,2.1166,PF6,0.0,0.5,0.0,0.0,0.5,0.0
10.1021/JE020219O,2.459,282.85,1.9198,PF6,0.0,0.5,0.0,0.0,0.5,0.0
10.1021/JE020219O,3.111,282.85,1.7117,PF6,0.0,0.5,0.0,0.0,0.5,0.0
10.1021/JE020219O,3.785,282.85,1.4766,PF6,0.0,0.5,0.0,0.0,0.5,0.0
10.1021/JE020219O,4.502,282.85,1.2604,PF6,0.0,0.5,0.0,0.0,0.5,0.0
10.1021/JE020219O,5.048,282.85,1.0593,PF6,0.0,0.5,0.0,0.0,0.5,0.0
10.1021/JE020219O,5.329,282.85,0.8937,PF6,0.0,0.5,0.0,0.0,0.5,0.0
10.1021/JE020219O,5.398,282.85,0.7671,PF6,0.0,0.5,0.0,0.0,0.5,0.0
10.1021/JE020219O,5.335,282.85,0.6541,PF6,0.0,0.5,0.0,0.0,0.5,0.0
10.1021/JE020219O,5.146,282.85,0.5547,PF6,0.0,0.5,0.0,0.0,0.5,0.0
10.1021/JE020219O,4.86,282.85,0.4648,PF6,0.0,0.5,0.0,0.0,0.5,0.0
10.1021/JE020219O,4.482,282.85,0.3855,PF6,0.0,0.5,0.0,0.0,0.5,0.0
10.1021/JE020219O,3.701,282.85,0.2705,PF6,0.0,0.5,0.0,0.0,0.5,0.0
10.1021/JE020219O,0.9027,272.95,2.3128,PF6,0.0,0.5,0.0,0.0,0.5,0.0
10.1021/JE020219O,1.232,272.95,2.1166,PF6,0.0,0.5,0.0,0.0,0.5,0.0
10.1021/JE020219O,1.581,272.95,1.9198,PF6,0.0,0.5,0.0,0.0,0.5,0.0
10.1021/JE020219O,2.094,272.95,1.7117,PF6,0.0,0.5,0.0,0.0,0.5,0.0
10.1021/JE020219O,2.653,272.95,1.4766,PF6,0.0,0.5,0.0,0.0,0.5,0.0
10.1021/JE020219O,3.277,272.95,1.2604,PF6,0.0,0.5,0.0,0.0,0.5,0.0
10.1021/JE020219O,3.782,272.95,1.0593,PF6,0.0,0.5,0.0,0.0,0.5,0.0
10.1021/JE020219O,4.074,272.95,0.8937,PF6,0.0,0.5,0.0,0.0,0.5,0.0
10.1021/JE020219O,4.187,272.95,0.7671,PF6,0.0,0.5,0.0,0.0,0.5,0.0
10.1021/JE020219O,4.184,272.95,0.6541,PF6,0.0,0.5,0.0,0.0,0.5,0.0
10.1021/JE020219O,4.07,272.95,0.5547,PF6,0.0,0.5,0.0,0.0,0.5,0.0
10.1021/JE020219O,3.875,272.95,0.4648,PF6,0.0,0.5,0.0,0.0,0.5,0.0
10.1021/JE020219O,3.597,272.95,0.3855,PF6,0.0,0.5,0.0,0.0,0.5,0.0
10.1021/JE020219O,2.997,272.95,0.2705,PF6,0.0,0.5,0.0,0.0,0.5,0.0
10.1021/JE020219O,0.4651,263.15,2.3128,PF6,0.0,0.5,0.0,0.0,0.5,0.0
10.1021/JE020219O,0.6774,263.15,2.1166,PF6,0.0,0.5,0.0,0.0,0.5,0.0
10.1021/JE020219O,0.9128,263.15,1.9198,PF6,0.0,0.5,0.0,0.0,0.5,0.0
10.1021/JE020219O,1.287,263.15,1.7117,PF6,0.0,0.5,0.0,0.0,0.5,0.0
10.1021/JE020219O,1.725,263.15,1.4766,PF6,0.0,0.5,0.0,0.0,0.5,0.0
10.1021/JE020219O,2.234,263.15,1.2604,PF6,0.0,0.5,0.0,0.0,0.5,0.0
10.1021/JE020219O,2.675,263.15,1.0593,PF6,0.0,0.5,0.0,0.0,0.5,0.0
10.1021/JE020219O,2.964,263.15,0.8937,PF6,0.0,0.5,0.0,0.0,0.5,0.0
10.1021/JE020219O,3.098,263.15,0.7671,PF6,0.0,0.5,0.0,0.0,0.5,0.0
10.1021/JE020219O,3.139,263.15,0.6541,PF6,0.0,0.5,0.0,0.0,0.5,0.0
10.1021/JE020219O,3.09,263.15,0.5547,PF6,0.0,0.5,0.0,0.0,0.5,0.0
10.1021/JE020219O,2.973,263.15,0.4648,PF6,0.0,0.5,0.0,0.0,0.5,0.0
10.1021/JE020219O,2.781,263.15,0.3855,PF6,0.0,0.5,0.0,0.0,0.5,0.0
10.1021/JE020219O,2.343,263.15,0.2705,PF6,0.0,0.5,0.0,0.0,0.5,0.0
10.1021/JE020219O,0.1983,253.35,2.3128,PF6,0.0,0.5,0.0,0.0,0.5,0.0
10.1021/JE020219O,0.315,253.35,2.1166,PF6,0.0,0.5,0.0,0.0,0.5,0.0
10.1021/JE020219O,0.4576,253.35,1.9198,PF6,0.0,0.5,0.0,0.0,0.5,0.0
10.1021/JE020219O,0.7008,253.35,1.7117,PF6,0.0,0.5,0.0,0.0,0.5,0.0
10.1021/JE020219O,1.013,253.35,1.4766,PF6,0.0,0.5,0.0,0.0,0.5,0.0
10.1021/JE020219O,1.397,253.35,1.2604,PF6,0.0,0.5,0.0,0.0,0.5,0.0
10.1021/JE020219O,1.76,253.35,1.0593,PF6,0.0,0.5,0.0,0.0,0.5,0.0
10.1021/JE020219O,2.014,253.35,0.8937,PF6,0.0,0.5,0.0,0.0,0.5,0.0
10.1021/JE020219O,2.155,253.35,0.7671,PF6,0.0,0.5,0.0,0.0,0.5,0.0
10.1021/JE020219O,2.227,253.35,0.6541,PF6,0.0,0.5,0.0,0.0,0.5,0.0
10.1021/JE020219O,2.225,253.35,0.5547,PF6,0.0,0.5,0.0,0.0,0.5,0.0
10.1021/JE020219O,2.166,253.35,0.4648,PF6,0.0,0.5,0.0,0.0,0.5,0.0
10.1021/JE020219O,2.049,253.35,0.3855,PF6,0.0,0.5,0.0,0.0,0.5,0.0
10.1021/JE020219O,1.751,253.35,0.2705,PF6,0.0,0.5,0.0,0.0,0.5,0.0
10.1021/JE020219O,0.06519,243.65,2.3128,PF6,0.0,0.5,0.0,0.0,0.5,0.0
10.1021/JE020219O,0.1175,243.65,2.1166,PF6,0.0,0.5,0.0,0.0,0.5,0.0
10.1021/JE020219O,0.1886,243.65,1.9198,PF6,0.0,0.5,0.0,0.0,0.5,0.0
10.1021/JE020219O,0.3249,243.65,1.7117,PF6,0.0,0.5,0.0,0.0,0.5,0.0
10.1021/JE020219O,0.5236,243.65,1.4766,PF6,0.0,0.5,0.0,0.0,0.5,0.0
10.1021/JE020219O,0.7796,243.65,1.2604,PF6,0.0,0.5,0.0,0.0,0.5,0.0
10.1021/JE020219O,1.051,243.65,1.0593,PF6,0.0,0.5,0.0,0.0,0.5,0.0
10.1021/JE020219O,1.26,243.65,0.8937,PF6,0.0,0.5,0.0,0.0,0.5,0.0
10.1021/JE020219O,1.39,243.65,0.7671,PF6,0.0,0.5,0.0,0.0,0.5,0.0
10.1021/JE020219O,1.473,243.65,0.6541,PF6,0.0,0.5,0.0,0.0,0.5,0.0
10.1021/JE020219O,1.5,243.65,0.5547,PF6,0.0,0.5,0.0,0.0,0.5,0.0
10.1021/JE020219O,1.486,243.65,0.4648,PF6,0.0,0.5,0.0,0.0,0.5,0.0
10.1021/JE020219O,1.424,243.65,0.3855,PF6,0.0,0.5,0.0,0.0,0.5,0.0
10.1021/JE020219O,1.239,243.65,0.2705,PF6,0.0,0.5,0.0,0.0,0.5,0.0
10.1021/JE020219O,0.01441,233.75,2.3128,PF6,0.0,0.5,0.0,0.0,0.5,0.0
10.1021/JE020219O,0.03149,233.75,2.1166,PF6,0.0,0.5,0.0,0.0,0.5,0.0
10.1021/JE020219O,0.05832,233.75,1.9198,PF6,0.0,0.5,0.0,0.0,0.5,0.0
10.1021/JE020219O,0.1204,233.75,1.7117,PF6,0.0,0.5,0.0,0.0,0.5,0.0
10.1021/JE020219O,0.2258,233.75,1.4766,PF6,0.0,0.5,0.0,0.0,0.5,0.0
10.1021/JE020219O,0.3731,233.75,1.2604,PF6,0.0,0.5,0.0,0.0,0.5,0.0
10.1021/JE020219O,0.553,233.75,1.0593,PF6,0.0,0.5,0.0,0.0,0.5,0.0
10.1021/JE020219O,0.7022,233.75,0.8937,PF6,0.0,0.5,0.0,0.0,0.5,0.0
10.1021/JE020219O,0.8072,233.75,0.7671,PF6,0.0,0.5,0.0,0.0,0.5,0.0
10.1021/JE020219O,0.883,233.75,0.6541,PF6,0.0,0.5,0.0,0.0,0.5,0.0
10.1021/JE020219O,0.9216,233.75,0.5547,PF6,0.0,0.5,0.0,0.0,0.5,0.0
10.1021/JE020219O,0.9339,233.75,0.4648,PF6,0.0,0.5,0.0,0.0,0.5,0.0
10.1021/JE020219O,0.9116,233.75,0.3855,PF6,0.0,0.5,0.0,0.0,0.5,0.0
10.1021/JE020219O,0.8116,233.75,0.2705,PF6,0.0,0.5,0.0,0.0,0.5,0.0
10.1021/JE020219O,0.001756,223.85,2.3128,PF6,0.0,0.5,0.0,0.0,0.5,0.0
10.1021/JE020219O,0.004986,223.85,2.1166,PF6,0.0,0.5,0.0,0.0,0.5,0.0
10.1021/JE020219O,0.01174,223.85,1.9198,PF6,0.0,0.5,0.0,0.0,0.5,0.0
10.1021/JE020219O,0.03126,223.85,1.7117,PF6,0.0,0.5,0.0,0.0,0.5,0.0
10.1021/JE020219O,0.07457,223.85,1.4766,PF6,0.0,0.5,0.0,0.0,0.5,0.0
10.1021/JE020219O,0.1427,223.85,1.2604,PF6,0.0,0.5,0.0,0.0,0.5,0.0
10.1021/JE020219O,0.2386,223.85,1.0593,PF6,0.0,0.5,0.0,0.0,0.5,0.0
10.1021/JE020219O,0.3319,223.85,0.8937,PF6,0.0,0.5,0.0,0.0,0.5,0.0
10.1021/JE020219O,0.4028,223.85,0.7671,PF6,0.0,0.5,0.0,0.0,0.5,0.0
10.1021/JE020219O,0.4608,223.85,0.6541,PF6,0.0,0.5,0.0,0.0,0.5,0.0
10.1021/JE020219O,0.4983,223.85,0.5547,PF6,0.0,0.5,0.0,0.0,0.5,0.0
10.1021/JE020219O,0.5201,223.85,0.4648,PF6,0.0,0.5,0.0,0.0,0.5,0.0
10.1021/JE020219O,0.5193,223.85,0.3855,PF6,0.0,0.5,0.0,0.0,0.5,0.0
10.1021/JE020219O,0.4778,223.85,0.2705,PF6,0.0,0.5,0.0,0.0,0.5,0.0
10.1021/JE020219O,8.69e-05,213.95,2.3128,PF6,0.0,0.5,0.0,0.0,0.5,0.0
10.1021/JE020219O,0.0003807,213.95,2.1166,PF6,0.0,0.5,0.0,0.0,0.5,0.0
10.1021/JE020219O,0.001279,213.95,1.9198,PF6,0.0,0.5,0.0,0.0,0.5,0.0
10.1021/JE020219O,0.005139,213.95,1.7117,PF6,0.0,0.5,0.0,0.0,0.5,0.0
10.1021/JE020219O,0.0167,213.95,1.4766,PF6,0.0,0.5,0.0,0.0,0.5,0.0
10.1021/JE020219O,0.04008,213.95,1.2604,PF6,0.0,0.5,0.0,0.0,0.5,0.0
10.1021/JE020219O,0.08046,213.95,1.0593,PF6,0.0,0.5,0.0,0.0,0.5,0.0
10.1021/JE020219O,0.1261,213.95,0.8937,PF6,0.0,0.5,0.0,0.0,0.5,0.0
10.1021/JE020219O,0.165,213.95,0.7671,PF6,0.0,0.5,0.0,0.0,0.5,0.0
10.1021/JE020219O,0.2002,213.95,0.6541,PF6,0.0,0.5,0.0,0.0,0.5,0.0
10.1021/JE020219O,0.2268,213.95,0.5547,PF6,0.0,0.5,0.0,0.0,0.5,0.0
10.1021/JE020219O,0.2464,213.95,0.4648,PF6,0.0,0.5,0.0,0.0,0.5,0.0
10.1021/JE020219O,0.2536,213.95,0.3855,PF6,0.0,0.5,0.0,0.0,0.5,0.0
10.1021/JE020219O,0.2439,213.95,0.2705,PF6,0.0,0.5,0.0,0.0,0.5,0.0
10.1021/JE020219O,,204.15,2.3128,PF6,0.0,0.5,0.0,0.0,0.5,0.0
10.1021/JE020219O,9.34e-06,204.15,2.1166,PF6,0.0,0.5,0.0,0.0,0.5,0.0
10.1021/JE020219O,5.5e-05,204.15,1.9198,PF6,0.0,0.5,0.0,0.0,0.5,0.0
10.1021/JE020219O,0.0004233,204.15,1.7117,PF6,0.0,0.5,0.0,0.0,0.5,0.0
10.1021/JE020219O,0.002159,204.15,1.4766,PF6,0.0,0.5,0.0,0.0,0.5,0.0
10.1021/JE020219O,0.007244,204.15,1.2604,PF6,0.0,0.5,0.0,0.0,0.5,0.0
10.1021/JE020219O,0.01886,204.15,1.0593,PF6,0.0,0.5,0.0,0.0,0.5,0.0
10.1021/JE020219O,0.03476,204.15,0.8937,PF6,0.0,0.5,0.0,0.0,0.5,0.0
10.1021/JE020219O,0.0504,204.15,0.7671,PF6,0.0,0.5,0.0,0.0,0.5,0.0
10.1021/JE020219O,0.06639,204.15,0.6541,PF6,0.0,0.5,0.0,0.0,0.5,0.0
10.1021/JE020219O,0.08022,204.15,0.5547,PF6,0.0,0.5,0.0,0.0,0.5,0.0
10.1021/JE020219O,0.09199,204.15,0.4648,PF6,0.0,0.5,0.0,0.0,0.5,0.0
10.1021/JE020219O,0.09927,204.15,0.3855,PF6,0.0,0.5,0.0,0.0,0.5,0.0
10.1021/JE020219O,0.1011,204.15,0.2705,PF6,0.0,0.5,0.0,0.0,0.5,0.0
10.1021/JE020219O,,194.15,2.3128,PF6,0.0,0.5,0.0,0.0,0.5,0.0
10.1021/JE020219O,,194.15,2.1166,PF6,0.0,0.5,0.0,0.0,0.5,0.0
10.1021/JE020219O,9.03e-07,194.15,1.9198,PF6,0.0,0.5,0.0,0.0,0.5,0.0
10.1021/JE020219O,1.23e-05,194.15,1.7117,PF6,0.0,0.5,0.0,0.0,0.5,0.0
10.1021/JE020219O,0.0001254,194.15,1.4766,PF6,0.0,0.5,0.0,0.0,0.5,0.0
10.1021/JE020219O,0.0006774,194.15,1.2604,PF6,0.0,0.5,0.0,0.0,0.5,0.0
10.1021/JE020219O,0.002545,194.15,1.0593,PF6,0.0,0.5,0.0,0.0,0.5,0.0
10.1021/JE020219O,0.006006,194.15,0.8937,PF6,0.0,0.5,0.0,0.0,0.5,0.0
10.1021/JE020219O,0.01005,194.15,0.7671,PF6,0.0,0.5,0.0,0.0,0.5,0.0
10.1021/JE020219O,0.01492,194.15,0.6541,PF6,0.0,0.5,0.0,0.0,0.5,0.0
10.1021/JE020219O,0.01968,194.15,0.5547,PF6,0.0,0.5,0.0,0.0,0.5,0.0
10.1021/JE020219O,0.02438,194.15,0.4648,PF6,0.0,0.5,0.0,0.0,0.5,0.0
10.1021/JE020219O,0.02794,194.15,0.3855,PF6,0.0,0.5,0.0,0.0,0.5,0.0
10.1021/JE020219O,0.03099,194.15,0.2705,PF6,0.0,0.5,0.0,0.0,0.5,0.0
10.1021/JE020219O,7.294,332.15,2.3386,PF6,0.0,0.4,0.0,0.0,0.6,0.0
10.1021/JE020219O,8.203,332.15,2.149,PF6,0.0,0.4,0.0,0.0,0.6,0.0
10.1021/JE020219O,9.074,332.15,1.9321,PF6,0.0,0.4,0.0,0.0,0.6,0.0
10.1021/JE020219O,10.13,332.15,1.7176,PF6,0.0,0.4,0.0,0.0,0.6,0.0
10.1021/JE020219O,11.0,332.15,1.4605,PF6,0.0,0.4,0.0,0.0,0.6,0.0
10.1021/JE020219O,11.66,332.15,1.2325,PF6,0.0,0.4,0.0,0.0,0.6,0.0
10.1021/JE020219O,11.85,332.15,1.0464,PF6,0.0,0.4,0.0,0.0,0.6,0.0
10.1021/JE020219O,11.69,332.15,0.8843,PF6,0.0,0.4,0.0,0.0,0.6,0.0
10.1021/JE020219O,11.28,332.15,0.7501,PF6,0.0,0.4,0.0,0.0,0.6,0.0
10.1021/JE020219O,10.71,332.15,0.6372,PF6,0.0,0.4,0.0,0.0,0.6,0.0
10.1021/JE020219O,9.991,332.15,0.5389,PF6,0.0,0.4,0.0,0.0,0.6,0.0
10.1021/JE020219O,9.137,332.15,0.4475,PF6,0.0,0.4,0.0,0.0,0.6,0.0
10.1021/JE020219O,8.13,332.15,0.3622,PF6,0.0,0.4,0.0,0.0,0.6,0.0
10.1021/JE020219O,6.34,332.15,0.2452,PF6,0.0,0.4,0.0,0.0,0.6,0.0
10.1021/JE020219O,5.919,322.35,2.3386,PF6,0.0,0.4,0.0,0.0,0.6,0.0
10.1021/JE020219O,6.762,322.35,2.149,PF6,0.0,0.4,0.0,0.0,0.6,0.0
10.1021/JE020219O,7.622,322.35,1.9321,PF6,0.0,0.4,0.0,0.0,0.6,0.0
10.1021/JE020219O,8.619,322.35,1.7176,PF6,0.0,0.4,0.0,0.0,0.6,0.0
10.1021/JE020219O,9.539,322.35,1.4605,PF6,0.0,0.4,0.0,0.0,0.6,0.0
10.1021/JE020219O,10.18,322.35,1.2325,PF6,0.0,0.4,0.0,0.0,0.6,0.0
10.1021/JE020219O,10.44,322.35,1.0464,PF6,0.0,0.4,0.0,0.0,0.6,0.0
10.1021/JE020219O,10.38,322.35,0.8843,PF6,0.0,0.4,0.0,0.0,0.6,0.0
10.1021/JE020219O,10.06,322.35,0.7501,PF6,0.0,0.4,0.0,0.0,0.6,0.0
10.1021/JE020219O,9.582,322.35,0.6372,PF6,0.0,0.4,0.0,0.0,0.6,0.0
10.1021/JE020219O,8.966,322.35,0.5389,PF6,0.0,0.4,0.0,0.0,0.6,0.0
10.1021/JE020219O,8.218,322.35,0.4475,PF6,0.0,0.4,0.0,0.0,0.6,0.0
10.1021/JE020219O,7.322,322.35,0.3622,PF6,0.0,0.4,0.0,0.0,0.6,0.0
10.1021/JE020219O,5.731,322.35,0.2452,PF6,0.0,0.4,0.0,0.0,0.6,0.0
10.1021/JE020219O,4.652,312.45,2.3386,PF6,0.0,0.4,0.0,0.0,0.6,0.0
10.1021/JE020219O,5.421,312.45,2.149,PF6,0.0,0.4,0.0,0.0,0.6,0.0
10.1021/JE020219O,6.22,312.45,1.9321,PF6,0.0,0.4,0.0,0.0,0.6,0.0
10.1021/JE020219O,7.166,312.45,1.7176,PF6,0.0,0.4,0.0,0.0,0.6,0.0
10.1021/JE020219O,8.063,312.45,1.4605,PF6,0.0,0.4,0.0,0.0,0.6,0.0
10.1021/JE020219O,8.724,312.45,1.2325,PF6,0.0,0.4,0.0,0.0,0.6,0.0
10.1021/JE020219O,9.045,312.45,1.0464,PF6,0.0,0.4,0.0,0.0,0.6,0.0
10.1021/JE020219O,9.048,312.45,0.8843,PF6,0.0,0.4,0.0,0.0,0.6,0.0
10.1021/JE020219O,8.823,312.45,0.7501,PF6,0.0,0.4,0.0,0.0,0.6,0.0
10.1021/JE020219O,8.434,312.45,0.6372,PF6,0.0,0.4,0.0,0.0,0.6,0.0
10.1021/JE020219O,7.92,312.45,0.5389,PF6,0.0,0.4,0.0,0.0,0.6,0.0
10.1021/JE020219O,7.28,312.45,0.4475,PF6,0.0,0.4,0.0,0.0,0.6,0.0
10.1021/JE020219O,6.5,312.45,0.3622,PF6,0.0,0.4,0.0,0.0,0.6,0.0
10.1021/JE020219O,5.101,312.45,0.2452,PF6,0.0,0.4,0.0,0.0,0.6,0.0
10.1021/JE020219O,3.517,302.55,2.3386,PF6,0.0,0.4,0.0,0.0,0.6,0.0
10.1021/JE020219O,4.191,302.55,2.149,PF6,0.0,0.4,0.0,0.0,0.6,0.0
10.1021/JE020219O,4.913,302.55,1.9321,PF6,0.0,0.4,0.0,0.0,0.6,0.0
10.1021/JE020219O,5.778,302.55,1.7176,PF6,0.0,0.4,0.0,0.0,0.6,0.0
10.1021/JE020219O,6.644,302.55,1.4605,PF6,0.0,0.4,0.0,0.0,0.6,0.0
10.1021/JE020219O,7.298,302.55,1.2325,PF6,0.0,0.4,0.0,0.0,0.6,0.0
10.1021/JE020219O,7.662,302.55,1.0464,PF6,0.0,0.4,0.0,0.0,0.6,0.0
10.1021/JE020219O,7.738,302.55,0.8843,PF6,0.0,0.4,0.0,0.0,0.6,0.0
10.1021/JE020219O,7.593,302.55,0.7501,PF6,0.0,0.4,0.0,0.0,0.6,0.0
10.1021/JE020219O,7.293,302.55,0.6372,PF6,0.0,0.4,0.0,0.0,0.6,0.0
10.1021/JE020219O,6.877,302.55,0.5389,PF6,0.0,0.4,0.0,0.0,0.6,0.0
10.1021/JE020219O,6.343,302.55,0.4475,PF6,0.0,0.4,0.0,0.0,0.6,0.0
10.1021/JE020219O,5.681,302.55,0.3622,PF6,0.0,0.4,0.0,0.0,0.6,0.0
10.1021/JE020219O,4.474,302.55,0.2452,PF6,0.0,0.4,0.0,0.0,0.6,0.0
10.1021/JE020219O,2.546,292.65,2.3386,PF6,0.0,0.4,0.0,0.0,0.6,0.0
10.1021/JE020219O,3.104,292.65,2.149,PF6,0.0,0.4,0.0,0.0,0.6,0.0
10.1021/JE020219O,3.738,292.65,1.9321,PF6,0.0,0.4,0.0,0.0,0.6,0.0
10.1021/JE020219O,4.504,292.65,1.7176,PF6,0.0,0.4,0.0,0.0,0.6,0.0
10.1021/JE020219O,5.267,292.65,1.4605,PF6,0.0,0.4,0.0,0.0,0.6,0.0
10.1021/JE020219O,5.949,292.65,1.2325,PF6,0.0,0.4,0.0,0.0,0.6,0.0
10.1021/JE020219O,6.337,292.65,1.0464,PF6,0.0,0.4,0.0,0.0,0.6,0.0
10.1021/JE020219O,6.467,292.65,0.8843,PF6,0.0,0.4,0.0,0.0,0.6,0.0
10.1021/JE020219O,6.394,292.65,0.7501,PF6,0.0,0.4,0.0,0.0,0.6,0.0
10.1021/JE020219O,6.186,292.65,0.6372,PF6,0.0,0.4,0.0,0.0,0.6,0.0
10.1021/JE020219O,5.86,292.65,0.5389,PF6,0.0,0.4,0.0,0.0,0.6,0.0
10.1021/JE020219O,5.43,292.65,0.4475,PF6,0.0,0.4,0.0,0.0,0.6,0.0
10.1021/JE020219O,4.88,292.65,0.3622,PF6,0.0,0.4,0.0,0.0,0.6,0.0
10.1021/JE020219O,3.863,292.65,0.2452,PF6,0.0,0.4,0.0,0.0,0.6,0.0
10.1021/JE020219O,1.72,282.85,2.3386,PF6,0.0,0.4,0.0,0.0,0.6,0.0
10.1021/JE020219O,2.172,282.85,2.149,PF6,0.0,0.4,0.0,0.0,0.6,0.0
10.1021/JE020219O,2.691,282.85,1.9321,PF6,0.0,0.4,0.0,0.0,0.6,0.0
10.1021/JE020219O,3.357,282.85,1.7176,PF6,0.0,0.4,0.0,0.0,0.6,0.0
10.1021/JE020219O,4.019,282.85,1.4605,PF6,0.0,0.4,0.0,0.0,0.6,0.0
10.1021/JE020219O,4.664,282.85,1.2325,PF6,0.0,0.4,0.0,0.0,0.6,0.0
10.1021/JE020219O,5.062,282.85,1.0464,PF6,0.0,0.4,0.0,0.0,0.6,0.0
10.1021/JE020219O,5.236,282.85,0.8843,PF6,0.0,0.4,0.0,0.0,0.6,0.0
10.1021/JE020219O,5.23,282.85,0.7501,PF6,0.0,0.4,0.0,0.0,0.6,0.0
10.1021/JE020219O,5.099,282.85,0.6372,PF6,0.0,0.4,0.0,0.0,0.6,0.0
10.1021/JE020219O,4.863,282.85,0.5389,PF6,0.0,0.4,0.0,0.0,0.6,0.0
10.1021/JE020219O,4.531,282.85,0.4475,PF6,0.0,0.4,0.0,0.0,0.6,0.0
10.1021/JE020219O,4.093,282.85,0.3622,PF6,0.0,0.4,0.0,0.0,0.6,0.0
10.1021/JE020219O,3.258,282.85,0.2452,PF6,0.0,0.4,0.0,0.0,0.6,0.0
10.1021/JE020219O,1.066,272.95,2.3386,PF6,0.0,0.4,0.0,0.0,0.6,0.0
10.1021/JE020219O,1.401,272.95,2.149,PF6,0.0,0.4,0.0,0.0,0.6,0.0
10.1021/JE020219O,1.804,272.95,1.9321,PF6,0.0,0.4,0.0,0.0,0.6,0.0
10.1021/JE020219O,2.344,272.95,1.7176,PF6,0.0,0.4,0.0,0.0,0.6,0.0
10.1021/JE020219O,2.906,272.95,1.4605,PF6,0.0,0.4,0.0,0.0,0.6,0.0
10.1021/JE020219O,3.49,272.95,1.2325,PF6,0.0,0.4,0.0,0.0,0.6,0.0
10.1021/JE020219O,3.875,272.95,1.0464,PF6,0.0,0.4,0.0,0.0,0.6,0.0
10.1021/JE020219O,4.08,272.95,0.8843,PF6,0.0,0.4,0.0,0.0,0.6,0.0
10.1021/JE020219O,4.129,272.95,0.7501,PF6,0.0,0.4,0.0,0.0,0.6,0.0
10.1021/JE020219O,4.065,272.95,0.6372,PF6,0.0,0.4,0.0,0.0,0.6,0.0
10.1021/JE020219O,3.905,272.95,0.5389,PF6,0.0,0.4,0.0,0.0,0.6,0.0
10.1021/JE020219O,3.664,272.95,0.4475,PF6,0.0,0.4,0.0,0.0,0.6,0.0
10.1021/JE020219O,3.331,272.95,0.3622,PF6,0.0,0.4,0.0,0.0,0.6,0.0
10.1021/JE020219O,2.674,272.95,0.2452,PF6,0.0,0.4,0.0,0.0,0.6,0.0
10.1021/JE020219O,0.5861,263.15,2.3386,PF6,0.0,0.4,0.0,0.0,0.6,0.0
10.1021/JE020219O,0.8141,263.15,2.149,PF6,0.0,0.4,0.0,0.0,0.6,0.0
10.1021/JE020219O,1.098,263.15,1.9321,PF6,0.0,0.4,0.0,0.0,0.6,0.0
10.1021/JE020219O,1.509,263.15,1.7176,PF6,0.0,0.4,0.0,0.0,0.6,0.0
10.1021/JE020219O,1.969,263.15,1.4605,PF6,0.0,0.4,0.0,0.0,0.6,0.0
10.1021/JE020219O,2.465,263.15,1.2325,PF6,0.0,0.4,0.0,0.0,0.6,0.0
10.1021/JE020219O,2.816,263.15,1.0464,PF6,0.0,0.4,0.0,0.0,0.6,0.0
10.1021/JE020219O,3.035,263.15,0.8843,PF6,0.0,0.4,0.0,0.0,0.6,0.0
10.1021/JE020219O,3.12,263.15,0.7501,PF6,0.0,0.4,0.0,0.0,0.6,0.0
10.1021/JE020219O,3.109,263.15,0.6372,PF6,0.0,0.4,0.0,0.0,0.6,0.0
10.1021/JE020219O,3.017,263.15,0.5389,PF6,0.0,0.4,0.0,0.0,0.6,0.0
10.1021/JE020219O,2.86,263.15,0.4475,PF6,0.0,0.4,0.0,0.0,0.6,0.0
10.1021/JE020219O,2.618,263.15,0.3622,PF6,0.0,0.4,0.0,0.0,0.6,0.0
10.1021/JE020219O,2.123,263.15,0.2452,PF6,0.0,0.4,0.0,0.0,0.6,0.0
10.1021/JE020219O,0.2739,253.35,2.3386,PF6,0.0,0.4,0.0,0.0,0.6,0.0
10.1021/JE020219O,0.408,253.35,2.149,PF6,0.0,0.4,0.0,0.0,0.6,0.0
10.1021/JE020219O,0.5906,253.35,1.9321,PF6,0.0,0.4,0.0,0.0,0.6,0.0
10.1021/JE020219O,0.8728,253.35,1.7176,PF6,0.0,0.4,0.0,0.0,0.6,0.0
10.1021/JE020219O,1.218,253.35,1.4605,PF6,0.0,0.4,0.0,0.0,0.6,0.0
10.1021/JE020219O,1.61,253.35,1.2325,PF6,0.0,0.4,0.0,0.0,0.6,0.0
10.1021/JE020219O,1.915,253.35,1.0464,PF6,0.0,0.4,0.0,0.0,0.6,0.0
10.1021/JE020219O,2.122,253.35,0.8843,PF6,0.0,0.4,0.0,0.0,0.6,0.0
10.1021/JE020219O,2.229,253.35,0.7501,PF6,0.0,0.4,0.0,0.0,0.6,0.0
10.1021/JE020219O,2.262,253.35,0.6372,PF6,0.0,0.4,0.0,0.0,0.6,0.0
10.1021/JE020219O,2.225,253.35,0.5389,PF6,0.0,0.4,0.0,0.0,0.6,0.0
10.1021/JE020219O,2.128,253.35,0.4475,PF6,0.0,0.4,0.0,0.0,0.6,0.0
10.1021/JE020219O,1.97,253.35,0.3622,PF6,0.0,0.4,0.0,0.0,0.6,0.0
10.1021/JE020219O,1.618,253.35,0.2452,PF6,0.0,0.4,0.0,0.0,0.6,0.0
10.1021/JE020219O,0.1027,243.65,2.3386,PF6,0.0,0.4,0.0,0.0,0.6,0.0
10.1021/JE020219O,0.1685,243.65,2.149,PF6,0.0,0.4,0.0,0.0,0.6,0.0
10.1021/JE020219O,0.2675,243.65,1.9321,PF6,0.0,0.4,0.0,0.0,0.6,0.0
10.1021/JE020219O,0.4385,243.65,1.7176,PF6,0.0,0.4,0.0,0.0,0.6,0.0
10.1021/JE020219O,0.6719,243.65,1.4605,PF6,0.0,0.4,0.0,0.0,0.6,0.0
10.1021/JE020219O,0.953,243.65,1.2325,PF6,0.0,0.4,0.0,0.0,0.6,0.0
10.1021/JE020219O,1.194,243.65,1.0464,PF6,0.0,0.4,0.0,0.0,0.6,0.0
10.1021/JE020219O,1.376,243.65,0.8843,PF6,0.0,0.4,0.0,0.0,0.6,0.0
10.1021/JE020219O,1.487,243.65,0.7501,PF6,0.0,0.4,0.0,0.0,0.6,0.0
10.1021/JE020219O,1.541,243.65,0.6372,PF6,0.0,0.4,0.0,0.0,0.6,0.0
10.1021/JE020219O,1.54,243.65,0.5389,PF6,0.0,0.4,0.0,0.0,0.6,0.0
10.1021/JE020219O,1.499,243.65,0.4475,PF6,0.0,0.4,0.0,0.0,0.6,0.0
10.1021/JE020219O,1.405,243.65,0.3622,PF6,0.0,0.4,0.0,0.0,0.6,0.0
10.1021/JE020219O,1.173,243.65,0.2452,PF6,0.0,0.4,0.0,0.0,0.6,0.0
10.1021/JE020219O,0.02714,233.75,2.3386,PF6,0.0,0.4,0.0,0.0,0.6,0.0
10.1021/JE020219O,0.0519,233.75,2.149,PF6,0.0,0.4,0.0,0.0,0.6,0.0
10.1021/JE020219O,0.09432,233.75,1.9321,PF6,0.0,0.4,0.0,0.0,0.6,0.0
10.1021/JE020219O,0.1812,233.75,1.7176,PF6,0.0,0.4,0.0,0.0,0.6,0.0
10.1021/JE020219O,0.318,233.75,1.4605,PF6,0.0,0.4,0.0,0.0,0.6,0.0
10.1021/JE020219O,0.4922,233.75,1.2325,PF6,0.0,0.4,0.0,0.0,0.6,0.0
10.1021/JE020219O,0.6652,233.75,1.0464,PF6,0.0,0.4,0.0,0.0,0.6,0.0
10.1021/JE020219O,0.8043,233.75,0.8843,PF6,0.0,0.4,0.0,0.0,0.6,0.0
10.1021/JE020219O,0.9026,233.75,0.7501,PF6,0.0,0.4,0.0,0.0,0.6,0.0
10.1021/JE020219O,0.9614,233.75,0.6372,PF6,0.0,0.4,0.0,0.0,0.6,0.0
10.1021/JE020219O,0.9815,233.75,0.5389,PF6,0.0,0.4,0.0,0.0,0.6,0.0
10.1021/JE020219O,0.9749,233.75,0.4475,PF6,0.0,0.4,0.0,0.0,0.6,0.0
10.1021/JE020219O,0.9304,233.75,0.3622,PF6,0.0,0.4,0.0,0.0,0.6,0.0
10.1021/JE020219O,0.7932,233.75,0.2452,PF6,0.0,0.4,0.0,0.0,0.6,0.0
10.1021/JE020219O,0.004273,223.85,2.3386,PF6,0.0,0.4,0.0,0.0,0.6,0.0
10.1021/JE020219O,0.01007,223.85,2.149,PF6,0.0,0.4,0.0,0.0,0.6,0.0
10.1021/JE020219O,0.02279,223.85,1.9321,PF6,0.0,0.4,0.0,0.0,0.6,0.0
10.1021/JE020219O,0.05479,223.85,1.7176,PF6,0.0,0.4,0.0,0.0,0.6,0.0
10.1021/JE020219O,0.1187,223.85,1.4605,PF6,0.0,0.4,0.0,0.0,0.6,0.0
10.1021/JE020219O,0.2095,223.85,1.2325,PF6,0.0,0.4,0.0,0.0,0.6,0.0
10.1021/JE020219O,0.3108,223.85,1.0464,PF6,0.0,0.4,0.0,0.0,0.6,0.0
10.1021/JE020219O,0.4063,223.85,0.8843,PF6,0.0,0.4,0.0,0.0,0.6,0.0
10.1021/JE020219O,0.4797,223.85,0.7501,PF6,0.0,0.4,0.0,0.0,0.6,0.0
10.1021/JE020219O,0.5306,223.85,0.6372,PF6,0.0,0.4,0.0,0.0,0.6,0.0
10.1021/JE020219O,0.5589,223.85,0.5389,PF6,0.0,0.4,0.0,0.0,0.6,0.0
10.1021/JE020219O,0.5698,223.85,0.4475,PF6,0.0,0.4,0.0,0.0,0.6,0.0
10.1021/JE020219O,0.5556,223.85,0.3622,PF6,0.0,0.4,0.0,0.0,0.6,0.0
10.1021/JE020219O,0.4882,223.85,0.2452,PF6,0.0,0.4,0.0,0.0,0.6,0.0
10.1021/JE020219O,0.0003042,213.95,2.3386,PF6,0.0,0.4,0.0,0.0,0.6,0.0
10.1021/JE020219O,0.001012,213.95,2.149,PF6,0.0,0.4,0.0,0.0,0.6,0.0
10.1021/JE020219O,0.003172,213.95,1.9321,PF6,0.0,0.4,0.0,0.0,0.6,0.0
10.1021/JE020219O,0.01105,213.95,1.7176,PF6,0.0,0.4,0.0,0.0,0.6,0.0
10.1021/JE020219O,0.03186,213.95,1.4605,PF6,0.0,0.4,0.0,0.0,0.6,0.0
10.1021/JE020219O,0.06864,213.95,1.2325,PF6,0.0,0.4,0.0,0.0,0.6,0.0
10.1021/JE020219O,0.1175,213.95,1.0464,PF6,0.0,0.4,0.0,0.0,0.6,0.0
10.1021/JE020219O,0.1699,213.95,0.8843,PF6,0.0,0.4,0.0,0.0,0.6,0.0
10.1021/JE020219O,0.2144,213.95,0.7501,PF6,0.0,0.4,0.0,0.0,0.6,0.0
10.1021/JE020219O,0.25,213.95,0.6372,PF6,0.0,0.4,0.0,0.0,0.6,0.0
10.1021/JE020219O,0.2739,213.95,0.5389,PF6,0.0,0.4,0.0,0.0,0.6,0.0
10.1021/JE020219O,0.2894,213.95,0.4475,PF6,0.0,0.4,0.0,0.0,0.6,0.0
10.1021/JE020219O,0.2904,213.95,0.3622,PF6,0.0,0.4,0.0,0.0,0.6,0.0
10.1021/JE020219O,0.2653,213.95,0.2452,PF6,0.0,0.4,0.0,0.0,0.6,0.0
10.1021/JE020219O,6.28e-06,204.15,2.3386,PF6,0.0,0.4,0.0,0.0,0.6,0.0
10.1021/JE020219O,3.62e-05,204.15,2.149,PF6,0.0,0.4,0.0,0.0,0.6,0.0
10.1021/JE020219O,0.0001945,204.15,1.9321,PF6,0.0,0.4,0.0,0.0,0.6,0.0
10.1021/JE020219O,0.00121,204.15,1.7176,PF6,0.0,0.4,0.0,0.0,0.6,0.0
10.1021/JE020219O,0.005282,204.15,1.4605,PF6,0.0,0.4,0.0,0.0,0.6,0.0
10.1021/JE020219O,0.01544,204.15,1.2325,PF6,0.0,0.4,0.0,0.0,0.6,0.0
10.1021/JE020219O,0.03249,204.15,1.0464,PF6,0.0,0.4,0.0,0.0,0.6,0.0
10.1021/JE020219O,0.05392,204.15,0.8843,PF6,0.0,0.4,0.0,0.0,0.6,0.0
10.1021/JE020219O,0.07468,204.15,0.7501,PF6,0.0,0.4,0.0,0.0,0.6,0.0
10.1021/JE020219O,0.09344,204.15,0.6372,PF6,0.0,0.4,0.0,0.0,0.6,0.0
10.1021/JE020219O,0.1082,204.15,0.5389,PF6,0.0,0.4,0.0,0.0,0.6,0.0
10.1021/JE020219O,0.1199,204.15,0.4475,PF6,0.0,0.4,0.0,0.0,0.6,0.0
10.1021/JE020219O,0.1255,204.15,0.3622,PF6,0.0,0.4,0.0,0.0,0.6,0.0
10.1021/JE020219O,0.1207,204.15,0.2452,PF6,0.0,0.4,0.0,0.0,0.6,0.0
10.1021/JE020219O,,194.15,2.3386,PF6,0.0,0.4,0.0,0.0,0.6,0.0
10.1021/JE020219O,,194.15,2.149,PF6,0.0,0.4,0.0,0.0,0.6,0.0
10.1021/JE020219O,3.86e-06,194.15,1.9321,PF6,0.0,0.4,0.0,0.0,0.6,0.0
10.1021/JE020219O,5.16e-05,194.15,1.7176,PF6,0.0,0.4,0.0,0.0,0.6,0.0
10.1021/JE020219O,0.0004349,194.15,1.4605,PF6,0.0,0.4,0.0,0.0,0.6,0.0
10.1021/JE020219O,0.001977,194.15,1.2325,PF6,0.0,0.4,0.0,0.0,0.6,0.0
10.1021/JE020219O,0.0056,194.15,1.0464,PF6,0.0,0.4,0.0,0.0,0.6,0.0
10.1021/JE020219O,0.01148,194.15,0.8843,PF6,0.0,0.4,0.0,0.0,0.6,0.0
10.1021/JE020219O,0.01814,194.15,0.7501,PF6,0.0,0.4,0.0,0.0,0.6,0.0
10.1021/JE020219O,0.02513,194.15,0.6372,PF6,0.0,0.4,0.0,0.0,0.6,0.0
10.1021/JE020219O,0.03131,194.15,0.5389,PF6,0.0,0.4,0.0,0.0,0.6,0.0
10.1021/JE020219O,0.03712,194.15,0.4475,PF6,0.0,0.4,0.0,0.0,0.6,0.0
10.1021/JE020219O,0.0411,194.15,0.3622,PF6,0.0,0.4,0.0,0.0,0.6,0.0
10.1021/JE020219O,0.04249,194.15,0.2452,PF6,0.0,0.4,0.0,0.0,0.6,0.0
10.1021/JE020219O,7.372,332.15,2.3162,PF6,0.0,0.3,0.0,0.0,0.7,0.0
10.1021/JE020219O,8.139,332.15,2.13,PF6,0.0,0.3,0.0,0.0,0.7,0.0
10.1021/JE020219O,8.836,332.15,1.9264,PF6,0.0,0.3,0.0,0.0,0.7,0.0
10.1021/JE020219O,9.602,332.15,1.7204,PF6,0.0,0.3,0.0,0.0,0.7,0.0
10.1021/JE020219O,10.23,332.15,1.4776,PF6,0.0,0.3,0.0,0.0,0.7,0.0
10.1021/JE020219O,10.61,332.15,1.2541,PF6,0.0,0.3,0.0,0.0,0.7,0.0
10.1021/JE020219O,10.63,332.15,1.0635,PF6,0.0,0.3,0.0,0.0,0.7,0.0
10.1021/JE020219O,10.32,332.15,0.8979,PF6,0.0,0.3,0.0,0.0,0.7,0.0
10.1021/JE020219O,9.843,332.15,0.764,PF6,0.0,0.3,0.0,0.0,0.7,0.0
10.1021/JE020219O,9.234,332.15,0.6483,PF6,0.0,0.3,0.0,0.0,0.7,0.0
10.1021/JE020219O,8.551,332.15,0.55,PF6,0.0,0.3,0.0,0.0,0.7,0.0
10.1021/JE020219O,7.795,332.15,0.4612,PF6,0.0,0.3,0.0,0.0,0.7,0.0
10.1021/JE020219O,6.923,332.15,0.3773,PF6,0.0,0.3,0.0,0.0,0.7,0.0
10.1021/JE020219O,5.407,332.15,0.2585,PF6,0.0,0.3,0.0,0.0,0.7,0.0
10.1021/JE020219O,6.092,322.35,2.3162,PF6,0.0,0.3,0.0,0.0,0.7,0.0
10.1021/JE020219O,6.816,322.35,2.13,PF6,0.0,0.3,0.0,0.0,0.7,0.0
10.1021/JE020219O,7.521,322.35,1.9264,PF6,0.0,0.3,0.0,0.0,0.7,0.0
10.1021/JE020219O,8.262,322.35,1.7204,PF6,0.0,0.3,0.0,0.0,0.7,0.0
10.1021/JE020219O,8.948,322.35,1.4776,PF6,0.0,0.3,0.0,0.0,0.7,0.0
10.1021/JE020219O,9.35,322.35,1.2541,PF6,0.0,0.3,0.0,0.0,0.7,0.0
10.1021/JE020219O,9.443,322.35,1.0635,PF6,0.0,0.3,0.0,0.0,0.7,0.0
10.1021/JE020219O,9.24,322.35,0.8979,PF6,0.0,0.3,0.0,0.0,0.7,0.0
10.1021/JE020219O,8.851,322.35,0.764,PF6,0.0,0.3,0.0,0.0,0.7,0.0
10.1021/JE020219O,8.333,322.35,0.6483,PF6,0.0,0.3,0.0,0.0,0.7,0.0
10.1021/JE020219O,7.734,322.35,0.55,PF6,0.0,0.3,0.0,0.0,0.7,0.0
10.1021/JE020219O,7.067,322.35,0.4612,PF6,0.0,0.3,0.0,0.0,0.7,0.0
10.1021/JE020219O,6.291,322.35,0.3773,PF6,0.0,0.3,0.0,0.0,0.7,0.0
10.1021/JE020219O,4.92,322.35,0.2585,PF6,0.0,0.3,0.0,0.0,0.7,0.0
10.1021/JE020219O,4.884,312.45,2.3162,PF6,0.0,0.3,0.0,0.0,0.7,0.0
10.1021/JE020219O,5.556,312.45,2.13,PF6,0.0,0.3,0.0,0.0,0.7,0.0
10.1021/JE020219O,6.235,312.45,1.9264,PF6,0.0,0.3,0.0,0.0,0.7,0.0
10.1021/JE020219O,6.964,312.45,1.7204,PF6,0.0,0.3,0.0,0.0,0.7,0.0
10.1021/JE020219O,7.659,312.45,1.4776,PF6,0.0,0.3,0.0,0.0,0.7,0.0
10.1021/JE020219O,8.1,312.45,1.2541,PF6,0.0,0.3,0.0,0.0,0.7,0.0
10.1021/JE020219O,8.259,312.45,1.0635,PF6,0.0,0.3,0.0,0.0,0.7,0.0
10.1021/JE020219O,8.136,312.45,0.8979,PF6,0.0,0.3,0.0,0.0,0.7,0.0
10.1021/JE020219O,7.83,312.45,0.764,PF6,0.0,0.3,0.0,0.0,0.7,0.0
10.1021/JE020219O,7.4,312.45,0.6483,PF6,0.0,0.3,0.0,0.0,0.7,0.0
10.1021/JE020219O,6.89,312.45,0.55,PF6,0.0,0.3,0.0,0.0,0.7,0.0
10.1021/JE020219O,6.311,312.45,0.4612,PF6,0.0,0.3,0.0,0.0,0.7,0.0
10.1021/JE020219O,5.632,312.45,0.3773,PF6,0.0,0.3,0.0,0.0,0.7,0.0
10.1021/JE020219O,4.418,312.45,0.2585,PF6,0.0,0.3,0.0,0.0,0.7,0.0
10.1021/JE020219O,3.789,302.55,2.3162,PF6,0.0,0.3,0.0,0.0,0.7,0.0
10.1021/JE020219O,4.403,302.55,2.13,PF6,0.0,0.3,0.0,0.0,0.7,0.0
10.1021/JE020219O,5.027,302.55,1.9264,PF6,0.0,0.3,0.0,0.0,0.7,0.0
10.1021/JE020219O,5.712,302.55,1.7204,PF6,0.0,0.3,0.0,0.0,0.7,0.0
10.1021/JE020219O,6.402,302.55,1.4776,PF6,0.0,0.3,0.0,0.0,0.7,0.0
10.1021/JE020219O,6.867,302.55,1.2541,PF6,0.0,0.3,0.0,0.0,0.7,0.0
10.1021/JE020219O,7.077,302.55,1.0635,PF6,0.0,0.3,0.0,0.0,0.7,0.0
10.1021/JE020219O,7.027,302.55,0.8979,PF6,0.0,0.3,0.0,0.0,0.7,0.0
10.1021/JE020219O,6.805,302.55,0.764,PF6,0.0,0.3,0.0,0.0,0.7,0.0
10.1021/JE020219O,6.458,302.55,0.6483,PF6,0.0,0.3,0.0,0.0,0.7,0.0
10.1021/JE020219O,6.036,302.55,0.55,PF6,0.0,0.3,0.0,0.0,0.7,0.0
10.1021/JE020219O,5.547,302.55,0.4612,PF6,0.0,0.3,0.0,0.0,0.7,0.0
10.1021/JE020219O,4.963,302.55,0.3773,PF6,0.0,0.3,0.0,0.0,0.7,0.0
10.1021/JE020219O,3.908,302.55,0.2585,PF6,0.0,0.3,0.0,0.0,0.7,0.0
10.1021/JE020219O,2.831,292.65,2.3162,PF6,0.0,0.3,0.0,0.0,0.7,0.0
10.1021/JE020219O,3.357,292.65,2.13,PF6,0.0,0.3,0.0,0.0,0.7,0.0
10.1021/JE020219O,3.92,292.65,1.9264,PF6,0.0,0.3,0.0,0.0,0.7,0.0
10.1021/JE020219O,4.545,292.65,1.7204,PF6,0.0,0.3,0.0,0.0,0.7,0.0
10.1021/JE020219O,5.182,292.65,1.4776,PF6,0.0,0.3,0.0,0.0,0.7,0.0
10.1021/JE020219O,5.675,292.65,1.2541,PF6,0.0,0.3,0.0,0.0,0.7,0.0
10.1021/JE020219O,5.927,292.65,1.0635,PF6,0.0,0.3,0.0,0.0,0.7,0.0
10.1021/JE020219O,5.943,292.65,0.8979,PF6,0.0,0.3,0.0,0.0,0.7,0.0
10.1021/JE020219O,5.793,292.65,0.764,PF6,0.0,0.3,0.0,0.0,0.7,0.0
10.1021/JE020219O,5.534,292.65,0.6483,PF6,0.0,0.3,0.0,0.0,0.7,0.0
10.1021/JE020219O,5.196,292.65,0.55,PF6,0.0,0.3,0.0,0.0,0.7,0.0
10.1021/JE020219O,4.792,292.65,0.4612,PF6,0.0,0.3,0.0,0.0,0.7,0.0
10.1021/JE020219O,4.302,292.65,0.3773,PF6,0.0,0.3,0.0,0.0,0.7,0.0
10.1021/JE020219O,3.402,292.65,0.2585,PF6,0.0,0.3,0.0,0.0,0.7,0.0
10.1021/JE020219O,1.992,282.85,2.3162,PF6,0.0,0.3,0.0,0.0,0.7,0.0
10.1021/JE020219O,2.431,282.85,2.13,PF6,0.0,0.3,0.0,0.0,0.7,0.0
10.1021/JE020219O,2.908,282.85,1.9264,PF6,0.0,0.3,0.0,0.0,0.7,0.0
10.1021/JE020219O,3.472,282.85,1.7204,PF6,0.0,0.3,0.0,0.0,0.7,0.0
10.1021/JE020219O,4.024,282.85,1.4776,PF6,0.0,0.3,0.0,0.0,0.7,0.0
10.1021/JE020219O,4.532,282.85,1.2541,PF6,0.0,0.3,0.0,0.0,0.7,0.0
10.1021/JE020219O,4.808,282.85,1.0635,PF6,0.0,0.3,0.0,0.0,0.7,0.0
10.1021/JE020219O,4.882,282.85,0.8979,PF6,0.0,0.3,0.0,0.0,0.7,0.0
10.1021/JE020219O,4.798,282.85,0.764,PF6,0.0,0.3,0.0,0.0,0.7,0.0
10.1021/JE020219O,4.615,282.85,0.6483,PF6,0.0,0.3,0.0,0.0,0.7,0.0
10.1021/JE020219O,4.356,282.85,0.55,PF6,0.0,0.3,0.0,0.0,0.7,0.0
10.1021/JE020219O,4.038,282.85,0.4612,PF6,0.0,0.3,0.0,0.0,0.7,0.0
10.1021/JE020219O,3.641,282.85,0.3773,PF6,0.0,0.3,0.0,0.0,0.7,0.0
10.1021/JE020219O,2.897,282.85,0.2585,PF6,0.0,0.3,0.0,0.0,0.7,0.0
10.1021/JE020219O,1.303,272.95,2.3162,PF6,0.0,0.3,0.0,0.0,0.7,0.0
10.1021/JE020219O,1.647,272.95,2.13,PF6,0.0,0.3,0.0,0.0,0.7,0.0
10.1021/JE020219O,2.029,272.95,1.9264,PF6,0.0,0.3,0.0,0.0,0.7,0.0
10.1021/JE020219O,2.505,272.95,1.7204,PF6,0.0,0.3,0.0,0.0,0.7,0.0
10.1021/JE020219O,2.992,272.95,1.4776,PF6,0.0,0.3,0.0,0.0,0.7,0.0
10.1021/JE020219O,3.463,272.95,1.2541,PF6,0.0,0.3,0.0,0.0,0.7,0.0
10.1021/JE020219O,3.75,272.95,1.0635,PF6,0.0,0.3,0.0,0.0,0.7,0.0
10.1021/JE020219O,3.866,272.95,0.8979,PF6,0.0,0.3,0.0,0.0,0.7,0.0
10.1021/JE020219O,3.842,272.95,0.764,PF6,0.0,0.3,0.0,0.0,0.7,0.0
10.1021/JE020219O,3.725,272.95,0.6483,PF6,0.0,0.3,0.0,0.0,0.7,0.0
10.1021/JE020219O,3.541,272.95,0.55,PF6,0.0,0.3,0.0,0.0,0.7,0.0
10.1021/JE020219O,3.305,272.95,0.4612,PF6,0.0,0.3,0.0,0.0,0.7,0.0
10.1021/JE020219O,2.995,272.95,0.3773,PF6,0.0,0.3,0.0,0.0,0.7,0.0
10.1021/JE020219O,2.401,272.95,0.2585,PF6,0.0,0.3,0.0,0.0,0.7,0.0
10.1021/JE020219O,0.7686,263.15,2.3162,PF6,0.0,0.3,0.0,0.0,0.7,0.0
10.1021/JE020219O,1.02,263.15,2.13,PF6,0.0,0.3,0.0,0.0,0.7,0.0
10.1021/JE020219O,1.309,263.15,1.9264,PF6,0.0,0.3,0.0,0.0,0.7,0.0
10.1021/JE020219O,1.682,263.15,1.7204,PF6,0.0,0.3,0.0,0.0,0.7,0.0
10.1021/JE020219O,2.092,263.15,1.4776,PF6,0.0,0.3,0.0,0.0,0.7,0.0
10.1021/JE020219O,2.508,263.15,1.2541,PF6,0.0,0.3,0.0,0.0,0.7,0.0
10.1021/JE020219O,2.789,263.15,1.0635,PF6,0.0,0.3,0.0,0.0,0.7,0.0
10.1021/JE020219O,2.93,263.15,0.8979,PF6,0.0,0.3,0.0,0.0,0.7,0.0
10.1021/JE020219O,2.953,263.15,0.764,PF6,0.0,0.3,0.0,0.0,0.7,0.0
10.1021/JE020219O,2.897,263.15,0.6483,PF6,0.0,0.3,0.0,0.0,0.7,0.0
10.1021/JE020219O,2.776,263.15,0.55,PF6,0.0,0.3,0.0,0.0,0.7,0.0
10.1021/JE020219O,2.61,263.15,0.4612,PF6,0.0,0.3,0.0,0.0,0.7,0.0
10.1021/JE020219O,2.384,263.15,0.3773,PF6,0.0,0.3,0.0,0.0,0.7,0.0
10.1021/JE020219O,1.929,263.15,0.2585,PF6,0.0,0.3,0.0,0.0,0.7,0.0
10.1021/JE020219O,0.3973,253.35,2.3162,PF6,0.0,0.3,0.0,0.0,0.7,0.0
10.1021/JE020219O,0.558,253.35,2.13,PF6,0.0,0.3,0.0,0.0,0.7,0.0
10.1021/JE020219O,0.7547,253.35,1.9264,PF6,0.0,0.3,0.0,0.0,0.7,0.0
10.1021/JE020219O,1.027,253.35,1.7204,PF6,0.0,0.3,0.0,0.0,0.7,0.0
10.1021/JE020219O,1.349,253.35,1.4776,PF6,0.0,0.3,0.0,0.0,0.7,0.0
10.1021/JE020219O,1.692,253.35,1.2541,PF6,0.0,0.3,0.0,0.0,0.7,0.0
10.1021/JE020219O,1.947,253.35,1.0635,PF6,0.0,0.3,0.0,0.0,0.7,0.0
10.1021/JE020219O,2.098,253.35,0.8979,PF6,0.0,0.3,0.0,0.0,0.7,0.0
10.1021/JE020219O,2.152,253.35,0.764,PF6,0.0,0.3,0.0,0.0,0.7,0.0
10.1021/JE020219O,2.146,253.35,0.6483,PF6,0.0,0.3,0.0,0.0,0.7,0.0
10.1021/JE020219O,2.078,253.35,0.55,PF6,0.0,0.3,0.0,0.0,0.7,0.0
10.1021/JE020219O,1.974,253.35,0.4612,PF6,0.0,0.3,0.0,0.0,0.7,0.0
10.1021/JE020219O,1.819,253.35,0.3773,PF6,0.0,0.3,0.0,0.0,0.7,0.0
10.1021/JE020219O,1.49,253.35,0.2585,PF6,0.0,0.3,0.0,0.0,0.7,0.0
10.1021/JE020219O,0.1711,243.65,2.3162,PF6,0.0,0.3,0.0,0.0,0.7,0.0
10.1021/JE020219O,0.2581,243.65,2.13,PF6,0.0,0.3,0.0,0.0,0.7,0.0
10.1021/JE020219O,0.3762,243.65,1.9264,PF6,0.0,0.3,0.0,0.0,0.7,0.0
10.1021/JE020219O,0.5547,243.65,1.7204,PF6,0.0,0.3,0.0,0.0,0.7,0.0
10.1021/JE020219O,0.7887,243.65,1.4776,PF6,0.0,0.3,0.0,0.0,0.7,0.0
10.1021/JE020219O,1.046,243.65,1.2541,PF6,0.0,0.3,0.0,0.0,0.7,0.0
10.1021/JE020219O,1.258,243.65,1.0635,PF6,0.0,0.3,0.0,0.0,0.7,0.0
10.1021/JE020219O,1.401,243.65,0.8979,PF6,0.0,0.3,0.0,0.0,0.7,0.0
10.1021/JE020219O,1.472,243.65,0.764,PF6,0.0,0.3,0.0,0.0,0.7,0.0
10.1021/JE020219O,1.495,243.65,0.6483,PF6,0.0,0.3,0.0,0.0,0.7,0.0
10.1021/JE020219O,1.471,243.65,0.55,PF6,0.0,0.3,0.0,0.0,0.7,0.0
10.1021/JE020219O,1.415,243.65,0.4612,PF6,0.0,0.3,0.0,0.0,0.7,0.0
10.1021/JE020219O,1.32,243.65,0.3773,PF6,0.0,0.3,0.0,0.0,0.7,0.0
10.1021/JE020219O,1.098,243.65,0.2585,PF6,0.0,0.3,0.0,0.0,0.7,0.0
10.1021/JE020219O,0.05537,233.75,2.3162,PF6,0.0,0.3,0.0,0.0,0.7,0.0
10.1021/JE020219O,0.09414,233.75,2.13,PF6,0.0,0.3,0.0,0.0,0.7,0.0
10.1021/JE020219O,0.1513,233.75,1.9264,PF6,0.0,0.3,0.0,0.0,0.7,0.0
10.1021/JE020219O,0.2516,233.75,1.7204,PF6,0.0,0.3,0.0,0.0,0.7,0.0
10.1021/JE020219O,0.3974,233.75,1.4776,PF6,0.0,0.3,0.0,0.0,0.7,0.0
10.1021/JE020219O,0.5701,233.75,1.2541,PF6,0.0,0.3,0.0,0.0,0.7,0.0
10.1021/JE020219O,0.7287,233.75,1.0635,PF6,0.0,0.3,0.0,0.0,0.7,0.0
10.1021/JE020219O,0.8488,233.75,0.8979,PF6,0.0,0.3,0.0,0.0,0.7,0.0
10.1021/JE020219O,0.9224,233.75,0.764,PF6,0.0,0.3,0.0,0.0,0.7,0.0
10.1021/JE020219O,0.9591,233.75,0.6483,PF6,0.0,0.3,0.0,0.0,0.7,0.0
10.1021/JE020219O,0.9619,233.75,0.55,PF6,0.0,0.3,0.0,0.0,0.7,0.0
10.1021/JE020219O,0.9428,233.75,0.4612,PF6,0.0,0.3,0.0,0.0,0.7,0.0
10.1021/JE020219O,0.8899,233.75,0.3773,PF6,0.0,0.3,0.0,0.0,0.7,0.0
10.1021/JE020219O,0.7586,233.75,0.2585,PF6,0.0,0.3,0.0,0.0,0.7,0.0
10.1021/JE020219O,0.01159,223.85,2.3162,PF6,0.0,0.3,0.0,0.0,0.7,0.0
10.1021/JE020219O,0.0233,223.85,2.13,PF6,0.0,0.3,0.0,0.0,0.7,0.0
10.1021/JE020219O,0.04415,223.85,1.9264,PF6,0.0,0.3,0.0,0.0,0.7,0.0
10.1021/JE020219O,0.08715,223.85,1.7204,PF6,0.0,0.3,0.0,0.0,0.7,0.0
10.1021/JE020219O,0.1635,223.85,1.4776,PF6,0.0,0.3,0.0,0.0,0.7,0.0
10.1021/JE020219O,0.2599,223.85,1.2541,PF6,0.0,0.3,0.0,0.0,0.7,0.0
10.1021/JE020219O,0.3638,223.85,1.0635,PF6,0.0,0.3,0.0,0.0,0.7,0.0
10.1021/JE020219O,0.4511,223.85,0.8979,PF6,0.0,0.3,0.0,0.0,0.7,0.0
10.1021/JE020219O,0.512,223.85,0.764,PF6,0.0,0.3,0.0,0.0,0.7,0.0
10.1021/JE020219O,0.5517,223.85,0.6483,PF6,0.0,0.3,0.0,0.0,0.7,0.0
10.1021/JE020219O,0.567,223.85,0.55,PF6,0.0,0.3,0.0,0.0,0.7,0.0
10.1021/JE020219O,0.5685,223.85,0.4612,PF6,0.0,0.3,0.0,0.0,0.7,0.0
10.1021/JE020219O,0.5492,223.85,0.3773,PF6,0.0,0.3,0.0,0.0,0.7,0.0
10.1021/JE020219O,0.4801,223.85,0.2585,PF6,0.0,0.3,0.0,0.0,0.7,0.0
10.1021/JE020219O,0.00124,213.95,2.3162,PF6,0.0,0.3,0.0,0.0,0.7,0.0
10.1021/JE020219O,0.003337,213.95,2.13,PF6,0.0,0.3,0.0,0.0,0.7,0.0
10.1021/JE020219O,0.008137,213.95,1.9264,PF6,0.0,0.3,0.0,0.0,0.7,0.0
10.1021/JE020219O,0.02105,213.95,1.7204,PF6,0.0,0.3,0.0,0.0,0.7,0.0
10.1021/JE020219O,0.05016,213.95,1.4776,PF6,0.0,0.3,0.0,0.0,0.7,0.0
10.1021/JE020219O,0.09407,213.95,1.2541,PF6,0.0,0.3,0.0,0.0,0.7,0.0
10.1021/JE020219O,0.1493,213.95,1.0635,PF6,0.0,0.3,0.0,0.0,0.7,0.0
10.1021/JE020219O,0.2022,213.95,0.8979,PF6,0.0,0.3,0.0,0.0,0.7,0.0
10.1021/JE020219O,0.2435,213.95,0.764,PF6,0.0,0.3,0.0,0.0,0.7,0.0
10.1021/JE020219O,0.2742,213.95,0.6483,PF6,0.0,0.3,0.0,0.0,0.7,0.0
10.1021/JE020219O,0.2927,213.95,0.55,PF6,0.0,0.3,0.0,0.0,0.7,0.0
10.1021/JE020219O,0.303,213.95,0.4612,PF6,0.0,0.3,0.0,0.0,0.7,0.0
10.1021/JE020219O,0.3004,213.95,0.3773,PF6,0.0,0.3,0.0,0.0,0.7,0.0
10.1021/JE020219O,0.2718,213.95,0.2585,PF6,0.0,0.3,0.0,0.0,0.7,0.0
10.1021/JE020219O,4.74e-05,204.15,2.3162,PF6,0.0,0.3,0.0,0.0,0.7,0.0
10.1021/JE020219O,0.0001935,204.15,2.13,PF6,0.0,0.3,0.0,0.0,0.7,0.0
10.1021/JE020219O,0.0007348,204.15,1.9264,PF6,0.0,0.3,0.0,0.0,0.7,0.0
10.1021/JE020219O,0.002979,204.15,1.7204,PF6,0.0,0.3,0.0,0.0,0.7,0.0
10.1021/JE020219O,0.009976,204.15,1.4776,PF6,0.0,0.3,0.0,0.0,0.7,0.0
10.1021/JE020219O,0.02429,204.15,1.2541,PF6,0.0,0.3,0.0,0.0,0.7,0.0
10.1021/JE020219O,0.04619,204.15,1.0635,PF6,0.0,0.3,0.0,0.0,0.7,0.0
10.1021/JE020219O,0.07102,204.15,0.8979,PF6,0.0,0.3,0.0,0.0,0.7,0.0
10.1021/JE020219O,0.09275,204.15,0.764,PF6,0.0,0.3,0.0,0.0,0.7,0.0
10.1021/JE020219O,0.1113,204.15,0.6483,PF6,0.0,0.3,0.0,0.0,0.7,0.0
10.1021/JE020219O,0.1247,204.15,0.55,PF6,0.0,0.3,0.0,0.0,0.7,0.0
10.1021/JE020219O,0.1343,204.15,0.4612,PF6,0.0,0.3,0.0,0.0,0.7,0.0
10.1021/JE020219O,0.1383,204.15,0.3773,PF6,0.0,0.3,0.0,0.0,0.7,0.0
10.1021/JE020219O,0.131,204.15,0.2585,PF6,0.0,0.3,0.0,0.0,0.7,0.0
10.1021/JE020219O,,194.15,2.3162,PF6,0.0,0.3,0.0,0.0,0.7,0.0
10.1021/JE020219O,3.05e-06,194.15,2.13,PF6,0.0,0.3,0.0,0.0,0.7,0.0
10.1021/JE020219O,2.18e-05,194.15,1.9264,PF6,0.0,0.3,0.0,0.0,0.7,0.0
10.1021/JE020219O,0.0001759,194.15,1.7204,PF6,0.0,0.3,0.0,0.0,0.7,0.0
10.1021/JE020219O,0.001055,194.15,1.4776,PF6,0.0,0.3,0.0,0.0,0.7,0.0
10.1021/JE020219O,0.003804,194.15,1.2541,PF6,0.0,0.3,0.0,0.0,0.7,0.0
10.1021/JE020219O,0.00951,194.15,1.0635,PF6,0.0,0.3,0.0,0.0,0.7,0.0
10.1021/JE020219O,0.0176,194.15,0.8979,PF6,0.0,0.3,0.0,0.0,0.7,0.0
10.1021/JE020219O,0.02579,194.15,0.764,PF6,0.0,0.3,0.0,0.0,0.7,0.0
10.1021/JE020219O,0.03398,194.15,0.6483,PF6,0.0,0.3,0.0,0.0,0.7,0.0
10.1021/JE020219O,0.04057,194.15,0.55,PF6,0.0,0.3,0.0,0.0,0.7,0.0
10.1021/JE020219O,0.0463,194.15,0.4612,PF6,0.0,0.3,0.0,0.0,0.7,0.0
10.1021/JE020219O,0.04995,194.15,0.3773,PF6,0.0,0.3,0.0,0.0,0.7,0.0
10.1021/JE020219O,0.05078,194.15,0.2585,PF6,0.0,0.3,0.0,0.0,0.7,0.0
10.1021/je0498863,0.343056436,233.75,0.263157895,BF4,0.0,0.4,0.0,0.0,0.6,0.0
10.1021/je0498863,0.499682942,243.65,0.263157895,BF4,0.0,0.4,0.0,0.0,0.6,0.0
10.1021/je0498863,0.668251955,253.35,0.26754386,BF4,0.0,0.4,0.0,0.0,0.6,0.0
10.1021/je0498863,0.836926654,263.15,0.26754386,BF4,0.0,0.4,0.0,0.0,0.6,0.0
10.1021/je0498863,1.053794124,272.95,0.26754386,BF4,0.0,0.4,0.0,0.0,0.6,0.0
10.1021/je0498863,1.258719087,282.85,0.263157895,BF4,0.0,0.4,0.0,0.0,0.6,0.0
10.1021/je0498863,1.475586557,292.65,0.263157895,BF4,0.0,0.4,0.0,0.0,0.6,0.0
10.1021/je0498863,1.692454027,302.55,0.263157895,BF4,0.0,0.4,0.0,0.0,0.6,0.0
10.1021/je0498863,1.921369689,312.45,0.263157895,BF4,0.0,0.4,0.0,0.0,0.6,0.0
10.1021/je0498863,2.138237159,322.35,0.263157895,BF4,0.0,0.4,0.0,0.0,0.6,0.0
10.1021/je0498863,2.343056436,332.15,0.263157895,BF4,0.0,0.4,0.0,0.0,0.6,0.0
10.1021/je0498863,0.365250476,233.75,0.342105263,BF4,0.0,0.4,0.0,0.0,0.6,0.0
10.1021/je0498863,0.521876982,243.65,0.342105263,BF4,0.0,0.4,0.0,0.0,0.6,0.0
10.1021/je0498863,0.714753752,253.35,0.337719298,BF4,0.0,0.4,0.0,0.0,0.6,0.0
10.1021/je0498863,0.931515536,263.15,0.342105263,BF4,0.0,0.4,0.0,0.0,0.6,0.0
10.1021/je0498863,1.160536884,272.95,0.337719298,BF4,0.0,0.4,0.0,0.0,0.6,0.0
10.1021/je0498863,1.413443247,282.85,0.342105263,BF4,0.0,0.4,0.0,0.0,0.6,0.0
10.1021/je0498863,1.642358909,292.65,0.342105263,BF4,0.0,0.4,0.0,0.0,0.6,0.0
10.1021/je0498863,1.883322765,302.55,0.342105263,BF4,0.0,0.4,0.0,0.0,0.6,0.0
10.1021/je0498863,2.136334813,312.45,0.342105263,BF4,0.0,0.4,0.0,0.0,0.6,0.0
10.1021/je0498863,2.389346861,322.35,0.342105263,BF4,0.0,0.4,0.0,0.0,0.6,0.0
10.1021/je0498863,2.642358909,332.15,0.342105263,BF4,0.0,0.4,0.0,0.0,0.6,0.0
10.1021/je0498863,0.375396322,233.75,0.421052632,BF4,0.0,0.4,0.0,0.0,0.6,0.0
10.1021/je0498863,0.544071021,243.65,0.421052632,BF4,0.0,0.4,0.0,0.0,0.6,0.0
10.1021/je0498863,0.760938491,253.35,0.421052632,BF4,0.0,0.4,0.0,0.0,0.6,0.0
10.1021/je0498863,0.989854153,263.15,0.421052632,BF4,0.0,0.4,0.0,0.0,0.6,0.0
10.1021/je0498863,1.218769816,272.95,0.421052632,BF4,0.0,0.4,0.0,0.0,0.6,0.0
10.1021/je0498863,1.471781864,282.85,0.421052632,BF4,0.0,0.4,0.0,0.0,0.6,0.0
10.1021/je0498863,1.760938491,292.65,0.421052632,BF4,0.0,0.4,0.0,0.0,0.6,0.0
10.1021/je0498863,2.025998732,302.55,0.421052632,BF4,0.0,0.4,0.0,0.0,0.6,0.0
10.1021/je0498863,2.30300148,312.45,0.425438596,BF4,0.0,0.4,0.0,0.0,0.6,0.0
10.1021/je0498863,2.580215599,322.35,0.421052632,BF4,0.0,0.4,0.0,0.0,0.6,0.0
10.1021/je0498863,2.857324033,332.15,0.421052632,BF4,0.0,0.4,0.0,0.0,0.6,0.0
10.1021/je0498863,0.373282604,233.75,0.50877193,BF4,0.0,0.4,0.0,0.0,0.6,0.0
10.1021/je0498863,0.566053688,243.65,0.50877193,BF4,0.0,0.4,0.0,0.0,0.6,0.0
10.1021/je0498863,0.782921158,253.35,0.50877193,BF4,0.0,0.4,0.0,0.0,0.6,0.0
10.1021/je0498863,1.023885014,263.15,0.50877193,BF4,0.0,0.4,0.0,0.0,0.6,0.0
10.1021/je0498863,1.288945255,272.95,0.50877193,BF4,0.0,0.4,0.0,0.0,0.6,0.0
10.1021/je0498863,1.566053688,282.85,0.50877193,BF4,0.0,0.4,0.0,0.0,0.6,0.0
10.1021/je0498863,1.855210315,292.65,0.50877193,BF4,0.0,0.4,0.0,0.0,0.6,0.0
10.1021/je0498863,2.144366941,302.55,0.50877193,BF4,0.0,0.4,0.0,0.0,0.6,0.0
10.1021/je0498863,2.457619953,312.45,0.50877193,BF4,0.0,0.4,0.0,0.0,0.6,0.0
10.1021/je0498863,2.74677658,322.35,0.50877193,BF4,0.0,0.4,0.0,0.0,0.6,0.0
10.1021/je0498863,3.060029592,332.15,0.50877193,BF4,0.0,0.4,0.0,0.0,0.6,0.0
10.1021/je0498863,0.371274572,233.75,0.592105263,BF4,0.0,0.4,0.0,0.0,0.6,0.0
10.1021/je0498863,0.564045656,243.65,0.592105263,BF4,0.0,0.4,0.0,0.0,0.6,0.0
10.1021/je0498863,0.792961319,253.35,0.592105263,BF4,0.0,0.4,0.0,0.0,0.6,0.0
10.1021/je0498863,1.033925174,263.15,0.592105263,BF4,0.0,0.4,0.0,0.0,0.6,0.0
10.1021/je0498863,1.311033608,272.95,0.592105263,BF4,0.0,0.4,0.0,0.0,0.6,0.0
10.1021/je0498863,1.62428662,282.85,0.592105263,BF4,0.0,0.4,0.0,0.0,0.6,0.0
10.1021/je0498863,1.913443247,292.65,0.592105263,BF4,0.0,0.4,0.0,0.0,0.6,0.0
10.1021/je0498863,2.226696259,302.55,0.592105263,BF4,0.0,0.4,0.0,0.0,0.6,0.0
10.1021/je0498863,2.551997464,312.45,0.592105263,BF4,0.0,0.4,0.0,0.0,0.6,0.0
10.1021/je0498863,2.877298668,322.35,0.592105263,BF4,0.0,0.4,0.0,0.0,0.6,0.0
10.1021/je0498863,3.202599873,332.15,0.592105263,BF4,0.0,0.4,0.0,0.0,0.6,0.0
10.1021/je0498863,0.357218347,233.75,0.675438596,BF4,0.0,0.4,0.0,0.0,0.6,0.0
10.1021/je0498863,0.574085817,243.65,0.675438596,BF4,0.0,0.4,0.0,0.0,0.6,0.0
10.1021/je0498863,0.778905094,253.35,0.675438596,BF4,0.0,0.4,0.0,0.0,0.6,0.0
10.1021/je0498863,1.056013528,263.15,0.675438596,BF4,0.0,0.4,0.0,0.0,0.6,0.0
10.1021/je0498863,1.345170154,272.95,0.675438596,BF4,0.0,0.4,0.0,0.0,0.6,0.0
10.1021/je0498863,1.634326781,282.85,0.675438596,BF4,0.0,0.4,0.0,0.0,0.6,0.0
10.1021/je0498863,1.971676178,292.65,0.675438596,BF4,0.0,0.4,0.0,0.0,0.6,0.0
10.1021/je0498863,2.28492919,302.55,0.675438596,BF4,0.0,0.4,0.0,0.0,0.6,0.0
10.1021/je0498863,2.622278588,312.45,0.675438596,BF4,0.0,0.4,0.0,0.0,0.6,0.0
10.1021/je0498863,2.959733672,322.35,0.671052632,BF4,0.0,0.4,0.0,0.0,0.6,0.0
10.1021/je0498863,3.297083069,332.15,0.671052632,BF4,0.0,0.4,0.0,0.0,0.6,0.0
10.1021/je0498863,0.354998943,233.75,0.76754386,BF4,0.0,0.4,0.0,0.0,0.6,0.0
10.1021/je0498863,0.547770027,243.65,0.76754386,BF4,0.0,0.4,0.0,0.0,0.6,0.0
10.1021/je0498863,0.77668569,253.35,0.76754386,BF4,0.0,0.4,0.0,0.0,0.6,0.0
10.1021/je0498863,1.053794124,263.15,0.76754386,BF4,0.0,0.4,0.0,0.0,0.6,0.0
10.1021/je0498863,1.330902558,272.95,0.76754386,BF4,0.0,0.4,0.0,0.0,0.6,0.0
10.1021/je0498863,1.656203762,282.85,0.76754386,BF4,0.0,0.4,0.0,0.0,0.6,0.0
10.1021/je0498863,1.99355316,292.65,0.76754386,BF4,0.0,0.4,0.0,0.0,0.6,0.0
10.1021/je0498863,2.318854365,302.55,0.76754386,BF4,0.0,0.4,0.0,0.0,0.6,0.0
10.1021/je0498863,2.668251955,312.45,0.76754386,BF4,0.0,0.4,0.0,0.0,0.6,0.0
10.1021/je0498863,3.017649546,322.35,0.76754386,BF4,0.0,0.4,0.0,0.0,0.6,0.0
10.1021/je0498863,3.379095329,332.15,0.76754386,BF4,0.0,0.4,0.0,0.0,0.6,0.0
10.1021/je0498863,0.328471782,233.75,0.868421053,BF4,0.0,0.4,0.0,0.0,0.6,0.0
10.1021/je0498863,0.533185373,243.65,0.872807018,BF4,0.0,0.4,0.0,0.0,0.6,0.0
10.1021/je0498863,0.762206722,253.35,0.868421053,BF4,0.0,0.4,0.0,0.0,0.6,0.0
10.1021/je0498863,1.027161277,263.15,0.872807018,BF4,0.0,0.4,0.0,0.0,0.6,0.0
10.1021/je0498863,1.328471782,272.95,0.868421053,BF4,0.0,0.4,0.0,0.0,0.6,0.0
10.1021/je0498863,1.641619108,282.85,0.872807018,BF4,0.0,0.4,0.0,0.0,0.6,0.0
10.1021/je0498863,1.991016698,292.65,0.872807018,BF4,0.0,0.4,0.0,0.0,0.6,0.0
10.1021/je0498863,2.340519975,302.55,0.868421053,BF4,0.0,0.4,0.0,0.0,0.6,0.0
10.1021/je0498863,2.701860072,312.45,0.872807018,BF4,0.0,0.4,0.0,0.0,0.6,0.0
10.1021/je0498863,3.075354048,322.35,0.872807018,BF4,0.0,0.4,0.0,0.0,0.6,0.0
10.1021/je0498863,3.460896216,332.15,0.872807018,BF4,0.0,0.4,0.0,0.0,0.6,0.0
10.1021/je0498863,0.313781442,233.75,0.978070175,BF4,0.0,0.4,0.0,0.0,0.6,0.0
10.1021/je0498863,0.506552526,243.65,0.978070175,BF4,0.0,0.4,0.0,0.0,0.6,0.0
10.1021/je0498863,0.735468189,253.35,0.978070175,BF4,0.0,0.4,0.0,0.0,0.6,0.0
10.1021/je0498863,1.00052843,263.15,0.978070175,BF4,0.0,0.4,0.0,0.0,0.6,0.0
10.1021/je0498863,1.313781442,272.95,0.978070175,BF4,0.0,0.4,0.0,0.0,0.6,0.0
10.1021/je0498863,1.627034454,282.85,0.978070175,BF4,0.0,0.4,0.0,0.0,0.6,0.0
10.1021/je0498863,1.976432044,292.65,0.978070175,BF4,0.0,0.4,0.0,0.0,0.6,0.0
10.1021/je0498863,2.325829634,302.55,0.978070175,BF4,0.0,0.4,0.0,0.0,0.6,0.0
10.1021/je0498863,2.711371803,312.45,0.978070175,BF4,0.0,0.4,0.0,0.0,0.6,0.0
10.1021/je0498863,3.096913972,322.35,0.978070175,BF4,0.0,0.4,0.0,0.0,0.6,0.0
10.1021/je0498863,3.48245614,332.15,0.978070175,BF4,0.0,0.4,0.0,0.0,0.6,0.0
10.1021/je0498863,0.27488903,233.75,1.092105263,BF4,0.0,0.4,0.0,0.0,0.6,0.0
10.1021/je0498863,0.455611921,243.65,1.092105263,BF4,0.0,0.4,0.0,0.0,0.6,0.0
10.1021/je0498863,0.696575777,253.35,1.092105263,BF4,0.0,0.4,0.0,0.0,0.6,0.0
10.1021/je0498863,0.973578525,263.15,1.096491228,BF4,0.0,0.4,0.0,0.0,0.6,0.0
10.1021/je0498863,1.274783344,272.95,1.096491228,BF4,0.0,0.4,0.0,0.0,0.6,0.0
10.1021/je0498863,1.600190235,282.85,1.092105263,BF4,0.0,0.4,0.0,0.0,0.6,0.0
10.1021/je0498863,1.949587825,292.65,1.092105263,BF4,0.0,0.4,0.0,0.0,0.6,0.0
10.1021/je0498863,2.311139294,302.55,1.087719298,BF4,0.0,0.4,0.0,0.0,0.6,0.0
10.1021/je0498863,2.68463327,312.45,1.087719298,BF4,0.0,0.4,0.0,0.0,0.6,0.0
10.1021/je0498863,3.094166138,322.35,1.092105263,BF4,0.0,0.4,0.0,0.0,0.6,0.0
10.1021/je0498863,3.479708307,332.15,1.092105263,BF4,0.0,0.4,0.0,0.0,0.6,0.0
10.1021/je0498863,0.247410695,233.75,1.23245614,BF4,0.0,0.4,0.0,0.0,0.6,0.0
10.1021/je0498863,0.428133587,243.65,1.23245614,BF4,0.0,0.4,0.0,0.0,0.6,0.0
10.1021/je0498863,0.65704925,253.35,1.23245614,BF4,0.0,0.4,0.0,0.0,0.6,0.0
10.1021/je0498863,0.909955612,263.15,1.236842105,BF4,0.0,0.4,0.0,0.0,0.6,0.0
10.1021/je0498863,1.211266117,272.95,1.23245614,BF4,0.0,0.4,0.0,0.0,0.6,0.0
10.1021/je0498863,1.536461636,282.85,1.236842105,BF4,0.0,0.4,0.0,0.0,0.6,0.0
10.1021/je0498863,1.898013105,292.65,1.23245614,BF4,0.0,0.4,0.0,0.0,0.6,0.0
10.1021/je0498863,2.283555274,302.55,1.23245614,BF4,0.0,0.4,0.0,0.0,0.6,0.0
10.1021/je0498863,2.65704925,312.45,1.23245614,BF4,0.0,0.4,0.0,0.0,0.6,0.0
10.1021/je0498863,3.054639611,322.35,1.23245614,BF4,0.0,0.4,0.0,0.0,0.6,0.0
10.1021/je0498863,3.464278165,332.15,1.23245614,BF4,0.0,0.4,0.0,0.0,0.6,0.0
10.1021/je0498863,0.219932361,233.75,1.372807018,BF4,0.0,0.4,0.0,0.0,0.6,0.0
10.1021/je0498863,0.388712746,243.65,1.368421053,BF4,0.0,0.4,0.0,0.0,0.6,0.0
10.1021/je0498863,0.593532023,253.35,1.368421053,BF4,0.0,0.4,0.0,0.0,0.6,0.0
10.1021/je0498863,0.846544071,263.15,1.368421053,BF4,0.0,0.4,0.0,0.0,0.6,0.0
10.1021/je0498863,1.159797083,272.95,1.368421053,BF4,0.0,0.4,0.0,0.0,0.6,0.0
10.1021/je0498863,1.485098288,282.85,1.368421053,BF4,0.0,0.4,0.0,0.0,0.6,0.0
10.1021/je0498863,1.834495878,292.65,1.368421053,BF4,0.0,0.4,0.0,0.0,0.6,0.0
10.1021/je0498863,2.195941661,302.55,1.368421053,BF4,0.0,0.4,0.0,0.0,0.6,0.0
10.1021/je0498863,2.593532023,312.45,1.368421053,BF4,0.0,0.4,0.0,0.0,0.6,0.0
10.1021/je0498863,3.003170577,322.35,1.368421053,BF4,0.0,0.4,0.0,0.0,0.6,0.0
10.1021/je0498863,3.412809131,332.15,1.368421053,BF4,0.0,0.4,0.0,0.0,0.6,0.0
10.1021/je0498863,0.18051152,233.75,1.50877193,BF4,0.0,0.4,0.0,0.0,0.6,0.0
10.1021/je0498863,0.337138026,243.65,1.50877193,BF4,0.0,0.4,0.0,0.0,0.6,0.0
10.1021/je0498863,0.554005496,253.35,1.50877193,BF4,0.0,0.4,0.0,0.0,0.6,0.0
10.1021/je0498863,0.794969351,263.15,1.50877193,BF4,0.0,0.4,0.0,0.0,0.6,0.0
10.1021/je0498863,1.084125978,272.95,1.50877193,BF4,0.0,0.4,0.0,0.0,0.6,0.0
10.1021/je0498863,1.39737899,282.85,1.50877193,BF4,0.0,0.4,0.0,0.0,0.6,0.0
10.1021/je0498863,1.758824773,292.65,1.50877193,BF4,0.0,0.4,0.0,0.0,0.6,0.0
10.1021/je0498863,2.144261256,302.55,1.513157895,BF4,0.0,0.4,0.0,0.0,0.6,0.0
10.1021/je0498863,2.517860917,312.45,1.50877193,BF4,0.0,0.4,0.0,0.0,0.6,0.0
10.1021/je0498863,2.939547664,322.35,1.50877193,BF4,0.0,0.4,0.0,0.0,0.6,0.0
10.1021/je0498863,3.373282604,332.15,1.50877193,BF4,0.0,0.4,0.0,0.0,0.6,0.0
10.1021/je0498863,0.152716128,233.75,1.662280702,BF4,0.0,0.4,0.0,0.0,0.6,0.0
10.1021/je0498863,0.297294441,243.65,1.662280702,BF4,0.0,0.4,0.0,0.0,0.6,0.0
10.1021/je0498863,0.490065525,253.35,1.662280702,BF4,0.0,0.4,0.0,0.0,0.6,0.0
10.1021/je0498863,0.718981188,263.15,1.662280702,BF4,0.0,0.4,0.0,0.0,0.6,0.0
10.1021/je0498863,1.008137814,272.95,1.662280702,BF4,0.0,0.4,0.0,0.0,0.6,0.0
10.1021/je0498863,1.321390826,282.85,1.662280702,BF4,0.0,0.4,0.0,0.0,0.6,0.0
10.1021/je0498863,1.670788417,292.65,1.662280702,BF4,0.0,0.4,0.0,0.0,0.6,0.0
10.1021/je0498863,2.0322342,302.55,1.662280702,BF4,0.0,0.4,0.0,0.0,0.6,0.0
10.1021/je0498863,2.417670683,312.45,1.666666667,BF4,0.0,0.4,0.0,0.0,0.6,0.0
10.1021/je0498863,2.851511308,322.35,1.662280702,BF4,0.0,0.4,0.0,0.0,0.6,0.0
10.1021/je0498863,3.285246248,332.15,1.662280702,BF4,0.0,0.4,0.0,0.0,0.6,0.0
10.1021/je0498863,0.111498626,233.75,1.872807018,BF4,0.0,0.4,0.0,0.0,0.6,0.0
10.1021/je0498863,0.231980554,243.65,1.872807018,BF4,0.0,0.4,0.0,0.0,0.6,0.0
10.1021/je0498863,0.412703445,253.35,1.872807018,BF4,0.0,0.4,0.0,0.0,0.6,0.0
10.1021/je0498863,0.629570915,263.15,1.872807018,BF4,0.0,0.4,0.0,0.0,0.6,0.0
10.1021/je0498863,0.894631156,272.95,1.872807018,BF4,0.0,0.4,0.0,0.0,0.6,0.0
10.1021/je0498863,1.219932361,282.85,1.872807018,BF4,0.0,0.4,0.0,0.0,0.6,0.0
10.1021/je0498863,1.533291059,292.65,1.868421053,BF4,0.0,0.4,0.0,0.0,0.6,0.0
10.1021/je0498863,1.894736842,302.55,1.868421053,BF4,0.0,0.4,0.0,0.0,0.6,0.0
10.1021/je0498863,2.292221518,312.45,1.872807018,BF4,0.0,0.4,0.0,0.0,0.6,0.0
10.1021/je0498863,2.701860072,322.35,1.872807018,BF4,0.0,0.4,0.0,0.0,0.6,0.0
10.1021/je0498863,3.147643204,332.15,1.872807018,BF4,0.0,0.4,0.0,0.0,0.6,0.0
10.1021/je0498863,0.083174804,233.75,2.048245614,BF4,0.0,0.4,0.0,0.0,0.6,0.0
10.1021/je0498863,0.179560347,243.65,2.048245614,BF4,0.0,0.4,0.0,0.0,0.6,0.0
10.1021/je0498863,0.348235045,253.35,2.048245614,BF4,0.0,0.4,0.0,0.0,0.6,0.0
10.1021/je0498863,0.565208201,263.15,2.043859649,BF4,0.0,0.4,0.0,0.0,0.6,0.0
10.1021/je0498863,0.818114564,272.95,2.048245614,BF4,0.0,0.4,0.0,0.0,0.6,0.0
10.1021/je0498863,1.095222997,282.85,2.048245614,BF4,0.0,0.4,0.0,0.0,0.6,0.0
10.1021/je0498863,1.420524202,292.65,2.048245614,BF4,0.0,0.4,0.0,0.0,0.6,0.0
10.1021/je0498863,1.781969985,302.55,2.048245614,BF4,0.0,0.4,0.0,0.0,0.6,0.0
10.1021/je0498863,2.155569647,312.45,2.043859649,BF4,0.0,0.4,0.0,0.0,0.6,0.0
10.1021/je0498863,2.577150708,322.35,2.048245614,BF4,0.0,0.4,0.0,0.0,0.6,0.0
10.1021/je0498863,3.010885648,332.15,2.048245614,BF4,0.0,0.4,0.0,0.0,0.6,0.0
10.1021/je0498863,0.421711449,233.75,0.285853027,BF4,0.0,0.5,0.0,0.0,0.5,0.0
10.1021/je0498863,0.616812345,243.65,0.284989749,BF4,0.0,0.5,0.0,0.0,0.5,0.0
10.1021/je0498863,0.848494658,253.35,0.283964606,BF4,0.0,0.5,0.0,0.0,0.5,0.0
10.1021/je0498863,1.104564584,263.15,0.282831553,BF4,0.0,0.5,0.0,0.0,0.5,0.0
10.1021/je0498863,1.385130031,272.95,0.286014892,BF4,0.0,0.5,0.0,0.0,0.5,0.0
10.1021/je0498863,1.689975181,282.85,0.284666019,BF4,0.0,0.5,0.0,0.0,0.5,0.0
10.1021/je0498863,1.99482033,292.65,0.283317147,BF4,0.0,0.5,0.0,0.0,0.5,0.0
10.1021/je0498863,2.311859286,302.55,0.28191432,BF4,0.0,0.5,0.0,0.0,0.5,0.0
10.1021/je0498863,2.628898241,312.45,0.280511492,BF4,0.0,0.5,0.0,0.0,0.5,0.0
10.1021/je0498863,2.945937197,322.35,0.279108665,BF4,0.0,0.5,0.0,0.0,0.5,0.0
10.1021/je0498863,3.287363764,332.15,0.277597928,BF4,0.0,0.5,0.0,0.0,0.5,0.0
10.1021/je0498863,0.448041437,233.75,0.36538254,BF4,0.0,0.5,0.0,0.0,0.5,0.0
10.1021/je0498863,0.667529945,243.65,0.364411352,BF4,0.0,0.5,0.0,0.0,0.5,0.0
10.1021/je0498863,0.911513974,253.35,0.367756556,BF4,0.0,0.5,0.0,0.0,0.5,0.0
10.1021/je0498863,1.191971512,263.15,0.366515593,BF4,0.0,0.5,0.0,0.0,0.5,0.0
10.1021/je0498863,1.508794648,272.95,0.356264163,BF4,0.0,0.5,0.0,0.0,0.5,0.0
10.1021/je0498863,1.838135319,282.85,0.359231682,BF4,0.0,0.5,0.0,0.0,0.5,0.0
10.1021/je0498863,2.16736808,292.65,0.3577749,BF4,0.0,0.5,0.0,0.0,0.5,0.0
10.1021/je0498863,2.521096363,302.55,0.36063451,BF4,0.0,0.5,0.0,0.0,0.5,0.0
10.1021/je0498863,2.874608827,312.45,0.354645516,BF4,0.0,0.5,0.0,0.0,0.5,0.0
10.1021/je0498863,3.2282292,322.35,0.353080824,BF4,0.0,0.5,0.0,0.0,0.5,0.0
10.1021/je0498863,3.581849574,332.15,0.351516133,BF4,0.0,0.5,0.0,0.0,0.5,0.0
10.1021/je0498863,0.462285529,233.75,0.44939031,BF4,0.0,0.5,0.0,0.0,0.5,0.0
10.1021/je0498863,0.681774037,243.65,0.448419122,BF4,0.0,0.5,0.0,0.0,0.5,0.0
10.1021/je0498863,0.950037768,253.35,0.447232114,BF4,0.0,0.5,0.0,0.0,0.5,0.0
10.1021/je0498863,1.230495306,263.15,0.445991151,BF4,0.0,0.5,0.0,0.0,0.5,0.0
10.1021/je0498863,1.571921873,272.95,0.444480414,BF4,0.0,0.5,0.0,0.0,0.5,0.0
10.1021/je0498863,1.925542247,282.85,0.442915722,BF4,0.0,0.5,0.0,0.0,0.5,0.0
10.1021/je0498863,2.27916262,292.65,0.441351031,BF4,0.0,0.5,0.0,0.0,0.5,0.0
10.1021/je0498863,2.657170605,302.55,0.439678429,BF4,0.0,0.5,0.0,0.0,0.5,0.0
10.1021/je0498863,3.047372397,312.45,0.437951872,BF4,0.0,0.5,0.0,0.0,0.5,0.0
10.1021/je0498863,3.437574188,322.35,0.436225316,BF4,0.0,0.5,0.0,0.0,0.5,0.0
10.1021/je0498863,3.815582173,332.15,0.434552714,BF4,0.0,0.5,0.0,0.0,0.5,0.0
10.1021/je0498863,0.452034099,233.75,0.529081688,BF4,0.0,0.5,0.0,0.0,0.5,0.0
10.1021/je0498863,0.683716413,243.65,0.528056545,BF4,0.0,0.5,0.0,0.0,0.5,0.0
10.1021/je0498863,0.951980145,253.35,0.526869537,BF4,0.0,0.5,0.0,0.0,0.5,0.0
10.1021/je0498863,1.244631488,263.15,0.52557462,BF4,0.0,0.5,0.0,0.0,0.5,0.0
10.1021/je0498863,1.610445667,272.95,0.523955973,BF4,0.0,0.5,0.0,0.0,0.5,0.0
10.1021/je0498863,1.976259847,282.85,0.522337326,BF4,0.0,0.5,0.0,0.0,0.5,0.0
10.1021/je0498863,2.354267832,292.65,0.520664724,BF4,0.0,0.5,0.0,0.0,0.5,0.0
10.1021/je0498863,2.756663429,302.55,0.518884213,BF4,0.0,0.5,0.0,0.0,0.5,0.0
10.1021/je0498863,3.171252833,312.45,0.517049746,BF4,0.0,0.5,0.0,0.0,0.5,0.0
10.1021/je0498863,3.57364843,322.35,0.515269235,BF4,0.0,0.5,0.0,0.0,0.5,0.0
10.1021/je0498863,3.988237833,332.15,0.513434769,BF4,0.0,0.5,0.0,0.0,0.5,0.0
10.1021/je0498863,0.441890579,233.75,0.613197367,BF4,0.0,0.5,0.0,0.0,0.5,0.0
10.1021/je0498863,0.673464983,243.65,0.607747923,BF4,0.0,0.5,0.0,0.0,0.5,0.0
10.1021/je0498863,0.954030431,253.35,0.610931261,BF4,0.0,0.5,0.0,0.0,0.5,0.0
10.1021/je0498863,1.270961476,263.15,0.605104133,BF4,0.0,0.5,0.0,0.0,0.5,0.0
10.1021/je0498863,1.624689759,272.95,0.607963742,BF4,0.0,0.5,0.0,0.0,0.5,0.0
10.1021/je0498863,2.014891551,282.85,0.606237186,BF4,0.0,0.5,0.0,0.0,0.5,0.0
10.1021/je0498863,2.405093342,292.65,0.604510629,BF4,0.0,0.5,0.0,0.0,0.5,0.0
10.1021/je0498863,2.831876551,302.55,0.602622208,BF4,0.0,0.5,0.0,0.0,0.5,0.0
10.1021/je0498863,3.258551851,312.45,0.596309485,BF4,0.0,0.5,0.0,0.0,0.5,0.0
10.1021/je0498863,3.68533506,322.35,0.594421064,BF4,0.0,0.5,0.0,0.0,0.5,0.0
10.1021/je0498863,4.124419985,332.15,0.596902989,BF4,0.0,0.5,0.0,0.0,0.5,0.0
10.1021/je0498863,0.43153124,233.75,0.688464444,BF4,0.0,0.5,0.0,0.0,0.5,0.0
10.1021/je0498863,0.663213553,243.65,0.687439301,BF4,0.0,0.5,0.0,0.0,0.5,0.0
10.1021/je0498863,0.931477285,253.35,0.686252293,BF4,0.0,0.5,0.0,0.0,0.5,0.0
10.1021/je0498863,1.272903852,263.15,0.684741556,BF4,0.0,0.5,0.0,0.0,0.5,0.0
10.1021/je0498863,1.626524226,272.95,0.683176864,BF4,0.0,0.5,0.0,0.0,0.5,0.0
10.1021/je0498863,2.041113629,282.85,0.681342398,BF4,0.0,0.5,0.0,0.0,0.5,0.0
10.1021/je0498863,2.443509226,292.65,0.679561886,BF4,0.0,0.5,0.0,0.0,0.5,0.0
10.1021/je0498863,2.845904824,302.55,0.677781375,BF4,0.0,0.5,0.0,0.0,0.5,0.0
10.1021/je0498863,3.297075645,312.45,0.675785044,BF4,0.0,0.5,0.0,0.0,0.5,0.0
10.1021/je0498863,3.73605266,322.35,0.673842668,BF4,0.0,0.5,0.0,0.0,0.5,0.0
10.1021/je0498863,4.199417287,332.15,0.671792382,BF4,0.0,0.5,0.0,0.0,0.5,0.0
10.1021/je0498863,0.409409733,233.75,0.78148268,BF4,0.0,0.5,0.0,0.0,0.5,0.0
10.1021/je0498863,0.641092047,243.65,0.780457537,BF4,0.0,0.5,0.0,0.0,0.5,0.0
10.1021/je0498863,0.921549585,253.35,0.779216575,BF4,0.0,0.5,0.0,0.0,0.5,0.0
10.1021/je0498863,1.250782346,263.15,0.777759793,BF4,0.0,0.5,0.0,0.0,0.5,0.0
10.1021/je0498863,1.616488616,272.95,0.771716845,BF4,0.0,0.5,0.0,0.0,0.5,0.0
10.1021/je0498863,2.018992123,282.85,0.774360635,BF4,0.0,0.5,0.0,0.0,0.5,0.0
10.1021/je0498863,2.445775332,292.65,0.772472213,BF4,0.0,0.5,0.0,0.0,0.5,0.0
10.1021/je0498863,2.872558541,302.55,0.770583792,BF4,0.0,0.5,0.0,0.0,0.5,0.0
10.1021/je0498863,3.323621452,312.45,0.76416316,BF4,0.0,0.5,0.0,0.0,0.5,0.0
10.1021/je0498863,3.787093989,322.35,0.766537175,BF4,0.0,0.5,0.0,0.0,0.5,0.0
10.1021/je0498863,4.250458617,332.15,0.764486889,BF4,0.0,0.5,0.0,0.0,0.5,0.0
10.1021/je0498863,0.387396137,233.75,0.878925219,BF4,0.0,0.5,0.0,0.0,0.5,0.0
10.1021/je0498863,0.61907845,243.65,0.877900076,BF4,0.0,0.5,0.0,0.0,0.5,0.0
10.1021/je0498863,0.887342182,253.35,0.876713068,BF4,0.0,0.5,0.0,0.0,0.5,0.0
10.1021/je0498863,1.216574943,263.15,0.875256286,BF4,0.0,0.5,0.0,0.0,0.5,0.0
10.1021/je0498863,1.582389123,272.95,0.873637639,BF4,0.0,0.5,0.0,0.0,0.5,0.0
10.1021/je0498863,1.98478472,282.85,0.871857127,BF4,0.0,0.5,0.0,0.0,0.5,0.0
10.1021/je0498863,2.411567929,292.65,0.869968706,BF4,0.0,0.5,0.0,0.0,0.5,0.0
10.1021/je0498863,2.86273875,302.55,0.867972375,BF4,0.0,0.5,0.0,0.0,0.5,0.0
10.1021/je0498863,3.326103378,312.45,0.865922089,BF4,0.0,0.5,0.0,0.0,0.5,0.0
10.1021/je0498863,3.813855617,322.35,0.863763893,BF4,0.0,0.5,0.0,0.0,0.5,0.0
10.1021/je0498863,4.277220244,332.15,0.861713607,BF4,0.0,0.5,0.0,0.0,0.5,0.0
10.1021/je0498863,0.377684256,233.75,0.980738103,BF4,0.0,0.5,0.0,0.0,0.5,0.0
10.1021/je0498863,0.584978958,243.65,0.97982087,BF4,0.0,0.5,0.0,0.0,0.5,0.0
10.1021/je0498863,0.865328585,253.35,0.974155606,BF4,0.0,0.5,0.0,0.0,0.5,0.0
10.1021/je0498863,1.182367541,263.15,0.972752779,BF4,0.0,0.5,0.0,0.0,0.5,0.0
10.1021/je0498863,1.536095824,272.95,0.975612388,BF4,0.0,0.5,0.0,0.0,0.5,0.0
10.1021/je0498863,1.962879033,282.85,0.973723967,BF4,0.0,0.5,0.0,0.0,0.5,0.0
10.1021/je0498863,2.377468436,292.65,0.9718895,BF4,0.0,0.5,0.0,0.0,0.5,0.0
10.1021/je0498863,2.828639258,302.55,0.969893169,BF4,0.0,0.5,0.0,0.0,0.5,0.0
10.1021/je0498863,3.292003885,312.45,0.967842883,BF4,0.0,0.5,0.0,0.0,0.5,0.0
10.1021/je0498863,3.779756124,322.35,0.965684688,BF4,0.0,0.5,0.0,0.0,0.5,0.0
10.1021/je0498863,4.279702169,332.15,0.963472537,BF4,0.0,0.5,0.0,0.0,0.5,0.0
10.1021/je0498863,0.343692673,233.75,1.087083198,BF4,0.0,0.5,0.0,0.0,0.5,0.0
10.1021/je0498863,0.551095284,243.65,1.090590267,BF4,0.0,0.5,0.0,0.0,0.5,0.0
10.1021/je0498863,0.819359016,253.35,1.089403259,BF4,0.0,0.5,0.0,0.0,0.5,0.0
10.1021/je0498863,1.124204165,263.15,1.088054387,BF4,0.0,0.5,0.0,0.0,0.5,0.0
10.1021/je0498863,1.502104241,272.95,1.081957484,BF4,0.0,0.5,0.0,0.0,0.5,0.0
10.1021/je0498863,1.892413942,282.85,1.084655228,BF4,0.0,0.5,0.0,0.0,0.5,0.0
10.1021/je0498863,2.331283047,292.65,1.078288551,BF4,0.0,0.5,0.0,0.0,0.5,0.0
10.1021/je0498863,2.782561778,302.55,1.080716521,BF4,0.0,0.5,0.0,0.0,0.5,0.0
10.1021/je0498863,3.245926406,312.45,1.078666235,BF4,0.0,0.5,0.0,0.0,0.5,0.0
10.1021/je0498863,3.745764541,322.35,1.072029783,BF4,0.0,0.5,0.0,0.0,0.5,0.0
10.1021/je0498863,4.257904392,332.15,1.069763678,BF4,0.0,0.5,0.0,0.0,0.5,0.0
10.1021/je0498863,0.322542355,243.65,1.219920147,BF4,0.0,0.5,0.0,0.0,0.5,0.0
10.1021/je0498863,0.749217654,253.35,1.213607424,BF4,0.0,0.5,0.0,0.0,0.5,0.0
10.1021/je0498863,1.066364519,263.15,1.216628898,BF4,0.0,0.5,0.0,0.0,0.5,0.0
10.1021/je0498863,1.419984893,272.95,1.215064206,BF4,0.0,0.5,0.0,0.0,0.5,0.0
10.1021/je0498863,1.82238049,282.85,1.213283695,BF4,0.0,0.5,0.0,0.0,0.5,0.0
10.1021/je0498863,2.236969893,292.65,1.211449228,BF4,0.0,0.5,0.0,0.0,0.5,0.0
10.1021/je0498863,2.688140714,302.55,1.209452897,BF4,0.0,0.5,0.0,0.0,0.5,0.0
10.1021/je0498863,3.175892953,312.45,1.207294702,BF4,0.0,0.5,0.0,0.0,0.5,0.0
10.1021/je0498863,3.675838999,322.35,1.205082551,BF4,0.0,0.5,0.0,0.0,0.5,0.0
10.1021/je0498863,4.188086759,332.15,1.207240747,BF4,0.0,0.5,0.0,0.0,0.5,0.0
10.1021/je0498863,0.505557354,322.35,1.223535125,BF4,0.0,0.5,0.0,0.0,0.5,0.0
10.1021/je0498863,1.82238049,332.15,1.213283695,BF4,0.0,0.5,0.0,0.0,0.5,0.0
10.1021/je0498863,0.277004424,233.75,1.352865005,BF4,0.0,0.5,0.0,0.0,0.5,0.0
10.1021/je0498863,0.47210532,243.65,1.352001727,BF4,0.0,0.5,0.0,0.0,0.5,0.0
10.1021/je0498863,0.71598144,253.35,1.350922629,BF4,0.0,0.5,0.0,0.0,0.5,0.0
10.1021/je0498863,0.996331067,263.15,1.345257365,BF4,0.0,0.5,0.0,0.0,0.5,0.0
10.1021/je0498863,1.337865544,272.95,1.348170929,BF4,0.0,0.5,0.0,0.0,0.5,0.0
10.1021/je0498863,1.728067336,282.85,1.346444373,BF4,0.0,0.5,0.0,0.0,0.5,0.0
10.1021/je0498863,2.142656739,292.65,1.344609906,BF4,0.0,0.5,0.0,0.0,0.5,0.0
10.1021/je0498863,2.59393547,302.55,1.347037876,BF4,0.0,0.5,0.0,0.0,0.5,0.0
10.1021/je0498863,3.08147189,312.45,1.336031078,BF4,0.0,0.5,0.0,0.0,0.5,0.0
10.1021/je0498863,3.581525844,322.35,1.338243229,BF4,0.0,0.5,0.0,0.0,0.5,0.0
10.1021/je0498863,4.08147189,332.15,1.336031078,BF4,0.0,0.5,0.0,0.0,0.5,0.0
10.1021/je0498863,0.256069926,233.75,1.494550556,BF4,0.0,0.5,0.0,0.0,0.5,0.0
10.1021/je0498863,0.414589403,243.65,1.493849142,BF4,0.0,0.5,0.0,0.0,0.5,0.0
10.1021/je0498863,0.634077911,253.35,1.492877954,BF4,0.0,0.5,0.0,0.0,0.5,0.0
10.1021/je0498863,0.926729254,263.15,1.491583037,BF4,0.0,0.5,0.0,0.0,0.5,0.0
10.1021/je0498863,1.24376821,272.95,1.490180209,BF4,0.0,0.5,0.0,0.0,0.5,0.0
10.1021/je0498863,1.621776195,282.85,1.488507608,BF4,0.0,0.5,0.0,0.0,0.5,0.0
10.1021/je0498863,2.048559404,292.65,1.486619186,BF4,0.0,0.5,0.0,0.0,0.5,0.0
10.1021/je0498863,2.48753642,302.55,1.48467681,BF4,0.0,0.5,0.0,0.0,0.5,0.0
10.1021/je0498863,2.963094853,312.45,1.482572569,BF4,0.0,0.5,0.0,0.0,0.5,0.0
10.1021/je0498863,3.463040898,322.35,1.480360419,BF4,0.0,0.5,0.0,0.0,0.5,0.0
10.1021/je0498863,3.987374555,332.15,1.478040358,BF4,0.0,0.5,0.0,0.0,0.5,0.0
10.1021/je0498863,0.211071544,233.75,1.64961692,BF4,0.0,0.5,0.0,0.0,0.5,0.0
10.1021/je0498863,0.369483112,243.65,1.644491205,BF4,0.0,0.5,0.0,0.0,0.5,0.0
10.1021/je0498863,0.58897162,253.35,1.643520017,BF4,0.0,0.5,0.0,0.0,0.5,0.0
10.1021/je0498863,0.845041545,263.15,1.642386964,BF4,0.0,0.5,0.0,0.0,0.5,0.0
10.1021/je0498863,1.149994605,272.95,1.645462393,BF4,0.0,0.5,0.0,0.0,0.5,0.0
10.1021/je0498863,1.515700874,282.85,1.639419445,BF4,0.0,0.5,0.0,0.0,0.5,0.0
10.1021/je0498863,1.918096471,292.65,1.637638934,BF4,0.0,0.5,0.0,0.0,0.5,0.0
10.1021/je0498863,2.357181396,302.55,1.640120859,BF4,0.0,0.5,0.0,0.0,0.5,0.0
10.1021/je0498863,2.844825726,312.45,1.633538362,BF4,0.0,0.5,0.0,0.0,0.5,0.0
10.1021/je0498863,3.320492069,322.35,1.635858422,BF4,0.0,0.5,0.0,0.0,0.5,0.0
10.1021/je0498863,3.844825726,332.15,1.633538362,BF4,0.0,0.5,0.0,0.0,0.5,0.0
10.1021/je0498863,0.191755692,233.75,1.85766699,BF4,0.0,0.5,0.0,0.0,0.5,0.0
10.1021/je0498863,0.325887558,243.65,1.857073487,BF4,0.0,0.5,0.0,0.0,0.5,0.0
10.1021/je0498863,0.508686738,253.35,1.851839862,BF4,0.0,0.5,0.0,0.0,0.5,0.0
10.1021/je0498863,0.740476961,263.15,1.85523902,BF4,0.0,0.5,0.0,0.0,0.5,0.0
10.1021/je0498863,1.033128305,272.95,1.853944103,BF4,0.0,0.5,0.0,0.0,0.5,0.0
10.1021/je0498863,1.362361066,282.85,1.852487321,BF4,0.0,0.5,0.0,0.0,0.5,0.0
10.1021/je0498863,1.752562857,292.65,1.850760764,BF4,0.0,0.5,0.0,0.0,0.5,0.0
10.1021/je0498863,2.179346067,302.55,1.848872343,BF4,0.0,0.5,0.0,0.0,0.5,0.0
10.1021/je0498863,2.630516888,312.45,1.846876012,BF4,0.0,0.5,0.0,0.0,0.5,0.0
10.1021/je0498863,3.118269127,322.35,1.844717816,BF4,0.0,0.5,0.0,0.0,0.5,0.0
10.1021/je0498863,3.642602784,332.15,1.842397755,BF4,0.0,0.5,0.0,0.0,0.5,0.0
10.1021/je0498863,0.159706485,233.75,2.043649509,BF4,0.0,0.5,0.0,0.0,0.5,0.0
10.1021/je0498863,0.269450739,243.65,2.043163915,BF4,0.0,0.5,0.0,0.0,0.5,0.0
10.1021/je0498863,0.440271933,253.35,2.046832848,BF4,0.0,0.5,0.0,0.0,0.5,0.0
10.1021/je0498863,0.65976044,263.15,2.04586166,BF4,0.0,0.5,0.0,0.0,0.5,0.0
10.1021/je0498863,0.927916262,272.95,2.040250351,BF4,0.0,0.5,0.0,0.0,0.5,0.0
10.1021/je0498863,1.257149023,282.85,2.038793569,BF4,0.0,0.5,0.0,0.0,0.5,0.0
10.1021/je0498863,1.610877307,292.65,2.041653178,BF4,0.0,0.5,0.0,0.0,0.5,0.0
10.1021/je0498863,2.013164994,302.55,2.035448365,BF4,0.0,0.5,0.0,0.0,0.5,0.0
10.1021/je0498863,2.464335815,312.45,2.033452034,BF4,0.0,0.5,0.0,0.0,0.5,0.0
10.1021/je0498863,2.939894248,322.35,2.031347793,BF4,0.0,0.5,0.0,0.0,0.5,0.0
10.1021/je0498863,3.464335815,332.15,2.033452034,BF4,0.0,0.5,0.0,0.0,0.5,0.0
10.1021/je0498863,0.428571429,233.75,0.248185012,BF4,0.0,0.7,0.0,0.0,0.3,0.0
10.1021/je0498863,0.671428571,243.65,0.247189696,BF4,0.0,0.7,0.0,0.0,0.3,0.0
10.1021/je0498863,0.971428571,253.35,0.245960187,BF4,0.0,0.7,0.0,0.0,0.3,0.0
10.1021/je0498863,1.3,263.15,0.244613583,BF4,0.0,0.7,0.0,0.0,0.3,0.0
10.1021/je0498863,1.685714286,272.95,0.243032787,BF4,0.0,0.7,0.0,0.0,0.3,0.0
10.1021/je0498863,2.1,282.85,0.241334895,BF4,0.0,0.7,0.0,0.0,0.3,0.0
10.1021/je0498863,2.514285714,292.65,0.243735363,BF4,0.0,0.7,0.0,0.0,0.3,0.0
10.1021/je0498863,2.971428571,302.55,0.241861827,BF4,0.0,0.7,0.0,0.0,0.3,0.0
10.1021/je0498863,3.414285714,312.45,0.235948478,BF4,0.0,0.7,0.0,0.0,0.3,0.0
10.1021/je0498863,3.885714286,322.35,0.234016393,BF4,0.0,0.7,0.0,0.0,0.3,0.0
10.1021/je0498863,4.328571429,332.15,0.236299766,BF4,0.0,0.7,0.0,0.0,0.3,0.0
10.1021/je0498863,0.442857143,233.75,0.330093677,BF4,0.0,0.7,0.0,0.0,0.3,0.0
10.1021/je0498863,0.714285714,243.65,0.328981265,BF4,0.0,0.7,0.0,0.0,0.3,0.0
10.1021/je0498863,1.042857143,253.35,0.32763466,BF4,0.0,0.7,0.0,0.0,0.3,0.0
10.1021/je0498863,1.414285714,263.15,0.326112412,BF4,0.0,0.7,0.0,0.0,0.3,0.0
10.1021/je0498863,1.842857143,272.95,0.324355972,BF4,0.0,0.7,0.0,0.0,0.3,0.0
10.1021/je0498863,2.271428571,282.85,0.322599532,BF4,0.0,0.7,0.0,0.0,0.3,0.0
10.1021/je0498863,2.771428571,292.65,0.320550351,BF4,0.0,0.7,0.0,0.0,0.3,0.0
10.1021/je0498863,3.257142857,302.55,0.318559719,BF4,0.0,0.7,0.0,0.0,0.3,0.0
10.1021/je0498863,3.742857143,312.45,0.316569087,BF4,0.0,0.7,0.0,0.0,0.3,0.0
10.1021/je0498863,4.285714286,322.35,0.314344262,BF4,0.0,0.7,0.0,0.0,0.3,0.0
10.1021/je0498863,4.8,332.15,0.312236534,BF4,0.0,0.7,0.0,0.0,0.3,0.0
10.1021/je0498863,0.457142857,233.75,0.412002342,BF4,0.0,0.7,0.0,0.0,0.3,0.0
10.1021/je0498863,0.742857143,243.65,0.410831382,BF4,0.0,0.7,0.0,0.0,0.3,0.0
10.1021/je0498863,1.085714286,253.35,0.40942623,BF4,0.0,0.7,0.0,0.0,0.3,0.0
10.1021/je0498863,1.471428571,263.15,0.407845433,BF4,0.0,0.7,0.0,0.0,0.3,0.0
10.1021/je0498863,1.928571429,272.95,0.405971897,BF4,0.0,0.7,0.0,0.0,0.3,0.0
10.1021/je0498863,2.414285714,282.85,0.399882904,BF4,0.0,0.7,0.0,0.0,0.3,0.0
10.1021/je0498863,2.914285714,292.65,0.401932084,BF4,0.0,0.7,0.0,0.0,0.3,0.0
10.1021/je0498863,3.457142857,302.55,0.39970726,BF4,0.0,0.7,0.0,0.0,0.3,0.0
10.1021/je0498863,4.0,312.45,0.393384075,BF4,0.0,0.7,0.0,0.0,0.3,0.0
10.1021/je0498863,4.557142857,322.35,0.395199063,BF4,0.0,0.7,0.0,0.0,0.3,0.0
10.1021/je0498863,5.128571429,332.15,0.392857143,BF4,0.0,0.7,0.0,0.0,0.3,0.0
10.1021/je0498863,0.442857143,233.75,0.498126464,BF4,0.0,0.7,0.0,0.0,0.3,0.0
10.1021/je0498863,0.714285714,243.65,0.497014052,BF4,0.0,0.7,0.0,0.0,0.3,0.0
10.1021/je0498863,1.071428571,253.35,0.495550351,BF4,0.0,0.7,0.0,0.0,0.3,0.0
10.1021/je0498863,1.5,263.15,0.493793911,BF4,0.0,0.7,0.0,0.0,0.3,0.0
10.1021/je0498863,1.971428571,272.95,0.491861827,BF4,0.0,0.7,0.0,0.0,0.3,0.0
10.1021/je0498863,2.485714286,282.85,0.489754098,BF4,0.0,0.7,0.0,0.0,0.3,0.0
10.1021/je0498863,3.0,292.65,0.48764637,BF4,0.0,0.7,0.0,0.0,0.3,0.0
10.1021/je0498863,3.557142857,302.55,0.489461358,BF4,0.0,0.7,0.0,0.0,0.3,0.0
10.1021/je0498863,4.171428571,312.45,0.482845433,BF4,0.0,0.7,0.0,0.0,0.3,0.0
10.1021/je0498863,4.742857143,322.35,0.480503513,BF4,0.0,0.7,0.0,0.0,0.3,0.0
10.1021/je0498863,5.357142857,332.15,0.477985948,BF4,0.0,0.7,0.0,0.0,0.3,0.0
10.1021/je0498863,1.057142857,253.35,0.585772834,BF4,0.0,0.7,0.0,0.0,0.3,0.0
10.1021/je0498863,1.485714286,263.15,0.584016393,BF4,0.0,0.7,0.0,0.0,0.3,0.0
10.1021/je0498863,1.957142857,272.95,0.582084309,BF4,0.0,0.7,0.0,0.0,0.3,0.0
10.1021/je0498863,2.485714286,282.85,0.579918033,BF4,0.0,0.7,0.0,0.0,0.3,0.0
10.1021/je0498863,3.042857143,292.65,0.57763466,BF4,0.0,0.7,0.0,0.0,0.3,0.0
10.1021/je0498863,3.628571429,302.55,0.575234192,BF4,0.0,0.7,0.0,0.0,0.3,0.0
10.1021/je0498863,4.228571429,312.45,0.572775176,BF4,0.0,0.7,0.0,0.0,0.3,0.0
10.1021/je0498863,4.857142857,322.35,0.570199063,BF4,0.0,0.7,0.0,0.0,0.3,0.0
10.1021/je0498863,5.485714286,332.15,0.567622951,BF4,0.0,0.7,0.0,0.0,0.3,0.0
10.1021/je0498863,0.428571429,322.35,0.588348946,BF4,0.0,0.7,0.0,0.0,0.3,0.0
10.1021/je0498863,2.485714286,332.15,0.579918033,BF4,0.0,0.7,0.0,0.0,0.3,0.0
10.1021/je0498863,0.714285714,322.35,0.591276347,BF4,0.0,0.7,0.0,0.0,0.3,0.0
10.1021/je0498863,1.957142857,332.15,0.582084309,BF4,0.0,0.7,0.0,0.0,0.3,0.0
10.1021/je0498863,0.685714286,243.65,0.669262295,BF4,0.0,0.7,0.0,0.0,0.3,0.0
10.1021/je0498863,1.028571429,253.35,0.671955504,BF4,0.0,0.7,0.0,0.0,0.3,0.0
10.1021/je0498863,1.442857143,263.15,0.670257611,BF4,0.0,0.7,0.0,0.0,0.3,0.0
10.1021/je0498863,1.942857143,272.95,0.668208431,BF4,0.0,0.7,0.0,0.0,0.3,0.0
10.1021/je0498863,2.471428571,282.85,0.666042155,BF4,0.0,0.7,0.0,0.0,0.3,0.0
10.1021/je0498863,3.042857143,292.65,0.663700234,BF4,0.0,0.7,0.0,0.0,0.3,0.0
10.1021/je0498863,3.628571429,302.55,0.661299766,BF4,0.0,0.7,0.0,0.0,0.3,0.0
10.1021/je0498863,4.257142857,312.45,0.658723653,BF4,0.0,0.7,0.0,0.0,0.3,0.0
10.1021/je0498863,4.9,322.35,0.651990632,BF4,0.0,0.7,0.0,0.0,0.3,0.0
10.1021/je0498863,5.557142857,332.15,0.653395785,BF4,0.0,0.7,0.0,0.0,0.3,0.0
10.1021/je0498863,0.4,322.35,0.674531616,BF4,0.0,0.7,0.0,0.0,0.3,0.0
10.1021/je0498863,2.471428571,332.15,0.666042155,BF4,0.0,0.7,0.0,0.0,0.3,0.0
10.1021/je0498863,2.414285714,282.85,0.756440281,BF4,0.0,0.7,0.0,0.0,0.3,0.0
10.1021/je0498863,2.985714286,292.65,0.754098361,BF4,0.0,0.7,0.0,0.0,0.3,0.0
10.1021/je0498863,3.6,302.55,0.751580796,BF4,0.0,0.7,0.0,0.0,0.3,0.0
10.1021/je0498863,4.242857143,312.45,0.753044496,BF4,0.0,0.7,0.0,0.0,0.3,0.0
10.1021/je0498863,4.885714286,322.35,0.746311475,BF4,0.0,0.7,0.0,0.0,0.3,0.0
10.1021/je0498863,5.557142857,332.15,0.743559719,BF4,0.0,0.7,0.0,0.0,0.3,0.0
10.1021/je0498863,0.371428571,282.85,0.768911007,BF4,0.0,0.7,0.0,0.0,0.3,0.0
10.1021/je0498863,0.642857143,292.65,0.763700234,BF4,0.0,0.7,0.0,0.0,0.3,0.0
10.1021/je0498863,0.985714286,302.55,0.762295082,BF4,0.0,0.7,0.0,0.0,0.3,0.0
10.1021/je0498863,1.4,312.45,0.76469555,BF4,0.0,0.7,0.0,0.0,0.3,0.0
10.1021/je0498863,1.885714286,322.35,0.762704918,BF4,0.0,0.7,0.0,0.0,0.3,0.0
10.1021/je0498863,4.242857143,332.15,0.753044496,BF4,0.0,0.7,0.0,0.0,0.3,0.0
10.1021/je0498863,0.6,243.65,0.870433255,BF4,0.0,0.7,0.0,0.0,0.3,0.0
10.1021/je0498863,0.928571429,253.35,0.869086651,BF4,0.0,0.7,0.0,0.0,0.3,0.0
10.1021/je0498863,1.328571429,263.15,0.867447307,BF4,0.0,0.7,0.0,0.0,0.3,0.0
10.1021/je0498863,1.8,272.95,0.869613583,BF4,0.0,0.7,0.0,0.0,0.3,0.0
10.1021/je0498863,2.342857143,282.85,0.867388759,BF4,0.0,0.7,0.0,0.0,0.3,0.0
10.1021/je0498863,2.928571429,292.65,0.86498829,BF4,0.0,0.7,0.0,0.0,0.3,0.0
10.1021/je0498863,3.528571429,302.55,0.862529274,BF4,0.0,0.7,0.0,0.0,0.3,0.0
10.1021/je0498863,4.171428571,312.45,0.859894614,BF4,0.0,0.7,0.0,0.0,0.3,0.0
10.1021/je0498863,4.842857143,322.35,0.853044496,BF4,0.0,0.7,0.0,0.0,0.3,0.0
10.1021/je0498863,5.528571429,332.15,0.850234192,BF4,0.0,0.7,0.0,0.0,0.3,0.0
10.1021/je0498863,0.342857143,322.35,0.87558548,BF4,0.0,0.7,0.0,0.0,0.3,0.0
10.1021/je0498863,2.342857143,332.15,0.867388759,BF4,0.0,0.7,0.0,0.0,0.3,0.0
10.1021/je0498863,0.3,233.75,0.978220141,BF4,0.0,0.7,0.0,0.0,0.3,0.0
10.1021/je0498863,0.542857143,243.65,0.977224824,BF4,0.0,0.7,0.0,0.0,0.3,0.0
10.1021/je0498863,0.842857143,253.35,0.975995316,BF4,0.0,0.7,0.0,0.0,0.3,0.0
10.1021/je0498863,1.242857143,263.15,0.974355972,BF4,0.0,0.7,0.0,0.0,0.3,0.0
10.1021/je0498863,1.728571429,272.95,0.97236534,BF4,0.0,0.7,0.0,0.0,0.3,0.0
10.1021/je0498863,2.242857143,282.85,0.970257611,BF4,0.0,0.7,0.0,0.0,0.3,0.0
10.1021/je0498863,2.8,292.65,0.967974239,BF4,0.0,0.7,0.0,0.0,0.3,0.0
10.1021/je0498863,3.428571429,302.55,0.965398126,BF4,0.0,0.7,0.0,0.0,0.3,0.0
10.1021/je0498863,4.085714286,312.45,0.962704918,BF4,0.0,0.7,0.0,0.0,0.3,0.0
10.1021/je0498863,4.742857143,322.35,0.96001171,BF4,0.0,0.7,0.0,0.0,0.3,0.0
10.1021/je0498863,5.428571429,332.15,0.957201405,BF4,0.0,0.7,0.0,0.0,0.3,0.0
10.1021/je0498863,0.257142857,233.75,1.093149883,BF4,0.0,0.7,0.0,0.0,0.3,0.0
10.1021/je0498863,0.5,243.65,1.092154567,BF4,0.0,0.7,0.0,0.0,0.3,0.0
10.1021/je0498863,0.785714286,253.35,1.090983607,BF4,0.0,0.7,0.0,0.0,0.3,0.0
10.1021/je0498863,1.157142857,263.15,1.089461358,BF4,0.0,0.7,0.0,0.0,0.3,0.0
10.1021/je0498863,1.614285714,272.95,1.087587822,BF4,0.0,0.7,0.0,0.0,0.3,0.0
10.1021/je0498863,2.128571429,282.85,1.085480094,BF4,0.0,0.7,0.0,0.0,0.3,0.0
10.1021/je0498863,2.7,292.65,1.083138173,BF4,0.0,0.7,0.0,0.0,0.3,0.0
10.1021/je0498863,3.285714286,302.55,1.080737705,BF4,0.0,0.7,0.0,0.0,0.3,0.0
10.1021/je0498863,3.942857143,312.45,1.078044496,BF4,0.0,0.7,0.0,0.0,0.3,0.0
10.1021/je0498863,4.614285714,322.35,1.07529274,BF4,0.0,0.7,0.0,0.0,0.3,0.0
10.1021/je0498863,5.314285714,332.15,1.072423888,BF4,0.0,0.7,0.0,0.0,0.3,0.0
10.1021/je0498863,0.228571429,233.75,1.22441452,BF4,0.0,0.7,0.0,0.0,0.3,0.0
10.1021/je0498863,0.414285714,243.65,1.223653396,BF4,0.0,0.7,0.0,0.0,0.3,0.0
10.1021/je0498863,0.7,253.35,1.222482436,BF4,0.0,0.7,0.0,0.0,0.3,0.0
10.1021/je0498863,1.071428571,263.15,1.220960187,BF4,0.0,0.7,0.0,0.0,0.3,0.0
10.1021/je0498863,1.5,272.95,1.223302108,BF4,0.0,0.7,0.0,0.0,0.3,0.0
10.1021/je0498863,1.985714286,282.85,1.217213115,BF4,0.0,0.7,0.0,0.0,0.3,0.0
10.1021/je0498863,2.528571429,292.65,1.219086651,BF4,0.0,0.7,0.0,0.0,0.3,0.0
10.1021/je0498863,3.128571429,302.55,1.216627635,BF4,0.0,0.7,0.0,0.0,0.3,0.0
10.1021/je0498863,3.771428571,312.45,1.213992974,BF4,0.0,0.7,0.0,0.0,0.3,0.0
10.1021/je0498863,4.471428571,322.35,1.207025761,BF4,0.0,0.7,0.0,0.0,0.3,0.0
10.1021/je0498863,5.142857143,332.15,1.204274005,BF4,0.0,0.7,0.0,0.0,0.3,0.0
10.1021/je0498863,0.185714286,233.75,1.363934426,BF4,0.0,0.7,0.0,0.0,0.3,0.0
10.1021/je0498863,0.357142857,243.65,1.36323185,BF4,0.0,0.7,0.0,0.0,0.3,0.0
10.1021/je0498863,0.614285714,253.35,1.362177986,BF4,0.0,0.7,0.0,0.0,0.3,0.0
10.1021/je0498863,0.957142857,263.15,1.360772834,BF4,0.0,0.7,0.0,0.0,0.3,0.0
10.1021/je0498863,1.371428571,272.95,1.359074941,BF4,0.0,0.7,0.0,0.0,0.3,0.0
10.1021/je0498863,1.828571429,282.85,1.353103044,BF4,0.0,0.7,0.0,0.0,0.3,0.0
10.1021/je0498863,2.371428571,292.65,1.354976581,BF4,0.0,0.7,0.0,0.0,0.3,0.0
10.1021/je0498863,2.942857143,302.55,1.3485363,BF4,0.0,0.7,0.0,0.0,0.3,0.0
10.1021/je0498863,3.585714286,312.45,1.345901639,BF4,0.0,0.7,0.0,0.0,0.3,0.0
10.1021/je0498863,4.242857143,322.35,1.347306792,BF4,0.0,0.7,0.0,0.0,0.3,0.0
10.1021/je0498863,4.914285714,332.15,1.344555035,BF4,0.0,0.7,0.0,0.0,0.3,0.0
10.1021/je0498863,0.157142857,233.75,1.515690867,BF4,0.0,0.7,0.0,0.0,0.3,0.0
10.1021/je0498863,0.3,243.65,1.515105386,BF4,0.0,0.7,0.0,0.0,0.3,0.0
10.1021/je0498863,0.542857143,253.35,1.51411007,BF4,0.0,0.7,0.0,0.0,0.3,0.0
10.1021/je0498863,0.842857143,263.15,1.508782201,BF4,0.0,0.7,0.0,0.0,0.3,0.0
10.1021/je0498863,1.214285714,272.95,1.511358314,BF4,0.0,0.7,0.0,0.0,0.3,0.0
10.1021/je0498863,1.685714286,282.85,1.50942623,BF4,0.0,0.7,0.0,0.0,0.3,0.0
10.1021/je0498863,2.185714286,292.65,1.503278689,BF4,0.0,0.7,0.0,0.0,0.3,0.0
10.1021/je0498863,2.742857143,302.55,1.505093677,BF4,0.0,0.7,0.0,0.0,0.3,0.0
10.1021/je0498863,3.357142857,312.45,1.502576112,BF4,0.0,0.7,0.0,0.0,0.3,0.0
10.1021/je0498863,4.014285714,322.35,1.499882904,BF4,0.0,0.7,0.0,0.0,0.3,0.0
10.1021/je0498863,4.714285714,332.15,1.497014052,BF4,0.0,0.7,0.0,0.0,0.3,0.0
10.1021/je0498863,0.114285714,243.65,1.683899297,BF4,0.0,0.7,0.0,0.0,0.3,0.0
10.1021/je0498863,0.257142857,253.35,1.683313817,BF4,0.0,0.7,0.0,0.0,0.3,0.0
10.1021/je0498863,0.457142857,263.15,1.682494145,BF4,0.0,0.7,0.0,0.0,0.3,0.0
10.1021/je0498863,0.714285714,272.95,1.681440281,BF4,0.0,0.7,0.0,0.0,0.3,0.0
10.1021/je0498863,1.5,282.85,1.678220141,BF4,0.0,0.7,0.0,0.0,0.3,0.0
10.1021/je0498863,1.985714286,292.65,1.676229508,BF4,0.0,0.7,0.0,0.0,0.3,0.0
10.1021/je0498863,2.528571429,302.55,1.674004684,BF4,0.0,0.7,0.0,0.0,0.3,0.0
10.1021/je0498863,3.114285714,312.45,1.667505855,BF4,0.0,0.7,0.0,0.0,0.3,0.0
10.1021/je0498863,3.757142857,322.35,1.668969555,BF4,0.0,0.7,0.0,0.0,0.3,0.0
10.1021/je0498863,4.442857143,332.15,1.666159251,BF4,0.0,0.7,0.0,0.0,0.3,0.0
10.1021/je0498863,1.071428571,322.35,1.684074941,BF4,0.0,0.7,0.0,0.0,0.3,0.0
10.1021/je0498863,2.528571429,332.15,1.674004684,BF4,0.0,0.7,0.0,0.0,0.3,0.0
10.1021/je0498863,0.085714286,233.75,1.880737705,BF4,0.0,0.7,0.0,0.0,0.3,0.0
10.1021/je0498863,0.2,243.65,1.880269321,BF4,0.0,0.7,0.0,0.0,0.3,0.0
10.1021/je0498863,0.357142857,253.35,1.879625293,BF4,0.0,0.7,0.0,0.0,0.3,0.0
10.1021/je0498863,0.6,263.15,1.878629977,BF4,0.0,0.7,0.0,0.0,0.3,0.0
10.1021/je0498863,0.914285714,272.95,1.881440281,BF4,0.0,0.7,0.0,0.0,0.3,0.0
10.1021/je0498863,1.314285714,282.85,1.879800937,BF4,0.0,0.7,0.0,0.0,0.3,0.0
10.1021/je0498863,1.757142857,292.65,1.877985948,BF4,0.0,0.7,0.0,0.0,0.3,0.0
10.1021/je0498863,2.285714286,302.55,1.875819672,BF4,0.0,0.7,0.0,0.0,0.3,0.0
10.1021/je0498863,2.828571429,312.45,1.869496487,BF4,0.0,0.7,0.0,0.0,0.3,0.0
10.1021/je0498863,3.442857143,322.35,1.866978923,BF4,0.0,0.7,0.0,0.0,0.3,0.0
10.1021/je0498863,4.128571429,332.15,1.864168618,BF4,0.0,0.7,0.0,0.0,0.3,0.0
10.1021/je0498863,0.071428571,233.75,2.057025761,BF4,0.0,0.7,0.0,0.0,0.3,0.0
10.1021/je0498863,0.157142857,243.65,2.056674473,BF4,0.0,0.7,0.0,0.0,0.3,0.0
10.1021/je0498863,0.285714286,253.35,2.056147541,BF4,0.0,0.7,0.0,0.0,0.3,0.0
10.1021/je0498863,0.5,263.15,2.055269321,BF4,0.0,0.7,0.0,0.0,0.3,0.0
10.1021/je0498863,0.8,272.95,2.054039813,BF4,0.0,0.7,0.0,0.0,0.3,0.0
10.1021/je0498863,1.142857143,282.85,2.05263466,BF4,0.0,0.7,0.0,0.0,0.3,0.0
10.1021/je0498863,1.571428571,292.65,2.054976581,BF4,0.0,0.7,0.0,0.0,0.3,0.0
10.1021/je0498863,2.057142857,302.55,2.052985948,BF4,0.0,0.7,0.0,0.0,0.3,0.0
10.1021/je0498863,2.585714286,312.45,2.050819672,BF4,0.0,0.7,0.0,0.0,0.3,0.0
10.1021/je0498863,3.2,322.35,2.044203747,BF4,0.0,0.7,0.0,0.0,0.3,0.0
10.1021/je0498863,3.857142857,332.15,2.041510539,BF4,0.0,0.7,0.0,0.0,0.3,0.0
10.1021/je0498863,1.366122506,263.15,0.270545556,BF4,0.0,1.0,0.0,0.0,0.0,0.0
10.1021/je0498863,1.86619227,272.95,0.268313102,BF4,0.0,1.0,0.0,0.0,0.0,0.0
10.1021/je0498863,2.397516395,282.85,0.265941119,BF4,0.0,1.0,0.0,0.0,0.0,0.0
10.1021/je0498863,2.991209711,292.65,0.267754988,BF4,0.0,1.0,0.0,0.0,0.0,0.0
10.1021/je0498863,3.616296916,302.55,0.26496442,BF4,0.0,1.0,0.0,0.0,0.0,0.0
10.1021/je0498863,4.24152365,312.45,0.257708944,BF4,0.0,1.0,0.0,0.0,0.0,0.0
10.1021/je0498863,4.897865216,322.35,0.254778847,BF4,0.0,1.0,0.0,0.0,0.0,0.0
10.1021/je0498863,5.585461141,332.15,0.251709223,BF4,0.0,1.0,0.0,0.0,0.0,0.0
10.1021/je0498863,0.334589089,302.55,0.279614902,BF4,0.0,1.0,0.0,0.0,0.0,0.0
10.1021/je0498863,0.600251151,312.45,0.27842891,BF4,0.0,1.0,0.0,0.0,0.0,0.0
10.1021/je0498863,0.944049114,322.35,0.276894098,BF4,0.0,1.0,0.0,0.0,0.0,0.0
10.1021/je0498863,2.991209711,332.15,0.267754988,BF4,0.0,1.0,0.0,0.0,0.0,0.0
10.1021/je0498863,1.988279615,272.95,0.361518069,BF4,0.0,1.0,0.0,0.0,0.0,0.0
10.1021/je0498863,2.58211246,282.85,0.358867029,BF4,0.0,1.0,0.0,0.0,0.0,0.0
10.1021/je0498863,3.222826845,292.65,0.356006697,BF4,0.0,1.0,0.0,0.0,0.0,0.0
10.1021/je0498863,3.910422771,302.55,0.352937073,BF4,0.0,1.0,0.0,0.0,0.0,0.0
10.1021/je0498863,4.613645877,312.45,0.349797684,BF4,0.0,1.0,0.0,0.0,0.0,0.0
10.1021/je0498863,5.379377703,322.35,0.346379238,BF4,0.0,1.0,0.0,0.0,0.0,0.0
10.1021/je0498863,6.12948235,332.15,0.343030557,BF4,0.0,1.0,0.0,0.0,0.0,0.0
10.1021/je0498863,0.331798521,292.65,0.368913074,BF4,0.0,1.0,0.0,0.0,0.0,0.0
10.1021/je0498863,0.613087763,302.55,0.367657318,BF4,0.0,1.0,0.0,0.0,0.0,0.0
10.1021/je0498863,0.988140087,312.45,0.365982978,BF4,0.0,1.0,0.0,0.0,0.0,0.0
10.1021/je0498863,1.44132831,322.35,0.363959816,BF4,0.0,1.0,0.0,0.0,0.0,0.0
10.1021/je0498863,3.222826845,332.15,0.356006697,BF4,0.0,1.0,0.0,0.0,0.0,0.0
10.1021/je0498863,2.641551556,282.85,0.456815962,BF4,0.0,1.0,0.0,0.0,0.0,0.0
10.1021/je0498863,3.344774662,292.65,0.453676573,BF4,0.0,1.0,0.0,0.0,0.0,0.0
10.1021/je0498863,4.079252128,302.55,0.450397656,BF4,0.0,1.0,0.0,0.0,0.0,0.0
10.1021/je0498863,4.860611134,312.45,0.446909446,BF4,0.0,1.0,0.0,0.0,0.0,0.0
10.1021/je0498863,5.657597321,322.35,0.443351472,BF4,0.0,1.0,0.0,0.0,0.0,0.0
10.1021/je0498863,6.470210688,332.15,0.439723734,BF4,0.0,1.0,0.0,0.0,0.0,0.0
10.1021/je0498863,0.985070462,302.55,0.464210967,BF4,0.0,1.0,0.0,0.0,0.0,0.0
10.1021/je0498863,1.453885866,312.45,0.462118041,BF4,0.0,1.0,0.0,0.0,0.0,0.0
10.1021/je0498863,2.032091531,322.35,0.459536766,BF4,0.0,1.0,0.0,0.0,0.0,0.0
10.1021/je0498863,4.079252128,332.15,0.450397656,BF4,0.0,1.0,0.0,0.0,0.0,0.0
10.1021/je0498863,0.312962188,312.45,0.471675736,BF4,0.0,1.0,0.0,0.0,0.0,0.0
10.1021/je0498863,0.60987861,322.35,0.470350216,BF4,0.0,1.0,0.0,0.0,0.0,0.0
10.1021/je0498863,1.453885866,332.15,0.462118041,BF4,0.0,1.0,0.0,0.0,0.0,0.0
10.1021/je0498863,4.920468815,312.45,0.531463653,BF4,0.0,1.0,0.0,0.0,0.0,0.0
10.1021/je0498863,5.764336542,322.35,0.527696386,BF4,0.0,1.0,0.0,0.0,0.0,0.0
10.1021/je0498863,6.60820427,332.15,0.52392912,BF4,0.0,1.0,0.0,0.0,0.0,0.0
10.1021/je0498863,0.576112739,272.95,0.5508581,BF4,0.0,1.0,0.0,0.0,0.0,0.0
10.1021/je0498863,0.966792242,282.85,0.549113995,BF4,0.0,1.0,0.0,0.0,0.0,0.0
10.1021/je0498863,2.013813311,292.65,0.544439793,BF4,0.0,1.0,0.0,0.0,0.0,0.0
10.1021/je0498863,2.654527696,302.55,0.541579461,BF4,0.0,1.0,0.0,0.0,0.0,0.0
10.1021/je0498863,3.373238454,312.45,0.542835217,BF4,0.0,1.0,0.0,0.0,0.0,0.0
10.1021/je0498863,4.10771592,322.35,0.5395563,BF4,0.0,1.0,0.0,0.0,0.0,0.0
10.1021/je0498863,4.920468815,332.15,0.531463653,BF4,0.0,1.0,0.0,0.0,0.0,0.0
10.1021/je0498863,0.294683968,312.45,0.556578764,BF4,0.0,1.0,0.0,0.0,0.0,0.0
10.1021/je0498863,1.435468118,322.35,0.551485977,BF4,0.0,1.0,0.0,0.0,0.0,0.0
10.1021/je0498863,3.373238454,332.15,0.542835217,BF4,0.0,1.0,0.0,0.0,0.0,0.0
10.1021/je0498863,3.323566346,292.65,0.632342682,BF4,0.0,1.0,0.0,0.0,0.0,0.0
10.1021/je0498863,4.089298172,302.55,0.628924236,BF4,0.0,1.0,0.0,0.0,0.0,0.0
10.1021/je0498863,4.917678248,312.45,0.620761825,BF4,0.0,1.0,0.0,0.0,0.0,0.0
10.1021/je0498863,5.777033626,322.35,0.621389703,BF4,0.0,1.0,0.0,0.0,0.0,0.0
10.1021/je0498863,6.652155714,332.15,0.617482908,BF4,0.0,1.0,0.0,0.0,0.0,0.0
10.1021/je0498863,0.26063904,272.95,0.646016464,BF4,0.0,1.0,0.0,0.0,0.0,0.0
10.1021/je0498863,0.526440631,282.85,0.640365564,BF4,0.0,1.0,0.0,0.0,0.0,0.0
10.1021/je0498863,0.901353425,292.65,0.643156132,BF4,0.0,1.0,0.0,0.0,0.0,0.0
10.1021/je0498863,1.385935538,302.55,0.636528534,BF4,0.0,1.0,0.0,0.0,0.0,0.0
10.1021/je0498863,1.948374494,312.45,0.638481931,BF4,0.0,1.0,0.0,0.0,0.0,0.0
10.1021/je0498863,2.60471606,322.35,0.635551835,BF4,0.0,1.0,0.0,0.0,0.0,0.0
10.1021/je0498863,4.089298172,332.15,0.628924236,BF4,0.0,1.0,0.0,0.0,0.0,0.0
10.1021/je0498863,3.242779406,292.65,0.717524766,BF4,0.0,1.0,0.0,0.0,0.0,0.0
10.1021/je0498863,4.008511232,302.55,0.714106321,BF4,0.0,1.0,0.0,0.0,0.0,0.0
10.1021/je0498863,4.852378959,312.45,0.710339054,BF4,0.0,1.0,0.0,0.0,0.0,0.0
10.1021/je0498863,5.727501046,322.35,0.706432259,BF4,0.0,1.0,0.0,0.0,0.0,0.0
10.1021/je0498863,6.618250314,332.15,0.7024557,BF4,0.0,1.0,0.0,0.0,0.0,0.0
10.1021/je0498863,0.22673364,292.65,0.730989256,BF4,0.0,1.0,0.0,0.0,0.0,0.0
10.1021/je0498863,0.836333194,302.55,0.723803544,BF4,0.0,1.0,0.0,0.0,0.0,0.0
10.1021/je0498863,1.305009069,312.45,0.726175527,BF4,0.0,1.0,0.0,0.0,0.0,0.0
10.1021/je0498863,1.867587554,322.35,0.723664016,BF4,0.0,1.0,0.0,0.0,0.0,0.0
10.1021/je0498863,4.008511232,332.15,0.714106321,BF4,0.0,1.0,0.0,0.0,0.0,0.0
10.1021/je0498863,2.523789591,322.35,0.725198828,BF4,0.0,1.0,0.0,0.0,0.0,0.0
10.1021/je0498863,3.242779406,332.15,0.717524766,BF4,0.0,1.0,0.0,0.0,0.0,0.0
10.1021/je0498863,0.492256174,322.35,0.734268174,BF4,0.0,1.0,0.0,0.0,0.0,0.0
10.1021/je0498863,2.523789591,332.15,0.725198828,BF4,0.0,1.0,0.0,0.0,0.0,0.0
10.1021/je0498863,3.130179992,292.65,0.820706014,BF4,0.0,1.0,0.0,0.0,0.0,0.0
10.1021/je0498863,3.895911818,302.55,0.817287568,BF4,0.0,1.0,0.0,0.0,0.0,0.0
10.1021/je0498863,4.739779545,312.45,0.813520301,BF4,0.0,1.0,0.0,0.0,0.0,0.0
10.1021/je0498863,5.614901632,322.35,0.809613506,BF4,0.0,1.0,0.0,0.0,0.0,0.0
10.1021/je0498863,6.52127808,332.15,0.805567183,BF4,0.0,1.0,0.0,0.0,0.0,0.0
10.1021/je0498863,0.192270127,272.95,0.833821683,BF4,0.0,1.0,0.0,0.0,0.0,0.0
10.1021/je0498863,0.426677829,282.85,0.83277522,BF4,0.0,1.0,0.0,0.0,0.0,0.0
10.1021/je0498863,0.786102972,292.65,0.831170643,BF4,0.0,1.0,0.0,0.0,0.0,0.0
10.1021/je0498863,1.223664016,302.55,0.829217246,BF4,0.0,1.0,0.0,0.0,0.0,0.0
10.1021/je0498863,1.77061532,312.45,0.826775499,BF4,0.0,1.0,0.0,0.0,0.0,0.0
10.1021/je0498863,2.411329706,322.35,0.823915167,BF4,0.0,1.0,0.0,0.0,0.0,0.0
10.1021/je0498863,4.739779545,332.15,0.813520301,BF4,0.0,1.0,0.0,0.0,0.0,0.0
10.1021/je0498863,3.720524627,302.55,0.929677689,BF4,0.0,1.0,0.0,0.0,0.0,0.0
10.1021/je0498863,4.548625645,312.45,0.930445096,BF4,0.0,1.0,0.0,0.0,0.0,0.0
10.1021/je0498863,5.423747733,322.35,0.926538301,BF4,0.0,1.0,0.0,0.0,0.0,0.0
10.1021/je0498863,6.345890889,332.15,0.917957304,BF4,0.0,1.0,0.0,0.0,0.0,0.0
10.1021/je0498863,0.157388028,263.15,0.950048835,BF4,0.0,1.0,0.0,0.0,0.0,0.0
10.1021/je0498863,0.37616855,272.95,0.949072136,BF4,0.0,1.0,0.0,0.0,0.0,0.0
10.1021/je0498863,0.673224501,282.85,0.943281708,BF4,0.0,1.0,0.0,0.0,0.0,0.0
10.1021/je0498863,1.110646016,292.65,0.945793219,BF4,0.0,1.0,0.0,0.0,0.0,0.0
10.1021/je0498863,1.626342961,302.55,0.943491,BF4,0.0,1.0,0.0,0.0,0.0,0.0
10.1021/je0498863,2.267057346,312.45,0.940630668,BF4,0.0,1.0,0.0,0.0,0.0,0.0
10.1021/je0498863,2.954653272,322.35,0.937561044,BF4,0.0,1.0,0.0,0.0,0.0,0.0
10.1021/je0498863,4.548625645,332.15,0.930445096,BF4,0.0,1.0,0.0,0.0,0.0,0.0
10.1021/je0498863,2.779266081,292.65,1.049951165,BF4,0.0,1.0,0.0,0.0,0.0,0.0
10.1021/je0498863,3.513743547,302.55,1.046672248,BF4,0.0,1.0,0.0,0.0,0.0,0.0
10.1021/je0498863,4.341984094,312.45,1.042974745,BF4,0.0,1.0,0.0,0.0,0.0,0.0
10.1021/je0498863,5.201618529,322.35,1.034672806,BF4,0.0,1.0,0.0,0.0,0.0,0.0
10.1021/je0498863,6.139109809,332.15,1.034951863,BF4,0.0,1.0,0.0,0.0,0.0,0.0
10.1021/je0498863,0.122645458,272.95,1.061811079,BF4,0.0,1.0,0.0,0.0,0.0,0.0
10.1021/je0498863,0.31017162,282.85,1.060973908,BF4,0.0,1.0,0.0,0.0,0.0,0.0
10.1021/je0498863,0.607088042,292.65,1.059648388,BF4,0.0,1.0,0.0,0.0,0.0,0.0
10.1021/je0498863,0.997767546,302.55,1.057904284,BF4,0.0,1.0,0.0,0.0,0.0,0.0
10.1021/je0498863,1.48221013,312.45,1.055741593,BF4,0.0,1.0,0.0,0.0,0.0,0.0
10.1021/je0498863,2.091670155,322.35,1.05302079,BF4,0.0,1.0,0.0,0.0,0.0,0.0
10.1021/je0498863,4.341984094,332.15,1.042974745,BF4,0.0,1.0,0.0,0.0,0.0,0.0
10.1021/je0498863,1.899958141,282.85,1.187805218,BF4,0.0,1.0,0.0,0.0,0.0,0.0
10.1021/je0498863,2.525045347,292.65,1.18501465,BF4,0.0,1.0,0.0,0.0,0.0,0.0
10.1021/je0498863,3.259522813,302.55,1.181735733,BF4,0.0,1.0,0.0,0.0,0.0,0.0
10.1021/je0498863,4.07213618,312.45,1.178107995,BF4,0.0,1.0,0.0,0.0,0.0,0.0
10.1021/je0498863,4.916003907,322.35,1.174340728,BF4,0.0,1.0,0.0,0.0,0.0,0.0
10.1021/je0498863,5.838007535,332.15,1.170224641,BF4,0.0,1.0,0.0,0.0,0.0,0.0
10.1021/je0498863,0.087205246,282.85,1.195897865,BF4,0.0,1.0,0.0,0.0,0.0,0.0
10.1021/je0498863,0.243477048,292.65,1.195200223,BF4,0.0,1.0,0.0,0.0,0.0,0.0
10.1021/je0498863,0.50913911,302.55,1.194014232,BF4,0.0,1.0,0.0,0.0,0.0,0.0
10.1021/je0498863,0.852937073,312.45,1.19247942,BF4,0.0,1.0,0.0,0.0,0.0,0.0
10.1021/je0498863,1.321752477,322.35,1.190386494,BF4,0.0,1.0,0.0,0.0,0.0,0.0
10.1021/je0498863,3.259522813,332.15,1.181735733,BF4,0.0,1.0,0.0,0.0,0.0,0.0
10.1021/je0498863,3.739081903,312.45,1.335844844,BF4,0.0,1.0,0.0,0.0,0.0,0.0
10.1021/je0498863,4.551555742,322.35,1.336682015,BF4,0.0,1.0,0.0,0.0,0.0,0.0
10.1021/je0498863,5.457932189,332.15,1.332635691,BF4,0.0,1.0,0.0,0.0,0.0,0.0
10.1021/je0498863,1.660527417,312.45,1.349588391,BF4,0.0,1.0,0.0,0.0,0.0,0.0
10.1021/je0498863,2.285614623,322.35,1.346797823,BF4,0.0,1.0,0.0,0.0,0.0,0.0
10.1021/je0498863,4.551555742,332.15,1.336682015,BF4,0.0,1.0,0.0,0.0,0.0,0.0
10.1021/je0498863,0.050927864,282.85,1.356774104,BF4,0.0,1.0,0.0,0.0,0.0,0.0
10.1021/je0498863,0.175945305,292.65,1.35621599,BF4,0.0,1.0,0.0,0.0,0.0,0.0
10.1021/je0498863,0.394586298,302.55,1.3597042,BF4,0.0,1.0,0.0,0.0,0.0,0.0
10.1021/je0498863,0.722757081,312.45,1.358239152,BF4,0.0,1.0,0.0,0.0,0.0,0.0
10.1021/je0498863,1.144690945,322.35,1.356355518,BF4,0.0,1.0,0.0,0.0,0.0,0.0
10.1021/je0498863,2.97307102,332.15,1.348193107,BF4,0.0,1.0,0.0,0.0,0.0,0.0
10.1021/je0498863,0.968327055,272.95,1.5,BF4,0.0,1.0,0.0,0.0,0.0,0.0
10.1021/je0498863,1.452769639,282.85,1.49783731,BF4,0.0,1.0,0.0,0.0,0.0,0.0
10.1021/je0498863,2.046602484,292.65,1.49518627,BF4,0.0,1.0,0.0,0.0,0.0,0.0
10.1021/je0498863,2.687456397,302.55,1.48786103,BF4,0.0,1.0,0.0,0.0,0.0,0.0
10.1021/je0498863,3.421794335,312.45,1.489047021,BF4,0.0,1.0,0.0,0.0,0.0,0.0
10.1021/je0498863,4.250034882,322.35,1.485349519,BF4,0.0,1.0,0.0,0.0,0.0,0.0
10.1021/je0498863,5.062648249,332.15,1.48172178,BF4,0.0,1.0,0.0,0.0,0.0,0.0
10.1021/je0498863,0.030696247,292.65,1.504185852,BF4,0.0,1.0,0.0,0.0,0.0,0.0
10.1021/je0498863,0.140086508,302.55,1.503697502,BF4,0.0,1.0,0.0,0.0,0.0,0.0
10.1021/je0498863,0.311985489,312.45,1.502930096,BF4,0.0,1.0,0.0,0.0,0.0,0.0
10.1021/je0498863,0.593274731,322.35,1.501674341,BF4,0.0,1.0,0.0,0.0,0.0,0.0
10.1021/je0498863,2.046602484,332.15,1.49518627,BF4,0.0,1.0,0.0,0.0,0.0,0.0
10.1021/je0498863,0.009906516,233.75,1.669457235,BF4,0.0,1.0,0.0,0.0,0.0,0.0
10.1021/je0498863,0.088042417,243.65,1.669108414,BF4,0.0,1.0,0.0,0.0,0.0,0.0
10.1021/je0498863,0.244314218,253.35,1.668410772,BF4,0.0,1.0,0.0,0.0,0.0,0.0
10.1021/je0498863,0.47872192,263.15,1.667364309,BF4,0.0,1.0,0.0,0.0,0.0,0.0
10.1021/je0498863,0.822519883,272.95,1.665829496,BF4,0.0,1.0,0.0,0.0,0.0,0.0
10.1021/je0498863,1.275708107,282.85,1.663806335,BF4,0.0,1.0,0.0,0.0,0.0,0.0
10.1021/je0498863,1.791405051,292.65,1.661504116,BF4,0.0,1.0,0.0,0.0,0.0,0.0
10.1021/je0498863,2.400865076,302.55,1.658783312,BF4,0.0,1.0,0.0,0.0,0.0,0.0
10.1021/je0498863,3.104088182,312.45,1.655643924,BF4,0.0,1.0,0.0,0.0,0.0,0.0
10.1021/je0498863,3.885586717,322.35,1.647690805,BF4,0.0,1.0,0.0,0.0,0.0,0.0
10.1021/je0498863,4.729314916,332.15,1.648388447,BF4,0.0,1.0,0.0,0.0,0.0,0.0
10.1021/je0498863,0.004046323,233.75,1.856983396,BF4,0.0,1.0,0.0,0.0,0.0,0.0
10.1021/je0498863,0.050927864,243.65,1.856774104,BF4,0.0,1.0,0.0,0.0,0.0,0.0
10.1021/je0498863,0.160318125,253.35,1.856285754,BF4,0.0,1.0,0.0,0.0,0.0,0.0
10.1021/je0498863,0.363471466,263.15,1.85537882,BF4,0.0,1.0,0.0,0.0,0.0,0.0
10.1021/je0498863,0.660387889,272.95,1.8540533,BF4,0.0,1.0,0.0,0.0,0.0,0.0
10.1021/je0498863,1.051067392,282.85,1.852309195,BF4,0.0,1.0,0.0,0.0,0.0,0.0
10.1021/je0498863,1.535509976,292.65,1.850146505,BF4,0.0,1.0,0.0,0.0,0.0,0.0
10.1021/je0498863,2.113715641,302.55,1.84756523,BF4,0.0,1.0,0.0,0.0,0.0,0.0
10.1021/je0498863,2.754430027,312.45,1.844704897,BF4,0.0,1.0,0.0,0.0,0.0,0.0
10.1021/je0498863,3.504534673,322.35,1.841356216,BF4,0.0,1.0,0.0,0.0,0.0,0.0
10.1021/je0498863,4.301520859,332.15,1.837798242,BF4,0.0,1.0,0.0,0.0,0.0,0.0
10.1021/je0498863,0.0,233.75,2.129342821,BF4,0.0,1.0,0.0,0.0,0.0,0.0
10.1021/je0498863,0.0,243.65,2.129342821,BF4,0.0,1.0,0.0,0.0,0.0,0.0
10.1021/je0498863,0.089298172,253.35,2.128924236,BF4,0.0,1.0,0.0,0.0,0.0,0.0
10.1021/je0498863,0.229942793,263.15,2.128296358,BF4,0.0,1.0,0.0,0.0,0.0,0.0
10.1021/je0498863,0.448723315,272.95,2.12731966,BF4,0.0,1.0,0.0,0.0,0.0,0.0
10.1021/je0498863,0.792521278,282.85,2.125784847,BF4,0.0,1.0,0.0,0.0,0.0,0.0
10.1021/je0498863,1.214455142,292.65,2.123901214,BF4,0.0,1.0,0.0,0.0,0.0,0.0
10.1021/je0498863,1.714524906,302.55,2.12166876,BF4,0.0,1.0,0.0,0.0,0.0,0.0
10.1021/je0498863,2.324124459,312.45,2.114483047,BF4,0.0,1.0,0.0,0.0,0.0,0.0
10.1021/je0498863,2.980326496,322.35,2.11601786,BF4,0.0,1.0,0.0,0.0,0.0,0.0
10.1021/je0498863,3.777452212,332.15,2.107994977,BF4,0.0,1.0,0.0,0.0,0.0,0.0
10.1021/je0498863,0.0,233.75,2.361657597,BF4,0.0,1.0,0.0,0.0,0.0,0.0
10.1021/je0498863,0.0,243.65,2.361587833,BF4,0.0,1.0,0.0,0.0,0.0,0.0
10.1021/je0498863,0.050648807,253.35,2.365703921,BF4,0.0,1.0,0.0,0.0,0.0,0.0
10.1021/je0498863,0.128784708,263.15,2.3653551,BF4,0.0,1.0,0.0,0.0,0.0,0.0
10.1021/je0498863,0.332217106,272.95,2.355518348,BF4,0.0,1.0,0.0,0.0,0.0,0.0
10.1021/je0498863,0.628854472,282.85,2.363122645,BF4,0.0,1.0,0.0,0.0,0.0,0.0
10.1021/je0498863,0.988419143,292.65,2.35705316,BF4,0.0,1.0,0.0,0.0,0.0,0.0
10.1021/je0498863,1.425840659,302.55,2.359564671,BF4,0.0,1.0,0.0,0.0,0.0,0.0
10.1021/je0498863,1.972931492,312.45,2.352658016,BF4,0.0,1.0,0.0,0.0,0.0,0.0
10.1021/je0498863,2.613645877,322.35,2.349797684,BF4,0.0,1.0,0.0,0.0,0.0,0.0
10.1021/je0498863,3.332496163,332.15,2.346588531,BF4,0.0,1.0,0.0,0.0,0.0,0.0
10.1021/je0498863,0.409090909,233.75,0.271691272,BF4,0.0,0.8,0.0,0.0,0.2,0.0
10.1021/je0498863,0.666666667,243.65,0.270590521,BF4,0.0,0.8,0.0,0.0,0.2,0.0
10.1021/je0498863,1.0,253.35,0.269166019,BF4,0.0,0.8,0.0,0.0,0.2,0.0
10.1021/je0498863,1.378787879,263.15,0.267547268,BF4,0.0,0.8,0.0,0.0,0.2,0.0
10.1021/je0498863,1.833333333,272.95,0.265604766,BF4,0.0,0.8,0.0,0.0,0.2,0.0
10.1021/je0498863,2.287878788,282.85,0.263662264,BF4,0.0,0.8,0.0,0.0,0.2,0.0
10.1021/je0498863,2.787878788,292.65,0.261525512,BF4,0.0,0.8,0.0,0.0,0.2,0.0
10.1021/je0498863,3.303030303,302.55,0.259324009,BF4,0.0,0.8,0.0,0.0,0.2,0.0
10.1021/je0498863,3.833333333,312.45,0.257057757,BF4,0.0,0.8,0.0,0.0,0.2,0.0
10.1021/je0498863,4.393939394,322.35,0.254662005,BF4,0.0,0.8,0.0,0.0,0.2,0.0
10.1021/je0498863,4.924242424,332.15,0.252395752,BF4,0.0,0.8,0.0,0.0,0.2,0.0
10.1021/je0498863,1.96969697,272.95,0.333398083,BF4,0.0,0.8,0.0,0.0,0.2,0.0
10.1021/je0498863,2.454545455,282.85,0.331326081,BF4,0.0,0.8,0.0,0.0,0.2,0.0
10.1021/je0498863,3.0,292.65,0.328995079,BF4,0.0,0.8,0.0,0.0,0.2,0.0
10.1021/je0498863,3.560606061,302.55,0.326599327,BF4,0.0,0.8,0.0,0.0,0.2,0.0
10.1021/je0498863,4.151515152,312.45,0.324074074,BF4,0.0,0.8,0.0,0.0,0.2,0.0
10.1021/je0498863,4.757575758,322.35,0.321484071,BF4,0.0,0.8,0.0,0.0,0.2,0.0
10.1021/je0498863,5.363636364,332.15,0.318894069,BF4,0.0,0.8,0.0,0.0,0.2,0.0
10.1021/je0498863,0.424242424,292.65,0.344276094,BF4,0.0,0.8,0.0,0.0,0.2,0.0
10.1021/je0498863,0.712121212,302.55,0.343045843,BF4,0.0,0.8,0.0,0.0,0.2,0.0
10.1021/je0498863,1.060606061,312.45,0.341556592,BF4,0.0,0.8,0.0,0.0,0.2,0.0
10.1021/je0498863,1.454545455,322.35,0.33987309,BF4,0.0,0.8,0.0,0.0,0.2,0.0
10.1021/je0498863,2.454545455,332.15,0.331326081,BF4,0.0,0.8,0.0,0.0,0.2,0.0
10.1021/je0498863,2.560606061,282.85,0.407795908,BF4,0.0,0.8,0.0,0.0,0.2,0.0
10.1021/je0498863,3.136363636,292.65,0.401061901,BF4,0.0,0.8,0.0,0.0,0.2,0.0
10.1021/je0498863,3.757575758,302.55,0.402680653,BF4,0.0,0.8,0.0,0.0,0.2,0.0
10.1021/je0498863,4.393939394,312.45,0.395687646,BF4,0.0,0.8,0.0,0.0,0.2,0.0
10.1021/je0498863,5.03030303,322.35,0.392968143,BF4,0.0,0.8,0.0,0.0,0.2,0.0
10.1021/je0498863,5.681818182,332.15,0.394457394,BF4,0.0,0.8,0.0,0.0,0.2,0.0
10.1021/je0498863,0.424242424,282.85,0.416925667,BF4,0.0,0.8,0.0,0.0,0.2,0.0
10.1021/je0498863,0.712121212,292.65,0.415695416,BF4,0.0,0.8,0.0,0.0,0.2,0.0
10.1021/je0498863,1.075757576,302.55,0.414141414,BF4,0.0,0.8,0.0,0.0,0.2,0.0
10.1021/je0498863,1.515151515,312.45,0.412263662,BF4,0.0,0.8,0.0,0.0,0.2,0.0
10.1021/je0498863,2.015151515,322.35,0.41012691,BF4,0.0,0.8,0.0,0.0,0.2,0.0
10.1021/je0498863,3.757575758,332.15,0.402680653,BF4,0.0,0.8,0.0,0.0,0.2,0.0
10.1021/je0498863,1.075757576,253.35,0.495337995,BF4,0.0,0.8,0.0,0.0,0.2,0.0
10.1021/je0498863,1.53030303,263.15,0.493395493,BF4,0.0,0.8,0.0,0.0,0.2,0.0
10.1021/je0498863,2.03030303,272.95,0.491258741,BF4,0.0,0.8,0.0,0.0,0.2,0.0
10.1021/je0498863,2.606060606,282.85,0.488798239,BF4,0.0,0.8,0.0,0.0,0.2,0.0
10.1021/je0498863,3.227272727,292.65,0.486143486,BF4,0.0,0.8,0.0,0.0,0.2,0.0
10.1021/je0498863,3.863636364,302.55,0.487697488,BF4,0.0,0.8,0.0,0.0,0.2,0.0
10.1021/je0498863,4.53030303,312.45,0.480574981,BF4,0.0,0.8,0.0,0.0,0.2,0.0
10.1021/je0498863,5.212121212,322.35,0.477661228,BF4,0.0,0.8,0.0,0.0,0.2,0.0
10.1021/je0498863,5.909090909,332.15,0.474682725,BF4,0.0,0.8,0.0,0.0,0.2,0.0
10.1021/je0498863,0.409090909,312.45,0.502460502,BF4,0.0,0.8,0.0,0.0,0.2,0.0
10.1021/je0498863,0.712121212,322.35,0.496891997,BF4,0.0,0.8,0.0,0.0,0.2,0.0
10.1021/je0498863,3.863636364,332.15,0.487697488,BF4,0.0,0.8,0.0,0.0,0.2,0.0
10.1021/je0498863,1.515151515,263.15,0.591750842,BF4,0.0,0.8,0.0,0.0,0.2,0.0
10.1021/je0498863,2.03030303,272.95,0.58954934,BF4,0.0,0.8,0.0,0.0,0.2,0.0
10.1021/je0498863,2.621212121,282.85,0.587024087,BF4,0.0,0.8,0.0,0.0,0.2,0.0
10.1021/je0498863,3.242424242,292.65,0.584369334,BF4,0.0,0.8,0.0,0.0,0.2,0.0
10.1021/je0498863,3.909090909,302.55,0.581520332,BF4,0.0,0.8,0.0,0.0,0.2,0.0
10.1021/je0498863,4.590909091,312.45,0.578606579,BF4,0.0,0.8,0.0,0.0,0.2,0.0
10.1021/je0498863,5.303030303,322.35,0.575563326,BF4,0.0,0.8,0.0,0.0,0.2,0.0
10.1021/je0498863,6.03030303,332.15,0.572455322,BF4,0.0,0.8,0.0,0.0,0.2,0.0
10.1021/je0498863,0.393939394,302.55,0.596542347,BF4,0.0,0.8,0.0,0.0,0.2,0.0
10.1021/je0498863,0.681818182,312.45,0.595312095,BF4,0.0,0.8,0.0,0.0,0.2,0.0
10.1021/je0498863,1.060606061,322.35,0.593693344,BF4,0.0,0.8,0.0,0.0,0.2,0.0
10.1021/je0498863,3.242424242,332.15,0.584369334,BF4,0.0,0.8,0.0,0.0,0.2,0.0
10.1021/je0498863,0.651515152,253.35,0.676638177,BF4,0.0,0.8,0.0,0.0,0.2,0.0
10.1021/je0498863,1.015151515,263.15,0.675084175,BF4,0.0,0.8,0.0,0.0,0.2,0.0
10.1021/je0498863,2.0,272.95,0.675148925,BF4,0.0,0.8,0.0,0.0,0.2,0.0
10.1021/je0498863,2.590909091,282.85,0.672623673,BF4,0.0,0.8,0.0,0.0,0.2,0.0
10.1021/je0498863,3.227272727,292.65,0.66990417,BF4,0.0,0.8,0.0,0.0,0.2,0.0
10.1021/je0498863,3.893939394,302.55,0.667055167,BF4,0.0,0.8,0.0,0.0,0.2,0.0
10.1021/je0498863,4.606060606,312.45,0.664011914,BF4,0.0,0.8,0.0,0.0,0.2,0.0
10.1021/je0498863,5.348484848,322.35,0.660839161,BF4,0.0,0.8,0.0,0.0,0.2,0.0
10.1021/je0498863,6.090909091,332.15,0.657666408,BF4,0.0,0.8,0.0,0.0,0.2,0.0
10.1021/je0498863,0.363636364,312.45,0.682141932,BF4,0.0,0.8,0.0,0.0,0.2,0.0
10.1021/je0498863,1.46969697,322.35,0.677415177,BF4,0.0,0.8,0.0,0.0,0.2,0.0
10.1021/je0498863,3.893939394,332.15,0.667055167,BF4,0.0,0.8,0.0,0.0,0.2,0.0
10.1021/je0498863,1.924242424,272.95,0.769489769,BF4,0.0,0.8,0.0,0.0,0.2,0.0
10.1021/je0498863,2.53030303,282.85,0.766899767,BF4,0.0,0.8,0.0,0.0,0.2,0.0
10.1021/je0498863,3.166666667,292.65,0.764180264,BF4,0.0,0.8,0.0,0.0,0.2,0.0
10.1021/je0498863,3.848484848,302.55,0.761266511,BF4,0.0,0.8,0.0,0.0,0.2,0.0
10.1021/je0498863,4.575757576,312.45,0.758158508,BF4,0.0,0.8,0.0,0.0,0.2,0.0
10.1021/je0498863,5.333333333,322.35,0.754921005,BF4,0.0,0.8,0.0,0.0,0.2,0.0
10.1021/je0498863,6.075757576,332.15,0.751748252,BF4,0.0,0.8,0.0,0.0,0.2,0.0
10.1021/je0498863,0.333333333,292.65,0.776288526,BF4,0.0,0.8,0.0,0.0,0.2,0.0
10.1021/je0498863,0.590909091,302.55,0.775187775,BF4,0.0,0.8,0.0,0.0,0.2,0.0
10.1021/je0498863,0.954545455,312.45,0.773633774,BF4,0.0,0.8,0.0,0.0,0.2,0.0
10.1021/je0498863,1.409090909,322.35,0.771691272,BF4,0.0,0.8,0.0,0.0,0.2,0.0
10.1021/je0498863,3.848484848,332.15,0.761266511,BF4,0.0,0.8,0.0,0.0,0.2,0.0
10.1021/je0498863,3.060606061,292.65,0.8501036,BF4,0.0,0.8,0.0,0.0,0.2,0.0
10.1021/je0498863,3.757575758,302.55,0.847125097,BF4,0.0,0.8,0.0,0.0,0.2,0.0
10.1021/je0498863,4.484848485,312.45,0.83974359,BF4,0.0,0.8,0.0,0.0,0.2,0.0
10.1021/je0498863,5.242424242,322.35,0.836506087,BF4,0.0,0.8,0.0,0.0,0.2,0.0
10.1021/je0498863,6.015151515,332.15,0.837477337,BF4,0.0,0.8,0.0,0.0,0.2,0.0
10.1021/je0498863,0.287878788,272.95,0.861952862,BF4,0.0,0.8,0.0,0.0,0.2,0.0
10.1021/je0498863,0.560606061,282.85,0.860787361,BF4,0.0,0.8,0.0,0.0,0.2,0.0
10.1021/je0498863,0.924242424,292.65,0.859233359,BF4,0.0,0.8,0.0,0.0,0.2,0.0
10.1021/je0498863,1.333333333,302.55,0.857485107,BF4,0.0,0.8,0.0,0.0,0.2,0.0
10.1021/je0498863,1.833333333,312.45,0.855348355,BF4,0.0,0.8,0.0,0.0,0.2,0.0
10.1021/je0498863,2.409090909,322.35,0.852887853,BF4,0.0,0.8,0.0,0.0,0.2,0.0
10.1021/je0498863,3.757575758,332.15,0.847125097,BF4,0.0,0.8,0.0,0.0,0.2,0.0
10.1021/je0498863,0.484848485,263.15,0.959401709,BF4,0.0,0.8,0.0,0.0,0.2,0.0
10.1021/je0498863,1.757575758,272.95,0.958236208,BF4,0.0,0.8,0.0,0.0,0.2,0.0
10.1021/je0498863,2.333333333,282.85,0.955775706,BF4,0.0,0.8,0.0,0.0,0.2,0.0
10.1021/je0498863,2.939393939,292.65,0.953185703,BF4,0.0,0.8,0.0,0.0,0.2,0.0
10.1021/je0498863,3.621212121,302.55,0.95027195,BF4,0.0,0.8,0.0,0.0,0.2,0.0
10.1021/je0498863,4.348484848,312.45,0.947163947,BF4,0.0,0.8,0.0,0.0,0.2,0.0
10.1021/je0498863,5.106060606,322.35,0.943926444,BF4,0.0,0.8,0.0,0.0,0.2,0.0
10.1021/je0498863,5.924242424,332.15,0.936156436,BF4,0.0,0.8,0.0,0.0,0.2,0.0
10.1021/je0498863,0.272727273,302.55,0.964581715,BF4,0.0,0.8,0.0,0.0,0.2,0.0
10.1021/je0498863,0.818181818,312.45,0.962250712,BF4,0.0,0.8,0.0,0.0,0.2,0.0
10.1021/je0498863,1.242424242,322.35,0.96043771,BF4,0.0,0.8,0.0,0.0,0.2,0.0
10.1021/je0498863,3.621212121,332.15,0.95027195,BF4,0.0,0.8,0.0,0.0,0.2,0.0
10.1021/je0498863,2.818181818,292.65,1.060541311,BF4,0.0,0.8,0.0,0.0,0.2,0.0
10.1021/je0498863,3.484848485,302.55,1.057692308,BF4,0.0,0.8,0.0,0.0,0.2,0.0
10.1021/je0498863,4.212121212,312.45,1.054584305,BF4,0.0,0.8,0.0,0.0,0.2,0.0
10.1021/je0498863,4.96969697,322.35,1.051346801,BF4,0.0,0.8,0.0,0.0,0.2,0.0
10.1021/je0498863,5.757575758,332.15,1.047979798,BF4,0.0,0.8,0.0,0.0,0.2,0.0
10.1021/je0498863,0.212121212,272.95,1.071678322,BF4,0.0,0.8,0.0,0.0,0.2,0.0
10.1021/je0498863,0.439393939,282.85,1.070707071,BF4,0.0,0.8,0.0,0.0,0.2,0.0
10.1021/je0498863,0.742424242,292.65,1.069412069,BF4,0.0,0.8,0.0,0.0,0.2,0.0
10.1021/je0498863,1.151515152,302.55,1.067663818,BF4,0.0,0.8,0.0,0.0,0.2,0.0
10.1021/je0498863,1.636363636,312.45,1.065591816,BF4,0.0,0.8,0.0,0.0,0.2,0.0
10.1021/je0498863,2.212121212,322.35,1.067404817,BF4,0.0,0.8,0.0,0.0,0.2,0.0
10.1021/je0498863,3.484848485,332.15,1.057692308,BF4,0.0,0.8,0.0,0.0,0.2,0.0
10.1021/je0498863,0.181818182,233.75,1.208559959,BF4,0.0,0.8,0.0,0.0,0.2,0.0
10.1021/je0498863,0.378787879,243.65,1.207718208,BF4,0.0,0.8,0.0,0.0,0.2,0.0
10.1021/je0498863,0.666666667,253.35,1.206487956,BF4,0.0,0.8,0.0,0.0,0.2,0.0
10.1021/je0498863,1.03030303,263.15,1.204933955,BF4,0.0,0.8,0.0,0.0,0.2,0.0
10.1021/je0498863,1.484848485,272.95,1.202991453,BF4,0.0,0.8,0.0,0.0,0.2,0.0
10.1021/je0498863,2.015151515,282.85,1.200725201,BF4,0.0,0.8,0.0,0.0,0.2,0.0
10.1021/je0498863,2.621212121,292.65,1.198135198,BF4,0.0,0.8,0.0,0.0,0.2,0.0
10.1021/je0498863,3.272727273,302.55,1.195350945,BF4,0.0,0.8,0.0,0.0,0.2,0.0
10.1021/je0498863,3.984848485,312.45,1.192307692,BF4,0.0,0.8,0.0,0.0,0.2,0.0
10.1021/je0498863,4.742424242,322.35,1.189070189,BF4,0.0,0.8,0.0,0.0,0.2,0.0
10.1021/je0498863,5.545454545,332.15,1.185638436,BF4,0.0,0.8,0.0,0.0,0.2,0.0
10.1021/je0498863,0.151515152,233.75,1.341168091,BF4,0.0,0.8,0.0,0.0,0.2,0.0
10.1021/je0498863,0.318181818,243.65,1.34045584,BF4,0.0,0.8,0.0,0.0,0.2,0.0
10.1021/je0498863,0.575757576,253.35,1.339355089,BF4,0.0,0.8,0.0,0.0,0.2,0.0
10.1021/je0498863,0.909090909,263.15,1.337930588,BF4,0.0,0.8,0.0,0.0,0.2,0.0
10.1021/je0498863,1.348484848,272.95,1.336052836,BF4,0.0,0.8,0.0,0.0,0.2,0.0
10.1021/je0498863,1.848484848,282.85,1.333916084,BF4,0.0,0.8,0.0,0.0,0.2,0.0
10.1021/je0498863,2.439393939,292.65,1.331390831,BF4,0.0,0.8,0.0,0.0,0.2,0.0
10.1021/je0498863,3.075757576,302.55,1.328671329,BF4,0.0,0.8,0.0,0.0,0.2,0.0
10.1021/je0498863,3.757575758,312.45,1.325757576,BF4,0.0,0.8,0.0,0.0,0.2,0.0
10.1021/je0498863,4.515151515,322.35,1.326793577,BF4,0.0,0.8,0.0,0.0,0.2,0.0
10.1021/je0498863,5.257575758,332.15,1.319347319,BF4,0.0,0.8,0.0,0.0,0.2,0.0
10.1021/je0498863,0.803030303,272.95,1.487956488,BF4,0.0,0.8,0.0,0.0,0.2,0.0
10.1021/je0498863,1.666666667,282.85,1.484265734,BF4,0.0,0.8,0.0,0.0,0.2,0.0
10.1021/je0498863,2.212121212,292.65,1.481934732,BF4,0.0,0.8,0.0,0.0,0.2,0.0
10.1021/je0498863,2.833333333,302.55,1.483553484,BF4,0.0,0.8,0.0,0.0,0.2,0.0
10.1021/je0498863,3.515151515,312.45,1.480639731,BF4,0.0,0.8,0.0,0.0,0.2,0.0
10.1021/je0498863,4.227272727,322.35,1.477596478,BF4,0.0,0.8,0.0,0.0,0.2,0.0
10.1021/je0498863,5.0,332.15,1.47002072,BF4,0.0,0.8,0.0,0.0,0.2,0.0
10.1021/je0498863,0.121212121,292.65,1.495143745,BF4,0.0,0.8,0.0,0.0,0.2,0.0
10.1021/je0498863,0.257575758,302.55,1.494560995,BF4,0.0,0.8,0.0,0.0,0.2,0.0
10.1021/je0498863,0.5,312.45,1.493524994,BF4,0.0,0.8,0.0,0.0,0.2,0.0
10.1021/je0498863,1.181818182,322.35,1.490611241,BF4,0.0,0.8,0.0,0.0,0.2,0.0
10.1021/je0498863,3.515151515,332.15,1.480639731,BF4,0.0,0.8,0.0,0.0,0.2,0.0
10.1021/je0498863,1.045454545,272.95,1.653587154,BF4,0.0,0.8,0.0,0.0,0.2,0.0
10.1021/je0498863,1.46969697,282.85,1.656047656,BF4,0.0,0.8,0.0,0.0,0.2,0.0
10.1021/je0498863,1.984848485,292.65,1.64957265,BF4,0.0,0.8,0.0,0.0,0.2,0.0
10.1021/je0498863,2.575757576,302.55,1.651320901,BF4,0.0,0.8,0.0,0.0,0.2,0.0
10.1021/je0498863,3.227272727,312.45,1.644263144,BF4,0.0,0.8,0.0,0.0,0.2,0.0
10.1021/je0498863,3.939393939,322.35,1.645493395,BF4,0.0,0.8,0.0,0.0,0.2,0.0
10.1021/je0498863,4.696969697,332.15,1.637982388,BF4,0.0,0.8,0.0,0.0,0.2,0.0
10.1021/je0498863,0.075757576,292.65,1.662004662,BF4,0.0,0.8,0.0,0.0,0.2,0.0
10.1021/je0498863,0.212121212,302.55,1.661421911,BF4,0.0,0.8,0.0,0.0,0.2,0.0
10.1021/je0498863,0.393939394,312.45,1.660644911,BF4,0.0,0.8,0.0,0.0,0.2,0.0
10.1021/je0498863,0.666666667,322.35,1.659479409,BF4,0.0,0.8,0.0,0.0,0.2,0.0
10.1021/je0498863,2.575757576,332.15,1.651320901,BF4,0.0,0.8,0.0,0.0,0.2,0.0
10.1021/je0498863,0.045454545,253.35,1.867262367,BF4,0.0,0.8,0.0,0.0,0.2,0.0
10.1021/je0498863,0.136363636,263.15,1.866873867,BF4,0.0,0.8,0.0,0.0,0.2,0.0
10.1021/je0498863,0.560606061,272.95,1.865060865,BF4,0.0,0.8,0.0,0.0,0.2,0.0
10.1021/je0498863,1.257575758,282.85,1.857808858,BF4,0.0,0.8,0.0,0.0,0.2,0.0
10.1021/je0498863,1.742424242,292.65,1.86001036,BF4,0.0,0.8,0.0,0.0,0.2,0.0
10.1021/je0498863,2.272727273,302.55,1.857744108,BF4,0.0,0.8,0.0,0.0,0.2,0.0
10.1021/je0498863,2.893939394,312.45,1.855089355,BF4,0.0,0.8,0.0,0.0,0.2,0.0
10.1021/je0498863,3.560606061,322.35,1.856513857,BF4,0.0,0.8,0.0,0.0,0.2,0.0
10.1021/je0498863,4.303030303,332.15,1.853341103,BF4,0.0,0.8,0.0,0.0,0.2,0.0
10.1021/je0498863,0.303030303,312.45,1.87043512,BF4,0.0,0.8,0.0,0.0,0.2,0.0
10.1021/je0498863,0.863636364,322.35,1.868039368,BF4,0.0,0.8,0.0,0.0,0.2,0.0
10.1021/je0498863,2.272727273,332.15,1.857744108,BF4,0.0,0.8,0.0,0.0,0.2,0.0
10.1021/je0498863,0.045454545,243.65,2.063843564,BF4,0.0,0.8,0.0,0.0,0.2,0.0
10.1021/je0498863,0.227272727,253.35,2.063066563,BF4,0.0,0.8,0.0,0.0,0.2,0.0
10.1021/je0498863,0.454545455,263.15,2.062095312,BF4,0.0,0.8,0.0,0.0,0.2,0.0
10.1021/je0498863,0.712121212,272.95,2.060994561,BF4,0.0,0.8,0.0,0.0,0.2,0.0
10.1021/je0498863,1.090909091,282.85,2.055102305,BF4,0.0,0.8,0.0,0.0,0.2,0.0
10.1021/je0498863,1.53030303,292.65,2.057498057,BF4,0.0,0.8,0.0,0.0,0.2,0.0
10.1021/je0498863,2.015151515,302.55,2.051152551,BF4,0.0,0.8,0.0,0.0,0.2,0.0
10.1021/je0498863,2.606060606,312.45,2.048627299,BF4,0.0,0.8,0.0,0.0,0.2,0.0
10.1021/je0498863,3.257575758,322.35,2.05011655,BF4,0.0,0.8,0.0,0.0,0.2,0.0
10.1021/je0498863,3.954545455,332.15,2.047138047,BF4,0.0,0.8,0.0,0.0,0.2,0.0
10.1021/je0498863,0.106060606,322.35,2.067858068,BF4,0.0,0.8,0.0,0.0,0.2,0.0
10.1021/je0498863,1.53030303,332.15,2.057498057,BF4,0.0,0.8,0.0,0.0,0.2,0.0
10.1021/je0498863,0.410958904,233.75,0.299212598,BF4,0.0,0.9,0.0,0.0,0.1,0.0
10.1021/je0498863,0.671232877,243.65,0.299212598,BF4,0.0,0.9,0.0,0.0,0.1,0.0
10.1021/je0498863,1.02739726,253.35,0.299212598,BF4,0.0,0.9,0.0,0.0,0.1,0.0
10.1021/je0498863,1.438356164,263.15,0.299212598,BF4,0.0,0.9,0.0,0.0,0.1,0.0
10.1021/je0498863,1.890410959,272.95,0.299212598,BF4,0.0,0.9,0.0,0.0,0.1,0.0
10.1021/je0498863,2.424657534,282.85,0.299212598,BF4,0.0,0.9,0.0,0.0,0.1,0.0
10.1021/je0498863,2.97260274,292.65,0.299212598,BF4,0.0,0.9,0.0,0.0,0.1,0.0
10.1021/je0498863,3.547945205,302.55,0.299212598,BF4,0.0,0.9,0.0,0.0,0.1,0.0
10.1021/je0498863,4.150684932,312.45,0.303149606,BF4,0.0,0.9,0.0,0.0,0.1,0.0
10.1021/je0498863,4.767123288,322.35,0.299212598,BF4,0.0,0.9,0.0,0.0,0.1,0.0
10.1021/je0498863,5.383561644,332.15,0.299212598,BF4,0.0,0.9,0.0,0.0,0.1,0.0
10.1021/je0498863,0.424657534,233.75,0.358267717,BF4,0.0,0.9,0.0,0.0,0.1,0.0
10.1021/je0498863,0.698630137,243.65,0.358267717,BF4,0.0,0.9,0.0,0.0,0.1,0.0
10.1021/je0498863,1.068493151,253.35,0.358267717,BF4,0.0,0.9,0.0,0.0,0.1,0.0
10.1021/je0498863,1.493150685,263.15,0.358267717,BF4,0.0,0.9,0.0,0.0,0.1,0.0
10.1021/je0498863,2.0,272.95,0.358267717,BF4,0.0,0.9,0.0,0.0,0.1,0.0
10.1021/je0498863,2.547945205,282.85,0.358267717,BF4,0.0,0.9,0.0,0.0,0.1,0.0
10.1021/je0498863,3.123287671,292.65,0.358267717,BF4,0.0,0.9,0.0,0.0,0.1,0.0
10.1021/je0498863,3.753424658,302.55,0.354330709,BF4,0.0,0.9,0.0,0.0,0.1,0.0
10.1021/je0498863,4.397260274,312.45,0.354330709,BF4,0.0,0.9,0.0,0.0,0.1,0.0
10.1021/je0498863,5.068493151,322.35,0.358267717,BF4,0.0,0.9,0.0,0.0,0.1,0.0
10.1021/je0498863,5.726027397,332.15,0.358267717,BF4,0.0,0.9,0.0,0.0,0.1,0.0
10.1021/je0498863,0.410958904,233.75,0.437007874,BF4,0.0,0.9,0.0,0.0,0.1,0.0
10.1021/je0498863,0.698630137,243.65,0.437007874,BF4,0.0,0.9,0.0,0.0,0.1,0.0
10.1021/je0498863,1.068493151,253.35,0.437007874,BF4,0.0,0.9,0.0,0.0,0.1,0.0
10.1021/je0498863,1.520547945,263.15,0.437007874,BF4,0.0,0.9,0.0,0.0,0.1,0.0
10.1021/je0498863,2.054794521,272.95,0.437007874,BF4,0.0,0.9,0.0,0.0,0.1,0.0
10.1021/je0498863,2.643835616,282.85,0.433070866,BF4,0.0,0.9,0.0,0.0,0.1,0.0
10.1021/je0498863,3.246575342,292.65,0.433070866,BF4,0.0,0.9,0.0,0.0,0.1,0.0
10.1021/je0498863,3.917808219,302.55,0.433070866,BF4,0.0,0.9,0.0,0.0,0.1,0.0
10.1021/je0498863,4.616438356,312.45,0.437007874,BF4,0.0,0.9,0.0,0.0,0.1,0.0
10.1021/je0498863,5.315068493,322.35,0.437007874,BF4,0.0,0.9,0.0,0.0,0.1,0.0
10.1021/je0498863,6.054794521,332.15,0.437007874,BF4,0.0,0.9,0.0,0.0,0.1,0.0
10.1021/je0498863,0.383561644,233.75,0.511811024,BF4,0.0,0.9,0.0,0.0,0.1,0.0
10.1021/je0498863,0.684931507,243.65,0.511811024,BF4,0.0,0.9,0.0,0.0,0.1,0.0
10.1021/je0498863,1.054794521,253.35,0.511811024,BF4,0.0,0.9,0.0,0.0,0.1,0.0
10.1021/je0498863,1.520547945,263.15,0.511811024,BF4,0.0,0.9,0.0,0.0,0.1,0.0
10.1021/je0498863,2.068493151,272.95,0.515748031,BF4,0.0,0.9,0.0,0.0,0.1,0.0
10.1021/je0498863,2.657534247,282.85,0.511811024,BF4,0.0,0.9,0.0,0.0,0.1,0.0
10.1021/je0498863,3.315068493,292.65,0.511811024,BF4,0.0,0.9,0.0,0.0,0.1,0.0
10.1021/je0498863,4.0,302.55,0.511811024,BF4,0.0,0.9,0.0,0.0,0.1,0.0
10.1021/je0498863,4.726027397,312.45,0.511811024,BF4,0.0,0.9,0.0,0.0,0.1,0.0
10.1021/je0498863,5.479452055,322.35,0.511811024,BF4,0.0,0.9,0.0,0.0,0.1,0.0
10.1021/je0498863,6.246575342,332.15,0.511811024,BF4,0.0,0.9,0.0,0.0,0.1,0.0
10.1021/je0498863,0.383561644,233.75,0.594488189,BF4,0.0,0.9,0.0,0.0,0.1,0.0
10.1021/je0498863,0.643835616,243.65,0.598425197,BF4,0.0,0.9,0.0,0.0,0.1,0.0
10.1021/je0498863,1.02739726,253.35,0.594488189,BF4,0.0,0.9,0.0,0.0,0.1,0.0
10.1021/je0498863,1.493150685,263.15,0.598425197,BF4,0.0,0.9,0.0,0.0,0.1,0.0
10.1021/je0498863,2.04109589,272.95,0.598425197,BF4,0.0,0.9,0.0,0.0,0.1,0.0
10.1021/je0498863,2.657534247,282.85,0.598425197,BF4,0.0,0.9,0.0,0.0,0.1,0.0
10.1021/je0498863,3.328767123,292.65,0.598425197,BF4,0.0,0.9,0.0,0.0,0.1,0.0
10.1021/je0498863,4.02739726,302.55,0.598425197,BF4,0.0,0.9,0.0,0.0,0.1,0.0
10.1021/je0498863,4.767123288,312.45,0.594488189,BF4,0.0,0.9,0.0,0.0,0.1,0.0
10.1021/je0498863,5.561643836,322.35,0.598425197,BF4,0.0,0.9,0.0,0.0,0.1,0.0
10.1021/je0498863,6.342465753,332.15,0.598425197,BF4,0.0,0.9,0.0,0.0,0.1,0.0
10.1021/je0498863,0.342465753,233.75,0.681102362,BF4,0.0,0.9,0.0,0.0,0.1,0.0
10.1021/je0498863,0.616438356,243.65,0.681102362,BF4,0.0,0.9,0.0,0.0,0.1,0.0
10.1021/je0498863,0.97260274,253.35,0.681102362,BF4,0.0,0.9,0.0,0.0,0.1,0.0
10.1021/je0498863,1.438356164,263.15,0.681102362,BF4,0.0,0.9,0.0,0.0,0.1,0.0
10.1021/je0498863,1.98630137,272.95,0.681102362,BF4,0.0,0.9,0.0,0.0,0.1,0.0
10.1021/je0498863,2.616438356,282.85,0.681102362,BF4,0.0,0.9,0.0,0.0,0.1,0.0
10.1021/je0498863,3.287671233,292.65,0.681102362,BF4,0.0,0.9,0.0,0.0,0.1,0.0
10.1021/je0498863,4.0,302.55,0.677165354,BF4,0.0,0.9,0.0,0.0,0.1,0.0
10.1021/je0498863,4.767123288,312.45,0.681102362,BF4,0.0,0.9,0.0,0.0,0.1,0.0
10.1021/je0498863,5.561643836,322.35,0.681102362,BF4,0.0,0.9,0.0,0.0,0.1,0.0
10.1021/je0498863,6.369863014,332.15,0.681102362,BF4,0.0,0.9,0.0,0.0,0.1,0.0
10.1021/je0498863,0.301369863,233.75,0.775590551,BF4,0.0,0.9,0.0,0.0,0.1,0.0
10.1021/je0498863,0.575342466,243.65,0.779527559,BF4,0.0,0.9,0.0,0.0,0.1,0.0
10.1021/je0498863,0.917808219,253.35,0.775590551,BF4,0.0,0.9,0.0,0.0,0.1,0.0
10.1021/je0498863,1.369863014,263.15,0.775590551,BF4,0.0,0.9,0.0,0.0,0.1,0.0
10.1021/je0498863,1.917808219,272.95,0.775590551,BF4,0.0,0.9,0.0,0.0,0.1,0.0
10.1021/je0498863,2.534246575,282.85,0.775590551,BF4,0.0,0.9,0.0,0.0,0.1,0.0
10.1021/je0498863,3.219178082,292.65,0.775590551,BF4,0.0,0.9,0.0,0.0,0.1,0.0
10.1021/je0498863,3.931506849,302.55,0.775590551,BF4,0.0,0.9,0.0,0.0,0.1,0.0
10.1021/je0498863,4.698630137,312.45,0.775590551,BF4,0.0,0.9,0.0,0.0,0.1,0.0
10.1021/je0498863,5.506849315,322.35,0.779527559,BF4,0.0,0.9,0.0,0.0,0.1,0.0
10.1021/je0498863,6.342465753,332.15,0.775590551,BF4,0.0,0.9,0.0,0.0,0.1,0.0
10.1021/je0498863,0.273972603,233.75,0.877952756,BF4,0.0,0.9,0.0,0.0,0.1,0.0
10.1021/je0498863,0.520547945,243.65,0.877952756,BF4,0.0,0.9,0.0,0.0,0.1,0.0
10.1021/je0498863,0.849315068,253.35,0.877952756,BF4,0.0,0.9,0.0,0.0,0.1,0.0
10.1021/je0498863,1.273972603,263.15,0.877952756,BF4,0.0,0.9,0.0,0.0,0.1,0.0
10.1021/je0498863,1.808219178,272.95,0.877952756,BF4,0.0,0.9,0.0,0.0,0.1,0.0
10.1021/je0498863,2.424657534,282.85,0.877952756,BF4,0.0,0.9,0.0,0.0,0.1,0.0
10.1021/je0498863,3.082191781,292.65,0.877952756,BF4,0.0,0.9,0.0,0.0,0.1,0.0
10.1021/je0498863,3.808219178,302.55,0.874015748,BF4,0.0,0.9,0.0,0.0,0.1,0.0
10.1021/je0498863,4.589041096,312.45,0.874015748,BF4,0.0,0.9,0.0,0.0,0.1,0.0
10.1021/je0498863,5.397260274,322.35,0.877952756,BF4,0.0,0.9,0.0,0.0,0.1,0.0
10.1021/je0498863,6.246575342,332.15,0.877952756,BF4,0.0,0.9,0.0,0.0,0.1,0.0
10.1021/je0498863,0.246575342,233.75,0.980314961,BF4,0.0,0.9,0.0,0.0,0.1,0.0
10.1021/je0498863,0.452054795,243.65,0.980314961,BF4,0.0,0.9,0.0,0.0,0.1,0.0
10.1021/je0498863,0.767123288,253.35,0.980314961,BF4,0.0,0.9,0.0,0.0,0.1,0.0
10.1021/je0498863,1.205479452,263.15,0.980314961,BF4,0.0,0.9,0.0,0.0,0.1,0.0
10.1021/je0498863,1.712328767,272.95,0.980314961,BF4,0.0,0.9,0.0,0.0,0.1,0.0
10.1021/je0498863,2.273972603,282.85,0.984251969,BF4,0.0,0.9,0.0,0.0,0.1,0.0
10.1021/je0498863,2.945205479,292.65,0.980314961,BF4,0.0,0.9,0.0,0.0,0.1,0.0
10.1021/je0498863,3.643835616,302.55,0.980314961,BF4,0.0,0.9,0.0,0.0,0.1,0.0
10.1021/je0498863,4.438356164,312.45,0.980314961,BF4,0.0,0.9,0.0,0.0,0.1,0.0
10.1021/je0498863,5.232876712,322.35,0.984251969,BF4,0.0,0.9,0.0,0.0,0.1,0.0
10.1021/je0498863,6.095890411,332.15,0.984251969,BF4,0.0,0.9,0.0,0.0,0.1,0.0
10.1021/je0498863,0.205479452,233.75,1.106299213,BF4,0.0,0.9,0.0,0.0,0.1,0.0
10.1021/je0498863,0.410958904,243.65,1.106299213,BF4,0.0,0.9,0.0,0.0,0.1,0.0
10.1021/je0498863,0.684931507,253.35,1.106299213,BF4,0.0,0.9,0.0,0.0,0.1,0.0
10.1021/je0498863,1.068493151,263.15,1.11023622,BF4,0.0,0.9,0.0,0.0,0.1,0.0
10.1021/je0498863,1.547945205,272.95,1.106299213,BF4,0.0,0.9,0.0,0.0,0.1,0.0
10.1021/je0498863,2.123287671,282.85,1.106299213,BF4,0.0,0.9,0.0,0.0,0.1,0.0
10.1021/je0498863,2.767123288,292.65,1.106299213,BF4,0.0,0.9,0.0,0.0,0.1,0.0
10.1021/je0498863,3.465753425,302.55,1.106299213,BF4,0.0,0.9,0.0,0.0,0.1,0.0
10.1021/je0498863,4.219178082,312.45,1.11023622,BF4,0.0,0.9,0.0,0.0,0.1,0.0
10.1021/je0498863,5.02739726,322.35,1.106299213,BF4,0.0,0.9,0.0,0.0,0.1,0.0
10.1021/je0498863,5.876712329,332.15,1.11023622,BF4,0.0,0.9,0.0,0.0,0.1,0.0
10.1021/je0498863,0.178082192,233.75,1.251968504,BF4,0.0,0.9,0.0,0.0,0.1,0.0
10.1021/je0498863,0.328767123,243.65,1.251968504,BF4,0.0,0.9,0.0,0.0,0.1,0.0
10.1021/je0498863,0.589041096,253.35,1.251968504,BF4,0.0,0.9,0.0,0.0,0.1,0.0
10.1021/je0498863,0.931506849,263.15,1.251968504,BF4,0.0,0.9,0.0,0.0,0.1,0.0
10.1021/je0498863,1.383561644,272.95,1.255905512,BF4,0.0,0.9,0.0,0.0,0.1,0.0
10.1021/je0498863,1.931506849,282.85,1.251968504,BF4,0.0,0.9,0.0,0.0,0.1,0.0
10.1021/je0498863,2.534246575,292.65,1.251968504,BF4,0.0,0.9,0.0,0.0,0.1,0.0
10.1021/je0498863,3.205479452,302.55,1.251968504,BF4,0.0,0.9,0.0,0.0,0.1,0.0
10.1021/je0498863,3.95890411,312.45,1.251968504,BF4,0.0,0.9,0.0,0.0,0.1,0.0
10.1021/je0498863,4.753424658,322.35,1.251968504,BF4,0.0,0.9,0.0,0.0,0.1,0.0
10.1021/je0498863,5.589041096,332.15,1.251968504,BF4,0.0,0.9,0.0,0.0,0.1,0.0
10.1021/je0498863,0.150684932,233.75,1.393700787,BF4,0.0,0.9,0.0,0.0,0.1,0.0
10.1021/je0498863,0.273972603,243.65,1.393700787,BF4,0.0,0.9,0.0,0.0,0.1,0.0
10.1021/je0498863,0.506849315,253.35,1.393700787,BF4,0.0,0.9,0.0,0.0,0.1,0.0
10.1021/je0498863,0.835616438,263.15,1.393700787,BF4,0.0,0.9,0.0,0.0,0.1,0.0
10.1021/je0498863,1.246575342,272.95,1.393700787,BF4,0.0,0.9,0.0,0.0,0.1,0.0
10.1021/je0498863,1.739726027,282.85,1.393700787,BF4,0.0,0.9,0.0,0.0,0.1,0.0
10.1021/je0498863,2.328767123,292.65,1.393700787,BF4,0.0,0.9,0.0,0.0,0.1,0.0
10.1021/je0498863,2.97260274,302.55,1.393700787,BF4,0.0,0.9,0.0,0.0,0.1,0.0
10.1021/je0498863,3.684931507,312.45,1.393700787,BF4,0.0,0.9,0.0,0.0,0.1,0.0
10.1021/je0498863,4.479452055,322.35,1.393700787,BF4,0.0,0.9,0.0,0.0,0.1,0.0
10.1021/je0498863,5.246575342,332.15,1.393700787,BF4,0.0,0.9,0.0,0.0,0.1,0.0
10.1021/je0498863,0.123287671,233.75,1.551181102,BF4,0.0,0.9,0.0,0.0,0.1,0.0
10.1021/je0498863,0.232876712,243.65,1.551181102,BF4,0.0,0.9,0.0,0.0,0.1,0.0
10.1021/je0498863,0.410958904,253.35,1.547244094,BF4,0.0,0.9,0.0,0.0,0.1,0.0
10.1021/je0498863,0.712328767,263.15,1.551181102,BF4,0.0,0.9,0.0,0.0,0.1,0.0
10.1021/je0498863,1.082191781,272.95,1.551181102,BF4,0.0,0.9,0.0,0.0,0.1,0.0
10.1021/je0498863,1.547945205,282.85,1.547244094,BF4,0.0,0.9,0.0,0.0,0.1,0.0
10.1021/je0498863,2.095890411,292.65,1.547244094,BF4,0.0,0.9,0.0,0.0,0.1,0.0
10.1021/je0498863,2.712328767,302.55,1.547244094,BF4,0.0,0.9,0.0,0.0,0.1,0.0
10.1021/je0498863,3.397260274,312.45,1.547244094,BF4,0.0,0.9,0.0,0.0,0.1,0.0
10.1021/je0498863,4.136986301,322.35,1.547244094,BF4,0.0,0.9,0.0,0.0,0.1,0.0
10.1021/je0498863,4.95890411,332.15,1.551181102,BF4,0.0,0.9,0.0,0.0,0.1,0.0
10.1021/je0498863,0.095890411,233.75,1.720472441,BF4,0.0,0.9,0.0,0.0,0.1,0.0
10.1021/je0498863,0.191780822,243.65,1.724409449,BF4,0.0,0.9,0.0,0.0,0.1,0.0
10.1021/je0498863,0.328767123,253.35,1.724409449,BF4,0.0,0.9,0.0,0.0,0.1,0.0
10.1021/je0498863,0.602739726,263.15,1.720472441,BF4,0.0,0.9,0.0,0.0,0.1,0.0
10.1021/je0498863,0.917808219,272.95,1.720472441,BF4,0.0,0.9,0.0,0.0,0.1,0.0
10.1021/je0498863,1.342465753,282.85,1.720472441,BF4,0.0,0.9,0.0,0.0,0.1,0.0
10.1021/je0498863,1.849315068,292.65,1.720472441,BF4,0.0,0.9,0.0,0.0,0.1,0.0
10.1021/je0498863,2.438356164,302.55,1.724409449,BF4,0.0,0.9,0.0,0.0,0.1,0.0
10.1021/je0498863,3.082191781,312.45,1.720472441,BF4,0.0,0.9,0.0,0.0,0.1,0.0
10.1021/je0498863,3.821917808,322.35,1.720472441,BF4,0.0,0.9,0.0,0.0,0.1,0.0
10.1021/je0498863,4.602739726,332.15,1.720472441,BF4,0.0,0.9,0.0,0.0,0.1,0.0
10.1021/je0498863,0.082191781,233.75,1.968503937,BF4,0.0,0.9,0.0,0.0,0.1,0.0
10.1021/je0498863,0.136986301,243.65,1.968503937,BF4,0.0,0.9,0.0,0.0,0.1,0.0
10.1021/je0498863,0.260273973,253.35,1.968503937,BF4,0.0,0.9,0.0,0.0,0.1,0.0
10.1021/je0498863,0.438356164,263.15,1.968503937,BF4,0.0,0.9,0.0,0.0,0.1,0.0
10.1021/je0498863,0.726027397,272.95,1.968503937,BF4,0.0,0.9,0.0,0.0,0.1,0.0
10.1021/je0498863,1.095890411,282.85,1.968503937,BF4,0.0,0.9,0.0,0.0,0.1,0.0
10.1021/je0498863,1.561643836,292.65,1.968503937,BF4,0.0,0.9,0.0,0.0,0.1,0.0
10.1021/je0498863,2.054794521,302.55,1.968503937,BF4,0.0,0.9,0.0,0.0,0.1,0.0
10.1021/je0498863,2.684931507,312.45,1.968503937,BF4,0.0,0.9,0.0,0.0,0.1,0.0
10.1021/je0498863,3.369863014,322.35,1.968503937,BF4,0.0,0.9,0.0,0.0,0.1,0.0
10.1021/je0498863,4.109589041,332.15,1.968503937,BF4,0.0,0.9,0.0,0.0,0.1,0.0
10.1021/je0498863,0.082191781,233.75,2.173228346,BF4,0.0,0.9,0.0,0.0,0.1,0.0
10.1021/je0498863,0.123287671,243.65,2.177165354,BF4,0.0,0.9,0.0,0.0,0.1,0.0
10.1021/je0498863,0.205479452,253.35,2.173228346,BF4,0.0,0.9,0.0,0.0,0.1,0.0
10.1021/je0498863,0.356164384,263.15,2.169291339,BF4,0.0,0.9,0.0,0.0,0.1,0.0
10.1021/je0498863,0.589041096,272.95,2.173228346,BF4,0.0,0.9,0.0,0.0,0.1,0.0
10.1021/je0498863,0.931506849,282.85,2.173228346,BF4,0.0,0.9,0.0,0.0,0.1,0.0
10.1021/je0498863,1.328767123,292.65,2.173228346,BF4,0.0,0.9,0.0,0.0,0.1,0.0
10.1021/je0498863,1.808219178,302.55,2.173228346,BF4,0.0,0.9,0.0,0.0,0.1,0.0
10.1021/je0498863,2.383561644,312.45,2.169291339,BF4,0.0,0.9,0.0,0.0,0.1,0.0
10.1021/je0498863,3.02739726,322.35,2.173228346,BF4,0.0,0.9,0.0,0.0,0.1,0.0
10.1021/je0498863,3.726027397,332.15,2.173228346,BF4,0.0,0.9,0.0,0.0,0.1,0.0
10.1021/je0498863,0.435294118,233.75,0.280172414,BF4,0.0,0.6,0.0,0.0,0.4,0.0
10.1021/je0498863,0.670588235,243.65,0.280172414,BF4,0.0,0.6,0.0,0.0,0.4,0.0
10.1021/je0498863,0.941176471,253.35,0.280172414,BF4,0.0,0.6,0.0,0.0,0.4,0.0
10.1021/je0498863,1.247058824,263.15,0.275862069,BF4,0.0,0.6,0.0,0.0,0.4,0.0
10.1021/je0498863,1.588235294,272.95,0.280172414,BF4,0.0,0.6,0.0,0.0,0.4,0.0
10.1021/je0498863,1.952941176,282.85,0.280172414,BF4,0.0,0.6,0.0,0.0,0.4,0.0
10.1021/je0498863,2.329411765,292.65,0.280172414,BF4,0.0,0.6,0.0,0.0,0.4,0.0
10.1021/je0498863,2.717647059,302.55,0.280172414,BF4,0.0,0.6,0.0,0.0,0.4,0.0
10.1021/je0498863,3.117647059,312.45,0.280172414,BF4,0.0,0.6,0.0,0.0,0.4,0.0
10.1021/je0498863,3.517647059,322.35,0.280172414,BF4,0.0,0.6,0.0,0.0,0.4,0.0
10.1021/je0498863,3.917647059,332.15,0.280172414,BF4,0.0,0.6,0.0,0.0,0.4,0.0
10.1021/je0498863,0.458823529,233.75,0.357758621,BF4,0.0,0.6,0.0,0.0,0.4,0.0
10.1021/je0498863,0.705882353,243.65,0.357758621,BF4,0.0,0.6,0.0,0.0,0.4,0.0
10.1021/je0498863,1.0,253.35,0.357758621,BF4,0.0,0.6,0.0,0.0,0.4,0.0
10.1021/je0498863,1.341176471,263.15,0.357758621,BF4,0.0,0.6,0.0,0.0,0.4,0.0
10.1021/je0498863,1.705882353,272.95,0.357758621,BF4,0.0,0.6,0.0,0.0,0.4,0.0
10.1021/je0498863,2.105882353,282.85,0.357758621,BF4,0.0,0.6,0.0,0.0,0.4,0.0
10.1021/je0498863,2.517647059,292.65,0.357758621,BF4,0.0,0.6,0.0,0.0,0.4,0.0
10.1021/je0498863,2.952941176,302.55,0.357758621,BF4,0.0,0.6,0.0,0.0,0.4,0.0
10.1021/je0498863,3.388235294,312.45,0.357758621,BF4,0.0,0.6,0.0,0.0,0.4,0.0
10.1021/je0498863,3.847058824,322.35,0.357758621,BF4,0.0,0.6,0.0,0.0,0.4,0.0
10.1021/je0498863,4.270588235,332.15,0.357758621,BF4,0.0,0.6,0.0,0.0,0.4,0.0
10.1021/je0498863,0.4,233.75,0.439655172,BF4,0.0,0.6,0.0,0.0,0.4,0.0
10.1021/je0498863,0.729411765,243.65,0.439655172,BF4,0.0,0.6,0.0,0.0,0.4,0.0
10.1021/je0498863,1.023529412,253.35,0.439655172,BF4,0.0,0.6,0.0,0.0,0.4,0.0
10.1021/je0498863,1.376470588,263.15,0.439655172,BF4,0.0,0.6,0.0,0.0,0.4,0.0
10.1021/je0498863,1.776470588,272.95,0.439655172,BF4,0.0,0.6,0.0,0.0,0.4,0.0
10.1021/je0498863,2.2,282.85,0.439655172,BF4,0.0,0.6,0.0,0.0,0.4,0.0
10.1021/je0498863,2.635294118,292.65,0.439655172,BF4,0.0,0.6,0.0,0.0,0.4,0.0
10.1021/je0498863,3.105882353,302.55,0.435344828,BF4,0.0,0.6,0.0,0.0,0.4,0.0
10.1021/je0498863,3.576470588,312.45,0.443965517,BF4,0.0,0.6,0.0,0.0,0.4,0.0
10.1021/je0498863,4.058823529,322.35,0.439655172,BF4,0.0,0.6,0.0,0.0,0.4,0.0
10.1021/je0498863,4.541176471,332.15,0.439655172,BF4,0.0,0.6,0.0,0.0,0.4,0.0
10.1021/je0498863,0.458823529,233.75,0.521551724,BF4,0.0,0.6,0.0,0.0,0.4,0.0
10.1021/je0498863,0.717647059,243.65,0.521551724,BF4,0.0,0.6,0.0,0.0,0.4,0.0
10.1021/je0498863,1.023529412,253.35,0.521551724,BF4,0.0,0.6,0.0,0.0,0.4,0.0
10.1021/je0498863,1.388235294,263.15,0.521551724,BF4,0.0,0.6,0.0,0.0,0.4,0.0
10.1021/je0498863,1.811764706,272.95,0.521551724,BF4,0.0,0.6,0.0,0.0,0.4,0.0
10.1021/je0498863,2.258823529,282.85,0.521551724,BF4,0.0,0.6,0.0,0.0,0.4,0.0
10.1021/je0498863,2.717647059,292.65,0.521551724,BF4,0.0,0.6,0.0,0.0,0.4,0.0
10.1021/je0498863,3.2,302.55,0.521551724,BF4,0.0,0.6,0.0,0.0,0.4,0.0
10.1021/je0498863,3.705882353,312.45,0.521551724,BF4,0.0,0.6,0.0,0.0,0.4,0.0
10.1021/je0498863,4.211764706,322.35,0.521551724,BF4,0.0,0.6,0.0,0.0,0.4,0.0
10.1021/je0498863,4.717647059,332.15,0.521551724,BF4,0.0,0.6,0.0,0.0,0.4,0.0
10.1021/je0498863,0.435294118,233.75,0.607758621,BF4,0.0,0.6,0.0,0.0,0.4,0.0
10.1021/je0498863,0.694117647,243.65,0.607758621,BF4,0.0,0.6,0.0,0.0,0.4,0.0
10.1021/je0498863,1.023529412,253.35,0.607758621,BF4,0.0,0.6,0.0,0.0,0.4,0.0
10.1021/je0498863,1.388235294,263.15,0.603448276,BF4,0.0,0.6,0.0,0.0,0.4,0.0
10.1021/je0498863,1.823529412,272.95,0.603448276,BF4,0.0,0.6,0.0,0.0,0.4,0.0
10.1021/je0498863,2.270588235,282.85,0.603448276,BF4,0.0,0.6,0.0,0.0,0.4,0.0
10.1021/je0498863,2.776470588,292.65,0.607758621,BF4,0.0,0.6,0.0,0.0,0.4,0.0
10.1021/je0498863,3.258823529,302.55,0.607758621,BF4,0.0,0.6,0.0,0.0,0.4,0.0
10.1021/je0498863,3.776470588,312.45,0.603448276,BF4,0.0,0.6,0.0,0.0,0.4,0.0
10.1021/je0498863,4.305882353,322.35,0.607758621,BF4,0.0,0.6,0.0,0.0,0.4,0.0
10.1021/je0498863,4.847058824,332.15,0.607758621,BF4,0.0,0.6,0.0,0.0,0.4,0.0
10.1021/je0498863,0.423529412,233.75,0.689655172,BF4,0.0,0.6,0.0,0.0,0.4,0.0
10.1021/je0498863,0.670588235,243.65,0.689655172,BF4,0.0,0.6,0.0,0.0,0.4,0.0
10.1021/je0498863,0.988235294,253.35,0.689655172,BF4,0.0,0.6,0.0,0.0,0.4,0.0
10.1021/je0498863,1.364705882,263.15,0.689655172,BF4,0.0,0.6,0.0,0.0,0.4,0.0
10.1021/je0498863,1.8,272.95,0.689655172,BF4,0.0,0.6,0.0,0.0,0.4,0.0
10.1021/je0498863,2.258823529,282.85,0.689655172,BF4,0.0,0.6,0.0,0.0,0.4,0.0
10.1021/je0498863,2.764705882,292.65,0.689655172,BF4,0.0,0.6,0.0,0.0,0.4,0.0
10.1021/je0498863,3.270588235,302.55,0.689655172,BF4,0.0,0.6,0.0,0.0,0.4,0.0
10.1021/je0498863,3.811764706,312.45,0.689655172,BF4,0.0,0.6,0.0,0.0,0.4,0.0
10.1021/je0498863,4.364705882,322.35,0.689655172,BF4,0.0,0.6,0.0,0.0,0.4,0.0
10.1021/je0498863,4.917647059,332.15,0.685344828,BF4,0.0,0.6,0.0,0.0,0.4,0.0
10.1021/je0498863,0.388235294,233.75,0.780172414,BF4,0.0,0.6,0.0,0.0,0.4,0.0
10.1021/je0498863,0.647058824,243.65,0.775862069,BF4,0.0,0.6,0.0,0.0,0.4,0.0
10.1021/je0498863,0.952941176,253.35,0.775862069,BF4,0.0,0.6,0.0,0.0,0.4,0.0
10.1021/je0498863,1.341176471,263.15,0.775862069,BF4,0.0,0.6,0.0,0.0,0.4,0.0
10.1021/je0498863,1.776470588,272.95,0.780172414,BF4,0.0,0.6,0.0,0.0,0.4,0.0
10.1021/je0498863,2.235294118,282.85,0.780172414,BF4,0.0,0.6,0.0,0.0,0.4,0.0
10.1021/je0498863,2.741176471,292.65,0.780172414,BF4,0.0,0.6,0.0,0.0,0.4,0.0
10.1021/je0498863,3.247058824,302.55,0.775862069,BF4,0.0,0.6,0.0,0.0,0.4,0.0
10.1021/je0498863,3.811764706,312.45,0.775862069,BF4,0.0,0.6,0.0,0.0,0.4,0.0
10.1021/je0498863,4.376470588,322.35,0.775862069,BF4,0.0,0.6,0.0,0.0,0.4,0.0
10.1021/je0498863,4.952941176,332.15,0.780172414,BF4,0.0,0.6,0.0,0.0,0.4,0.0
10.1021/je0498863,0.376470588,233.75,0.875,BF4,0.0,0.6,0.0,0.0,0.4,0.0
10.1021/je0498863,0.6,243.65,0.879310345,BF4,0.0,0.6,0.0,0.0,0.4,0.0
10.1021/je0498863,0.905882353,253.35,0.875,BF4,0.0,0.6,0.0,0.0,0.4,0.0
10.1021/je0498863,1.270588235,263.15,0.879310345,BF4,0.0,0.6,0.0,0.0,0.4,0.0
10.1021/je0498863,1.717647059,272.95,0.875,BF4,0.0,0.6,0.0,0.0,0.4,0.0
10.1021/je0498863,2.188235294,282.85,0.879310345,BF4,0.0,0.6,0.0,0.0,0.4,0.0
10.1021/je0498863,2.682352941,292.65,0.875,BF4,0.0,0.6,0.0,0.0,0.4,0.0
10.1021/je0498863,3.211764706,302.55,0.879310345,BF4,0.0,0.6,0.0,0.0,0.4,0.0
10.1021/je0498863,3.776470588,312.45,0.879310345,BF4,0.0,0.6,0.0,0.0,0.4,0.0
10.1021/je0498863,4.352941176,322.35,0.875,BF4,0.0,0.6,0.0,0.0,0.4,0.0
10.1021/je0498863,4.941176471,332.15,0.879310345,BF4,0.0,0.6,0.0,0.0,0.4,0.0
10.1021/je0498863,0.317647059,233.75,0.982758621,BF4,0.0,0.6,0.0,0.0,0.4,0.0
10.1021/je0498863,0.552941176,243.65,0.982758621,BF4,0.0,0.6,0.0,0.0,0.4,0.0
10.1021/je0498863,0.847058824,253.35,0.982758621,BF4,0.0,0.6,0.0,0.0,0.4,0.0
10.1021/je0498863,1.211764706,263.15,0.982758621,BF4,0.0,0.6,0.0,0.0,0.4,0.0
10.1021/je0498863,1.658823529,272.95,0.982758621,BF4,0.0,0.6,0.0,0.0,0.4,0.0
10.1021/je0498863,2.105882353,282.85,0.982758621,BF4,0.0,0.6,0.0,0.0,0.4,0.0
10.1021/je0498863,2.611764706,292.65,0.982758621,BF4,0.0,0.6,0.0,0.0,0.4,0.0
10.1021/je0498863,3.152941176,302.55,0.982758621,BF4,0.0,0.6,0.0,0.0,0.4,0.0
10.1021/je0498863,3.729411765,312.45,0.982758621,BF4,0.0,0.6,0.0,0.0,0.4,0.0
10.1021/je0498863,4.305882353,322.35,0.982758621,BF4,0.0,0.6,0.0,0.0,0.4,0.0
10.1021/je0498863,4.894117647,332.15,0.982758621,BF4,0.0,0.6,0.0,0.0,0.4,0.0
10.1021/je0498863,0.294117647,233.75,1.094827586,BF4,0.0,0.6,0.0,0.0,0.4,0.0
10.1021/je0498863,0.517647059,243.65,1.099137931,BF4,0.0,0.6,0.0,0.0,0.4,0.0
10.1021/je0498863,0.8,253.35,1.099137931,BF4,0.0,0.6,0.0,0.0,0.4,0.0
10.1021/je0498863,1.152941176,263.15,1.094827586,BF4,0.0,0.6,0.0,0.0,0.4,0.0
10.1021/je0498863,1.564705882,272.95,1.094827586,BF4,0.0,0.6,0.0,0.0,0.4,0.0
10.1021/je0498863,2.023529412,282.85,1.099137931,BF4,0.0,0.6,0.0,0.0,0.4,0.0
10.1021/je0498863,2.517647059,292.65,1.094827586,BF4,0.0,0.6,0.0,0.0,0.4,0.0
10.1021/je0498863,3.047058824,302.55,1.094827586,BF4,0.0,0.6,0.0,0.0,0.4,0.0
10.1021/je0498863,3.623529412,312.45,1.099137931,BF4,0.0,0.6,0.0,0.0,0.4,0.0
10.1021/je0498863,4.2,322.35,1.094827586,BF4,0.0,0.6,0.0,0.0,0.4,0.0
10.1021/je0498863,4.823529412,332.15,1.094827586,BF4,0.0,0.6,0.0,0.0,0.4,0.0
10.1021/je0498863,0.258823529,233.75,1.237068966,BF4,0.0,0.6,0.0,0.0,0.4,0.0
10.1021/je0498863,0.458823529,243.65,1.237068966,BF4,0.0,0.6,0.0,0.0,0.4,0.0
10.1021/je0498863,0.717647059,253.35,1.24137931,BF4,0.0,0.6,0.0,0.0,0.4,0.0
10.1021/je0498863,1.070588235,263.15,1.237068966,BF4,0.0,0.6,0.0,0.0,0.4,0.0
10.1021/je0498863,1.447058824,272.95,1.237068966,BF4,0.0,0.6,0.0,0.0,0.4,0.0
10.1021/je0498863,1.894117647,282.85,1.237068966,BF4,0.0,0.6,0.0,0.0,0.4,0.0
10.1021/je0498863,2.388235294,292.65,1.237068966,BF4,0.0,0.6,0.0,0.0,0.4,0.0
10.1021/je0498863,2.929411765,302.55,1.237068966,BF4,0.0,0.6,0.0,0.0,0.4,0.0
10.1021/je0498863,3.482352941,312.45,1.237068966,BF4,0.0,0.6,0.0,0.0,0.4,0.0
10.1021/je0498863,4.082352941,322.35,1.237068966,BF4,0.0,0.6,0.0,0.0,0.4,0.0
10.1021/je0498863,4.682352941,332.15,1.237068966,BF4,0.0,0.6,0.0,0.0,0.4,0.0
10.1021/je0498863,0.211764706,233.75,1.36637931,BF4,0.0,0.6,0.0,0.0,0.4,0.0
10.1021/je0498863,0.411764706,243.65,1.36637931,BF4,0.0,0.6,0.0,0.0,0.4,0.0
10.1021/je0498863,0.647058824,253.35,1.36637931,BF4,0.0,0.6,0.0,0.0,0.4,0.0
10.1021/je0498863,0.976470588,263.15,1.36637931,BF4,0.0,0.6,0.0,0.0,0.4,0.0
10.1021/je0498863,1.352941176,272.95,1.36637931,BF4,0.0,0.6,0.0,0.0,0.4,0.0
10.1021/je0498863,1.788235294,282.85,1.36637931,BF4,0.0,0.6,0.0,0.0,0.4,0.0
10.1021/je0498863,2.258823529,292.65,1.36637931,BF4,0.0,0.6,0.0,0.0,0.4,0.0
10.1021/je0498863,2.8,302.55,1.36637931,BF4,0.0,0.6,0.0,0.0,0.4,0.0
10.1021/je0498863,3.352941176,312.45,1.36637931,BF4,0.0,0.6,0.0,0.0,0.4,0.0
10.1021/je0498863,3.929411765,322.35,1.36637931,BF4,0.0,0.6,0.0,0.0,0.4,0.0
10.1021/je0498863,4.517647059,332.15,1.36637931,BF4,0.0,0.6,0.0,0.0,0.4,0.0
10.1021/je0498863,0.188235294,233.75,1.50862069,BF4,0.0,0.6,0.0,0.0,0.4,0.0
10.1021/je0498863,0.352941176,243.65,1.50862069,BF4,0.0,0.6,0.0,0.0,0.4,0.0
10.1021/je0498863,0.576470588,253.35,1.512931034,BF4,0.0,0.6,0.0,0.0,0.4,0.0
10.1021/je0498863,0.882352941,263.15,1.512931034,BF4,0.0,0.6,0.0,0.0,0.4,0.0
10.1021/je0498863,1.235294118,272.95,1.512931034,BF4,0.0,0.6,0.0,0.0,0.4,0.0
10.1021/je0498863,1.658823529,282.85,1.512931034,BF4,0.0,0.6,0.0,0.0,0.4,0.0
10.1021/je0498863,2.117647059,292.65,1.512931034,BF4,0.0,0.6,0.0,0.0,0.4,0.0
10.1021/je0498863,2.623529412,302.55,1.50862069,BF4,0.0,0.6,0.0,0.0,0.4,0.0
10.1021/je0498863,3.176470588,312.45,1.50862069,BF4,0.0,0.6,0.0,0.0,0.4,0.0
10.1021/je0498863,3.764705882,322.35,1.50862069,BF4,0.0,0.6,0.0,0.0,0.4,0.0
10.1021/je0498863,4.388235294,332.15,1.50862069,BF4,0.0,0.6,0.0,0.0,0.4,0.0
10.1021/je0498863,0.152941176,233.75,1.681034483,BF4,0.0,0.6,0.0,0.0,0.4,0.0
10.1021/je0498863,0.294117647,243.65,1.681034483,BF4,0.0,0.6,0.0,0.0,0.4,0.0
10.1021/je0498863,0.505882353,253.35,1.681034483,BF4,0.0,0.6,0.0,0.0,0.4,0.0
10.1021/je0498863,0.764705882,263.15,1.681034483,BF4,0.0,0.6,0.0,0.0,0.4,0.0
10.1021/je0498863,1.105882353,272.95,1.681034483,BF4,0.0,0.6,0.0,0.0,0.4,0.0
10.1021/je0498863,1.494117647,282.85,1.681034483,BF4,0.0,0.6,0.0,0.0,0.4,0.0
10.1021/je0498863,1.941176471,292.65,1.681034483,BF4,0.0,0.6,0.0,0.0,0.4,0.0
10.1021/je0498863,2.423529412,302.55,1.681034483,BF4,0.0,0.6,0.0,0.0,0.4,0.0
10.1021/je0498863,2.964705882,312.45,1.681034483,BF4,0.0,0.6,0.0,0.0,0.4,0.0
10.1021/je0498863,3.541176471,322.35,1.681034483,BF4,0.0,0.6,0.0,0.0,0.4,0.0
10.1021/je0498863,4.152941176,332.15,1.681034483,BF4,0.0,0.6,0.0,0.0,0.4,0.0
10.1021/je0498863,0.117647059,233.75,1.879310345,BF4,0.0,0.6,0.0,0.0,0.4,0.0
10.1021/je0498863,0.235294118,243.65,1.879310345,BF4,0.0,0.6,0.0,0.0,0.4,0.0
10.1021/je0498863,0.423529412,253.35,1.879310345,BF4,0.0,0.6,0.0,0.0,0.4,0.0
10.1021/je0498863,0.658823529,263.15,1.879310345,BF4,0.0,0.6,0.0,0.0,0.4,0.0
10.1021/je0498863,0.964705882,272.95,1.879310345,BF4,0.0,0.6,0.0,0.0,0.4,0.0
10.1021/je0498863,1.329411765,282.85,1.879310345,BF4,0.0,0.6,0.0,0.0,0.4,0.0
10.1021/je0498863,1.776470588,292.65,1.875,BF4,0.0,0.6,0.0,0.0,0.4,0.0
10.1021/je0498863,2.211764706,302.55,1.879310345,BF4,0.0,0.6,0.0,0.0,0.4,0.0
10.1021/je0498863,2.741176471,312.45,1.875,BF4,0.0,0.6,0.0,0.0,0.4,0.0
10.1021/je0498863,3.294117647,322.35,1.879310345,BF4,0.0,0.6,0.0,0.0,0.4,0.0
10.1021/je0498863,3.894117647,332.15,1.879310345,BF4,0.0,0.6,0.0,0.0,0.4,0.0
10.1021/je0498863,0.094117647,233.75,2.060344828,BF4,0.0,0.6,0.0,0.0,0.4,0.0
10.1021/je0498863,0.2,243.65,2.060344828,BF4,0.0,0.6,0.0,0.0,0.4,0.0
10.1021/je0498863,0.352941176,253.35,2.060344828,BF4,0.0,0.6,0.0,0.0,0.4,0.0
10.1021/je0498863,0.564705882,263.15,2.060344828,BF4,0.0,0.6,0.0,0.0,0.4,0.0
10.1021/je0498863,0.847058824,272.95,2.060344828,BF4,0.0,0.6,0.0,0.0,0.4,0.0
10.1021/je0498863,1.164705882,282.85,2.060344828,BF4,0.0,0.6,0.0,0.0,0.4,0.0
10.1021/je0498863,1.576470588,292.65,2.060344828,BF4,0.0,0.6,0.0,0.0,0.4,0.0
10.1021/je0498863,2.023529412,302.55,2.060344828,BF4,0.0,0.6,0.0,0.0,0.4,0.0
10.1021/je0498863,2.529411765,312.45,2.060344828,BF4,0.0,0.6,0.0,0.0,0.4,0.0
10.1021/je0498863,3.058823529,322.35,2.060344828,BF4,0.0,0.6,0.0,0.0,0.4,0.0
10.1021/je0498863,3.670588235,332.15,2.060344828,BF4,0.0,0.6,0.0,0.0,0.4,0.0
10.1149/1.1403730,1.127619048,233.15,0.454460094,PF6,0.2,0.0,0.0,0.8,0.0,0.0
10.1149/1.1403730,1.188571429,233.15,0.621596244,PF6,0.2,0.0,0.0,0.8,0.0,0.0
10.1149/1.1403730,1.188571429,233.15,0.766197183,PF6,0.2,0.0,0.0,0.8,0.0,0.0
10.1149/1.1403730,1.097142857,233.15,0.914553991,PF6,0.2,0.0,0.0,0.8,0.0,0.0
10.1149/1.1403730,1.005714286,233.15,1.111737089,PF6,0.2,0.0,0.0,0.8,0.0,0.0
10.1149/1.1403730,0.700952381,233.15,1.399061033,PF6,0.2,0.0,0.0,0.8,0.0,0.0
10.1149/1.1403730,0.579047619,233.15,1.590610329,PF6,0.2,0.0,0.0,0.8,0.0,0.0
10.1149/1.1403730,1.645714286,243.15,0.454460094,PF6,0.2,0.0,0.0,0.8,0.0,0.0
10.1149/1.1403730,1.798095238,243.15,0.621596244,PF6,0.2,0.0,0.0,0.8,0.0,0.0
10.1149/1.1403730,1.859047619,243.15,0.768075117,PF6,0.2,0.0,0.0,0.8,0.0,0.0
10.1149/1.1403730,1.88952381,243.15,0.912676056,PF6,0.2,0.0,0.0,0.8,0.0,0.0
10.1149/1.1403730,1.676190476,243.15,1.107981221,PF6,0.2,0.0,0.0,0.8,0.0,0.0
10.1149/1.1403730,1.371428571,243.15,1.402816901,PF6,0.2,0.0,0.0,0.8,0.0,0.0
10.1149/1.1403730,1.127619048,243.15,1.588732394,PF6,0.2,0.0,0.0,0.8,0.0,0.0
10.1149/1.1403730,2.285714286,253.15,0.45258216,PF6,0.2,0.0,0.0,0.8,0.0,0.0
10.1149/1.1403730,2.59047619,253.15,0.621596244,PF6,0.2,0.0,0.0,0.8,0.0,0.0
10.1149/1.1403730,2.712380952,253.15,0.766197183,PF6,0.2,0.0,0.0,0.8,0.0,0.0
10.1149/1.1403730,2.712380952,253.15,0.910798122,PF6,0.2,0.0,0.0,0.8,0.0,0.0
10.1149/1.1403730,2.620952381,253.15,1.107981221,PF6,0.2,0.0,0.0,0.8,0.0,0.0
10.1149/1.1403730,2.194285714,253.15,1.399061033,PF6,0.2,0.0,0.0,0.8,0.0,0.0
10.1149/1.1403730,1.92,253.15,1.592488263,PF6,0.2,0.0,0.0,0.8,0.0,0.0
10.1149/1.1403730,2.956190476,263.15,0.456338028,PF6,0.2,0.0,0.0,0.8,0.0,0.0
10.1149/1.1403730,3.413333333,263.15,0.617840376,PF6,0.2,0.0,0.0,0.8,0.0,0.0
10.1149/1.1403730,3.657142857,263.15,0.768075117,PF6,0.2,0.0,0.0,0.8,0.0,0.0
10.1149/1.1403730,3.657142857,263.15,0.912676056,PF6,0.2,0.0,0.0,0.8,0.0,0.0
10.1149/1.1403730,3.657142857,263.15,1.111737089,PF6,0.2,0.0,0.0,0.8,0.0,0.0
10.1149/1.1403730,2.956190476,263.15,1.592488263,PF6,0.2,0.0,0.0,0.8,0.0,0.0
10.1149/1.1403730,3.687619048,263.15,0.458215962,PF6,0.2,0.0,0.0,0.8,0.0,0.0
10.1149/1.1403730,4.266666667,273.15,0.621596244,PF6,0.2,0.0,0.0,0.8,0.0,0.0
10.1149/1.1403730,4.632380952,273.15,0.768075117,PF6,0.2,0.0,0.0,0.8,0.0,0.0
10.1149/1.1403730,4.815238095,273.15,0.914553991,PF6,0.2,0.0,0.0,0.8,0.0,0.0
10.1149/1.1403730,4.876190476,273.15,1.113615023,PF6,0.2,0.0,0.0,0.8,0.0,0.0
10.1149/1.1403730,4.540952381,273.15,1.400938967,PF6,0.2,0.0,0.0,0.8,0.0,0.0
10.1149/1.1403730,4.205714286,273.15,1.592488263,PF6,0.2,0.0,0.0,0.8,0.0,0.0
10.1149/1.1403730,4.48,273.15,0.454460094,PF6,0.2,0.0,0.0,0.8,0.0,0.0
10.1149/1.1403730,5.241904762,283.15,0.623474178,PF6,0.2,0.0,0.0,0.8,0.0,0.0
10.1149/1.1403730,5.699047619,283.15,0.768075117,PF6,0.2,0.0,0.0,0.8,0.0,0.0
10.1149/1.1403730,5.973333333,283.15,0.912676056,PF6,0.2,0.0,0.0,0.8,0.0,0.0
10.1149/1.1403730,6.125714286,283.15,1.109859155,PF6,0.2,0.0,0.0,0.8,0.0,0.0
10.1149/1.1403730,5.851428571,283.15,1.400938967,PF6,0.2,0.0,0.0,0.8,0.0,0.0
10.1149/1.1403730,5.516190476,283.15,1.592488263,PF6,0.2,0.0,0.0,0.8,0.0,0.0
10.1149/1.1403730,5.211428571,283.15,0.456338028,PF6,0.2,0.0,0.0,0.8,0.0,0.0
10.1149/1.1403730,6.217142857,293.15,0.61971831,PF6,0.2,0.0,0.0,0.8,0.0,0.0
10.1149/1.1403730,6.765714286,293.15,0.766197183,PF6,0.2,0.0,0.0,0.8,0.0,0.0
10.1149/1.1403730,7.161904762,293.15,0.912676056,PF6,0.2,0.0,0.0,0.8,0.0,0.0
10.1149/1.1403730,7.466666667,293.15,1.109859155,PF6,0.2,0.0,0.0,0.8,0.0,0.0
10.1149/1.1403730,7.283809524,293.15,1.402816901,PF6,0.2,0.0,0.0,0.8,0.0,0.0
10.1149/1.1403730,6.948571429,293.15,1.592488263,PF6,0.2,0.0,0.0,0.8,0.0,0.0
10.1149/1.1403730,5.942857143,293.15,0.454460094,PF6,0.2,0.0,0.0,0.8,0.0,0.0
10.1149/1.1403730,7.161904762,303.15,0.617840376,PF6,0.2,0.0,0.0,0.8,0.0,0.0
10.1149/1.1403730,7.862857143,303.15,0.768075117,PF6,0.2,0.0,0.0,0.8,0.0,0.0
10.1149/1.1403730,8.441904762,303.15,0.910798122,PF6,0.2,0.0,0.0,0.8,0.0,0.0
10.1149/1.1403730,8.746666667,303.15,1.109859155,PF6,0.2,0.0,0.0,0.8,0.0,0.0
10.1149/1.1403730,8.746666667,303.15,1.399061033,PF6,0.2,0.0,0.0,0.8,0.0,0.0
10.1149/1.1403730,8.472380952,303.15,1.590610329,PF6,0.2,0.0,0.0,0.8,0.0,0.0
10.1149/1.1403730,6.765714286,303.15,0.454460094,PF6,0.2,0.0,0.0,0.8,0.0,0.0
10.1149/1.1403730,8.106666667,313.15,0.621596244,PF6,0.2,0.0,0.0,0.8,0.0,0.0
10.1149/1.1403730,8.96,313.15,0.766197183,PF6,0.2,0.0,0.0,0.8,0.0,0.0
10.1149/1.1403730,9.56952381,313.15,0.912676056,PF6,0.2,0.0,0.0,0.8,0.0,0.0
10.1149/1.1403730,10.08761905,313.15,1.111737089,PF6,0.2,0.0,0.0,0.8,0.0,0.0
10.1149/1.1403730,10.20952381,313.15,1.400938967,PF6,0.2,0.0,0.0,0.8,0.0,0.0
10.1149/1.1403730,10.05714286,313.15,1.590610329,PF6,0.2,0.0,0.0,0.8,0.0,0.0
10.1149/1.1403730,7.466666667,313.15,0.454460094,PF6,0.2,0.0,0.0,0.8,0.0,0.0
10.1149/1.1403730,8.99047619,323.15,0.61971831,PF6,0.2,0.0,0.0,0.8,0.0,0.0
10.1149/1.1403730,10.02666667,323.15,0.768075117,PF6,0.2,0.0,0.0,0.8,0.0,0.0
10.1149/1.1403730,10.75809524,323.15,0.914553991,PF6,0.2,0.0,0.0,0.8,0.0,0.0
10.1149/1.1403730,11.36761905,323.15,1.109859155,PF6,0.2,0.0,0.0,0.8,0.0,0.0
10.1149/1.1403730,11.70285714,323.15,1.399061033,PF6,0.2,0.0,0.0,0.8,0.0,0.0
10.1149/1.1403730,11.58095238,323.15,1.592488263,PF6,0.2,0.0,0.0,0.8,0.0,0.0
10.1149/1.1403730,8.228571429,323.15,0.454460094,PF6,0.2,0.0,0.0,0.8,0.0,0.0
10.1149/1.1403730,9.813333333,333.15,0.61971831,PF6,0.2,0.0,0.0,0.8,0.0,0.0
10.1149/1.1403730,11.06285714,333.15,0.766197183,PF6,0.2,0.0,0.0,0.8,0.0,0.0
10.1149/1.1403730,11.88571429,333.15,0.912676056,PF6,0.2,0.0,0.0,0.8,0.0,0.0
10.1149/1.1403730,12.64761905,333.15,1.107981221,PF6,0.2,0.0,0.0,0.8,0.0,0.0
10.1149/1.1403730,13.16571429,333.15,1.400938967,PF6,0.2,0.0,0.0,0.8,0.0,0.0
10.1149/1.1403730,13.1047619,333.15,1.590610329,PF6,0.2,0.0,0.0,0.8,0.0,0.0
10.1149/1.1403730,3.260952381,333.15,1.402816901,PF6,0.2,0.0,0.0,0.8,0.0,0.0
10.1149/1.1403730,1.24952381,233.15,0.442990654,PF6,0.3,0.0,0.0,0.7,0.0,0.0
10.1149/1.1403730,1.24952381,233.15,0.614953271,PF6,0.3,0.0,0.0,0.7,0.0,0.0
10.1149/1.1403730,1.28,233.15,0.762616822,PF6,0.3,0.0,0.0,0.7,0.0,0.0
10.1149/1.1403730,1.097142857,233.15,0.917757009,PF6,0.3,0.0,0.0,0.7,0.0,0.0
10.1149/1.1403730,0.822857143,233.15,1.114018692,PF6,0.3,0.0,0.0,0.7,0.0,0.0
10.1149/1.1403730,0.67047619,233.15,1.26728972,PF6,0.3,0.0,0.0,0.7,0.0,0.0
10.1149/1.1403730,0.579047619,233.15,1.41682243,PF6,0.3,0.0,0.0,0.7,0.0,0.0
10.1149/1.1403730,0.365714286,233.15,1.611214953,PF6,0.3,0.0,0.0,0.7,0.0,0.0
10.1149/1.1403730,1.88952381,243.15,0.442990654,PF6,0.3,0.0,0.0,0.7,0.0,0.0
10.1149/1.1403730,2.011428571,243.15,0.613084112,PF6,0.3,0.0,0.0,0.7,0.0,0.0
10.1149/1.1403730,1.980952381,243.15,0.762616822,PF6,0.3,0.0,0.0,0.7,0.0,0.0
10.1149/1.1403730,1.828571429,243.15,0.917757009,PF6,0.3,0.0,0.0,0.7,0.0,0.0
10.1149/1.1403730,1.523809524,243.15,1.112149533,PF6,0.3,0.0,0.0,0.7,0.0,0.0
10.1149/1.1403730,1.401904762,243.15,1.265420561,PF6,0.3,0.0,0.0,0.7,0.0,0.0
10.1149/1.1403730,1.127619048,243.15,1.41682243,PF6,0.3,0.0,0.0,0.7,0.0,0.0
10.1149/1.1403730,0.853333333,243.15,1.611214953,PF6,0.3,0.0,0.0,0.7,0.0,0.0
10.1149/1.1403730,2.651428571,253.15,0.444859813,PF6,0.3,0.0,0.0,0.7,0.0,0.0
10.1149/1.1403730,2.864761905,253.15,0.613084112,PF6,0.3,0.0,0.0,0.7,0.0,0.0
10.1149/1.1403730,2.925714286,253.15,0.760747664,PF6,0.3,0.0,0.0,0.7,0.0,0.0
10.1149/1.1403730,2.803809524,253.15,0.91588785,PF6,0.3,0.0,0.0,0.7,0.0,0.0
10.1149/1.1403730,2.499047619,253.15,1.112149533,PF6,0.3,0.0,0.0,0.7,0.0,0.0
10.1149/1.1403730,2.255238095,253.15,1.265420561,PF6,0.3,0.0,0.0,0.7,0.0,0.0
10.1149/1.1403730,2.011428571,253.15,1.414953271,PF6,0.3,0.0,0.0,0.7,0.0,0.0
10.1149/1.1403730,1.584761905,253.15,1.611214953,PF6,0.3,0.0,0.0,0.7,0.0,0.0
10.1149/1.1403730,3.504761905,263.15,0.444859813,PF6,0.3,0.0,0.0,0.7,0.0,0.0
10.1149/1.1403730,3.87047619,263.15,0.614953271,PF6,0.3,0.0,0.0,0.7,0.0,0.0
10.1149/1.1403730,3.992380952,263.15,0.762616822,PF6,0.3,0.0,0.0,0.7,0.0,0.0
10.1149/1.1403730,3.961904762,263.15,0.914018692,PF6,0.3,0.0,0.0,0.7,0.0,0.0
10.1149/1.1403730,3.657142857,263.15,1.110280374,PF6,0.3,0.0,0.0,0.7,0.0,0.0
10.1149/1.1403730,3.413333333,263.15,1.263551402,PF6,0.3,0.0,0.0,0.7,0.0,0.0
10.1149/1.1403730,3.108571429,263.15,1.41682243,PF6,0.3,0.0,0.0,0.7,0.0,0.0
10.1149/1.1403730,2.651428571,263.15,1.611214953,PF6,0.3,0.0,0.0,0.7,0.0,0.0
10.1149/1.1403730,4.44952381,273.15,0.444859813,PF6,0.3,0.0,0.0,0.7,0.0,0.0
10.1149/1.1403730,4.998095238,273.15,0.614953271,PF6,0.3,0.0,0.0,0.7,0.0,0.0
10.1149/1.1403730,5.15047619,273.15,0.762616822,PF6,0.3,0.0,0.0,0.7,0.0,0.0
10.1149/1.1403730,5.302857143,273.15,0.917757009,PF6,0.3,0.0,0.0,0.7,0.0,0.0
10.1149/1.1403730,4.998095238,273.15,1.112149533,PF6,0.3,0.0,0.0,0.7,0.0,0.0
10.1149/1.1403730,4.754285714,273.15,1.26728972,PF6,0.3,0.0,0.0,0.7,0.0,0.0
10.1149/1.1403730,4.388571429,273.15,1.414953271,PF6,0.3,0.0,0.0,0.7,0.0,0.0
10.1149/1.1403730,3.84,273.15,1.611214953,PF6,0.3,0.0,0.0,0.7,0.0,0.0
10.1149/1.1403730,5.485714286,283.15,0.444859813,PF6,0.3,0.0,0.0,0.7,0.0,0.0
10.1149/1.1403730,6.156190476,283.15,0.614953271,PF6,0.3,0.0,0.0,0.7,0.0,0.0
10.1149/1.1403730,6.43047619,283.15,0.762616822,PF6,0.3,0.0,0.0,0.7,0.0,0.0
10.1149/1.1403730,6.704761905,283.15,0.917757009,PF6,0.3,0.0,0.0,0.7,0.0,0.0
10.1149/1.1403730,6.460952381,283.15,1.112149533,PF6,0.3,0.0,0.0,0.7,0.0,0.0
10.1149/1.1403730,6.217142857,283.15,1.265420561,PF6,0.3,0.0,0.0,0.7,0.0,0.0
10.1149/1.1403730,5.912380952,283.15,1.414953271,PF6,0.3,0.0,0.0,0.7,0.0,0.0
10.1149/1.1403730,5.333333333,283.15,1.613084112,PF6,0.3,0.0,0.0,0.7,0.0,0.0
10.1149/1.1403730,6.43047619,293.15,0.442990654,PF6,0.3,0.0,0.0,0.7,0.0,0.0
10.1149/1.1403730,7.375238095,293.15,0.614953271,PF6,0.3,0.0,0.0,0.7,0.0,0.0
10.1149/1.1403730,7.740952381,293.15,0.762616822,PF6,0.3,0.0,0.0,0.7,0.0,0.0
10.1149/1.1403730,8.137142857,293.15,0.917757009,PF6,0.3,0.0,0.0,0.7,0.0,0.0
10.1149/1.1403730,8.015238095,293.15,1.110280374,PF6,0.3,0.0,0.0,0.7,0.0,0.0
10.1149/1.1403730,7.832380952,293.15,1.26728972,PF6,0.3,0.0,0.0,0.7,0.0,0.0
10.1149/1.1403730,7.466666667,293.15,1.413084112,PF6,0.3,0.0,0.0,0.7,0.0,0.0
10.1149/1.1403730,6.918095238,293.15,1.611214953,PF6,0.3,0.0,0.0,0.7,0.0,0.0
10.1149/1.1403730,7.527619048,303.15,0.442990654,PF6,0.3,0.0,0.0,0.7,0.0,0.0
10.1149/1.1403730,8.624761905,303.15,0.614953271,PF6,0.3,0.0,0.0,0.7,0.0,0.0
10.1149/1.1403730,9.081904762,303.15,0.762616822,PF6,0.3,0.0,0.0,0.7,0.0,0.0
10.1149/1.1403730,9.660952381,303.15,0.917757009,PF6,0.3,0.0,0.0,0.7,0.0,0.0
10.1149/1.1403730,9.660952381,303.15,1.110280374,PF6,0.3,0.0,0.0,0.7,0.0,0.0
10.1149/1.1403730,9.539047619,303.15,1.265420561,PF6,0.3,0.0,0.0,0.7,0.0,0.0
10.1149/1.1403730,9.203809524,303.15,1.411214953,PF6,0.3,0.0,0.0,0.7,0.0,0.0
10.1149/1.1403730,8.655238095,303.15,1.611214953,PF6,0.3,0.0,0.0,0.7,0.0,0.0
10.1149/1.1403730,8.563809524,313.15,0.444859813,PF6,0.3,0.0,0.0,0.7,0.0,0.0
10.1149/1.1403730,9.813333333,313.15,0.61682243,PF6,0.3,0.0,0.0,0.7,0.0,0.0
10.1149/1.1403730,10.36190476,313.15,0.760747664,PF6,0.3,0.0,0.0,0.7,0.0,0.0
10.1149/1.1403730,11.24571429,313.15,0.917757009,PF6,0.3,0.0,0.0,0.7,0.0,0.0
10.1149/1.1403730,11.24571429,313.15,1.110280374,PF6,0.3,0.0,0.0,0.7,0.0,0.0
10.1149/1.1403730,11.2152381,313.15,1.263551402,PF6,0.3,0.0,0.0,0.7,0.0,0.0
10.1149/1.1403730,10.97142857,313.15,1.414953271,PF6,0.3,0.0,0.0,0.7,0.0,0.0
10.1149/1.1403730,10.45333333,313.15,1.611214953,PF6,0.3,0.0,0.0,0.7,0.0,0.0
10.1149/1.1403730,9.539047619,323.15,0.442990654,PF6,0.3,0.0,0.0,0.7,0.0,0.0
10.1149/1.1403730,11.03238095,323.15,0.613084112,PF6,0.3,0.0,0.0,0.7,0.0,0.0
10.1149/1.1403730,11.67238095,323.15,0.762616822,PF6,0.3,0.0,0.0,0.7,0.0,0.0
10.1149/1.1403730,12.73904762,323.15,0.91588785,PF6,0.3,0.0,0.0,0.7,0.0,0.0
10.1149/1.1403730,12.89142857,323.15,1.110280374,PF6,0.3,0.0,0.0,0.7,0.0,0.0
10.1149/1.1403730,12.89142857,323.15,1.265420561,PF6,0.3,0.0,0.0,0.7,0.0,0.0
10.1149/1.1403730,12.73904762,323.15,1.413084112,PF6,0.3,0.0,0.0,0.7,0.0,0.0
10.1149/1.1403730,12.31238095,323.15,1.611214953,PF6,0.3,0.0,0.0,0.7,0.0,0.0
10.1149/1.1403730,10.5447619,333.15,0.444859813,PF6,0.3,0.0,0.0,0.7,0.0,0.0
10.1149/1.1403730,12.25142857,333.15,0.613084112,PF6,0.3,0.0,0.0,0.7,0.0,0.0
10.1149/1.1403730,12.98285714,333.15,0.762616822,PF6,0.3,0.0,0.0,0.7,0.0,0.0
10.1149/1.1403730,14.20190476,333.15,0.91588785,PF6,0.3,0.0,0.0,0.7,0.0,0.0
10.1149/1.1403730,14.50666667,333.15,1.106542056,PF6,0.3,0.0,0.0,0.7,0.0,0.0
10.1149/1.1403730,14.53714286,333.15,1.26728972,PF6,0.3,0.0,0.0,0.7,0.0,0.0
10.1149/1.1403730,14.50666667,333.15,1.414953271,PF6,0.3,0.0,0.0,0.7,0.0,0.0
10.1149/1.1403730,14.11047619,333.15,1.611214953,PF6,0.3,0.0,0.0,0.7,0.0,0.0
10.1149/1.1403730,1.859649123,243.15,0.428213166,PF6,0.4,0.0,0.0,0.6,0.0,0.0
10.1149/1.1403730,1.929824561,243.15,0.603134796,PF6,0.4,0.0,0.0,0.6,0.0,0.0
10.1149/1.1403730,1.859649123,243.15,0.755485893,PF6,0.4,0.0,0.0,0.6,0.0,0.0
10.1149/1.1403730,1.684210526,243.15,0.890909091,PF6,0.4,0.0,0.0,0.6,0.0,0.0
10.1149/1.1403730,1.438596491,243.15,1.078996865,PF6,0.4,0.0,0.0,0.6,0.0,0.0
10.1149/1.1403730,1.192982456,243.15,1.214420063,PF6,0.4,0.0,0.0,0.6,0.0,0.0
10.1149/1.1403730,1.052631579,243.15,1.332915361,PF6,0.4,0.0,0.0,0.6,0.0,0.0
10.1149/1.1403730,0.631578947,243.15,1.573667712,PF6,0.4,0.0,0.0,0.6,0.0,0.0
10.1149/1.1403730,2.701754386,253.15,0.430094044,PF6,0.4,0.0,0.0,0.6,0.0,0.0
10.1149/1.1403730,2.877192982,253.15,0.601253918,PF6,0.4,0.0,0.0,0.6,0.0,0.0
10.1149/1.1403730,2.807017544,253.15,0.757366771,PF6,0.4,0.0,0.0,0.6,0.0,0.0
10.1149/1.1403730,2.701754386,253.15,0.887147335,PF6,0.4,0.0,0.0,0.6,0.0,0.0
10.1149/1.1403730,2.385964912,253.15,1.077115987,PF6,0.4,0.0,0.0,0.6,0.0,0.0
10.1149/1.1403730,2.105263158,253.15,1.21630094,PF6,0.4,0.0,0.0,0.6,0.0,0.0
10.1149/1.1403730,1.894736842,253.15,1.331034483,PF6,0.4,0.0,0.0,0.6,0.0,0.0
10.1149/1.1403730,1.298245614,253.15,1.573667712,PF6,0.4,0.0,0.0,0.6,0.0,0.0
10.1149/1.1403730,3.684210526,263.15,0.430094044,PF6,0.4,0.0,0.0,0.6,0.0,0.0
10.1149/1.1403730,4.035087719,263.15,0.603134796,PF6,0.4,0.0,0.0,0.6,0.0,0.0
10.1149/1.1403730,4.035087719,263.15,0.755485893,PF6,0.4,0.0,0.0,0.6,0.0,0.0
10.1149/1.1403730,3.894736842,263.15,0.889028213,PF6,0.4,0.0,0.0,0.6,0.0,0.0
10.1149/1.1403730,3.578947368,263.15,1.077115987,PF6,0.4,0.0,0.0,0.6,0.0,0.0
10.1149/1.1403730,3.333333333,263.15,1.214420063,PF6,0.4,0.0,0.0,0.6,0.0,0.0
10.1149/1.1403730,2.98245614,263.15,1.332915361,PF6,0.4,0.0,0.0,0.6,0.0,0.0
10.1149/1.1403730,2.350877193,263.15,1.575548589,PF6,0.4,0.0,0.0,0.6,0.0,0.0
10.1149/1.1403730,4.666666667,273.15,0.428213166,PF6,0.4,0.0,0.0,0.6,0.0,0.0
10.1149/1.1403730,5.263157895,273.15,0.601253918,PF6,0.4,0.0,0.0,0.6,0.0,0.0
10.1149/1.1403730,5.368421053,273.15,0.753605016,PF6,0.4,0.0,0.0,0.6,0.0,0.0
10.1149/1.1403730,5.263157895,273.15,0.889028213,PF6,0.4,0.0,0.0,0.6,0.0,0.0
10.1149/1.1403730,4.947368421,273.15,1.077115987,PF6,0.4,0.0,0.0,0.6,0.0,0.0
10.1149/1.1403730,4.666666667,273.15,1.21630094,PF6,0.4,0.0,0.0,0.6,0.0,0.0
10.1149/1.1403730,4.350877193,273.15,1.331034483,PF6,0.4,0.0,0.0,0.6,0.0,0.0
10.1149/1.1403730,3.614035088,273.15,1.573667712,PF6,0.4,0.0,0.0,0.6,0.0,0.0
10.1149/1.1403730,5.754385965,283.15,0.428213166,PF6,0.4,0.0,0.0,0.6,0.0,0.0
10.1149/1.1403730,6.596491228,283.15,0.601253918,PF6,0.4,0.0,0.0,0.6,0.0,0.0
10.1149/1.1403730,6.771929825,283.15,0.757366771,PF6,0.4,0.0,0.0,0.6,0.0,0.0
10.1149/1.1403730,6.807017544,283.15,0.887147335,PF6,0.4,0.0,0.0,0.6,0.0,0.0
10.1149/1.1403730,6.596491228,283.15,1.078996865,PF6,0.4,0.0,0.0,0.6,0.0,0.0
10.1149/1.1403730,6.280701754,283.15,1.212539185,PF6,0.4,0.0,0.0,0.6,0.0,0.0
10.1149/1.1403730,5.929824561,283.15,1.331034483,PF6,0.4,0.0,0.0,0.6,0.0,0.0
10.1149/1.1403730,5.192982456,283.15,1.571786834,PF6,0.4,0.0,0.0,0.6,0.0,0.0
10.1149/1.1403730,6.98245614,293.15,0.430094044,PF6,0.4,0.0,0.0,0.6,0.0,0.0
10.1149/1.1403730,7.964912281,293.15,0.603134796,PF6,0.4,0.0,0.0,0.6,0.0,0.0
10.1149/1.1403730,8.385964912,293.15,0.757366771,PF6,0.4,0.0,0.0,0.6,0.0,0.0
10.1149/1.1403730,8.456140351,293.15,0.890909091,PF6,0.4,0.0,0.0,0.6,0.0,0.0
10.1149/1.1403730,8.245614035,293.15,1.073354232,PF6,0.4,0.0,0.0,0.6,0.0,0.0
10.1149/1.1403730,8.070175439,293.15,1.214420063,PF6,0.4,0.0,0.0,0.6,0.0,0.0
10.1149/1.1403730,7.684210526,293.15,1.331034483,PF6,0.4,0.0,0.0,0.6,0.0,0.0
10.1149/1.1403730,6.842105263,293.15,1.575548589,PF6,0.4,0.0,0.0,0.6,0.0,0.0
10.1149/1.1403730,8.140350877,303.15,0.424451411,PF6,0.4,0.0,0.0,0.6,0.0,0.0
10.1149/1.1403730,9.263157895,303.15,0.601253918,PF6,0.4,0.0,0.0,0.6,0.0,0.0
10.1149/1.1403730,9.929824561,303.15,0.753605016,PF6,0.4,0.0,0.0,0.6,0.0,0.0
10.1149/1.1403730,10.24561404,303.15,0.890909091,PF6,0.4,0.0,0.0,0.6,0.0,0.0
10.1149/1.1403730,10.03508772,303.15,1.077115987,PF6,0.4,0.0,0.0,0.6,0.0,0.0
10.1149/1.1403730,9.929824561,303.15,1.208777429,PF6,0.4,0.0,0.0,0.6,0.0,0.0
10.1149/1.1403730,9.578947368,303.15,1.332915361,PF6,0.4,0.0,0.0,0.6,0.0,0.0
10.1149/1.1403730,8.736842105,303.15,1.571786834,PF6,0.4,0.0,0.0,0.6,0.0,0.0
10.1149/1.1403730,9.368421053,313.15,0.428213166,PF6,0.4,0.0,0.0,0.6,0.0,0.0
10.1149/1.1403730,10.84210526,313.15,0.601253918,PF6,0.4,0.0,0.0,0.6,0.0,0.0
10.1149/1.1403730,11.61403509,313.15,0.757366771,PF6,0.4,0.0,0.0,0.6,0.0,0.0
10.1149/1.1403730,11.89473684,313.15,0.889028213,PF6,0.4,0.0,0.0,0.6,0.0,0.0
10.1149/1.1403730,11.85964912,313.15,1.07523511,PF6,0.4,0.0,0.0,0.6,0.0,0.0
10.1149/1.1403730,11.8245614,313.15,1.214420063,PF6,0.4,0.0,0.0,0.6,0.0,0.0
10.1149/1.1403730,11.50877193,313.15,1.332915361,PF6,0.4,0.0,0.0,0.6,0.0,0.0
10.1149/1.1403730,10.73684211,313.15,1.573667712,PF6,0.4,0.0,0.0,0.6,0.0,0.0
10.1149/1.1403730,10.59649123,323.15,0.426332288,PF6,0.4,0.0,0.0,0.6,0.0,0.0
10.1149/1.1403730,12.21052632,323.15,0.601253918,PF6,0.4,0.0,0.0,0.6,0.0,0.0
10.1149/1.1403730,13.22807018,323.15,0.755485893,PF6,0.4,0.0,0.0,0.6,0.0,0.0
10.1149/1.1403730,13.71929825,323.15,0.889028213,PF6,0.4,0.0,0.0,0.6,0.0,0.0
10.1149/1.1403730,13.71929825,323.15,1.077115987,PF6,0.4,0.0,0.0,0.6,0.0,0.0
10.1149/1.1403730,13.78947368,323.15,1.214420063,PF6,0.4,0.0,0.0,0.6,0.0,0.0
10.1149/1.1403730,13.47368421,323.15,1.336677116,PF6,0.4,0.0,0.0,0.6,0.0,0.0
10.1149/1.1403730,12.80701754,323.15,1.571786834,PF6,0.4,0.0,0.0,0.6,0.0,0.0
10.1149/1.1403730,11.8245614,333.15,0.428213166,PF6,0.4,0.0,0.0,0.6,0.0,0.0
10.1149/1.1403730,13.68421053,333.15,0.603134796,PF6,0.4,0.0,0.0,0.6,0.0,0.0
10.1149/1.1403730,14.80701754,333.15,0.753605016,PF6,0.4,0.0,0.0,0.6,0.0,0.0
10.1149/1.1403730,15.40350877,333.15,0.887147335,PF6,0.4,0.0,0.0,0.6,0.0,0.0
10.1149/1.1403730,15.61403509,333.15,1.07523511,PF6,0.4,0.0,0.0,0.6,0.0,0.0
10.1149/1.1403730,15.68421053,333.15,1.21630094,PF6,0.4,0.0,0.0,0.6,0.0,0.0
10.1149/1.1403730,15.47368421,333.15,1.332915361,PF6,0.4,0.0,0.0,0.6,0.0,0.0
10.1149/1.1403730,14.9122807,333.15,1.571786834,PF6,0.4,0.0,0.0,0.6,0.0,0.0
10.1149/1.1403730,1.88372093,243.15,0.540023337,PF6,0.5,0.0,0.0,0.5,0.0,0.0
10.1149/1.1403730,1.848837209,243.15,0.691248541,PF6,0.5,0.0,0.0,0.5,0.0,0.0
10.1149/1.1403730,1.534883721,243.15,0.887281214,PF6,0.5,0.0,0.0,0.5,0.0,0.0
10.1149/1.1403730,1.290697674,243.15,1.075845974,PF6,0.5,0.0,0.0,0.5,0.0,0.0
10.1149/1.1403730,1.081395349,243.15,1.212135356,PF6,0.5,0.0,0.0,0.5,0.0,0.0
10.1149/1.1403730,0.837209302,243.15,1.387631272,PF6,0.5,0.0,0.0,0.5,0.0,0.0
10.1149/1.1403730,0.558139535,243.15,1.576196033,PF6,0.5,0.0,0.0,0.5,0.0,0.0
10.1149/1.1403730,0.313953488,243.15,1.807701284,PF6,0.5,0.0,0.0,0.5,0.0,0.0
10.1149/1.1403730,2.755813953,253.15,0.540023337,PF6,0.5,0.0,0.0,0.5,0.0,0.0
10.1149/1.1403730,2.825581395,253.15,0.693115519,PF6,0.5,0.0,0.0,0.5,0.0,0.0
10.1149/1.1403730,2.546511628,253.15,0.883547258,PF6,0.5,0.0,0.0,0.5,0.0,0.0
10.1149/1.1403730,2.26744186,253.15,1.072112019,PF6,0.5,0.0,0.0,0.5,0.0,0.0
10.1149/1.1403730,1.953488372,253.15,1.214002334,PF6,0.5,0.0,0.0,0.5,0.0,0.0
10.1149/1.1403730,1.569767442,253.15,1.385764294,PF6,0.5,0.0,0.0,0.5,0.0,0.0
10.1149/1.1403730,1.186046512,253.15,1.579929988,PF6,0.5,0.0,0.0,0.5,0.0,0.0
10.1149/1.1403730,0.76744186,253.15,1.807701284,PF6,0.5,0.0,0.0,0.5,0.0,0.0
10.1149/1.1403730,3.837209302,263.15,0.541890315,PF6,0.5,0.0,0.0,0.5,0.0,0.0
10.1149/1.1403730,4.011627907,263.15,0.691248541,PF6,0.5,0.0,0.0,0.5,0.0,0.0
10.1149/1.1403730,3.76744186,263.15,0.883547258,PF6,0.5,0.0,0.0,0.5,0.0,0.0
10.1149/1.1403730,3.38372093,263.15,1.073978996,PF6,0.5,0.0,0.0,0.5,0.0,0.0
10.1149/1.1403730,3.034883721,263.15,1.212135356,PF6,0.5,0.0,0.0,0.5,0.0,0.0
10.1149/1.1403730,2.61627907,263.15,1.383897316,PF6,0.5,0.0,0.0,0.5,0.0,0.0
10.1149/1.1403730,2.023255814,263.15,1.578063011,PF6,0.5,0.0,0.0,0.5,0.0,0.0
10.1149/1.1403730,1.465116279,263.15,1.803967328,PF6,0.5,0.0,0.0,0.5,0.0,0.0
10.1149/1.1403730,5.127906977,273.15,0.541890315,PF6,0.5,0.0,0.0,0.5,0.0,0.0
10.1149/1.1403730,5.406976744,273.15,0.689381564,PF6,0.5,0.0,0.0,0.5,0.0,0.0
10.1149/1.1403730,5.23255814,273.15,0.885414236,PF6,0.5,0.0,0.0,0.5,0.0,0.0
10.1149/1.1403730,4.88372093,273.15,1.075845974,PF6,0.5,0.0,0.0,0.5,0.0,0.0
10.1149/1.1403730,4.430232558,273.15,1.212135356,PF6,0.5,0.0,0.0,0.5,0.0,0.0
10.1149/1.1403730,3.976744186,273.15,1.387631272,PF6,0.5,0.0,0.0,0.5,0.0,0.0
10.1149/1.1403730,3.279069767,273.15,1.576196033,PF6,0.5,0.0,0.0,0.5,0.0,0.0
10.1149/1.1403730,2.546511628,273.15,1.805834306,PF6,0.5,0.0,0.0,0.5,0.0,0.0
10.1149/1.1403730,6.453488372,283.15,0.540023337,PF6,0.5,0.0,0.0,0.5,0.0,0.0
10.1149/1.1403730,6.906976744,283.15,0.691248541,PF6,0.5,0.0,0.0,0.5,0.0,0.0
10.1149/1.1403730,6.837209302,283.15,0.883547258,PF6,0.5,0.0,0.0,0.5,0.0,0.0
10.1149/1.1403730,6.488372093,283.15,1.073978996,PF6,0.5,0.0,0.0,0.5,0.0,0.0
10.1149/1.1403730,6.174418605,283.15,1.212135356,PF6,0.5,0.0,0.0,0.5,0.0,0.0
10.1149/1.1403730,5.546511628,283.15,1.387631272,PF6,0.5,0.0,0.0,0.5,0.0,0.0
10.1149/1.1403730,4.813953488,283.15,1.574329055,PF6,0.5,0.0,0.0,0.5,0.0,0.0
10.1149/1.1403730,3.976744186,283.15,1.805834306,PF6,0.5,0.0,0.0,0.5,0.0,0.0
10.1149/1.1403730,7.813953488,293.15,0.541890315,PF6,0.5,0.0,0.0,0.5,0.0,0.0
10.1149/1.1403730,8.546511628,293.15,0.689381564,PF6,0.5,0.0,0.0,0.5,0.0,0.0
10.1149/1.1403730,8.581395349,293.15,0.883547258,PF6,0.5,0.0,0.0,0.5,0.0,0.0
10.1149/1.1403730,8.337209302,293.15,1.07957993,PF6,0.5,0.0,0.0,0.5,0.0,0.0
10.1149/1.1403730,7.918604651,293.15,1.214002334,PF6,0.5,0.0,0.0,0.5,0.0,0.0
10.1149/1.1403730,7.395348837,293.15,1.385764294,PF6,0.5,0.0,0.0,0.5,0.0,0.0
10.1149/1.1403730,6.558139535,293.15,1.578063011,PF6,0.5,0.0,0.0,0.5,0.0,0.0
10.1149/1.1403730,5.476744186,293.15,1.809568261,PF6,0.5,0.0,0.0,0.5,0.0,0.0
10.1149/1.1403730,8.965116279,303.15,0.538156359,PF6,0.5,0.0,0.0,0.5,0.0,0.0
10.1149/1.1403730,10.18604651,303.15,0.689381564,PF6,0.5,0.0,0.0,0.5,0.0,0.0
10.1149/1.1403730,10.46511628,303.15,0.885414236,PF6,0.5,0.0,0.0,0.5,0.0,0.0
10.1149/1.1403730,10.25581395,303.15,1.077712952,PF6,0.5,0.0,0.0,0.5,0.0,0.0
10.1149/1.1403730,9.976744186,303.15,1.210268378,PF6,0.5,0.0,0.0,0.5,0.0,0.0
10.1149/1.1403730,9.279069767,303.15,1.385764294,PF6,0.5,0.0,0.0,0.5,0.0,0.0
10.1149/1.1403730,8.581395349,303.15,1.576196033,PF6,0.5,0.0,0.0,0.5,0.0,0.0
10.1149/1.1403730,7.325581395,303.15,1.805834306,PF6,0.5,0.0,0.0,0.5,0.0,0.0
10.1149/1.1403730,10.53488372,313.15,0.541890315,PF6,0.5,0.0,0.0,0.5,0.0,0.0
10.1149/1.1403730,11.96511628,313.15,0.691248541,PF6,0.5,0.0,0.0,0.5,0.0,0.0
10.1149/1.1403730,12.38372093,313.15,0.883547258,PF6,0.5,0.0,0.0,0.5,0.0,0.0
10.1149/1.1403730,12.34883721,313.15,1.075845974,PF6,0.5,0.0,0.0,0.5,0.0,0.0
10.1149/1.1403730,12.03488372,313.15,1.214002334,PF6,0.5,0.0,0.0,0.5,0.0,0.0
10.1149/1.1403730,11.40697674,313.15,1.385764294,PF6,0.5,0.0,0.0,0.5,0.0,0.0
10.1149/1.1403730,10.56976744,313.15,1.576196033,PF6,0.5,0.0,0.0,0.5,0.0,0.0
10.1149/1.1403730,9.38372093,313.15,1.803967328,PF6,0.5,0.0,0.0,0.5,0.0,0.0
10.1149/1.1403730,11.72093023,323.15,0.540023337,PF6,0.5,0.0,0.0,0.5,0.0,0.0
10.1149/1.1403730,13.6744186,323.15,0.689381564,PF6,0.5,0.0,0.0,0.5,0.0,0.0
10.1149/1.1403730,14.26744186,323.15,0.883547258,PF6,0.5,0.0,0.0,0.5,0.0,0.0
10.1149/1.1403730,14.40697674,323.15,1.075845974,PF6,0.5,0.0,0.0,0.5,0.0,0.0
10.1149/1.1403730,14.1627907,323.15,1.214002334,PF6,0.5,0.0,0.0,0.5,0.0,0.0
10.1149/1.1403730,13.56976744,323.15,1.387631272,PF6,0.5,0.0,0.0,0.5,0.0,0.0
10.1149/1.1403730,12.76744186,323.15,1.574329055,PF6,0.5,0.0,0.0,0.5,0.0,0.0
10.1149/1.1403730,11.54651163,323.15,1.805834306,PF6,0.5,0.0,0.0,0.5,0.0,0.0
10.1149/1.1403730,12.90697674,333.15,0.538156359,PF6,0.5,0.0,0.0,0.5,0.0,0.0
10.1149/1.1403730,15.34883721,333.15,0.687514586,PF6,0.5,0.0,0.0,0.5,0.0,0.0
10.1149/1.1403730,16.22093023,333.15,0.885414236,PF6,0.5,0.0,0.0,0.5,0.0,0.0
10.1149/1.1403730,16.46511628,333.15,1.075845974,PF6,0.5,0.0,0.0,0.5,0.0,0.0
10.1149/1.1403730,16.29069767,333.15,1.212135356,PF6,0.5,0.0,0.0,0.5,0.0,0.0
10.1149/1.1403730,15.76744186,333.15,1.387631272,PF6,0.5,0.0,0.0,0.5,0.0,0.0
10.1149/1.1403730,15.10465116,333.15,1.574329055,PF6,0.5,0.0,0.0,0.5,0.0,0.0
10.1149/1.1403730,13.84883721,333.15,1.809568261,PF6,0.5,0.0,0.0,0.5,0.0,0.0
10.1149/1.1513556,1.651813368,243.15,0.431092017,PF6,0.3,0.3,0.0,0.4,0.0,0.0
10.1149/1.1513556,2.524527925,253.15,0.431231891,PF6,0.3,0.3,0.0,0.4,0.0,0.0
10.1149/1.1513556,3.5064442,263.15,0.430152862,PF6,0.3,0.3,0.0,0.4,0.0,0.0
10.1149/1.1513556,4.652113098,273.15,0.427794985,PF6,0.3,0.3,0.0,0.4,0.0,0.0
10.1149/1.1513556,5.815865721,283.15,0.426516135,PF6,0.3,0.3,0.0,0.4,0.0,0.0
10.1149/1.1513556,7.088620242,293.15,0.426216405,PF6,0.3,0.3,0.0,0.4,0.0,0.0
10.1149/1.1513556,8.434109302,303.15,0.425836747,PF6,0.3,0.3,0.0,0.4,0.0,0.0
10.1149/1.1513556,9.852732541,313.15,0.420981117,PF6,0.3,0.3,0.0,0.4,0.0,0.0
10.1149/1.1513556,11.21640524,323.15,0.420581477,PF6,0.3,0.3,0.0,0.4,0.0,0.0
10.1149/1.1513556,12.6164452,333.15,0.420141872,PF6,0.3,0.3,0.0,0.4,0.0,0.0
10.1149/1.1513556,1.658507343,243.15,0.557458288,PF6,0.3,0.3,0.0,0.4,0.0,0.0
10.1149/1.1513556,2.603956439,253.15,0.557518234,PF6,0.3,0.3,0.0,0.4,0.0,0.0
10.1149/1.1513556,3.695074433,263.15,0.555220302,PF6,0.3,0.3,0.0,0.4,0.0,0.0
10.1149/1.1513556,4.985912679,273.15,0.5559996,PF6,0.3,0.3,0.0,0.4,0.0,0.0
10.1149/1.1513556,6.349785193,283.15,0.553401938,PF6,0.3,0.3,0.0,0.4,0.0,0.0
10.1149/1.1513556,7.840943151,293.15,0.550664402,PF6,0.3,0.3,0.0,0.4,0.0,0.0
10.1149/1.1513556,9.386652013,303.15,0.54786692,PF6,0.3,0.3,0.0,0.4,0.0,0.0
10.1149/1.1513556,10.96852832,313.15,0.547227495,PF6,0.3,0.3,0.0,0.4,0.0,0.0
10.1149/1.1513556,12.62333899,323.15,0.544310121,PF6,0.3,0.3,0.0,0.4,0.0,0.0
10.1149/1.1513556,14.24158258,333.15,0.543630732,PF6,0.3,0.3,0.0,0.4,0.0,0.0
10.1149/1.1513556,1.614347088,243.15,0.643221101,PF6,0.3,0.3,0.0,0.4,0.0,0.0
10.1149/1.1513556,2.578079728,253.15,0.642162054,PF6,0.3,0.3,0.0,0.4,0.0,0.0
10.1149/1.1513556,3.723648716,263.15,0.640903187,PF6,0.3,0.3,0.0,0.4,0.0,0.0
10.1149/1.1513556,5.051153961,273.15,0.638345489,PF6,0.3,0.3,0.0,0.4,0.0,0.0
10.1149/1.1513556,6.524028374,283.15,0.636726946,PF6,0.3,0.3,0.0,0.4,0.0,0.0
10.1149/1.1513556,8.106004596,293.15,0.63498851,PF6,0.3,0.3,0.0,0.4,0.0,0.0
10.1149/1.1513556,9.797182536,303.15,0.632031172,PF6,0.3,0.3,0.0,0.4,0.0,0.0
10.1149/1.1513556,11.5064442,313.15,0.630152862,PF6,0.3,0.3,0.0,0.4,0.0,0.0
10.1149/1.1513556,13.27005695,323.15,0.630412629,PF6,0.3,0.3,0.0,0.4,0.0,0.0
10.1149/1.1513556,15.0158857,333.15,0.626296333,PF6,0.3,0.3,0.0,0.4,0.0,0.0
10.1149/1.1513556,1.533819562,243.15,0.729023879,PF6,0.3,0.3,0.0,0.4,0.0,0.0
10.1149/1.1513556,2.497552203,253.15,0.727964832,PF6,0.3,0.3,0.0,0.4,0.0,0.0
10.1149/1.1513556,3.67948846,263.15,0.726666001,PF6,0.3,0.3,0.0,0.4,0.0,0.0
10.1149/1.1513556,5.06134479,273.15,0.726246378,PF6,0.3,0.3,0.0,0.4,0.0,0.0
10.1149/1.1513556,6.607053652,283.15,0.723448896,PF6,0.3,0.3,0.0,0.4,0.0,0.0
10.1149/1.1513556,8.243580777,293.15,0.721650515,PF6,0.3,0.3,0.0,0.4,0.0,0.0
10.1149/1.1513556,10.02567689,303.15,0.718593266,PF6,0.3,0.3,0.0,0.4,0.0,0.0
10.1149/1.1513556,11.84394045,313.15,0.717694075,PF6,0.3,0.3,0.0,0.4,0.0,0.0
10.1149/1.1513556,13.73503847,323.15,0.715615946,PF6,0.3,0.3,0.0,0.4,0.0,0.0
10.1149/1.1513556,15.57158557,333.15,0.713597762,PF6,0.3,0.3,0.0,0.4,0.0,0.0
10.1149/1.1513556,1.378159656,243.15,0.841282845,PF6,0.3,0.3,0.0,0.4,0.0,0.0
10.1149/1.1513556,2.323708662,253.15,0.840243781,PF6,0.3,0.3,0.0,0.4,0.0,0.0
10.1149/1.1513556,3.50574483,263.15,0.837845939,PF6,0.3,0.3,0.0,0.4,0.0,0.0
10.1149/1.1513556,4.942052153,273.15,0.838465381,PF6,0.3,0.3,0.0,0.4,0.0,0.0
10.1149/1.1513556,6.542311919,283.15,0.835607953,PF6,0.3,0.3,0.0,0.4,0.0,0.0
10.1149/1.1513556,8.288040763,293.15,0.832590668,PF6,0.3,0.3,0.0,0.4,0.0,0.0
10.1149/1.1513556,10.12468778,303.15,0.829473474,PF6,0.3,0.3,0.0,0.4,0.0,0.0
10.1149/1.1513556,12.05205315,313.15,0.828454391,PF6,0.3,0.3,0.0,0.4,0.0,0.0
10.1149/1.1513556,14.05245279,323.15,0.824058347,PF6,0.3,0.3,0.0,0.4,0.0,0.0
10.1149/1.1513556,16.05245279,333.15,0.824058347,PF6,0.3,0.3,0.0,0.4,0.0,0.0
10.1149/1.1513556,1.22249975,243.15,0.953541812,PF6,0.3,0.3,0.0,0.4,0.0,0.0
10.1149/1.1513556,2.077030672,253.15,0.953701668,PF6,0.3,0.3,0.0,0.4,0.0,0.0
10.1149/1.1513556,3.25896693,263.15,0.952402837,PF6,0.3,0.3,0.0,0.4,0.0,0.0
10.1149/1.1513556,4.713657708,273.15,0.950804276,PF6,0.3,0.3,0.0,0.4,0.0,0.0
10.1149/1.1513556,6.313817564,283.15,0.949045859,PF6,0.3,0.3,0.0,0.4,0.0,0.0
10.1149/1.1513556,8.095813768,293.15,0.947087621,PF6,0.3,0.3,0.0,0.4,0.0,0.0
10.1149/1.1513556,10.05984614,303.15,0.942731542,PF6,0.3,0.3,0.0,0.4,0.0,0.0
10.1149/1.1513556,12.04186232,313.15,0.940553502,PF6,0.3,0.3,0.0,0.4,0.0,0.0
10.1149/1.1513556,14.13288041,323.15,0.939354581,PF6,0.3,0.3,0.0,0.4,0.0,0.0
10.1149/1.1513556,16.24218204,333.15,0.937036667,PF6,0.3,0.3,0.0,0.4,0.0,0.0
10.1149/1.1513556,0.97532221,243.15,1.072494755,PF6,0.3,0.3,0.0,0.4,0.0,0.0
10.1149/1.1513556,1.866120492,253.15,1.073713658,PF6,0.3,0.3,0.0,0.4,0.0,0.0
10.1149/1.1513556,2.993405935,263.15,1.073573784,PF6,0.3,0.3,0.0,0.4,0.0,0.0
10.1149/1.1513556,4.375462084,273.15,1.070956139,PF6,0.3,0.3,0.0,0.4,0.0,0.0
10.1149/1.1513556,5.993805575,283.15,1.06917774,PF6,0.3,0.3,0.0,0.4,0.0,0.0
10.1149/1.1513556,7.830352683,293.15,1.067159556,PF6,0.3,0.3,0.0,0.4,0.0,0.0
10.1149/1.1513556,9.776001599,303.15,1.065021481,PF6,0.3,0.3,0.0,0.4,0.0,0.0
10.1149/1.1513556,11.83075232,313.15,1.062763513,PF6,0.3,0.3,0.0,0.4,0.0,0.0
10.1149/1.1513556,14.0128884,323.15,1.05926666,PF6,0.3,0.3,0.0,0.4,0.0,0.0
10.1149/1.1513556,16.19492457,333.15,1.056868818,PF6,0.3,0.3,0.0,0.4,0.0,0.0
10.1149/1.1513556,0.780697372,243.15,1.213367969,PF6,0.3,0.3,0.0,0.4,0.0,0.0
10.1149/1.1513556,1.453292037,253.15,1.214826656,PF6,0.3,0.3,0.0,0.4,0.0,0.0
10.1149/1.1513556,2.562593666,263.15,1.212508742,PF6,0.3,0.3,0.0,0.4,0.0,0.0
10.1149/1.1513556,3.92636627,273.15,1.211010091,PF6,0.3,0.3,0.0,0.4,0.0,0.0
10.1149/1.1513556,5.526526126,283.15,1.209251673,PF6,0.3,0.3,0.0,0.4,0.0,0.0
10.1149/1.1513556,7.326805875,293.15,1.206174443,PF6,0.3,0.3,0.0,0.4,0.0,0.0
10.1149/1.1513556,9.326905785,303.15,1.205075432,PF6,0.3,0.3,0.0,0.4,0.0,0.0
10.1149/1.1513556,11.43620741,313.15,1.202757518,PF6,0.3,0.3,0.0,0.4,0.0,0.0
10.1149/1.1513556,13.60005995,323.15,1.200379658,PF6,0.3,0.3,0.0,0.4,0.0,0.0
10.1149/1.1513556,15.87301429,333.15,1.197881906,PF6,0.3,0.3,0.0,0.4,0.0,0.0
10.1149/1.1513556,0.512238985,243.15,1.366410231,PF6,0.3,0.3,0.0,0.4,0.0,0.0
10.1149/1.1513556,1.166849835,253.15,1.365690878,PF6,0.3,0.3,0.0,0.4,0.0,0.0
10.1149/1.1513556,2.148766111,263.15,1.364611849,PF6,0.3,0.3,0.0,0.4,0.0,0.0
10.1149/1.1513556,3.403336997,273.15,1.364332101,PF6,0.3,0.3,0.0,0.4,0.0,0.0
10.1149/1.1513556,4.949045859,283.15,1.361534619,PF6,0.3,0.3,0.0,0.4,0.0,0.0
10.1149/1.1513556,6.694674793,293.15,1.359616345,PF6,0.3,0.3,0.0,0.4,0.0,0.0
10.1149/1.1513556,8.622040164,303.15,1.358597262,PF6,0.3,0.3,0.0,0.4,0.0,0.0
10.1149/1.1513556,10.74972525,313.15,1.354061345,PF6,0.3,0.3,0.0,0.4,0.0,0.0
10.1149/1.1513556,12.96802877,323.15,1.35272255,PF6,0.3,0.3,0.0,0.4,0.0,0.0
10.1149/1.1513556,15.27735038,333.15,1.350184834,PF6,0.3,0.3,0.0,0.4,0.0,0.0
10.1149/1.1513556,0.275552003,243.15,1.56996703,PF6,0.3,0.3,0.0,0.4,0.0,0.0
10.1149/1.1513556,0.80287741,253.15,1.569387551,PF6,0.3,0.3,0.0,0.4,0.0,0.0
10.1149/1.1513556,1.584873614,263.15,1.567429314,PF6,0.3,0.3,0.0,0.4,0.0,0.0
10.1149/1.1513556,2.675791787,273.15,1.567329404,PF6,0.3,0.3,0.0,0.4,0.0,0.0
10.1149/1.1513556,4.112298931,283.15,1.565750824,PF6,0.3,0.3,0.0,0.4,0.0,0.0
10.1149/1.1513556,5.767009691,293.15,1.563932461,PF6,0.3,0.3,0.0,0.4,0.0,0.0
10.1149/1.1513556,7.658107703,303.15,1.561854331,PF6,0.3,0.3,0.0,0.4,0.0,0.0
10.1149/1.1513556,9.731042062,313.15,1.559576381,PF6,0.3,0.3,0.0,0.4,0.0,0.0
10.1149/1.1513556,11.89509442,323.15,1.5550005,PF6,0.3,0.3,0.0,0.4,0.0,0.0
10.1149/1.1513556,14.20441603,333.15,1.552462783,PF6,0.3,0.3,0.0,0.4,0.0,0.0
10.1149/1.1513556,0.071935258,243.15,1.809751224,PF6,0.3,0.3,0.0,0.4,0.0,0.0
10.1149/1.1513556,0.417424318,253.15,1.809371566,PF6,0.3,0.3,0.0,0.4,0.0,0.0
10.1149/1.1513556,0.999300629,263.15,1.808732141,PF6,0.3,0.3,0.0,0.4,0.0,0.0
10.1149/1.1513556,1.890298731,273.15,1.807753022,PF6,0.3,0.3,0.0,0.4,0.0,0.0
10.1149/1.1513556,3.145069438,283.15,1.805275252,PF6,0.3,0.3,0.0,0.4,0.0,0.0
10.1149/1.1513556,4.61784394,293.15,1.80475572,PF6,0.3,0.3,0.0,0.4,0.0,0.0
10.1149/1.1513556,6.381856329,303.15,1.800619443,PF6,0.3,0.3,0.0,0.4,0.0,0.0
10.1149/1.1513556,8.327205515,313.15,1.801778399,PF6,0.3,0.3,0.0,0.4,0.0,0.0
10.1149/1.1513556,10.45469078,323.15,1.799440504,PF6,0.3,0.3,0.0,0.4,0.0,0.0
10.1149/1.1513556,12.7096613,333.15,1.794764712,PF6,0.3,0.3,0.0,0.4,0.0,0.0
10.1149/1.1566019,0.583492958,233.75,0.284,PF6,0.0,0.8,0.0,0.0,0.2,0.0
10.1149/1.1566019,1.006028169,243.65,0.284,PF6,0.0,0.8,0.0,0.0,0.2,0.0
10.1149/1.1566019,1.513070423,253.35,0.284,PF6,0.0,0.8,0.0,0.0,0.2,0.0
10.1149/1.1566019,2.161014085,263.15,0.282,PF6,0.0,0.8,0.0,0.0,0.2,0.0
10.1149/1.1566019,2.921633803,272.95,0.28,PF6,0.0,0.8,0.0,0.0,0.2,0.0
10.1149/1.1566019,3.766535211,282.85,0.286,PF6,0.0,0.8,0.0,0.0,0.2,0.0
10.1149/1.1566019,4.61171831,292.65,0.282,PF6,0.0,0.8,0.0,0.0,0.2,0.0
10.1149/1.1566019,5.513014085,302.55,0.286,PF6,0.0,0.8,0.0,0.0,0.2,0.0
10.1149/1.1566019,6.499042254,312.45,0.282,PF6,0.0,0.8,0.0,0.0,0.2,0.0
10.1149/1.1566019,7.52715493,322.35,0.284,PF6,0.0,0.8,0.0,0.0,0.2,0.0
10.1149/1.1566019,8.541295775,332.15,0.282,PF6,0.0,0.8,0.0,0.0,0.2,0.0
10.1149/1.1566019,0.623380282,233.75,0.368,PF6,0.0,0.8,0.0,0.0,0.2,0.0
10.1149/1.1566019,1.088112676,243.65,0.37,PF6,0.0,0.8,0.0,0.0,0.2,0.0
10.1149/1.1566019,1.693746479,253.35,0.37,PF6,0.0,0.8,0.0,0.0,0.2,0.0
10.1149/1.1566019,2.426140845,263.15,0.37,PF6,0.0,0.8,0.0,0.0,0.2,0.0
10.1149/1.1566019,3.299323944,272.95,0.372,PF6,0.0,0.8,0.0,0.0,0.2,0.0
10.1149/1.1566019,4.257126761,282.85,0.37,PF6,0.0,0.8,0.0,0.0,0.2,0.0
10.1149/1.1566019,5.285183099,292.65,0.374,PF6,0.0,0.8,0.0,0.0,0.2,0.0
10.1149/1.1566019,6.412,302.55,0.372,PF6,0.0,0.8,0.0,0.0,0.2,0.0
10.1149/1.1566019,7.566929577,312.45,0.372,PF6,0.0,0.8,0.0,0.0,0.2,0.0
10.1149/1.1566019,8.764169014,322.35,0.37,PF6,0.0,0.8,0.0,0.0,0.2,0.0
10.1149/1.1566019,10.00360563,332.15,0.37,PF6,0.0,0.8,0.0,0.0,0.2,0.0
10.1149/1.1566019,0.621126761,233.75,0.448,PF6,0.0,0.8,0.0,0.0,0.2,0.0
10.1149/1.1566019,1.114084507,243.65,0.448,PF6,0.0,0.8,0.0,0.0,0.2,0.0
10.1149/1.1566019,1.747887324,253.35,0.448,PF6,0.0,0.8,0.0,0.0,0.2,0.0
10.1149/1.1566019,2.578760563,263.15,0.452,PF6,0.0,0.8,0.0,0.0,0.2,0.0
10.1149/1.1566019,3.550704225,272.95,0.448,PF6,0.0,0.8,0.0,0.0,0.2,0.0
10.1149/1.1566019,4.635267606,282.85,0.446,PF6,0.0,0.8,0.0,0.0,0.2,0.0
10.1149/1.1566019,5.776,292.65,0.45,PF6,0.0,0.8,0.0,0.0,0.2,0.0
10.1149/1.1566019,7.015492958,302.55,0.448,PF6,0.0,0.8,0.0,0.0,0.2,0.0
10.1149/1.1566019,8.297126761,312.45,0.45,PF6,0.0,0.8,0.0,0.0,0.2,0.0
10.1149/1.1566019,9.677352113,322.35,0.452,PF6,0.0,0.8,0.0,0.0,0.2,0.0
10.1149/1.1566019,11.05769014,332.15,0.45,PF6,0.0,0.8,0.0,0.0,0.2,0.0
10.1149/1.1566019,0.60456338,233.75,0.536,PF6,0.0,0.8,0.0,0.0,0.2,0.0
10.1149/1.1566019,1.097577465,243.65,0.534,PF6,0.0,0.8,0.0,0.0,0.2,0.0
10.1149/1.1566019,1.773577465,253.35,0.536,PF6,0.0,0.8,0.0,0.0,0.2,0.0
10.1149/1.1566019,2.632732394,263.15,0.536,PF6,0.0,0.8,0.0,0.0,0.2,0.0
10.1149/1.1566019,3.660901408,272.95,0.536,PF6,0.0,0.8,0.0,0.0,0.2,0.0
10.1149/1.1566019,4.829971831,282.85,0.534,PF6,0.0,0.8,0.0,0.0,0.2,0.0
10.1149/1.1566019,6.111549296,292.65,0.538,PF6,0.0,0.8,0.0,0.0,0.2,0.0
10.1149/1.1566019,7.477746479,302.55,0.538,PF6,0.0,0.8,0.0,0.0,0.2,0.0
10.1149/1.1566019,8.928450704,312.45,0.538,PF6,0.0,0.8,0.0,0.0,0.2,0.0
10.1149/1.1566019,10.39323944,322.35,0.538,PF6,0.0,0.8,0.0,0.0,0.2,0.0
10.1149/1.1566019,11.91430986,332.15,0.54,PF6,0.0,0.8,0.0,0.0,0.2,0.0
10.1149/1.1566019,0.531323944,233.75,0.636,PF6,0.0,0.8,0.0,0.0,0.2,0.0
10.1149/1.1566019,1.038422535,243.65,0.634,PF6,0.0,0.8,0.0,0.0,0.2,0.0
10.1149/1.1566019,1.742647887,253.35,0.634,PF6,0.0,0.8,0.0,0.0,0.2,0.0
10.1149/1.1566019,2.615887324,263.15,0.634,PF6,0.0,0.8,0.0,0.0,0.2,0.0
10.1149/1.1566019,3.714422535,272.95,0.636,PF6,0.0,0.8,0.0,0.0,0.2,0.0
10.1149/1.1566019,4.939830986,282.85,0.634,PF6,0.0,0.8,0.0,0.0,0.2,0.0
10.1149/1.1566019,6.34828169,292.65,0.634,PF6,0.0,0.8,0.0,0.0,0.2,0.0
10.1149/1.1566019,7.78484507,302.55,0.636,PF6,0.0,0.8,0.0,0.0,0.2,0.0
10.1149/1.1566019,9.348169014,312.45,0.638,PF6,0.0,0.8,0.0,0.0,0.2,0.0
10.1149/1.1566019,10.99605634,322.35,0.638,PF6,0.0,0.8,0.0,0.0,0.2,0.0
10.1149/1.1566019,12.64383099,332.15,0.642,PF6,0.0,0.8,0.0,0.0,0.2,0.0
10.1149/1.1566019,0.457633803,233.75,0.752,PF6,0.0,0.8,0.0,0.0,0.2,0.0
10.1149/1.1566019,0.922478873,243.65,0.75,PF6,0.0,0.8,0.0,0.0,0.2,0.0
10.1149/1.1566019,1.612507042,253.35,0.754,PF6,0.0,0.8,0.0,0.0,0.2,0.0
10.1149/1.1566019,2.514084507,263.15,0.748,PF6,0.0,0.8,0.0,0.0,0.2,0.0
10.1149/1.1566019,3.654760563,272.95,0.754,PF6,0.0,0.8,0.0,0.0,0.2,0.0
10.1149/1.1566019,4.936394366,282.85,0.756,PF6,0.0,0.8,0.0,0.0,0.2,0.0
10.1149/1.1566019,6.373070423,292.65,0.754,PF6,0.0,0.8,0.0,0.0,0.2,0.0
10.1149/1.1566019,7.936450704,302.55,0.754,PF6,0.0,0.8,0.0,0.0,0.2,0.0
10.1149/1.1566019,9.598478873,312.45,0.752,PF6,0.0,0.8,0.0,0.0,0.2,0.0
10.1149/1.1566019,11.3308169,322.35,0.754,PF6,0.0,0.8,0.0,0.0,0.2,0.0
10.1149/1.1566019,13.10540845,332.15,0.756,PF6,0.0,0.8,0.0,0.0,0.2,0.0
10.1149/1.1566019,0.369183099,233.75,0.892,PF6,0.0,0.8,0.0,0.0,0.2,0.0
10.1149/1.1566019,0.791830986,243.65,0.888,PF6,0.0,0.8,0.0,0.0,0.2,0.0
10.1149/1.1566019,1.383380282,253.35,0.888,PF6,0.0,0.8,0.0,0.0,0.2,0.0
10.1149/1.1566019,2.270704225,263.15,0.888,PF6,0.0,0.8,0.0,0.0,0.2,0.0
10.1149/1.1566019,3.425464789,272.95,0.894,PF6,0.0,0.8,0.0,0.0,0.2,0.0
10.1149/1.1566019,4.721408451,282.85,0.888,PF6,0.0,0.8,0.0,0.0,0.2,0.0
10.1149/1.1566019,6.214253521,292.65,0.892,PF6,0.0,0.8,0.0,0.0,0.2,0.0
10.1149/1.1566019,7.819887324,302.55,0.892,PF6,0.0,0.8,0.0,0.0,0.2,0.0
10.1149/1.1566019,9.58028169,312.45,0.898,PF6,0.0,0.8,0.0,0.0,0.2,0.0
10.1149/1.1566019,11.41143662,322.35,0.892,PF6,0.0,0.8,0.0,0.0,0.2,0.0
10.1149/1.1566019,13.27053521,332.15,0.894,PF6,0.0,0.8,0.0,0.0,0.2,0.0
10.1149/1.1566019,0.237971831,233.75,1.05,PF6,0.0,0.8,0.0,0.0,0.2,0.0
10.1149/1.1566019,0.575943662,243.65,1.052,PF6,0.0,0.8,0.0,0.0,0.2,0.0
10.1149/1.1566019,1.139380282,253.35,1.05,PF6,0.0,0.8,0.0,0.0,0.2,0.0
10.1149/1.1566019,1.956225352,263.15,1.052,PF6,0.0,0.8,0.0,0.0,0.2,0.0
10.1149/1.1566019,3.026591549,272.95,1.054,PF6,0.0,0.8,0.0,0.0,0.2,0.0
10.1149/1.1566019,4.322366197,282.85,1.054,PF6,0.0,0.8,0.0,0.0,0.2,0.0
10.1149/1.1566019,5.787211268,292.65,1.052,PF6,0.0,0.8,0.0,0.0,0.2,0.0
10.1149/1.1566019,7.406873239,302.55,1.054,PF6,0.0,0.8,0.0,0.0,0.2,0.0
10.1149/1.1566019,9.209633803,312.45,1.056,PF6,0.0,0.8,0.0,0.0,0.2,0.0
10.1149/1.1566019,11.09701408,322.35,1.054,PF6,0.0,0.8,0.0,0.0,0.2,0.0
10.1149/1.1566019,13.05470423,332.15,1.056,PF6,0.0,0.8,0.0,0.0,0.2,0.0
10.1149/1.1566019,0.133971831,233.75,1.242,PF6,0.0,0.8,0.0,0.0,0.2,0.0
10.1149/1.1566019,0.415661972,243.65,1.242,PF6,0.0,0.8,0.0,0.0,0.2,0.0
10.1149/1.1566019,0.824112676,253.35,1.242,PF6,0.0,0.8,0.0,0.0,0.2,0.0
10.1149/1.1566019,1.44371831,263.15,1.246,PF6,0.0,0.8,0.0,0.0,0.2,0.0
10.1149/1.1566019,2.471887324,272.95,1.246,PF6,0.0,0.8,0.0,0.0,0.2,0.0
10.1149/1.1566019,3.669126761,282.85,1.244,PF6,0.0,0.8,0.0,0.0,0.2,0.0
10.1149/1.1566019,5.063380282,292.65,1.248,PF6,0.0,0.8,0.0,0.0,0.2,0.0
10.1149/1.1566019,6.654985915,302.55,1.246,PF6,0.0,0.8,0.0,0.0,0.2,0.0
10.1149/1.1566019,8.457859155,312.45,1.244,PF6,0.0,0.8,0.0,0.0,0.2,0.0
10.1149/1.1566019,10.33098592,322.35,1.248,PF6,0.0,0.8,0.0,0.0,0.2,0.0
10.1149/1.1566019,12.33098592,332.15,1.248,PF6,0.0,0.8,0.0,0.0,0.2,0.0
10.1149/1.1566019,0.056957746,233.75,1.476,PF6,0.0,0.8,0.0,0.0,0.2,0.0
10.1149/1.1566019,0.226028169,243.65,1.474,PF6,0.0,0.8,0.0,0.0,0.2,0.0
10.1149/1.1566019,0.479492958,253.35,1.476,PF6,0.0,0.8,0.0,0.0,0.2,0.0
10.1149/1.1566019,1.014704225,263.15,1.476,PF6,0.0,0.8,0.0,0.0,0.2,0.0
10.1149/1.1566019,1.761070423,272.95,1.48,PF6,0.0,0.8,0.0,0.0,0.2,0.0
10.1149/1.1566019,2.761239437,282.85,1.474,PF6,0.0,0.8,0.0,0.0,0.2,0.0
10.1149/1.1566019,4.09915493,292.65,1.478,PF6,0.0,0.8,0.0,0.0,0.2,0.0
10.1149/1.1566019,5.592112676,302.55,1.478,PF6,0.0,0.8,0.0,0.0,0.2,0.0
10.1149/1.1566019,7.268225352,312.45,1.476,PF6,0.0,0.8,0.0,0.0,0.2,0.0
10.1149/1.1566019,9.127380282,322.35,1.476,PF6,0.0,0.8,0.0,0.0,0.2,0.0
10.1149/1.1566019,11.01470423,332.15,1.476,PF6,0.0,0.8,0.0,0.0,0.2,0.0
10.1149/1.1566019,0.063887324,233.75,1.73,PF6,0.0,0.8,0.0,0.0,0.2,0.0
10.1149/1.1566019,0.162422535,243.65,1.732,PF6,0.0,0.8,0.0,0.0,0.2,0.0
10.1149/1.1566019,0.246985915,253.35,1.73,PF6,0.0,0.8,0.0,0.0,0.2,0.0
10.1149/1.1566019,0.584901408,263.15,1.734,PF6,0.0,0.8,0.0,0.0,0.2,0.0
10.1149/1.1566019,1.176507042,272.95,1.732,PF6,0.0,0.8,0.0,0.0,0.2,0.0
10.1149/1.1566019,2.035830986,282.85,1.726,PF6,0.0,0.8,0.0,0.0,0.2,0.0
10.1149/1.1566019,3.106197183,292.65,1.728,PF6,0.0,0.8,0.0,0.0,0.2,0.0
10.1149/1.1566019,4.415943662,302.55,1.732,PF6,0.0,0.8,0.0,0.0,0.2,0.0
10.1149/1.1566019,5.908901408,312.45,1.732,PF6,0.0,0.8,0.0,0.0,0.2,0.0
10.1149/1.1566019,7.683492958,322.35,1.734,PF6,0.0,0.8,0.0,0.0,0.2,0.0
10.1149/1.1566019,9.542704225,332.15,1.732,PF6,0.0,0.8,0.0,0.0,0.2,0.0
10.1149/1.1566019,0.528909242,233.75,0.300728422,PF6,0.0,0.9,0.0,0.0,0.1,0.0
10.1149/1.1566019,0.896708712,243.65,0.306271926,PF6,0.0,0.9,0.0,0.0,0.1,0.0
10.1149/1.1566019,1.426956964,253.35,0.301813021,PF6,0.0,0.9,0.0,0.0,0.1,0.0
10.1149/1.1566019,2.080287084,263.15,0.305106987,PF6,0.0,0.9,0.0,0.0,0.1,0.0
10.1149/1.1566019,2.828526285,272.95,0.304370531,PF6,0.0,0.9,0.0,0.0,0.1,0.0
10.1149/1.1566019,3.658552262,282.85,0.30552208,PF6,0.0,0.9,0.0,0.0,0.1,0.0
10.1149/1.1566019,4.55611794,292.65,0.300701642,PF6,0.0,0.9,0.0,0.0,0.1,0.0
10.1149/1.1566019,5.535631076,302.55,0.299737554,PF6,0.0,0.9,0.0,0.0,0.1,0.0
10.1149/1.1566019,6.583165957,312.45,0.298706516,PF6,0.0,0.9,0.0,0.0,0.1,0.0
10.1149/1.1566019,7.658070218,322.35,0.299617043,PF6,0.0,0.9,0.0,0.0,0.1,0.0
10.1149/1.1566019,8.773466163,332.15,0.296550708,PF6,0.0,0.9,0.0,0.0,0.1,0.0
10.1149/1.1566019,0.535497175,233.75,0.381430599,PF6,0.0,0.9,0.0,0.0,0.1,0.0
10.1149/1.1566019,0.970675665,243.65,0.37903377,PF6,0.0,0.9,0.0,0.0,0.1,0.0
10.1149/1.1566019,1.528453978,253.35,0.378484775,PF6,0.0,0.9,0.0,0.0,0.1,0.0
10.1149/1.1566019,2.236040813,263.15,0.379756836,PF6,0.0,0.9,0.0,0.0,0.1,0.0
10.1149/1.1566019,3.106558475,272.95,0.376931523,PF6,0.0,0.9,0.0,0.0,0.1,0.0
10.1149/1.1566019,4.045258563,282.85,0.376007606,PF6,0.0,0.9,0.0,0.0,0.1,0.0
10.1149/1.1566019,5.119841461,292.65,0.372981441,PF6,0.0,0.9,0.0,0.0,0.1,0.0
10.1149/1.1566019,6.208350071,302.55,0.373878579,PF6,0.0,0.9,0.0,0.0,0.1,0.0
10.1149/1.1566019,7.405854155,312.45,0.376636941,PF6,0.0,0.9,0.0,0.0,0.1,0.0
10.1149/1.1566019,8.670897941,322.35,0.373423315,PF6,0.0,0.9,0.0,0.0,0.1,0.0
10.1149/1.1566019,9.908733028,332.15,0.370236469,PF6,0.0,0.9,0.0,0.0,0.1,0.0
10.1149/1.1566019,0.555528775,233.75,0.46015104,PF6,0.0,0.9,0.0,0.0,0.1,0.0
10.1149/1.1566019,0.990707265,243.65,0.457754211,PF6,0.0,0.9,0.0,0.0,0.1,0.0
10.1149/1.1566019,1.603063657,253.35,0.459120002,PF6,0.0,0.9,0.0,0.0,0.1,0.0
10.1149/1.1566019,2.378350874,263.15,0.45638842,PF6,0.0,0.9,0.0,0.0,0.1,0.0
10.1149/1.1566019,3.290002946,272.95,0.457459629,PF6,0.0,0.9,0.0,0.0,0.1,0.0
10.1149/1.1566019,4.351142176,282.85,0.4564152,PF6,0.0,0.9,0.0,0.0,0.1,0.0
10.1149/1.1566019,5.49374682,292.65,0.453322086,PF6,0.0,0.9,0.0,0.0,0.1,0.0
10.1149/1.1566019,6.731742589,302.55,0.452103586,PF6,0.0,0.9,0.0,0.0,0.1,0.0
10.1149/1.1566019,8.078733831,312.45,0.452746311,PF6,0.0,0.9,0.0,0.0,0.1,0.0
10.1149/1.1566019,9.466216759,322.35,0.449412174,PF6,0.0,0.9,0.0,0.0,0.1,0.0
10.1149/1.1566019,10.88106907,332.15,0.448019603,PF6,0.0,0.9,0.0,0.0,0.1,0.0
10.1149/1.1566019,0.535390054,233.75,0.546785035,PF6,0.0,0.9,0.0,0.0,0.1,0.0
10.1149/1.1566019,0.984494256,243.65,0.548311507,PF6,0.0,0.9,0.0,0.0,0.1,0.0
10.1149/1.1566019,1.610294315,253.35,0.547695563,PF6,0.0,0.9,0.0,0.0,0.1,0.0
10.1149/1.1566019,2.413111593,263.15,0.548873892,PF6,0.0,0.9,0.0,0.0,0.1,0.0
10.1149/1.1566019,3.406229078,272.95,0.547896414,PF6,0.0,0.9,0.0,0.0,0.1,0.0
10.1149/1.1566019,4.54867304,282.85,0.542834954,PF6,0.0,0.9,0.0,0.0,0.1,0.0
10.1149/1.1566019,5.786668809,292.65,0.541616454,PF6,0.0,0.9,0.0,0.0,0.1,0.0
10.1149/1.1566019,7.16086875,302.55,0.542232399,PF6,0.0,0.9,0.0,0.0,0.1,0.0
10.1149/1.1566019,8.616534105,312.45,0.540799657,PF6,0.0,0.9,0.0,0.0,0.1,0.0
10.1149/1.1566019,10.15382555,322.35,0.539286575,PF6,0.0,0.9,0.0,0.0,0.1,0.0
10.1149/1.1566019,11.691117,332.15,0.537773493,PF6,0.0,0.9,0.0,0.0,0.1,0.0
10.1149/1.1566019,0.503253796,233.75,0.653115878,PF6,0.0,0.9,0.0,0.0,0.1,0.0
10.1149/1.1566019,0.9251493,243.65,0.65466913,PF6,0.0,0.9,0.0,0.0,0.1,0.0
10.1149/1.1566019,1.53734501,253.35,0.654066576,PF6,0.0,0.9,0.0,0.0,0.1,0.0
10.1149/1.1566019,2.367049624,263.15,0.651281433,PF6,0.0,0.9,0.0,0.0,0.1,0.0
10.1149/1.1566019,3.428510217,272.95,0.654173696,PF6,0.0,0.9,0.0,0.0,0.1,0.0
10.1149/1.1566019,4.625532257,282.85,0.651027021,PF6,0.0,0.9,0.0,0.0,0.1,0.0
10.1149/1.1566019,5.972202137,292.65,0.647733055,PF6,0.0,0.9,0.0,0.0,0.1,0.0
10.1149/1.1566019,7.400819475,302.55,0.648295439,PF6,0.0,0.9,0.0,0.0,0.1,0.0
10.1149/1.1566019,8.99252832,312.45,0.646728797,PF6,0.0,0.9,0.0,0.0,0.1,0.0
10.1149/1.1566019,10.63881524,322.35,0.64707694,PF6,0.0,0.9,0.0,0.0,0.1,0.0
10.1149/1.1566019,12.35280255,332.15,0.64342144,PF6,0.0,0.9,0.0,0.0,0.1,0.0
10.1149/1.1566019,0.430786535,233.75,0.765391928,PF6,0.0,0.9,0.0,0.0,0.1,0.0
10.1149/1.1566019,0.839077689,243.65,0.766958571,PF6,0.0,0.9,0.0,0.0,0.1,0.0
10.1149/1.1566019,1.437508369,253.35,0.76440106,PF6,0.0,0.9,0.0,0.0,0.1,0.0
10.1149/1.1566019,2.267373664,263.15,0.763584264,PF6,0.0,0.9,0.0,0.0,0.1,0.0
10.1149/1.1566019,3.328673576,272.95,0.764508181,PF6,0.0,0.9,0.0,0.0,0.1,0.0
10.1149/1.1566019,4.553064996,282.85,0.763303072,PF6,0.0,0.9,0.0,0.0,0.1,0.0
10.1149/1.1566019,5.967917303,292.65,0.761910501,PF6,0.0,0.9,0.0,0.0,0.1,0.0
10.1149/1.1566019,7.491604403,302.55,0.760410808,PF6,0.0,0.9,0.0,0.0,0.1,0.0
10.1149/1.1566019,9.178383011,312.45,0.756782089,PF6,0.0,0.9,0.0,0.0,0.1,0.0
10.1149/1.1566019,10.92022174,322.35,0.760973193,PF6,0.0,0.9,0.0,0.0,0.1,0.0
10.1149/1.1566019,12.74288316,332.15,0.755242227,PF6,0.0,0.9,0.0,0.0,0.1,0.0
10.1149/1.1566019,0.359765405,233.75,0.895383091,PF6,0.0,0.9,0.0,0.0,0.1,0.0
10.1149/1.1566019,0.727243512,243.65,0.896989904,PF6,0.0,0.9,0.0,0.0,0.1,0.0
10.1149/1.1566019,1.285021826,253.35,0.896440909,PF6,0.0,0.9,0.0,0.0,0.1,0.0
10.1149/1.1566019,2.060630406,263.15,0.897646019,PF6,0.0,0.9,0.0,0.0,0.1,0.0
10.1149/1.1566019,3.107843925,272.95,0.892678289,PF6,0.0,0.9,0.0,0.0,0.1,0.0
10.1149/1.1566019,4.359604724,282.85,0.893414745,PF6,0.0,0.9,0.0,0.0,0.1,0.0
10.1149/1.1566019,5.788222062,292.65,0.89397713,PF6,0.0,0.9,0.0,0.0,0.1,0.0
10.1149/1.1566019,7.352722209,302.55,0.892437267,PF6,0.0,0.9,0.0,0.0,0.1,0.0
10.1149/1.1566019,9.107522562,312.45,0.888741598,PF6,0.0,0.9,0.0,0.0,0.1,0.0
10.1149/1.1566019,10.94427037,322.35,0.888902279,PF6,0.0,0.9,0.0,0.0,0.1,0.0
10.1149/1.1566019,12.84871857,332.15,0.885059318,PF6,0.0,0.9,0.0,0.0,0.1,0.0
10.1149/1.1566019,0.291475858,233.75,1.058836132,PF6,0.0,0.9,0.0,0.0,0.1,0.0
10.1149/1.1566019,0.549958491,243.65,1.05858172,PF6,0.0,0.9,0.0,0.0,0.1,0.0
10.1149/1.1566019,1.026271391,253.35,1.060081412,PF6,0.0,0.9,0.0,0.0,0.1,0.0
10.1149/1.1566019,1.76058488,263.15,1.055421654,PF6,0.0,0.9,0.0,0.0,0.1,0.0
10.1149/1.1566019,2.740098016,272.95,1.054457567,PF6,0.0,0.9,0.0,0.0,0.1,0.0
10.1149/1.1566019,3.937280737,282.85,1.053279237,PF6,0.0,0.9,0.0,0.0,0.1,0.0
10.1149/1.1566019,5.379181061,292.65,1.04989154,PF6,0.0,0.9,0.0,0.0,0.1,0.0
10.1149/1.1566019,6.944163252,302.55,1.054256715,PF6,0.0,0.9,0.0,0.0,0.1,0.0
10.1149/1.1566019,8.712567955,312.45,1.050547655,PF6,0.0,0.9,0.0,0.0,0.1,0.0
10.1149/1.1566019,10.59012881,322.35,1.050668166,PF6,0.0,0.9,0.0,0.0,0.1,0.0
10.1149/1.1566019,12.58996813,332.15,1.048699821,PF6,0.0,0.9,0.0,0.0,0.1,0.0
10.1149/1.1566019,0.237594066,233.75,1.232117512,PF6,0.0,0.9,0.0,0.0,0.1,0.0
10.1149/1.1566019,0.441498621,243.65,1.229948314,PF6,0.0,0.9,0.0,0.0,0.1,0.0
10.1149/1.1566019,0.822741758,253.35,1.233510083,PF6,0.0,0.9,0.0,0.0,0.1,0.0
10.1149/1.1566019,1.394285102,263.15,1.234916044,PF6,0.0,0.9,0.0,0.0,0.1,0.0
10.1149/1.1566019,2.264642082,272.95,1.230122386,PF6,0.0,0.9,0.0,0.0,0.1,0.0
10.1149/1.1566019,3.39396374,282.85,1.230979352,PF6,0.0,0.9,0.0,0.0,0.1,0.0
10.1149/1.1566019,4.727189952,292.65,1.229667122,PF6,0.0,0.9,0.0,0.0,0.1,0.0
10.1149/1.1566019,6.291529418,302.55,1.226158914,PF6,0.0,0.9,0.0,0.0,0.1,0.0
10.1149/1.1566019,7.978629389,312.45,1.226466886,PF6,0.0,0.9,0.0,0.0,0.1,0.0
10.1149/1.1566019,9.883238264,322.35,1.224592271,PF6,0.0,0.9,0.0,0.0,0.1,0.0
10.1149/1.1566019,11.92389063,332.15,1.222583755,PF6,0.0,0.9,0.0,0.0,0.1,0.0
10.1149/1.1566019,0.229345759,233.75,1.464409095,PF6,0.0,0.9,0.0,0.0,0.1,0.0
10.1149/1.1566019,0.338180552,243.65,1.464301974,PF6,0.0,0.9,0.0,0.0,0.1,0.0
10.1149/1.1566019,0.54240647,253.35,1.466069468,PF6,0.0,0.9,0.0,0.0,0.1,0.0
10.1149/1.1566019,0.963980611,263.15,1.463686029,PF6,0.0,0.9,0.0,0.0,0.1,0.0
10.1149/1.1566019,1.644358748,272.95,1.464984869,PF6,0.0,0.9,0.0,0.0,0.1,0.0
10.1149/1.1566019,2.610106853,282.85,1.462065826,PF6,0.0,0.9,0.0,0.0,0.1,0.0
10.1149/1.1566019,3.834337591,292.65,1.45889237,PF6,0.0,0.9,0.0,0.0,0.1,0.0
10.1149/1.1566019,5.290163627,302.55,1.459427975,PF6,0.0,0.9,0.0,0.0,0.1,0.0
10.1149/1.1566019,6.90892049,312.45,1.455866206,PF6,0.0,0.9,0.0,0.0,0.1,0.0
10.1149/1.1566019,8.772876998,322.35,1.456000107,PF6,0.0,0.9,0.0,0.0,0.1,0.0
10.1149/1.1566019,10.67748587,332.15,1.454125492,PF6,0.0,0.9,0.0,0.0,0.1,0.0
10.1149/1.1566019,0.23566589,233.75,1.708497362,PF6,0.0,0.9,0.0,0.0,0.1,0.0
10.1149/1.1566019,0.317291985,243.65,1.708417022,PF6,0.0,0.9,0.0,0.0,0.1,0.0
10.1149/1.1566019,0.425966096,253.35,1.706341555,PF6,0.0,0.9,0.0,0.0,0.1,0.0
10.1149/1.1566019,0.65707935,263.15,1.704145577,PF6,0.0,0.9,0.0,0.0,0.1,0.0
10.1149/1.1566019,1.187809646,272.95,1.705591709,PF6,0.0,0.9,0.0,0.0,0.1,0.0
10.1149/1.1566019,1.963257545,282.85,1.704828473,PF6,0.0,0.9,0.0,0.0,0.1,0.0
10.1149/1.1566019,2.983583728,292.65,1.703824215,PF6,0.0,0.9,0.0,0.0,0.1,0.0
10.1149/1.1566019,4.248788195,302.55,1.702578935,PF6,0.0,0.9,0.0,0.0,0.1,0.0
10.1149/1.1566019,5.758870946,312.45,1.701092633,PF6,0.0,0.9,0.0,0.0,0.1,0.0
10.1149/1.1566019,7.459414585,322.35,1.699418869,PF6,0.0,0.9,0.0,0.0,0.1,0.0
10.1149/1.1566019,9.350579792,332.15,1.69952599,PF6,0.0,0.9,0.0,0.0,0.1,0.0
10.1149/1.1566019,0.853835227,233.75,0.318181818,PF6,0.0,0.6,0.0,0.0,0.4,0.0
10.1149/1.1566019,1.30703125,243.65,0.320454545,PF6,0.0,0.6,0.0,0.0,0.4,0.0
10.1149/1.1566019,1.88515625,253.35,0.320454545,PF6,0.0,0.6,0.0,0.0,0.4,0.0
10.1149/1.1566019,2.572585227,263.15,0.318181818,PF6,0.0,0.6,0.0,0.0,0.4,0.0
10.1149/1.1566019,3.35390625,272.95,0.320454545,PF6,0.0,0.6,0.0,0.0,0.4,0.0
10.1149/1.1566019,4.197727273,282.85,0.322727273,PF6,0.0,0.6,0.0,0.0,0.4,0.0
10.1149/1.1566019,5.072585227,292.65,0.318181818,PF6,0.0,0.6,0.0,0.0,0.4,0.0
10.1149/1.1566019,6.01015625,302.55,0.320454545,PF6,0.0,0.6,0.0,0.0,0.4,0.0
10.1149/1.1566019,6.99453125,312.45,0.320454545,PF6,0.0,0.6,0.0,0.0,0.4,0.0
10.1149/1.1566019,7.97890625,322.35,0.320454545,PF6,0.0,0.6,0.0,0.0,0.4,0.0
10.1149/1.1566019,8.94765625,332.15,0.320454545,PF6,0.0,0.6,0.0,0.0,0.4,0.0
10.1149/1.1566019,0.903764205,233.75,0.415909091,PF6,0.0,0.6,0.0,0.0,0.4,0.0
10.1149/1.1566019,1.41953125,243.65,0.420454545,PF6,0.0,0.6,0.0,0.0,0.4,0.0
10.1149/1.1566019,2.044460227,253.35,0.418181818,PF6,0.0,0.6,0.0,0.0,0.4,0.0
10.1149/1.1566019,2.84140625,263.15,0.420454545,PF6,0.0,0.6,0.0,0.0,0.4,0.0
10.1149/1.1566019,3.763210227,272.95,0.418181818,PF6,0.0,0.6,0.0,0.0,0.4,0.0
10.1149/1.1566019,4.74765625,282.85,0.420454545,PF6,0.0,0.6,0.0,0.0,0.4,0.0
10.1149/1.1566019,5.81015625,292.65,0.420454545,PF6,0.0,0.6,0.0,0.0,0.4,0.0
10.1149/1.1566019,6.87265625,302.55,0.420454545,PF6,0.0,0.6,0.0,0.0,0.4,0.0
10.1149/1.1566019,8.028835227,312.45,0.418181818,PF6,0.0,0.6,0.0,0.0,0.4,0.0
10.1149/1.1566019,9.18515625,322.35,0.420454545,PF6,0.0,0.6,0.0,0.0,0.4,0.0
10.1149/1.1566019,10.35703125,332.15,0.420454545,PF6,0.0,0.6,0.0,0.0,0.4,0.0
10.1149/1.1566019,0.906321023,233.75,0.497727273,PF6,0.0,0.6,0.0,0.0,0.4,0.0
10.1149/1.1566019,1.453125,243.65,0.495454545,PF6,0.0,0.6,0.0,0.0,0.4,0.0
10.1149/1.1566019,2.140625,253.35,0.495454545,PF6,0.0,0.6,0.0,0.0,0.4,0.0
10.1149/1.1566019,3.000142045,263.15,0.5,PF6,0.0,0.6,0.0,0.0,0.4,0.0
10.1149/1.1566019,3.968821023,272.95,0.497727273,PF6,0.0,0.6,0.0,0.0,0.4,0.0
10.1149/1.1566019,5.062784091,282.85,0.504545455,PF6,0.0,0.6,0.0,0.0,0.4,0.0
10.1149/1.1566019,6.187784091,292.65,0.504545455,PF6,0.0,0.6,0.0,0.0,0.4,0.0
10.1149/1.1566019,7.484517045,302.55,0.5,PF6,0.0,0.6,0.0,0.0,0.4,0.0
10.1149/1.1566019,8.656463068,312.45,0.502272727,PF6,0.0,0.6,0.0,0.0,0.4,0.0
10.1149/1.1566019,9.937713068,322.35,0.502272727,PF6,0.0,0.6,0.0,0.0,0.4,0.0
10.1149/1.1566019,11.21896307,332.15,0.502272727,PF6,0.0,0.6,0.0,0.0,0.4,0.0
10.1149/1.1566019,0.877840909,233.75,0.586363636,PF6,0.0,0.6,0.0,0.0,0.4,0.0
10.1149/1.1566019,1.440198864,243.65,0.581818182,PF6,0.0,0.6,0.0,0.0,0.4,0.0
10.1149/1.1566019,2.158948864,253.35,0.581818182,PF6,0.0,0.6,0.0,0.0,0.4,0.0
10.1149/1.1566019,3.065269886,263.15,0.584090909,PF6,0.0,0.6,0.0,0.0,0.4,0.0
10.1149/1.1566019,4.080823864,272.95,0.581818182,PF6,0.0,0.6,0.0,0.0,0.4,0.0
10.1149/1.1566019,5.252840909,282.85,0.586363636,PF6,0.0,0.6,0.0,0.0,0.4,0.0
10.1149/1.1566019,6.518394886,292.65,0.584090909,PF6,0.0,0.6,0.0,0.0,0.4,0.0
10.1149/1.1566019,7.799573864,302.55,0.581818182,PF6,0.0,0.6,0.0,0.0,0.4,0.0
10.1149/1.1566019,9.143394886,312.45,0.584090909,PF6,0.0,0.6,0.0,0.0,0.4,0.0
10.1149/1.1566019,10.56526989,322.35,0.584090909,PF6,0.0,0.6,0.0,0.0,0.4,0.0
10.1149/1.1566019,11.95596591,332.15,0.586363636,PF6,0.0,0.6,0.0,0.0,0.4,0.0
10.1149/1.1566019,0.802769886,233.75,0.684090909,PF6,0.0,0.6,0.0,0.0,0.4,0.0
10.1149/1.1566019,1.380894886,243.65,0.684090909,PF6,0.0,0.6,0.0,0.0,0.4,0.0
10.1149/1.1566019,2.146590909,253.35,0.686363636,PF6,0.0,0.6,0.0,0.0,0.4,0.0
10.1149/1.1566019,3.068394886,263.15,0.684090909,PF6,0.0,0.6,0.0,0.0,0.4,0.0
10.1149/1.1566019,4.177840909,272.95,0.686363636,PF6,0.0,0.6,0.0,0.0,0.4,0.0
10.1149/1.1566019,5.365340909,282.85,0.686363636,PF6,0.0,0.6,0.0,0.0,0.4,0.0
10.1149/1.1566019,6.724715909,292.65,0.686363636,PF6,0.0,0.6,0.0,0.0,0.4,0.0
10.1149/1.1566019,8.099715909,302.55,0.686363636,PF6,0.0,0.6,0.0,0.0,0.4,0.0
10.1149/1.1566019,9.537215909,312.45,0.686363636,PF6,0.0,0.6,0.0,0.0,0.4,0.0
10.1149/1.1566019,11.05291193,322.35,0.688636364,PF6,0.0,0.6,0.0,0.0,0.4,0.0
10.1149/1.1566019,12.53728693,332.15,0.688636364,PF6,0.0,0.6,0.0,0.0,0.4,0.0
10.1149/1.1566019,0.728338068,233.75,0.802272727,PF6,0.0,0.6,0.0,0.0,0.4,0.0
10.1149/1.1566019,1.321946023,243.65,0.797727273,PF6,0.0,0.6,0.0,0.0,0.4,0.0
10.1149/1.1566019,2.009446023,253.35,0.797727273,PF6,0.0,0.6,0.0,0.0,0.4,0.0
10.1149/1.1566019,2.947159091,263.15,0.804545455,PF6,0.0,0.6,0.0,0.0,0.4,0.0
10.1149/1.1566019,4.072088068,272.95,0.802272727,PF6,0.0,0.6,0.0,0.0,0.4,0.0
10.1149/1.1566019,5.337642045,282.85,0.8,PF6,0.0,0.6,0.0,0.0,0.4,0.0
10.1149/1.1566019,6.759517045,292.65,0.8,PF6,0.0,0.6,0.0,0.0,0.4,0.0
10.1149/1.1566019,8.212713068,302.55,0.802272727,PF6,0.0,0.6,0.0,0.0,0.4,0.0
10.1149/1.1566019,9.775284091,312.45,0.804545455,PF6,0.0,0.6,0.0,0.0,0.4,0.0
10.1149/1.1566019,11.32208807,322.35,0.802272727,PF6,0.0,0.6,0.0,0.0,0.4,0.0
10.1149/1.1566019,12.94715909,332.15,0.804545455,PF6,0.0,0.6,0.0,0.0,0.4,0.0
10.1149/1.1566019,0.607599432,233.75,0.938636364,PF6,0.0,0.6,0.0,0.0,0.4,0.0
10.1149/1.1566019,1.138849432,243.65,0.938636364,PF6,0.0,0.6,0.0,0.0,0.4,0.0
10.1149/1.1566019,1.857599432,253.35,0.938636364,PF6,0.0,0.6,0.0,0.0,0.4,0.0
10.1149/1.1566019,2.763778409,263.15,0.936363636,PF6,0.0,0.6,0.0,0.0,0.4,0.0
10.1149/1.1566019,3.935724432,272.95,0.938636364,PF6,0.0,0.6,0.0,0.0,0.4,0.0
10.1149/1.1566019,5.217045455,282.85,0.940909091,PF6,0.0,0.6,0.0,0.0,0.4,0.0
10.1149/1.1566019,6.623295455,292.65,0.940909091,PF6,0.0,0.6,0.0,0.0,0.4,0.0
10.1149/1.1566019,8.154616477,302.55,0.943181818,PF6,0.0,0.6,0.0,0.0,0.4,0.0
10.1149/1.1566019,9.748366477,312.45,0.943181818,PF6,0.0,0.6,0.0,0.0,0.4,0.0
10.1149/1.1566019,11.42024148,322.35,0.943181818,PF6,0.0,0.6,0.0,0.0,0.4,0.0
10.1149/1.1566019,13.09190341,332.15,0.936363636,PF6,0.0,0.6,0.0,0.0,0.4,0.0
10.1149/1.1566019,0.487713068,233.75,1.102272727,PF6,0.0,0.6,0.0,0.0,0.4,0.0
10.1149/1.1566019,0.894105114,243.65,1.106818182,PF6,0.0,0.6,0.0,0.0,0.4,0.0
10.1149/1.1566019,1.581605114,253.35,1.106818182,PF6,0.0,0.6,0.0,0.0,0.4,0.0
10.1149/1.1566019,2.425213068,263.15,1.102272727,PF6,0.0,0.6,0.0,0.0,0.4,0.0
10.1149/1.1566019,3.534801136,272.95,1.109090909,PF6,0.0,0.6,0.0,0.0,0.4,0.0
10.1149/1.1566019,4.800213068,282.85,1.102272727,PF6,0.0,0.6,0.0,0.0,0.4,0.0
10.1149/1.1566019,6.269105114,292.65,1.106818182,PF6,0.0,0.6,0.0,0.0,0.4,0.0
10.1149/1.1566019,7.847230114,302.55,1.106818182,PF6,0.0,0.6,0.0,0.0,0.4,0.0
10.1149/1.1566019,9.472230114,312.45,1.106818182,PF6,0.0,0.6,0.0,0.0,0.4,0.0
10.1149/1.1566019,11.17535511,322.35,1.106818182,PF6,0.0,0.6,0.0,0.0,0.4,0.0
10.1149/1.1566019,12.92542614,332.15,1.109090909,PF6,0.0,0.6,0.0,0.0,0.4,0.0
10.1149/1.1566019,0.337571023,233.75,1.297727273,PF6,0.0,0.6,0.0,0.0,0.4,0.0
10.1149/1.1566019,0.696946023,243.65,1.297727273,PF6,0.0,0.6,0.0,0.0,0.4,0.0
10.1149/1.1566019,1.228196023,253.35,1.297727273,PF6,0.0,0.6,0.0,0.0,0.4,0.0
10.1149/1.1566019,1.978267045,263.15,1.3,PF6,0.0,0.6,0.0,0.0,0.4,0.0
10.1149/1.1566019,2.978196023,272.95,1.297727273,PF6,0.0,0.6,0.0,0.0,0.4,0.0
10.1149/1.1566019,4.197017045,282.85,1.3,PF6,0.0,0.6,0.0,0.0,0.4,0.0
10.1149/1.1566019,5.603338068,292.65,1.302272727,PF6,0.0,0.6,0.0,0.0,0.4,0.0
10.1149/1.1566019,7.134446023,302.55,1.297727273,PF6,0.0,0.6,0.0,0.0,0.4,0.0
10.1149/1.1566019,8.775071023,312.45,1.297727273,PF6,0.0,0.6,0.0,0.0,0.4,0.0
10.1149/1.1566019,10.52521307,322.35,1.302272727,PF6,0.0,0.6,0.0,0.0,0.4,0.0
10.1149/1.1566019,12.30646307,332.15,1.302272727,PF6,0.0,0.6,0.0,0.0,0.4,0.0
10.1149/1.1566019,0.234801136,233.75,1.509090909,PF6,0.0,0.6,0.0,0.0,0.4,0.0
10.1149/1.1566019,0.453551136,243.65,1.509090909,PF6,0.0,0.6,0.0,0.0,0.4,0.0
10.1149/1.1566019,0.859801136,253.35,1.509090909,PF6,0.0,0.6,0.0,0.0,0.4,0.0
10.1149/1.1566019,1.515980114,263.15,1.506818182,PF6,0.0,0.6,0.0,0.0,0.4,0.0
10.1149/1.1566019,2.359801136,272.95,1.509090909,PF6,0.0,0.6,0.0,0.0,0.4,0.0
10.1149/1.1566019,3.500426136,282.85,1.509090909,PF6,0.0,0.6,0.0,0.0,0.4,0.0
10.1149/1.1566019,4.750426136,292.65,1.509090909,PF6,0.0,0.6,0.0,0.0,0.4,0.0
10.1149/1.1566019,6.234730114,302.55,1.506818182,PF6,0.0,0.6,0.0,0.0,0.4,0.0
10.1149/1.1566019,7.859943182,312.45,1.513636364,PF6,0.0,0.6,0.0,0.0,0.4,0.0
10.1149/1.1566019,9.578551136,322.35,1.509090909,PF6,0.0,0.6,0.0,0.0,0.4,0.0
10.1149/1.1566019,11.29730114,332.15,1.509090909,PF6,0.0,0.6,0.0,0.0,0.4,0.0
10.1149/1.1566019,0.195170455,233.75,1.740909091,PF6,0.0,0.6,0.0,0.0,0.4,0.0
10.1149/1.1566019,0.366974432,243.65,1.738636364,PF6,0.0,0.6,0.0,0.0,0.4,0.0
10.1149/1.1566019,0.616974432,253.35,1.738636364,PF6,0.0,0.6,0.0,0.0,0.4,0.0
10.1149/1.1566019,1.085795455,263.15,1.740909091,PF6,0.0,0.6,0.0,0.0,0.4,0.0
10.1149/1.1566019,1.835866477,272.95,1.743181818,PF6,0.0,0.6,0.0,0.0,0.4,0.0
10.1149/1.1566019,2.773224432,282.85,1.738636364,PF6,0.0,0.6,0.0,0.0,0.4,0.0
10.1149/1.1566019,3.960866477,292.65,1.743181818,PF6,0.0,0.6,0.0,0.0,0.4,0.0
10.1149/1.1566019,5.257670455,302.55,1.740909091,PF6,0.0,0.6,0.0,0.0,0.4,0.0
10.1149/1.1566019,6.804616477,312.45,1.743181818,PF6,0.0,0.6,0.0,0.0,0.4,0.0
10.1149/1.1566019,8.445170455,322.35,1.740909091,PF6,0.0,0.6,0.0,0.0,0.4,0.0
10.1149/1.1566019,10.16392045,332.15,1.740909091,PF6,0.0,0.6,0.0,0.0,0.4,0.0
10.1149/1.1566019,0.764775332,233.75,0.259097854,PF6,0.0,0.3,0.0,0.0,0.7,0.0
10.1149/1.1566019,1.124453087,243.65,0.254253768,PF6,0.0,0.3,0.0,0.0,0.7,0.0
10.1149/1.1566019,1.499201333,253.35,0.258281825,PF6,0.0,0.3,0.0,0.0,0.7,0.0
10.1149/1.1566019,1.921105632,263.15,0.257813043,PF6,0.0,0.3,0.0,0.0,0.7,0.0
10.1149/1.1566019,2.405514272,272.95,0.257274811,PF6,0.0,0.3,0.0,0.0,0.7,0.0
10.1149/1.1566019,2.874435725,282.85,0.254531565,PF6,0.0,0.3,0.0,0.0,0.7,0.0
10.1149/1.1566019,3.421209806,292.65,0.25614626,PF6,0.0,0.3,0.0,0.0,0.7,0.0
10.1149/1.1566019,3.889992361,302.55,0.255625391,PF6,0.0,0.3,0.0,0.0,0.7,0.0
10.1149/1.1566019,4.436766442,312.45,0.257240086,PF6,0.0,0.3,0.0,0.0,0.7,0.0
10.1149/1.1566019,4.937078964,322.35,0.252239739,PF6,0.0,0.3,0.0,0.0,0.7,0.0
10.1149/1.1566019,5.405861518,332.15,0.251718869,PF6,0.0,0.3,0.0,0.0,0.7,0.0
10.1149/1.1566019,0.897909577,233.75,0.378949927,PF6,0.0,0.3,0.0,0.0,0.7,0.0
10.1149/1.1566019,1.304465588,243.65,0.374053754,PF6,0.0,0.3,0.0,0.0,0.7,0.0
10.1149/1.1566019,1.788735329,253.35,0.375737898,PF6,0.0,0.3,0.0,0.0,0.7,0.0
10.1149/1.1566019,2.335648309,263.15,0.375130217,PF6,0.0,0.3,0.0,0.0,0.7,0.0
10.1149/1.1566019,2.960691715,272.95,0.374435725,PF6,0.0,0.3,0.0,0.0,0.7,0.0
10.1149/1.1566019,3.648239461,282.85,0.373671783,PF6,0.0,0.3,0.0,0.0,0.7,0.0
10.1149/1.1566019,4.273282867,292.65,0.37297729,PF6,0.0,0.3,0.0,0.0,0.7,0.0
10.1149/1.1566019,4.960830613,302.55,0.372213348,PF6,0.0,0.3,0.0,0.0,0.7,0.0
10.1149/1.1566019,5.64837836,312.45,0.371449406,PF6,0.0,0.3,0.0,0.0,0.7,0.0
10.1149/1.1566019,6.288908952,322.35,0.372959928,PF6,0.0,0.3,0.0,0.0,0.7,0.0
10.1149/1.1566019,6.945343427,332.15,0.370008334,PF6,0.0,0.3,0.0,0.0,0.7,0.0
10.1149/1.1566019,0.908535315,233.75,0.458938121,PF6,0.0,0.3,0.0,0.0,0.7,0.0
10.1149/1.1566019,1.392943954,243.65,0.458399889,PF6,0.0,0.3,0.0,0.0,0.7,0.0
10.1149/1.1566019,1.939856935,253.35,0.457792208,PF6,0.0,0.3,0.0,0.0,0.7,0.0
10.1149/1.1566019,2.580526425,263.15,0.457080353,PF6,0.0,0.3,0.0,0.0,0.7,0.0
10.1149/1.1566019,3.299048545,272.95,0.460726439,PF6,0.0,0.3,0.0,0.0,0.7,0.0
10.1149/1.1566019,4.033613445,282.85,0.457688034,PF6,0.0,0.3,0.0,0.0,0.7,0.0
10.1149/1.1566019,4.783665532,292.65,0.456854643,PF6,0.0,0.3,0.0,0.0,0.7,0.0
10.1149/1.1566019,5.56496979,302.55,0.455986527,PF6,0.0,0.3,0.0,0.0,0.7,0.0
10.1149/1.1566019,6.299395791,312.45,0.455170498,PF6,0.0,0.3,0.0,0.0,0.7,0.0
10.1149/1.1566019,7.08056115,322.35,0.456524759,PF6,0.0,0.3,0.0,0.0,0.7,0.0
10.1149/1.1566019,7.830613237,332.15,0.455691367,PF6,0.0,0.3,0.0,0.0,0.7,0.0
10.1149/1.1566019,0.949857629,233.75,0.547781096,PF6,0.0,0.3,0.0,0.0,0.7,0.0
10.1149/1.1566019,1.449892354,243.65,0.547225502,PF6,0.0,0.3,0.0,0.0,0.7,0.0
10.1149/1.1566019,2.059170776,253.35,0.548770748,PF6,0.0,0.3,0.0,0.0,0.7,0.0
10.1149/1.1566019,2.715327453,263.15,0.550263907,PF6,0.0,0.3,0.0,0.0,0.7,0.0
10.1149/1.1566019,3.528022779,272.95,0.54713869,PF6,0.0,0.3,0.0,0.0,0.7,0.0
10.1149/1.1566019,4.356205292,282.85,0.546218487,PF6,0.0,0.3,0.0,0.0,0.7,0.0
10.1149/1.1566019,5.184248906,292.65,0.547520661,PF6,0.0,0.3,0.0,0.0,0.7,0.0
10.1149/1.1566019,6.043544691,302.55,0.54878811,PF6,0.0,0.3,0.0,0.0,0.7,0.0
10.1149/1.1566019,6.903118272,312.45,0.545610806,PF6,0.0,0.3,0.0,0.0,0.7,0.0
10.1149/1.1566019,7.762691854,322.35,0.542433502,PF6,0.0,0.3,0.0,0.0,0.7,0.0
10.1149/1.1566019,8.574970484,332.15,0.545975415,PF6,0.0,0.3,0.0,0.0,0.7,0.0
10.1149/1.1566019,0.92798111,233.75,0.647805403,PF6,0.0,0.3,0.0,0.0,0.7,0.0
10.1149/1.1566019,1.459268005,243.65,0.647215084,PF6,0.0,0.3,0.0,0.0,0.7,0.0
10.1149/1.1566019,2.131050767,253.35,0.648690881,PF6,0.0,0.3,0.0,0.0,0.7,0.0
10.1149/1.1566019,2.865615668,263.15,0.645652476,PF6,0.0,0.3,0.0,0.0,0.7,0.0
10.1149/1.1566019,3.69379818,272.95,0.644732273,PF6,0.0,0.3,0.0,0.0,0.7,0.0
10.1149/1.1566019,4.584346135,282.85,0.645964998,PF6,0.0,0.3,0.0,0.0,0.7,0.0
10.1149/1.1566019,5.553163414,292.65,0.644888534,PF6,0.0,0.3,0.0,0.0,0.7,0.0
10.1149/1.1566019,6.443850267,302.55,0.643898882,PF6,0.0,0.3,0.0,0.0,0.7,0.0
10.1149/1.1566019,7.412945343,312.45,0.638377665,PF6,0.0,0.3,0.0,0.0,0.7,0.0
10.1149/1.1566019,8.36585874,322.35,0.641763317,PF6,0.0,0.3,0.0,0.0,0.7,0.0
10.1149/1.1566019,9.256545593,332.15,0.640773665,PF6,0.0,0.3,0.0,0.0,0.7,0.0
10.1149/1.1566019,0.874019029,233.75,0.761198694,PF6,0.0,0.3,0.0,0.0,0.7,0.0
10.1149/1.1566019,1.467671366,243.65,0.762761303,PF6,0.0,0.3,0.0,0.0,0.7,0.0
10.1149/1.1566019,2.123828044,253.35,0.764254462,PF6,0.0,0.3,0.0,0.0,0.7,0.0
10.1149/1.1566019,2.905132301,263.15,0.763386346,PF6,0.0,0.3,0.0,0.0,0.7,0.0
10.1149/1.1566019,3.811584138,272.95,0.760156955,PF6,0.0,0.3,0.0,0.0,0.7,0.0
10.1149/1.1566019,4.764497535,282.85,0.763542607,PF6,0.0,0.3,0.0,0.0,0.7,0.0
10.1149/1.1566019,5.764844781,292.65,0.757986666,PF6,0.0,0.3,0.0,0.0,0.7,0.0
10.1149/1.1566019,6.795888603,302.55,0.761285506,PF6,0.0,0.3,0.0,0.0,0.7,0.0
10.1149/1.1566019,7.827626919,312.45,0.753472463,PF6,0.0,0.3,0.0,0.0,0.7,0.0
10.1149/1.1566019,8.827279672,322.35,0.759028405,PF6,0.0,0.3,0.0,0.0,0.7,0.0
10.1149/1.1566019,9.858879089,332.15,0.753437739,PF6,0.0,0.3,0.0,0.0,0.7,0.0
10.1149/1.1566019,0.771511911,233.75,0.901312591,PF6,0.0,0.3,0.0,0.0,0.7,0.0
10.1149/1.1566019,1.365442045,243.65,0.898430447,PF6,0.0,0.3,0.0,0.0,0.7,0.0
10.1149/1.1566019,2.037085909,253.35,0.90212862,PF6,0.0,0.3,0.0,0.0,0.7,0.0
10.1149/1.1566019,2.881172304,263.15,0.896746302,PF6,0.0,0.3,0.0,0.0,0.7,0.0
10.1149/1.1566019,3.818737412,272.95,0.895704563,PF6,0.0,0.3,0.0,0.0,0.7,0.0
10.1149/1.1566019,4.865685117,282.85,0.894541288,PF6,0.0,0.3,0.0,0.0,0.7,0.0
10.1149/1.1566019,5.92798111,292.65,0.897805403,PF6,0.0,0.3,0.0,0.0,0.7,0.0
10.1149/1.1566019,7.006458782,302.55,0.89216265,PF6,0.0,0.3,0.0,0.0,0.7,0.0
10.1149/1.1566019,8.131398014,312.45,0.89313494,PF6,0.0,0.3,0.0,0.0,0.7,0.0
10.1149/1.1566019,9.256753941,322.35,0.8874401,PF6,0.0,0.3,0.0,0.0,0.7,0.0
10.1149/1.1566019,10.33481492,332.15,0.888464477,PF6,0.0,0.3,0.0,0.0,0.7,0.0
10.1149/1.1566019,0.667754705,233.75,1.061427877,PF6,0.0,0.3,0.0,0.0,0.7,0.0
10.1149/1.1566019,1.16778943,243.65,1.060872283,PF6,0.0,0.3,0.0,0.0,0.7,0.0
10.1149/1.1566019,1.870824363,253.35,1.062313355,PF6,0.0,0.3,0.0,0.0,0.7,0.0
10.1149/1.1566019,2.730259046,263.15,1.061358428,PF6,0.0,0.3,0.0,0.0,0.7,0.0
10.1149/1.1566019,3.698937426,272.95,1.062504341,PF6,0.0,0.3,0.0,0.0,0.7,0.0
10.1149/1.1566019,4.792763386,282.85,1.061288978,PF6,0.0,0.3,0.0,0.0,0.7,0.0
10.1149/1.1566019,5.870963261,292.65,1.060090979,PF6,0.0,0.3,0.0,0.0,0.7,0.0
10.1149/1.1566019,7.043197444,302.55,1.054344052,PF6,0.0,0.3,0.0,0.0,0.7,0.0
10.1149/1.1566019,8.245989305,312.45,1.059674283,PF6,0.0,0.3,0.0,0.0,0.7,0.0
10.1149/1.1566019,9.417945691,322.35,1.058372109,PF6,0.0,0.3,0.0,0.0,0.7,0.0
10.1149/1.1566019,10.63691923,332.15,1.054795472,PF6,0.0,0.3,0.0,0.0,0.7,0.0
10.1149/1.1566019,0.483922495,233.75,1.252743246,PF6,0.0,0.3,0.0,0.0,0.7,0.0
10.1149/1.1566019,0.983957219,243.65,1.252187652,PF6,0.0,0.3,0.0,0.0,0.7,0.0
10.1149/1.1566019,1.640252795,253.35,1.251458435,PF6,0.0,0.3,0.0,0.0,0.7,0.0
10.1149/1.1566019,2.437183138,263.15,1.250572956,PF6,0.0,0.3,0.0,0.0,0.7,0.0
10.1149/1.1566019,3.405861518,272.95,1.251718869,PF6,0.0,0.3,0.0,0.0,0.7,0.0
10.1149/1.1566019,4.468296409,282.85,1.252760608,PF6,0.0,0.3,0.0,0.0,0.7,0.0
10.1149/1.1566019,5.609278422,292.65,1.247048406,PF6,0.0,0.3,0.0,0.0,0.7,0.0
10.1149/1.1566019,6.827835266,302.55,1.250138899,PF6,0.0,0.3,0.0,0.0,0.7,0.0
10.1149/1.1566019,8.062295993,312.45,1.248767276,PF6,0.0,0.3,0.0,0.0,0.7,0.0
10.1149/1.1566019,9.343773873,322.35,1.245121189,PF6,0.0,0.3,0.0,0.0,0.7,0.0
10.1149/1.1566019,10.60920897,332.15,1.248159594,PF6,0.0,0.3,0.0,0.0,0.7,0.0
10.1149/1.1566019,0.282658518,233.75,1.472966873,PF6,0.0,0.3,0.0,0.0,0.7,0.0
10.1149/1.1566019,0.688936732,243.65,1.472515452,PF6,0.0,0.3,0.0,0.0,0.7,0.0
10.1149/1.1566019,1.251336898,253.35,1.474112786,PF6,0.0,0.3,0.0,0.0,0.7,0.0
10.1149/1.1566019,2.001388985,263.15,1.473279394,PF6,0.0,0.3,0.0,0.0,0.7,0.0
10.1149/1.1566019,2.907424127,272.95,1.476717133,PF6,0.0,0.3,0.0,0.0,0.7,0.0
10.1149/1.1566019,3.95451073,282.85,1.473331481,PF6,0.0,0.3,0.0,0.0,0.7,0.0
10.1149/1.1566019,5.110702132,292.65,1.474269046,PF6,0.0,0.3,0.0,0.0,0.7,0.0
10.1149/1.1566019,6.345301757,302.55,1.470675047,PF6,0.0,0.3,0.0,0.0,0.7,0.0
10.1149/1.1566019,7.626640739,312.45,1.469251337,PF6,0.0,0.3,0.0,0.0,0.7,0.0
10.1149/1.1566019,8.907701924,322.35,1.47227238,PF6,0.0,0.3,0.0,0.0,0.7,0.0
10.1149/1.1566019,10.20494479,332.15,1.466386555,PF6,0.0,0.3,0.0,0.0,0.7,0.0
10.1149/1.1566019,0.126744913,233.75,1.717584554,PF6,0.0,0.3,0.0,0.0,0.7,0.0
10.1149/1.1566019,0.455170498,243.65,1.712775193,PF6,0.0,0.3,0.0,0.0,0.7,0.0
10.1149/1.1566019,0.93930134,253.35,1.716681714,PF6,0.0,0.3,0.0,0.0,0.7,0.0
10.1149/1.1566019,1.595596916,263.15,1.715952497,PF6,0.0,0.3,0.0,0.0,0.7,0.0
10.1149/1.1566019,2.408153344,272.95,1.715049656,PF6,0.0,0.3,0.0,0.0,0.7,0.0
10.1149/1.1566019,3.392318911,282.85,1.718400583,PF6,0.0,0.3,0.0,0.0,0.7,0.0
10.1149/1.1566019,4.439544413,292.65,1.712792555,PF6,0.0,0.3,0.0,0.0,0.7,0.0
10.1149/1.1566019,5.64261407,302.55,1.713678033,PF6,0.0,0.3,0.0,0.0,0.7,0.0
10.1149/1.1566019,6.908465866,312.45,1.710049309,PF6,0.0,0.3,0.0,0.0,0.7,0.0
10.1149/1.1566019,8.236544204,322.35,1.710795889,PF6,0.0,0.3,0.0,0.0,0.7,0.0
10.1149/1.1566019,9.548996458,332.15,1.711559831,PF6,0.0,0.3,0.0,0.0,0.7,0.0
10.1149/1.1566019,0.020070838,233.75,1.924369748,PF6,0.0,0.3,0.0,0.0,0.7,0.0
10.1149/1.1566019,0.270088201,243.65,1.924091951,PF6,0.0,0.3,0.0,0.0,0.7,0.0
10.1149/1.1566019,0.629488159,253.35,1.923692618,PF6,0.0,0.3,0.0,0.0,0.7,0.0
10.1149/1.1566019,1.17626224,263.15,1.925307313,PF6,0.0,0.3,0.0,0.0,0.7,0.0
10.1149/1.1566019,1.895062157,272.95,1.924508646,PF6,0.0,0.3,0.0,0.0,0.7,0.0
10.1149/1.1566019,2.817001181,282.85,1.92348427,PF6,0.0,0.3,0.0,0.0,0.7,0.0
10.1149/1.1566019,3.801444545,292.65,1.922390444,PF6,0.0,0.3,0.0,0.0,0.7,0.0
10.1149/1.1566019,4.926661574,302.55,1.91891798,PF6,0.0,0.3,0.0,0.0,0.7,0.0
10.1149/1.1566019,6.160983402,312.45,1.919768734,PF6,0.0,0.3,0.0,0.0,0.7,0.0
10.1149/1.1566019,7.457948469,322.35,1.918327662,PF6,0.0,0.3,0.0,0.0,0.7,0.0
10.1149/1.1566019,8.754913536,332.15,1.916886589,PF6,0.0,0.3,0.0,0.0,0.7,0.0
10.1149/1.1566019,0.506938406,233.75,0.438702048,PF6,0.3,0.7,0.0,0.0,0.0,0.0
10.1149/1.1566019,0.955517685,243.65,0.444736201,PF6,0.3,0.7,0.0,0.0,0.0,0.0
10.1149/1.1566019,1.514833235,253.35,0.437606511,PF6,0.3,0.7,0.0,0.0,0.0,0.0
10.1149/1.1566019,2.251382464,263.15,0.443327653,PF6,0.3,0.7,0.0,0.0,0.0,0.0
10.1149/1.1566019,3.163495983,272.95,0.444510138,PF6,0.3,0.7,0.0,0.0,0.0,0.0
10.1149/1.1566019,4.203178799,282.85,0.441206135,PF6,0.3,0.7,0.0,0.0,0.0,0.0
10.1149/1.1566019,5.38684659,292.65,0.437745627,PF6,0.3,0.7,0.0,0.0,0.0,0.0
10.1149/1.1566019,6.60292839,302.55,0.438597712,PF6,0.3,0.7,0.0,0.0,0.0,0.0
10.1149/1.1566019,7.946996835,312.45,0.439310681,PF6,0.3,0.7,0.0,0.0,0.0,0.0
10.1149/1.1566019,9.354641255,322.35,0.435606719,PF6,0.3,0.7,0.0,0.0,0.0,0.0
10.1149/1.1566019,10.81028067,332.15,0.43185059,PF6,0.3,0.7,0.0,0.0,0.0,0.0
10.1149/1.1566019,0.486627482,233.75,0.560463256,PF6,0.3,0.7,0.0,0.0,0.0,0.0
10.1149/1.1566019,0.870378743,243.65,0.557872222,PF6,0.3,0.7,0.0,0.0,0.0,0.0
10.1149/1.1566019,1.542725976,253.35,0.561489236,PF6,0.3,0.7,0.0,0.0,0.0,0.0
10.1149/1.1566019,2.310437172,263.15,0.558480854,PF6,0.3,0.7,0.0,0.0,0.0,0.0
10.1149/1.1566019,3.334539005,272.95,0.559541613,PF6,0.3,0.7,0.0,0.0,0.0,0.0
10.1149/1.1566019,4.47000313,282.85,0.553959587,PF6,0.3,0.7,0.0,0.0,0.0,0.0
10.1149/1.1566019,5.766285257,292.65,0.556898411,PF6,0.3,0.7,0.0,0.0,0.0,0.0
10.1149/1.1566019,7.157722672,302.55,0.551038153,PF6,0.3,0.7,0.0,0.0,0.0,0.0
10.1149/1.1566019,8.709978089,312.45,0.553698744,PF6,0.3,0.7,0.0,0.0,0.0,0.0
10.1149/1.1566019,10.30960248,322.35,0.549786109,PF6,0.3,0.7,0.0,0.0,0.0,0.0
10.1149/1.1566019,11.97384621,332.15,0.552324975,PF6,0.3,0.7,0.0,0.0,0.0,0.0
10.1149/1.1566019,0.433902549,233.75,0.67791187,PF6,0.3,0.7,0.0,0.0,0.0,0.0
10.1149/1.1566019,0.817862484,243.65,0.677494522,PF6,0.3,0.7,0.0,0.0,0.0,0.0
10.1149/1.1566019,1.441797378,253.35,0.676816332,PF6,0.3,0.7,0.0,0.0,0.0,0.0
10.1149/1.1566019,2.273710569,263.15,0.675912079,PF6,0.3,0.7,0.0,0.0,0.0,0.0
10.1149/1.1566019,3.281814072,272.95,0.676990227,PF6,0.3,0.7,0.0,0.0,0.0,0.0
10.1149/1.1566019,4.54568219,282.85,0.675616457,PF6,0.3,0.7,0.0,0.0,0.0,0.0
10.1149/1.1566019,5.937536953,292.65,0.674103572,PF6,0.3,0.7,0.0,0.0,0.0,0.0
10.1149/1.1566019,7.489375022,302.55,0.672416791,PF6,0.3,0.7,0.0,0.0,0.0,0.0
10.1149/1.1566019,9.152992731,312.45,0.668434598,PF6,0.3,0.7,0.0,0.0,0.0,0.0
10.1149/1.1566019,10.89681077,322.35,0.666539144,PF6,0.3,0.7,0.0,0.0,0.0,0.0
10.1149/1.1566019,12.67283414,332.15,0.666782597,PF6,0.3,0.7,0.0,0.0,0.0,0.0
10.1149/1.1566019,0.398010642,233.75,0.80403784,PF6,0.3,0.7,0.0,0.0,0.0,0.0
10.1149/1.1566019,0.718394602,243.65,0.808037422,PF6,0.3,0.7,0.0,0.0,0.0,0.0
10.1149/1.1566019,1.2781275,253.35,0.805255104,PF6,0.3,0.7,0.0,0.0,0.0,0.0
10.1149/1.1566019,2.109623344,263.15,0.800003478,PF6,0.3,0.7,0.0,0.0,0.0,0.0
10.1149/1.1566019,3.134142524,272.95,0.805411609,PF6,0.3,0.7,0.0,0.0,0.0,0.0
10.1149/1.1566019,4.414008973,282.85,0.80402045,PF6,0.3,0.7,0.0,0.0,0.0,0.0
10.1149/1.1566019,5.853650054,292.65,0.80028171,PF6,0.3,0.7,0.0,0.0,0.0,0.0
10.1149/1.1566019,7.501895454,302.55,0.802837965,PF6,0.3,0.7,0.0,0.0,0.0,0.0
10.1149/1.1566019,9.245504817,312.45,0.798768824,PF6,0.3,0.7,0.0,0.0,0.0,0.0
10.1149/1.1566019,11.13309915,322.35,0.794543178,PF6,0.3,0.7,0.0,0.0,0.0,0.0
10.1149/1.1566019,13.10110249,332.15,0.794577957,PF6,0.3,0.7,0.0,0.0,0.0,0.0
10.1149/1.1566019,0.601815463,263.15,1.760338052,PF6,0.3,0.7,0.0,0.0,0.0,0.0
10.1149/1.1566019,1.001982402,272.95,1.762077001,PF6,0.3,0.7,0.0,0.0,0.0,0.0
10.1149/1.1566019,1.737696936,282.85,1.759103398,PF6,0.3,0.7,0.0,0.0,0.0,0.0
10.1149/1.1566019,2.665600111,292.65,1.758094807,PF6,0.3,0.7,0.0,0.0,0.0,0.0
10.1149/1.1566019,3.945257886,302.55,1.754529962,PF6,0.3,0.7,0.0,0.0,0.0,0.0
10.1149/1.1566019,5.513511634,312.45,1.757173165,PF6,0.3,0.7,0.0,0.0,0.0,0.0
10.1149/1.1566019,7.321114319,322.35,1.753034466,PF6,0.3,0.7,0.0,0.0,0.0,0.0
10.1149/1.1566019,9.320905645,332.15,1.75086078,PF6,0.3,0.7,0.0,0.0,0.0,0.0
10.1149/1.1566019,0.810698014,272.95,1.936197962,PF6,0.3,0.7,0.0,0.0,0.0,0.0
10.1149/1.1566019,1.322644594,282.85,1.935641498,PF6,0.3,0.7,0.0,0.0,0.0,0.0
10.1149/1.1566019,2.154557785,292.65,1.934737245,PF6,0.3,0.7,0.0,0.0,0.0,0.0
10.1149/1.1566019,3.258442597,302.55,1.93353737,PF6,0.3,0.7,0.0,0.0,0.0,0.0
10.1149/1.1566019,4.682294021,312.45,1.931989705,PF6,0.3,0.7,0.0,0.0,0.0,0.0
10.1149/1.1566019,6.361910062,322.35,1.927990123,PF6,0.3,0.7,0.0,0.0,0.0,0.0
10.1149/1.1566019,8.281709735,332.15,1.925903384,PF6,0.3,0.7,0.0,0.0,0.0,0.0
10.1149/1.1566019,0.928181407,282.85,2.159983306,PF6,0.3,0.7,0.0,0.0,0.0,0.0
10.1149/1.1566019,1.600111293,292.65,2.159252948,PF6,0.3,0.7,0.0,0.0,0.0,0.0
10.1149/1.1566019,2.544012799,302.55,2.158226968,PF6,0.3,0.7,0.0,0.0,0.0,0.0
10.1149/1.1566019,3.759677251,312.45,2.15473168,PF6,0.3,0.7,0.0,0.0,0.0,0.0
10.1149/1.1566019,5.311932668,322.35,2.157392272,PF6,0.3,0.7,0.0,0.0,0.0,0.0
10.1149/1.1566019,7.071331687,332.15,2.151132056,PF6,0.3,0.7,0.0,0.0,0.0,0.0
10.1149/1.1566019,0.752060655,282.85,2.325392133,PF6,0.3,0.7,0.0,0.0,0.0,0.0
10.1149/1.1566019,1.280005565,292.65,2.32481828,PF6,0.3,0.7,0.0,0.0,0.0,0.0
10.1149/1.1566019,2.064132438,302.55,2.326139881,PF6,0.3,0.7,0.0,0.0,0.0,0.0
10.1149/1.1566019,3.136020589,312.45,2.324974785,PF6,0.3,0.7,0.0,0.0,0.0,0.0
10.1149/1.1566019,4.527666678,322.35,2.321288213,PF6,0.3,0.7,0.0,0.0,0.0,0.0
10.1149/1.1566019,6.1594964,332.15,2.319514485,PF6,0.3,0.7,0.0,0.0,0.0,0.0
10.1149/1.1566019,0.426470588,233.75,0.432048682,PF6,0.45,0.55,0.0,0.0,0.0,0.0
10.1149/1.1566019,0.852941176,243.65,0.433147397,PF6,0.45,0.55,0.0,0.0,0.0,0.0
10.1149/1.1566019,1.5,253.35,0.431907821,PF6,0.45,0.55,0.0,0.0,0.0,0.0
10.1149/1.1566019,2.294117647,263.15,0.428470814,PF6,0.45,0.55,0.0,0.0,0.0,0.0
10.1149/1.1566019,3.25,272.95,0.426639621,PF6,0.45,0.55,0.0,0.0,0.0,0.0
10.1149/1.1566019,4.323529412,282.85,0.422667343,PF6,0.45,0.55,0.0,0.0,0.0,0.0
10.1149/1.1566019,5.558823529,292.65,0.422216588,PF6,0.45,0.55,0.0,0.0,0.0,0.0
10.1149/1.1566019,6.867647059,302.55,0.421624972,PF6,0.45,0.55,0.0,0.0,0.0,0.0
10.1149/1.1566019,8.279411765,312.45,0.418920442,PF6,0.45,0.55,0.0,0.0,0.0,0.0
10.1149/1.1566019,9.764705882,322.35,0.416075051,PF6,0.45,0.55,0.0,0.0,0.0,0.0
10.1149/1.1566019,11.23529412,332.15,0.411342123,PF6,0.45,0.55,0.0,0.0,0.0,0.0
10.1149/1.1566019,0.382352941,233.75,0.55856998,PF6,0.45,0.55,0.0,0.0,0.0,0.0
10.1149/1.1566019,0.823529412,243.65,0.559640523,PF6,0.45,0.55,0.0,0.0,0.0,0.0
10.1149/1.1566019,1.441176471,253.35,0.556541582,PF6,0.45,0.55,0.0,0.0,0.0,0.0
10.1149/1.1566019,2.352941176,263.15,0.554794906,PF6,0.45,0.55,0.0,0.0,0.0,0.0
10.1149/1.1566019,3.411764706,272.95,0.554682218,PF6,0.45,0.55,0.0,0.0,0.0,0.0
10.1149/1.1566019,4.676470588,282.85,0.550343701,PF6,0.45,0.55,0.0,0.0,0.0,0.0
10.1149/1.1566019,6.044117647,292.65,0.545807978,PF6,0.45,0.55,0.0,0.0,0.0,0.0
10.1149/1.1566019,7.558823529,302.55,0.544821952,PF6,0.45,0.55,0.0,0.0,0.0,0.0
10.1149/1.1566019,9.191176471,312.45,0.53977913,PF6,0.45,0.55,0.0,0.0,0.0,0.0
10.1149/1.1566019,10.86764706,322.35,0.538483209,PF6,0.45,0.55,0.0,0.0,0.0,0.0
10.1149/1.1566019,12.64705882,332.15,0.538905792,PF6,0.45,0.55,0.0,0.0,0.0,0.0
10.1149/1.1566019,0.279411765,233.75,0.673709714,PF6,0.45,0.55,0.0,0.0,0.0,0.0
10.1149/1.1566019,0.764705882,243.65,0.667032905,PF6,0.45,0.55,0.0,0.0,0.0,0.0
10.1149/1.1566019,1.397058824,253.35,0.669652919,PF6,0.45,0.55,0.0,0.0,0.0,0.0
10.1149/1.1566019,2.279411765,263.15,0.667962587,PF6,0.45,0.55,0.0,0.0,0.0,0.0
10.1149/1.1566019,3.411764706,272.95,0.66387762,PF6,0.45,0.55,0.0,0.0,0.0,0.0
10.1149/1.1566019,4.705882353,282.85,0.663314176,PF6,0.45,0.55,0.0,0.0,0.0,0.0
10.1149/1.1566019,6.235294118,292.65,0.660384269,PF6,0.45,0.55,0.0,0.0,0.0,0.0
10.1149/1.1566019,7.852941176,302.55,0.657285328,PF6,0.45,0.55,0.0,0.0,0.0,0.0
10.1149/1.1566019,9.632352941,312.45,0.653876493,PF6,0.45,0.55,0.0,0.0,0.0,0.0
10.1149/1.1566019,11.5,322.35,0.650298625,PF6,0.45,0.55,0.0,0.0,0.0,0.0
10.1149/1.1566019,13.39705882,332.15,0.648580122,PF6,0.45,0.55,0.0,0.0,0.0,0.0
10.1149/1.1566019,0.235294118,233.75,0.802146721,PF6,0.45,0.55,0.0,0.0,0.0,0.0
10.1149/1.1566019,0.588235294,243.65,0.801470588,PF6,0.45,0.55,0.0,0.0,0.0,0.0
10.1149/1.1566019,1.235294118,253.35,0.802146721,PF6,0.45,0.55,0.0,0.0,0.0,0.0
10.1149/1.1566019,2.088235294,263.15,0.800512734,PF6,0.45,0.55,0.0,0.0,0.0,0.0
10.1149/1.1566019,3.205882353,272.95,0.796455939,PF6,0.45,0.55,0.0,0.0,0.0,0.0
10.1149/1.1566019,4.602941176,282.85,0.797610998,PF6,0.45,0.55,0.0,0.0,0.0,0.0
10.1149/1.1566019,6.132352941,292.65,0.788933964,PF6,0.45,0.55,0.0,0.0,0.0,0.0
10.1149/1.1566019,7.882352941,302.55,0.7913286,PF6,0.45,0.55,0.0,0.0,0.0,0.0
10.1149/1.1566019,9.75,312.45,0.785835024,PF6,0.45,0.55,0.0,0.0,0.0,0.0
10.1149/1.1566019,11.75,322.35,0.783919315,PF6,0.45,0.55,0.0,0.0,0.0,0.0
10.1149/1.1566019,13.86764706,332.15,0.77986252,PF6,0.45,0.55,0.0,0.0,0.0,0.0
10.1149/1.1566019,0.441176471,263.15,1.665736984,PF6,0.45,0.55,0.0,0.0,0.0,0.0
10.1149/1.1566019,0.985294118,272.95,1.664694613,PF6,0.45,0.55,0.0,0.0,0.0,0.0
10.1149/1.1566019,1.838235294,282.85,1.661144918,PF6,0.45,0.55,0.0,0.0,0.0,0.0
10.1149/1.1566019,2.955882353,292.65,1.66091954,PF6,0.45,0.55,0.0,0.0,0.0,0.0
10.1149/1.1566019,4.352941176,302.55,1.658243182,PF6,0.45,0.55,0.0,0.0,0.0,0.0
10.1149/1.1566019,6.161764706,312.45,1.652862294,PF6,0.45,0.55,0.0,0.0,0.0,0.0
10.1149/1.1566019,8.161764706,322.35,1.649030877,PF6,0.45,0.55,0.0,0.0,0.0,0.0
10.1149/1.1566019,10.38235294,332.15,1.646692585,PF6,0.45,0.55,0.0,0.0,0.0,0.0
10.1149/1.1566019,0.558823529,272.95,1.866661032,PF6,0.45,0.55,0.0,0.0,0.0,0.0
10.1149/1.1566019,1.25,282.85,1.867252648,PF6,0.45,0.55,0.0,0.0,0.0,0.0
10.1149/1.1566019,2.191176471,292.65,1.865449628,PF6,0.45,0.55,0.0,0.0,0.0,0.0
10.1149/1.1566019,3.441176471,302.55,1.864970701,PF6,0.45,0.55,0.0,0.0,0.0,0.0
10.1149/1.1566019,5.014705882,312.45,1.860040568,PF6,0.45,0.55,0.0,0.0,0.0,0.0
10.1149/1.1566019,6.882352941,322.35,1.858378409,PF6,0.45,0.55,0.0,0.0,0.0,0.0
10.1149/1.1566019,9.0,332.15,1.854321614,PF6,0.45,0.55,0.0,0.0,0.0,0.0
10.1149/1.1566019,0.808823529,282.85,2.08457291,PF6,0.45,0.55,0.0,0.0,0.0,0.0
10.1149/1.1566019,1.573529412,292.65,2.083107956,PF6,0.45,0.55,0.0,0.0,0.0,0.0
10.1149/1.1566019,2.602941176,302.55,2.081135903,PF6,0.45,0.55,0.0,0.0,0.0,0.0
10.1149/1.1566019,4.029411765,312.45,2.080318909,PF6,0.45,0.55,0.0,0.0,0.0,0.0
10.1149/1.1566019,5.75,322.35,2.077022763,PF6,0.45,0.55,0.0,0.0,0.0,0.0
10.1149/1.1566019,7.720588235,332.15,2.071331981,PF6,0.45,0.55,0.0,0.0,0.0,0.0
10.1149/1.1566019,0.5,302.55,2.272903989,PF6,0.45,0.55,0.0,0.0,0.0,0.0
10.1149/1.1566019,1.044117647,312.45,2.271861618,PF6,0.45,0.55,0.0,0.0,0.0,0.0
10.1149/1.1566019,1.985294118,322.35,2.268142889,PF6,0.45,0.55,0.0,0.0,0.0,0.0
10.1149/1.1566019,3.176470588,332.15,2.265860942,PF6,0.45,0.55,0.0,0.0,0.0,0.0
10.1149/1.1566019,0.40711265,233.75,0.279727615,PF6,0.0,1.0,0.0,0.0,0.0,0.0
10.1149/1.1566019,0.714661516,243.65,0.284389464,PF6,0.0,1.0,0.0,0.0,0.0,0.0
10.1149/1.1566019,1.191568712,253.35,0.284905598,PF6,0.0,1.0,0.0,0.0,0.0,0.0
10.1149/1.1566019,1.776297826,263.15,0.281209417,PF6,0.0,1.0,0.0,0.0,0.0,0.0
10.1149/1.1566019,2.453198362,272.95,0.281941993,PF6,0.0,1.0,0.0,0.0,0.0,0.0
10.1149/1.1566019,3.237787619,282.85,0.282791116,PF6,0.0,1.0,0.0,0.0,0.0,0.0
10.1149/1.1566019,4.099164197,292.65,0.288052346,PF6,0.0,1.0,0.0,0.0,0.0,0.0
10.1149/1.1566019,5.037594486,302.55,0.289067963,PF6,0.0,1.0,0.0,0.0,0.0,0.0
10.1149/1.1566019,5.976091372,312.45,0.28791915,PF6,0.0,1.0,0.0,0.0,0.0,0.0
10.1149/1.1566019,6.991442176,322.35,0.289018015,PF6,0.0,1.0,0.0,0.0,0.0,0.0
10.1149/1.1566019,8.05294529,332.15,0.290166828,PF6,0.0,1.0,0.0,0.0,0.0,0.0
10.1149/1.1566019,0.418967067,233.75,0.394459059,PF6,0.0,1.0,0.0,0.0,0.0,0.0
10.1149/1.1566019,0.803636243,243.65,0.392710865,PF6,0.0,1.0,0.0,0.0,0.0,0.0
10.1149/1.1566019,1.311311645,253.35,0.393260298,PF6,0.0,1.0,0.0,0.0,0.0,0.0
10.1149/1.1566019,2.018780593,263.15,0.400519463,PF6,0.0,1.0,0.0,0.0,0.0,0.0
10.1149/1.1566019,2.849655356,272.95,0.397089674,PF6,0.0,1.0,0.0,0.0,0.0,0.0
10.1149/1.1566019,3.803469748,282.85,0.398121941,PF6,0.0,1.0,0.0,0.0,0.0,0.0
10.1149/1.1566019,4.89567447,292.65,0.401468483,PF6,0.0,1.0,0.0,0.0,0.0,0.0
10.1149/1.1566019,6.018780593,302.55,0.400519463,PF6,0.0,1.0,0.0,0.0,0.0,0.0
10.1149/1.1566019,7.234124738,312.45,0.401834771,PF6,0.0,1.0,0.0,0.0,0.0,0.0
10.1149/1.1566019,8.48017049,322.35,0.405347807,PF6,0.0,1.0,0.0,0.0,0.0,0.0
10.1149/1.1566019,9.803136759,332.15,0.408944091,PF6,0.0,1.0,0.0,0.0,0.0,0.0
10.1149/1.1566019,0.370217442,233.75,0.478821884,PF6,0.0,1.0,0.0,0.0,0.0,0.0
10.1149/1.1566019,0.785654823,243.65,0.477106989,PF6,0.0,1.0,0.0,0.0,0.0,0.0
10.1149/1.1566019,1.370250741,253.35,0.477739669,PF6,0.0,1.0,0.0,0.0,0.0,0.0
10.1149/1.1566019,2.093303586,263.15,0.478522194,PF6,0.0,1.0,0.0,0.0,0.0,0.0
10.1149/1.1566019,3.016349772,272.95,0.479521161,PF6,0.0,1.0,0.0,0.0,0.0,0.0
10.1149/1.1566019,4.077919483,282.85,0.478505544,PF6,0.0,1.0,0.0,0.0,0.0,0.0
10.1149/1.1566019,5.216276514,292.65,0.481902035,PF6,0.0,1.0,0.0,0.0,0.0,0.0
10.1149/1.1566019,6.477772968,302.55,0.48326729,PF6,0.0,1.0,0.0,0.0,0.0,0.0
10.1149/1.1566019,7.83157404,312.45,0.484732443,PF6,0.0,1.0,0.0,0.0,0.0,0.0
10.1149/1.1566019,9.277746329,322.35,0.484133063,PF6,0.0,1.0,0.0,0.0,0.0,0.0
10.1149/1.1566019,10.72378542,332.15,0.487862542,PF6,0.0,1.0,0.0,0.0,0.0,0.0
10.1149/1.1566019,0.352169425,233.75,0.565382438,PF6,0.0,1.0,0.0,0.0,0.0,0.0
10.1149/1.1566019,0.752089508,243.65,0.567979754,PF6,0.0,1.0,0.0,0.0,0.0,0.0
10.1149/1.1566019,1.32136792,253.35,0.566431354,PF6,0.0,1.0,0.0,0.0,0.0,0.0
10.1149/1.1566019,2.090506477,263.15,0.569428257,PF6,0.0,1.0,0.0,0.0,0.0,0.0
10.1149/1.1566019,3.044254271,272.95,0.572624954,PF6,0.0,1.0,0.0,0.0,0.0,0.0
10.1149/1.1566019,4.1826779,282.85,0.573857014,PF6,0.0,1.0,0.0,0.0,0.0,0.0
10.1149/1.1566019,5.444240951,292.65,0.57305784,PF6,0.0,1.0,0.0,0.0,0.0,0.0
10.1149/1.1566019,6.813359528,302.55,0.576704072,PF6,0.0,1.0,0.0,0.0,0.0,0.0
10.1149/1.1566019,8.321134827,312.45,0.57400686,PF6,0.0,1.0,0.0,0.0,0.0,0.0
10.1149/1.1566019,9.859478539,322.35,0.577836236,PF6,0.0,1.0,0.0,0.0,0.0,0.0
10.1149/1.1566019,11.45935866,332.15,0.58173221,PF6,0.0,1.0,0.0,0.0,0.0,0.0
10.1149/1.1566019,0.318204522,233.75,0.669241783,PF6,0.0,1.0,0.0,0.0,0.0,0.0
10.1149/1.1566019,0.687556192,243.65,0.66531251,PF6,0.0,1.0,0.0,0.0,0.0,0.0
10.1149/1.1566019,1.241317305,253.35,0.668076321,PF6,0.0,1.0,0.0,0.0,0.0,0.0
10.1149/1.1566019,2.025973161,263.15,0.666761014,PF6,0.0,1.0,0.0,0.0,0.0,0.0
10.1149/1.1566019,3.025939862,272.95,0.667843229,PF6,0.0,1.0,0.0,0.0,0.0,0.0
10.1149/1.1566019,4.179680996,282.85,0.671256368,PF6,0.0,1.0,0.0,0.0,0.0,0.0
10.1149/1.1566019,5.548732976,292.65,0.677067031,PF6,0.0,1.0,0.0,0.0,0.0,0.0
10.1149/1.1566019,7.025740069,302.55,0.674336519,PF6,0.0,1.0,0.0,0.0,0.0,0.0
10.1149/1.1566019,8.579534481,312.45,0.676018115,PF6,0.0,1.0,0.0,0.0,0.0,0.0
10.1149/1.1566019,10.28710333,322.35,0.680030635,PF6,0.0,1.0,0.0,0.0,0.0,0.0
10.1149/1.1566019,12.04089108,332.15,0.681928674,PF6,0.0,1.0,0.0,0.0,0.0,0.0
10.1149/1.1566019,0.237887516,233.75,0.779544471,PF6,0.0,1.0,0.0,0.0,0.0,0.0
10.1149/1.1566019,0.607172588,243.65,0.777779628,PF6,0.0,1.0,0.0,0.0,0.0,0.0
10.1149/1.1566019,1.130165496,253.35,0.78051014,PF6,0.0,1.0,0.0,0.0,0.0,0.0
10.1149/1.1566019,1.883919949,263.15,0.783490393,PF6,0.0,1.0,0.0,0.0,0.0,0.0
10.1149/1.1566019,2.899270754,272.95,0.784589258,PF6,0.0,1.0,0.0,0.0,0.0,0.0
10.1149/1.1566019,4.099230795,282.85,0.785887916,PF6,0.0,1.0,0.0,0.0,0.0,0.0
10.1149/1.1566019,5.46841597,292.65,0.787369718,PF6,0.0,1.0,0.0,0.0,0.0,0.0
10.1149/1.1566019,7.00682628,302.55,0.789034664,PF6,0.0,1.0,0.0,0.0,0.0,0.0
10.1149/1.1566019,8.699144218,312.45,0.788701675,PF6,0.0,1.0,0.0,0.0,0.0,0.0
10.1149/1.1566019,10.48363358,322.35,0.792797443,PF6,0.0,1.0,0.0,0.0,0.0,0.0
10.1149/1.1566019,12.31434185,332.15,0.794778729,PF6,0.0,1.0,0.0,0.0,0.0,0.0
10.1149/1.1566019,0.172421831,233.75,0.907179248,PF6,0.0,1.0,0.0,0.0,0.0,0.0
10.1149/1.1566019,0.480103893,243.65,0.907512237,PF6,0.0,1.0,0.0,0.0,0.0,0.0
10.1149/1.1566019,0.956944491,253.35,0.910192801,PF6,0.0,1.0,0.0,0.0,0.0,0.0
10.1149/1.1566019,1.664679831,263.15,0.908794246,PF6,0.0,1.0,0.0,0.0,0.0,0.0
10.1149/1.1566019,2.649195831,272.95,0.912024242,PF6,0.0,1.0,0.0,0.0,0.0,0.0
10.1149/1.1566019,3.864606573,282.85,0.911175119,PF6,0.0,1.0,0.0,0.0,0.0,0.0
10.1149/1.1566019,5.264559955,292.65,0.91269022,PF6,0.0,1.0,0.0,0.0,0.0,0.0
10.1149/1.1566019,6.818221171,302.55,0.918700676,PF6,0.0,1.0,0.0,0.0,0.0,0.0
10.1149/1.1566019,8.541307316,312.45,0.918400986,PF6,0.0,1.0,0.0,0.0,0.0,0.0
10.1149/1.1566019,10.43361859,322.35,0.918284439,PF6,0.0,1.0,0.0,0.0,0.0,0.0
10.1149/1.1566019,12.34118078,332.15,0.922513403,PF6,0.0,1.0,0.0,0.0,0.0,0.0
10.1149/1.1566019,0.075521961,233.75,1.056425027,PF6,0.0,1.0,0.0,0.0,0.0,0.0
10.1149/1.1566019,0.352369218,243.65,1.058889148,PF6,0.0,1.0,0.0,0.0,0.0,0.0
10.1149/1.1566019,0.721521095,253.35,1.061453165,PF6,0.0,1.0,0.0,0.0,0.0,0.0
10.1149/1.1566019,1.367653425,263.15,1.062152442,PF6,0.0,1.0,0.0,0.0,0.0,0.0
10.1149/1.1566019,2.290766208,272.95,1.06098698,PF6,0.0,1.0,0.0,0.0,0.0,0.0
10.1149/1.1566019,3.413805734,282.85,1.062202391,PF6,0.0,1.0,0.0,0.0,0.0,0.0
10.1149/1.1566019,4.798241817,292.65,1.068029703,PF6,0.0,1.0,0.0,0.0,0.0,0.0
10.1149/1.1566019,6.321334621,302.55,1.067513569,PF6,0.0,1.0,0.0,0.0,0.0,0.0
10.1149/1.1566019,8.121208085,312.45,1.071625986,PF6,0.0,1.0,0.0,0.0,0.0,0.0
10.1149/1.1566019,9.998201858,322.35,1.069328361,PF6,0.0,1.0,0.0,0.0,0.0,0.0
10.1149/1.1566019,11.98268456,332.15,1.073640571,PF6,0.0,1.0,0.0,0.0,0.0,0.0
10.1149/1.1566019,0.070194133,233.75,1.229579435,PF6,0.0,1.0,0.0,0.0,0.0,0.0
10.1149/1.1566019,0.19320036,243.65,1.23187706,PF6,0.0,1.0,0.0,0.0,0.0,0.0
10.1149/1.1566019,0.485564916,253.35,1.23002897,PF6,0.0,1.0,0.0,0.0,0.0,0.0
10.1149/1.1566019,1.024008525,263.15,1.230611701,PF6,0.0,1.0,0.0,0.0,0.0,0.0
10.1149/1.1566019,1.793213679,272.95,1.231444174,PF6,0.0,1.0,0.0,0.0,0.0,0.0
10.1149/1.1566019,2.854650195,282.85,1.234757417,PF6,0.0,1.0,0.0,0.0,0.0,0.0
10.1149/1.1566019,4.146848257,292.65,1.238320402,PF6,0.0,1.0,0.0,0.0,0.0,0.0
10.1149/1.1566019,5.669941061,302.55,1.237804269,PF6,0.0,1.0,0.0,0.0,0.0,0.0
10.1149/1.1566019,7.362192401,312.45,1.23963571,PF6,0.0,1.0,0.0,0.0,0.0,0.0
10.1149/1.1566019,9.238986381,322.35,1.243831374,PF6,0.0,1.0,0.0,0.0,0.0,0.0
10.1149/1.1566019,11.28513869,332.15,1.243881323,PF6,0.0,1.0,0.0,0.0,0.0,0.0
10.1149/1.1566019,0.434108527,233.75,0.45017067,PF6,0.15,0.85,0.0,0.0,0.0,0.0
10.1149/1.1566019,0.790697674,243.65,0.445688583,PF6,0.15,0.85,0.0,0.0,0.0,0.0
10.1149/1.1566019,1.395348837,253.35,0.44918174,PF6,0.15,0.85,0.0,0.0,0.0,0.0
10.1149/1.1566019,2.15503876,263.15,0.446342553,PF6,0.15,0.85,0.0,0.0,0.0,0.0
10.1149/1.1566019,3.03875969,272.95,0.449548601,PF6,0.15,0.85,0.0,0.0,0.0,0.0
10.1149/1.1566019,4.093023256,282.85,0.446406355,PF6,0.15,0.85,0.0,0.0,0.0,0.0
10.1149/1.1566019,5.224806202,292.65,0.443184356,PF6,0.15,0.85,0.0,0.0,0.0,0.0
10.1149/1.1566019,6.465116279,302.55,0.446023543,PF6,0.15,0.85,0.0,0.0,0.0,0.0
10.1149/1.1566019,7.813953488,312.45,0.442578237,PF6,0.15,0.85,0.0,0.0,0.0,0.0
10.1149/1.1566019,9.224806202,322.35,0.441126743,PF6,0.15,0.85,0.0,0.0,0.0,0.0
10.1149/1.1566019,10.62015504,332.15,0.437633585,PF6,0.15,0.85,0.0,0.0,0.0,0.0
10.1149/1.1566019,0.356589147,233.75,0.569591986,PF6,0.15,0.85,0.0,0.0,0.0,0.0
10.1149/1.1566019,0.80620155,243.65,0.571187035,PF6,0.15,0.85,0.0,0.0,0.0,0.0
10.1149/1.1566019,1.379844961,253.35,0.570596867,PF6,0.15,0.85,0.0,0.0,0.0,0.0
10.1149/1.1566019,2.186046512,263.15,0.565652216,PF6,0.15,0.85,0.0,0.0,0.0,0.0
10.1149/1.1566019,3.162790698,272.95,0.566704948,PF6,0.15,0.85,0.0,0.0,0.0,0.0
10.1149/1.1566019,4.310077519,282.85,0.565524612,PF6,0.15,0.85,0.0,0.0,0.0,0.0
10.1149/1.1566019,5.612403101,292.65,0.56418477,PF6,0.15,0.85,0.0,0.0,0.0,0.0
10.1149/1.1566019,7.007751938,302.55,0.562749226,PF6,0.15,0.85,0.0,0.0,0.0,0.0
10.1149/1.1566019,8.542635659,312.45,0.561170128,PF6,0.15,0.85,0.0,0.0,0.0,0.0
10.1149/1.1566019,10.09302326,322.35,0.565747918,PF6,0.15,0.85,0.0,0.0,0.0,0.0
10.1149/1.1566019,11.75193798,332.15,0.561983603,PF6,0.15,0.85,0.0,0.0,0.0,0.0
10.1149/1.1566019,0.325581395,233.75,0.691023064,PF6,0.15,0.85,0.0,0.0,0.0,0.0
10.1149/1.1566019,0.744186047,243.65,0.688534788,PF6,0.15,0.85,0.0,0.0,0.0,0.0
10.1149/1.1566019,1.302325581,253.35,0.690018184,PF6,0.15,0.85,0.0,0.0,0.0,0.0
10.1149/1.1566019,2.124031008,263.15,0.687115194,PF6,0.15,0.85,0.0,0.0,0.0,0.0
10.1149/1.1566019,3.147286822,272.95,0.686062462,PF6,0.15,0.85,0.0,0.0,0.0,0.0
10.1149/1.1566019,4.372093023,282.85,0.686859987,PF6,0.15,0.85,0.0,0.0,0.0,0.0
10.1149/1.1566019,5.736434109,292.65,0.685456344,PF6,0.15,0.85,0.0,0.0,0.0,0.0
10.1149/1.1566019,7.255813953,302.55,0.681835582,PF6,0.15,0.85,0.0,0.0,0.0,0.0
10.1149/1.1566019,8.930232558,312.45,0.682170543,PF6,0.15,0.85,0.0,0.0,0.0,0.0
10.1149/1.1566019,10.60465116,322.35,0.676332663,PF6,0.15,0.85,0.0,0.0,0.0,0.0
10.1149/1.1566019,12.40310078,332.15,0.678597633,PF6,0.15,0.85,0.0,0.0,0.0,0.0
10.1149/1.1566019,0.263565891,233.75,0.824831722,PF6,0.15,0.85,0.0,0.0,0.0,0.0
10.1149/1.1566019,0.589147287,243.65,0.824496762,PF6,0.15,0.85,0.0,0.0,0.0,0.0
10.1149/1.1566019,1.131782946,253.35,0.821880882,PF6,0.15,0.85,0.0,0.0,0.0,0.0
10.1149/1.1566019,1.937984496,263.15,0.821051456,PF6,0.15,0.85,0.0,0.0,0.0,0.0
10.1149/1.1566019,2.96124031,272.95,0.817941111,PF6,0.15,0.85,0.0,0.0,0.0,0.0
10.1149/1.1566019,4.201550388,282.85,0.818722685,PF6,0.15,0.85,0.0,0.0,0.0,0.0
10.1149/1.1566019,5.612403101,292.65,0.819328803,PF6,0.15,0.85,0.0,0.0,0.0,0.0
10.1149/1.1566019,7.224806202,302.55,0.811497113,PF6,0.15,0.85,0.0,0.0,0.0,0.0
10.1149/1.1566019,9.007751938,312.45,0.81172042,PF6,0.15,0.85,0.0,0.0,0.0,0.0
10.1149/1.1566019,10.82170543,322.35,0.811911826,PF6,0.15,0.85,0.0,0.0,0.0,0.0
10.1149/1.1566019,12.74418605,332.15,0.811991578,PF6,0.15,0.85,0.0,0.0,0.0,0.0
10.1149/1.1566019,0.046511628,243.65,1.699540626,PF6,0.15,0.85,0.0,0.0,0.0,0.0
10.1149/1.1566019,0.217054264,253.35,1.699365171,PF6,0.15,0.85,0.0,0.0,0.0,0.0
10.1149/1.1566019,0.449612403,263.15,1.699125913,PF6,0.15,0.85,0.0,0.0,0.0,0.0
10.1149/1.1566019,0.837209302,272.95,1.698727151,PF6,0.15,0.85,0.0,0.0,0.0,0.0
10.1149/1.1566019,1.581395349,282.85,1.697961527,PF6,0.15,0.85,0.0,0.0,0.0,0.0
10.1149/1.1566019,2.604651163,292.65,1.701024021,PF6,0.15,0.85,0.0,0.0,0.0,0.0
10.1149/1.1566019,3.84496124,302.55,1.695632756,PF6,0.15,0.85,0.0,0.0,0.0,0.0
10.1149/1.1566019,5.395348837,312.45,1.69609532,PF6,0.15,0.85,0.0,0.0,0.0,0.0
10.1149/1.1566019,7.162790698,322.35,1.694276964,PF6,0.15,0.85,0.0,0.0,0.0,0.0
10.1149/1.1566019,9.131782946,332.15,1.690193639,PF6,0.15,0.85,0.0,0.0,0.0,0.0
10.1149/1.1566019,0.015503876,243.65,1.911506683,PF6,0.15,0.85,0.0,0.0,0.0,0.0
10.1149/1.1566019,0.15503876,253.35,1.913420742,PF6,0.15,0.85,0.0,0.0,0.0,0.0
10.1149/1.1566019,0.310077519,263.15,1.911203624,PF6,0.15,0.85,0.0,0.0,0.0,0.0
10.1149/1.1566019,0.573643411,272.95,1.910932466,PF6,0.15,0.85,0.0,0.0,0.0,0.0
10.1149/1.1566019,1.131782946,282.85,1.910358248,PF6,0.15,0.85,0.0,0.0,0.0,0.0
10.1149/1.1566019,1.891472868,292.65,1.907519061,PF6,0.15,0.85,0.0,0.0,0.0,0.0
10.1149/1.1566019,2.976744186,302.55,1.90846014,PF6,0.15,0.85,0.0,0.0,0.0,0.0
10.1149/1.1566019,4.356589147,312.45,1.907040546,PF6,0.15,0.85,0.0,0.0,0.0,0.0
10.1149/1.1566019,5.953488372,322.35,1.905397646,PF6,0.15,0.85,0.0,0.0,0.0,0.0
10.1149/1.1566019,7.798449612,332.15,1.901441924,PF6,0.15,0.85,0.0,0.0,0.0,0.0
10.1149/1.1566019,0.834645669,233.75,0.241877704,PF6,0.0,0.4,0.0,0.0,0.6,0.0
10.1149/1.1566019,1.196850394,243.65,0.244537845,PF6,0.0,0.4,0.0,0.0,0.6,0.0
10.1149/1.1566019,1.637795276,253.35,0.245034404,PF6,0.0,0.4,0.0,0.0,0.6,0.0
10.1149/1.1566019,2.125984252,263.15,0.245584167,PF6,0.0,0.4,0.0,0.0,0.6,0.0
10.1149/1.1566019,2.677165354,272.95,0.246204866,PF6,0.0,0.4,0.0,0.0,0.6,0.0
10.1149/1.1566019,3.275590551,282.85,0.249131021,PF6,0.0,0.4,0.0,0.0,0.6,0.0
10.1149/1.1566019,3.842519685,292.65,0.249769454,PF6,0.0,0.4,0.0,0.0,0.6,0.0
10.1149/1.1566019,4.472440945,302.55,0.250478825,PF6,0.0,0.4,0.0,0.0,0.6,0.0
10.1149/1.1566019,5.086614173,312.45,0.253422714,PF6,0.0,0.4,0.0,0.0,0.6,0.0
10.1149/1.1566019,5.716535433,322.35,0.254132085,PF6,0.0,0.4,0.0,0.0,0.6,0.0
10.1149/1.1566019,6.330708661,332.15,0.252571469,PF6,0.0,0.4,0.0,0.0,0.6,0.0
10.1149/1.1566019,0.929133858,233.75,0.363605732,PF6,0.0,0.4,0.0,0.0,0.6,0.0
10.1149/1.1566019,1.417322835,243.65,0.366407746,PF6,0.0,0.4,0.0,0.0,0.6,0.0
10.1149/1.1566019,1.937007874,253.35,0.364740725,PF6,0.0,0.4,0.0,0.0,0.6,0.0
10.1149/1.1566019,2.614173228,263.15,0.367755551,PF6,0.0,0.4,0.0,0.0,0.6,0.0
10.1149/1.1566019,3.338582677,272.95,0.364066823,PF6,0.0,0.4,0.0,0.0,0.6,0.0
10.1149/1.1566019,4.094488189,282.85,0.369422572,PF6,0.0,0.4,0.0,0.0,0.6,0.0
10.1149/1.1566019,4.850393701,292.65,0.370273817,PF6,0.0,0.4,0.0,0.0,0.6,0.0
10.1149/1.1566019,5.669291339,302.55,0.371195999,PF6,0.0,0.4,0.0,0.0,0.6,0.0
10.1149/1.1566019,6.472440945,312.45,0.369848195,PF6,0.0,0.4,0.0,0.0,0.6,0.0
10.1149/1.1566019,7.322834646,322.35,0.373058097,PF6,0.0,0.4,0.0,0.0,0.6,0.0
10.1149/1.1566019,8.125984252,332.15,0.373962545,PF6,0.0,0.4,0.0,0.0,0.6,0.0
10.1149/1.1566019,0.976377953,233.75,0.451496772,PF6,0.0,0.4,0.0,0.0,0.6,0.0
10.1149/1.1566019,1.496062992,243.65,0.449829751,PF6,0.0,0.4,0.0,0.0,0.6,0.0
10.1149/1.1566019,2.141732283,253.35,0.450556856,PF6,0.0,0.4,0.0,0.0,0.6,0.0
10.1149/1.1566019,2.866141732,263.15,0.451372632,PF6,0.0,0.4,0.0,0.0,0.6,0.0
10.1149/1.1566019,3.669291339,272.95,0.45227708,PF6,0.0,0.4,0.0,0.0,0.6,0.0
10.1149/1.1566019,4.535433071,282.85,0.453252465,PF6,0.0,0.4,0.0,0.0,0.6,0.0
10.1149/1.1566019,5.433070866,292.65,0.452011066,PF6,0.0,0.4,0.0,0.0,0.6,0.0
10.1149/1.1566019,6.346456693,302.55,0.457544158,PF6,0.0,0.4,0.0,0.0,0.6,0.0
10.1149/1.1566019,7.244094488,312.45,0.458555012,PF6,0.0,0.4,0.0,0.0,0.6,0.0
10.1149/1.1566019,8.188976378,322.35,0.457366816,PF6,0.0,0.4,0.0,0.0,0.6,0.0
10.1149/1.1566019,9.133858268,332.15,0.462935376,PF6,0.0,0.4,0.0,0.0,0.6,0.0
10.1149/1.1566019,0.992125984,233.75,0.537100092,PF6,0.0,0.4,0.0,0.0,0.6,0.0
10.1149/1.1566019,1.543307087,243.65,0.539973044,PF6,0.0,0.4,0.0,0.0,0.6,0.0
10.1149/1.1566019,2.220472441,253.35,0.538483365,PF6,0.0,0.4,0.0,0.0,0.6,0.0
10.1149/1.1566019,3.023622047,263.15,0.541640065,PF6,0.0,0.4,0.0,0.0,0.6,0.0
10.1149/1.1566019,3.874015748,272.95,0.542597716,PF6,0.0,0.4,0.0,0.0,0.6,0.0
10.1149/1.1566019,4.850393701,282.85,0.541444988,PF6,0.0,0.4,0.0,0.0,0.6,0.0
10.1149/1.1566019,5.826771654,292.65,0.547049018,PF6,0.0,0.4,0.0,0.0,0.6,0.0
10.1149/1.1566019,6.881889764,302.55,0.545984961,PF6,0.0,0.4,0.0,0.0,0.6,0.0
10.1149/1.1566019,7.874015748,312.45,0.549354473,PF6,0.0,0.4,0.0,0.0,0.6,0.0
10.1149/1.1566019,8.94488189,322.35,0.552812655,PF6,0.0,0.4,0.0,0.0,0.6,0.0
10.1149/1.1566019,9.968503937,332.15,0.55171313,PF6,0.0,0.4,0.0,0.0,0.6,0.0
10.1149/1.1566019,0.976377953,233.75,0.636181457,PF6,0.0,0.4,0.0,0.0,0.6,0.0
10.1149/1.1566019,1.559055118,243.65,0.636837625,PF6,0.0,0.4,0.0,0.0,0.6,0.0
10.1149/1.1566019,2.283464567,253.35,0.637653401,PF6,0.0,0.4,0.0,0.0,0.6,0.0
10.1149/1.1566019,3.086614173,263.15,0.638557849,PF6,0.0,0.4,0.0,0.0,0.6,0.0
10.1149/1.1566019,4.062992126,272.95,0.641909626,PF6,0.0,0.4,0.0,0.0,0.6,0.0
10.1149/1.1566019,5.102362205,282.85,0.643080088,PF6,0.0,0.4,0.0,0.0,0.6,0.0
10.1149/1.1566019,6.173228346,292.65,0.642033766,PF6,0.0,0.4,0.0,0.0,0.6,0.0
10.1149/1.1566019,7.25984252,302.55,0.643257431,PF6,0.0,0.4,0.0,0.0,0.6,0.0
10.1149/1.1566019,8.42519685,312.45,0.646822019,PF6,0.0,0.4,0.0,0.0,0.6,0.0
10.1149/1.1566019,9.559055118,322.35,0.650351139,PF6,0.0,0.4,0.0,0.0,0.6,0.0
10.1149/1.1566019,10.66141732,332.15,0.651592537,PF6,0.0,0.4,0.0,0.0,0.6,0.0
10.1149/1.1566019,0.897637795,233.75,0.746453146,PF6,0.0,0.4,0.0,0.0,0.6,0.0
10.1149/1.1566019,1.464566929,243.65,0.749343832,PF6,0.0,0.4,0.0,0.0,0.6,0.0
10.1149/1.1566019,2.236220472,253.35,0.747960559,PF6,0.0,0.4,0.0,0.0,0.6,0.0
10.1149/1.1566019,3.133858268,263.15,0.751223665,PF6,0.0,0.4,0.0,0.0,0.6,0.0
10.1149/1.1566019,4.11023622,272.95,0.752323189,PF6,0.0,0.4,0.0,0.0,0.6,0.0
10.1149/1.1566019,5.212598425,282.85,0.753564588,PF6,0.0,0.4,0.0,0.0,0.6,0.0
10.1149/1.1566019,6.409448819,292.65,0.759416897,PF6,0.0,0.4,0.0,0.0,0.6,0.0
10.1149/1.1566019,7.559055118,302.55,0.760711499,PF6,0.0,0.4,0.0,0.0,0.6,0.0
10.1149/1.1566019,8.803149606,312.45,0.755355749,PF6,0.0,0.4,0.0,0.0,0.6,0.0
10.1149/1.1566019,10.03149606,322.35,0.761243527,PF6,0.0,0.4,0.0,0.0,0.6,0.0
10.1149/1.1566019,11.24409449,332.15,0.762609066,PF6,0.0,0.4,0.0,0.0,0.6,0.0
10.1149/1.1566019,0.787401575,233.75,0.883716394,PF6,0.0,0.4,0.0,0.0,0.6,0.0
10.1149/1.1566019,1.354330709,243.65,0.882102575,PF6,0.0,0.4,0.0,0.0,0.6,0.0
10.1149/1.1566019,2.11023622,253.35,0.885206072,PF6,0.0,0.4,0.0,0.0,0.6,0.0
10.1149/1.1566019,3.039370079,263.15,0.886252394,PF6,0.0,0.4,0.0,0.0,0.6,0.0
10.1149/1.1566019,4.078740157,272.95,0.885170604,PF6,0.0,0.4,0.0,0.0,0.6,0.0
10.1149/1.1566019,5.196850394,282.85,0.888681989,PF6,0.0,0.4,0.0,0.0,0.6,0.0
10.1149/1.1566019,6.456692913,292.65,0.890100731,PF6,0.0,0.4,0.0,0.0,0.6,0.0
10.1149/1.1566019,7.732283465,302.55,0.887032702,PF6,0.0,0.4,0.0,0.0,0.6,0.0
10.1149/1.1566019,9.007874016,312.45,0.892973682,PF6,0.0,0.4,0.0,0.0,0.6,0.0
10.1149/1.1566019,10.33070866,322.35,0.894463361,PF6,0.0,0.4,0.0,0.0,0.6,0.0
10.1149/1.1566019,11.65354331,332.15,0.898205292,PF6,0.0,0.4,0.0,0.0,0.6,0.0
10.1149/1.1566019,0.661417323,233.75,1.045736682,PF6,0.0,0.4,0.0,0.0,0.6,0.0
10.1149/1.1566019,1.212598425,243.65,1.048609633,PF6,0.0,0.4,0.0,0.0,0.6,0.0
10.1149/1.1566019,1.921259843,253.35,1.044903171,PF6,0.0,0.4,0.0,0.0,0.6,0.0
10.1149/1.1566019,2.803149606,263.15,1.04589629,PF6,0.0,0.4,0.0,0.0,0.6,0.0
10.1149/1.1566019,3.874015748,272.95,1.049354473,PF6,0.0,0.4,0.0,0.0,0.6,0.0
10.1149/1.1566019,5.05511811,282.85,1.052936795,PF6,0.0,0.4,0.0,0.0,0.6,0.0
10.1149/1.1566019,6.31496063,292.65,1.054355537,PF6,0.0,0.4,0.0,0.0,0.6,0.0
10.1149/1.1566019,7.653543307,302.55,1.05586295,PF6,0.0,0.4,0.0,0.0,0.6,0.0
10.1149/1.1566019,9.007874016,312.45,1.055135845,PF6,0.0,0.4,0.0,0.0,0.6,0.0
10.1149/1.1566019,10.40944882,322.35,1.058966447,PF6,0.0,0.4,0.0,0.0,0.6,0.0
10.1149/1.1566019,11.81102362,332.15,1.060544797,PF6,0.0,0.4,0.0,0.0,0.6,0.0
10.1149/1.1566019,0.488188976,233.75,1.230226289,PF6,0.0,0.4,0.0,0.0,0.6,0.0
10.1149/1.1566019,0.94488189,243.65,1.230740583,PF6,0.0,0.4,0.0,0.0,0.6,0.0
10.1149/1.1566019,1.622047244,253.35,1.231503157,PF6,0.0,0.4,0.0,0.0,0.6,0.0
10.1149/1.1566019,2.472440945,263.15,1.23471306,PF6,0.0,0.4,0.0,0.0,0.6,0.0
10.1149/1.1566019,3.464566929,272.95,1.238082571,PF6,0.0,0.4,0.0,0.0,0.6,0.0
10.1149/1.1566019,4.661417323,282.85,1.232673619,PF6,0.0,0.4,0.0,0.0,0.6,0.0
10.1149/1.1566019,5.952755906,292.65,1.234127829,PF6,0.0,0.4,0.0,0.0,0.6,0.0
10.1149/1.1566019,7.291338583,302.55,1.235635242,PF6,0.0,0.4,0.0,0.0,0.6,0.0
10.1149/1.1566019,8.708661417,312.45,1.24173583,PF6,0.0,0.4,0.0,0.0,0.6,0.0
10.1149/1.1566019,10.15748031,322.35,1.243367383,PF6,0.0,0.4,0.0,0.0,0.6,0.0
10.1149/1.1566019,11.63779528,332.15,1.245034404,PF6,0.0,0.4,0.0,0.0,0.6,0.0
10.1149/1.1566019,0.330708661,233.75,1.455274172,PF6,0.0,0.4,0.0,0.0,0.6,0.0
10.1149/1.1566019,0.708661417,243.65,1.455699794,PF6,0.0,0.4,0.0,0.0,0.6,0.0
10.1149/1.1566019,1.212598425,253.35,1.456267291,PF6,0.0,0.4,0.0,0.0,0.6,0.0
10.1149/1.1566019,1.952755906,263.15,1.459353054,PF6,0.0,0.4,0.0,0.0,0.6,0.0
10.1149/1.1566019,2.881889764,272.95,1.460399376,PF6,0.0,0.4,0.0,0.0,0.6,0.0
10.1149/1.1566019,4.015748031,282.85,1.461676243,PF6,0.0,0.4,0.0,0.0,0.6,0.0
10.1149/1.1566019,5.228346457,292.65,1.465294034,PF6,0.0,0.4,0.0,0.0,0.6,0.0
10.1149/1.1566019,6.645669291,302.55,1.464637866,PF6,0.0,0.4,0.0,0.0,0.6,0.0
10.1149/1.1566019,8.062992126,312.45,1.468486203,PF6,0.0,0.4,0.0,0.0,0.6,0.0
10.1149/1.1566019,9.496062992,322.35,1.467847769,PF6,0.0,0.4,0.0,0.0,0.6,0.0
10.1149/1.1566019,10.96062992,332.15,1.469497056,PF6,0.0,0.4,0.0,0.0,0.6,0.0
10.1149/1.1566019,0.173228346,233.75,1.709601334,PF6,0.0,0.4,0.0,0.0,0.6,0.0
10.1149/1.1566019,0.456692913,243.65,1.707668298,PF6,0.0,0.4,0.0,0.0,0.6,0.0
10.1149/1.1566019,0.866141732,253.35,1.710381641,PF6,0.0,0.4,0.0,0.0,0.6,0.0
10.1149/1.1566019,1.527559055,263.15,1.708874229,PF6,0.0,0.4,0.0,0.0,0.6,0.0
10.1149/1.1566019,2.362204724,272.95,1.712066397,PF6,0.0,0.4,0.0,0.0,0.6,0.0
10.1149/1.1566019,3.354330709,282.85,1.710931404,PF6,0.0,0.4,0.0,0.0,0.6,0.0
10.1149/1.1566019,4.488188976,292.65,1.718965028,PF6,0.0,0.4,0.0,0.0,0.6,0.0
10.1149/1.1566019,5.779527559,302.55,1.718166986,PF6,0.0,0.4,0.0,0.0,0.6,0.0
10.1149/1.1566019,7.149606299,312.45,1.72196212,PF6,0.0,0.4,0.0,0.0,0.6,0.0
10.1149/1.1566019,8.598425197,322.35,1.723593672,PF6,0.0,0.4,0.0,0.0,0.6,0.0
10.1149/1.1566019,10.11023622,332.15,1.725296162,PF6,0.0,0.4,0.0,0.0,0.6,0.0
10.1149/1.1566019,0.11023622,233.75,1.923494361,PF6,0.0,0.4,0.0,0.0,0.6,0.0
10.1149/1.1566019,0.330708661,243.65,1.92374264,PF6,0.0,0.4,0.0,0.0,0.6,0.0
10.1149/1.1566019,0.598425197,253.35,1.926296375,PF6,0.0,0.4,0.0,0.0,0.6,0.0
10.1149/1.1566019,1.118110236,263.15,1.924629354,PF6,0.0,0.4,0.0,0.0,0.6,0.0
10.1149/1.1566019,1.811023622,272.95,1.925409662,PF6,0.0,0.4,0.0,0.0,0.6,0.0
10.1149/1.1566019,2.677165354,282.85,1.926385046,PF6,0.0,0.4,0.0,0.0,0.6,0.0
10.1149/1.1566019,3.732283465,292.65,1.927573243,PF6,0.0,0.4,0.0,0.0,0.6,0.0
10.1149/1.1566019,4.866141732,302.55,1.92885011,PF6,0.0,0.4,0.0,0.0,0.6,0.0
10.1149/1.1566019,6.204724409,312.45,1.934862027,PF6,0.0,0.4,0.0,0.0,0.6,0.0
10.1149/1.1566019,7.606299213,322.35,1.936440377,PF6,0.0,0.4,0.0,0.0,0.6,0.0
10.1149/1.1566019,9.05511811,332.15,1.933567426,PF6,0.0,0.4,0.0,0.0,0.6,0.0
10.1149/1.1566019,0.822321429,233.75,0.263265306,PF6,0.0,0.5,0.0,0.0,0.5,0.0
10.1149/1.1566019,1.255229592,243.65,0.264477041,PF6,0.0,0.5,0.0,0.0,0.5,0.0
10.1149/1.1566019,1.7625,253.35,0.261256378,PF6,0.0,0.5,0.0,0.0,0.5,0.0
10.1149/1.1566019,2.359566327,263.15,0.262117347,PF6,0.0,0.5,0.0,0.0,0.5,0.0
10.1149/1.1566019,3.031122449,272.95,0.260682398,PF6,0.0,0.5,0.0,0.0,0.5,0.0
10.1149/1.1566019,3.702806122,282.85,0.261383929,PF6,0.0,0.5,0.0,0.0,0.5,0.0
10.1149/1.1566019,4.44872449,292.65,0.255516582,PF6,0.0,0.5,0.0,0.0,0.5,0.0
10.1149/1.1566019,5.239923469,302.55,0.25809949,PF6,0.0,0.5,0.0,0.0,0.5,0.0
10.1149/1.1566019,6.015943878,312.45,0.256441327,PF6,0.0,0.5,0.0,0.0,0.5,0.0
10.1149/1.1566019,6.821938776,322.35,0.256855867,PF6,0.0,0.5,0.0,0.0,0.5,0.0
10.1149/1.1566019,7.597831633,332.15,0.253061224,PF6,0.0,0.5,0.0,0.0,0.5,0.0
10.1149/1.1566019,0.94872449,233.75,0.380516582,PF6,0.0,0.5,0.0,0.0,0.5,0.0
10.1149/1.1566019,1.41122449,243.65,0.377391582,PF6,0.0,0.5,0.0,0.0,0.5,0.0
10.1149/1.1566019,2.067984694,253.35,0.378125,PF6,0.0,0.5,0.0,0.0,0.5,0.0
10.1149/1.1566019,2.814285714,263.15,0.378667092,PF6,0.0,0.5,0.0,0.0,0.5,0.0
10.1149/1.1566019,3.63494898,272.95,0.374776786,PF6,0.0,0.5,0.0,0.0,0.5,0.0
10.1149/1.1566019,4.500510204,282.85,0.372927296,PF6,0.0,0.5,0.0,0.0,0.5,0.0
10.1149/1.1566019,5.455739796,292.65,0.373022959,PF6,0.0,0.5,0.0,0.0,0.5,0.0
10.1149/1.1566019,6.410586735,302.55,0.366709184,PF6,0.0,0.5,0.0,0.0,0.5,0.0
10.1149/1.1566019,7.410714286,312.45,0.368845663,PF6,0.0,0.5,0.0,0.0,0.5,0.0
10.1149/1.1566019,8.440433673,322.35,0.366645408,PF6,0.0,0.5,0.0,0.0,0.5,0.0
10.1149/1.1566019,9.410459184,332.15,0.364572704,PF6,0.0,0.5,0.0,0.0,0.5,0.0
10.1149/1.1566019,0.968239796,233.75,0.457397959,PF6,0.0,0.5,0.0,0.0,0.5,0.0
10.1149/1.1566019,1.505612245,243.65,0.45838648,PF6,0.0,0.5,0.0,0.0,0.5,0.0
10.1149/1.1566019,2.162372449,253.35,0.459119898,PF6,0.0,0.5,0.0,0.0,0.5,0.0
10.1149/1.1566019,2.983163265,263.15,0.457366071,PF6,0.0,0.5,0.0,0.0,0.5,0.0
10.1149/1.1566019,3.923341837,272.95,0.455357143,PF6,0.0,0.5,0.0,0.0,0.5,0.0
10.1149/1.1566019,4.878061224,282.85,0.446906888,PF6,0.0,0.5,0.0,0.0,0.5,0.0
10.1149/1.1566019,5.937882653,292.65,0.448915816,PF6,0.0,0.5,0.0,0.0,0.5,0.0
10.1149/1.1566019,7.027423469,302.55,0.44872449,PF6,0.0,0.5,0.0,0.0,0.5,0.0
10.1149/1.1566019,8.161479592,312.45,0.444164541,PF6,0.0,0.5,0.0,0.0,0.5,0.0
10.1149/1.1566019,9.280867347,322.35,0.443909439,PF6,0.0,0.5,0.0,0.0,0.5,0.0
10.1149/1.1566019,10.37028061,332.15,0.441581633,PF6,0.0,0.5,0.0,0.0,0.5,0.0
10.1149/1.1566019,0.944005102,233.75,0.551466837,PF6,0.0,0.5,0.0,0.0,0.5,0.0
10.1149/1.1566019,1.540943878,243.65,0.550191327,PF6,0.0,0.5,0.0,0.0,0.5,0.0
10.1149/1.1566019,2.272193878,253.35,0.548628827,PF6,0.0,0.5,0.0,0.0,0.5,0.0
10.1149/1.1566019,3.122959184,263.15,0.548947704,PF6,0.0,0.5,0.0,0.0,0.5,0.0
10.1149/1.1566019,4.122704082,272.95,0.544674745,PF6,0.0,0.5,0.0,0.0,0.5,0.0
10.1149/1.1566019,5.212117347,282.85,0.542346939,PF6,0.0,0.5,0.0,0.0,0.5,0.0
10.1149/1.1566019,6.361479592,292.65,0.544164541,PF6,0.0,0.5,0.0,0.0,0.5,0.0
10.1149/1.1566019,7.510459184,302.55,0.539572704,PF6,0.0,0.5,0.0,0.0,0.5,0.0
10.1149/1.1566019,8.763903061,312.45,0.534757653,PF6,0.0,0.5,0.0,0.0,0.5,0.0
10.1149/1.1566019,9.972831633,322.35,0.534311224,PF6,0.0,0.5,0.0,0.0,0.5,0.0
10.1149/1.1566019,11.21147959,332.15,0.531664541,PF6,0.0,0.5,0.0,0.0,0.5,0.0
10.1149/1.1566019,0.920153061,233.75,0.651945153,PF6,0.0,0.5,0.0,0.0,0.5,0.0
10.1149/1.1566019,1.517219388,243.65,0.652806122,PF6,0.0,0.5,0.0,0.0,0.5,0.0
10.1149/1.1566019,2.263265306,253.35,0.649075255,PF6,0.0,0.5,0.0,0.0,0.5,0.0
10.1149/1.1566019,3.20369898,263.15,0.651339286,PF6,0.0,0.5,0.0,0.0,0.5,0.0
10.1149/1.1566019,4.233290816,272.95,0.647002551,PF6,0.0,0.5,0.0,0.0,0.5,0.0
10.1149/1.1566019,5.397321429,282.85,0.644515306,PF6,0.0,0.5,0.0,0.0,0.5,0.0
10.1149/1.1566019,6.635841837,292.65,0.639732143,PF6,0.0,0.5,0.0,0.0,0.5,0.0
10.1149/1.1566019,7.919387755,302.55,0.639126276,PF6,0.0,0.5,0.0,0.0,0.5,0.0
10.1149/1.1566019,9.23252551,312.45,0.634183673,PF6,0.0,0.5,0.0,0.0,0.5,0.0
10.1149/1.1566019,10.59056122,322.35,0.631281888,PF6,0.0,0.5,0.0,0.0,0.5,0.0
10.1149/1.1566019,11.93367347,332.15,0.62841199,PF6,0.0,0.5,0.0,0.0,0.5,0.0
10.1149/1.1566019,0.822321429,233.75,0.763265306,PF6,0.0,0.5,0.0,0.0,0.5,0.0
10.1149/1.1566019,1.449107143,243.65,0.76192602,PF6,0.0,0.5,0.0,0.0,0.5,0.0
10.1149/1.1566019,2.225127551,253.35,0.760267857,PF6,0.0,0.5,0.0,0.0,0.5,0.0
10.1149/1.1566019,3.120280612,263.15,0.754081633,PF6,0.0,0.5,0.0,0.0,0.5,0.0
10.1149/1.1566019,4.254846939,272.95,0.758067602,PF6,0.0,0.5,0.0,0.0,0.5,0.0
10.1149/1.1566019,5.463647959,282.85,0.755484694,PF6,0.0,0.5,0.0,0.0,0.5,0.0
10.1149/1.1566019,6.777040816,292.65,0.754815051,PF6,0.0,0.5,0.0,0.0,0.5,0.0
10.1149/1.1566019,8.164795918,302.55,0.74971301,PF6,0.0,0.5,0.0,0.0,0.5,0.0
10.1149/1.1566019,9.58252551,312.45,0.746683673,PF6,0.0,0.5,0.0,0.0,0.5,0.0
10.1149/1.1566019,11.05994898,322.35,0.743526786,PF6,0.0,0.5,0.0,0.0,0.5,0.0
10.1149/1.1566019,12.46288265,332.15,0.742665816,PF6,0.0,0.5,0.0,0.0,0.5,0.0
10.1149/1.1566019,0.740561224,233.75,0.893781888,PF6,0.0,0.5,0.0,0.0,0.5,0.0
10.1149/1.1566019,1.32244898,243.65,0.890401786,PF6,0.0,0.5,0.0,0.0,0.5,0.0
10.1149/1.1566019,2.068622449,253.35,0.888807398,PF6,0.0,0.5,0.0,0.0,0.5,0.0
10.1149/1.1566019,3.008673469,263.15,0.88466199,PF6,0.0,0.5,0.0,0.0,0.5,0.0
10.1149/1.1566019,4.172831633,272.95,0.884311224,PF6,0.0,0.5,0.0,0.0,0.5,0.0
10.1149/1.1566019,5.411607143,282.85,0.88380102,PF6,0.0,0.5,0.0,0.0,0.5,0.0
10.1149/1.1566019,6.769387755,292.65,0.876626276,PF6,0.0,0.5,0.0,0.0,0.5,0.0
10.1149/1.1566019,8.232142857,302.55,0.877774235,PF6,0.0,0.5,0.0,0.0,0.5,0.0
10.1149/1.1566019,9.694642857,312.45,0.874649235,PF6,0.0,0.5,0.0,0.0,0.5,0.0
10.1149/1.1566019,11.23163265,322.35,0.869228316,PF6,0.0,0.5,0.0,0.0,0.5,0.0
10.1149/1.1566019,12.76887755,332.15,0.868080357,PF6,0.0,0.5,0.0,0.0,0.5,0.0
10.1149/1.1566019,0.57130102,233.75,1.058673469,PF6,0.0,0.5,0.0,0.0,0.5,0.0
10.1149/1.1566019,1.138392857,243.65,1.057461735,PF6,0.0,0.5,0.0,0.0,0.5,0.0
10.1149/1.1566019,1.810076531,253.35,1.058163265,PF6,0.0,0.5,0.0,0.0,0.5,0.0
10.1149/1.1566019,2.720408163,263.15,1.056218112,PF6,0.0,0.5,0.0,0.0,0.5,0.0
10.1149/1.1566019,3.839540816,272.95,1.051690051,PF6,0.0,0.5,0.0,0.0,0.5,0.0
10.1149/1.1566019,5.152806122,282.85,1.048883929,PF6,0.0,0.5,0.0,0.0,0.5,0.0
10.1149/1.1566019,6.540688776,292.65,1.045918367,PF6,0.0,0.5,0.0,0.0,0.5,0.0
10.1149/1.1566019,8.003316327,302.55,1.044929847,PF6,0.0,0.5,0.0,0.0,0.5,0.0
10.1149/1.1566019,9.585076531,312.45,1.039413265,PF6,0.0,0.5,0.0,0.0,0.5,0.0
10.1149/1.1566019,11.15216837,322.35,1.038201531,PF6,0.0,0.5,0.0,0.0,0.5,0.0
10.1149/1.1566019,12.77882653,332.15,1.034725765,PF6,0.0,0.5,0.0,0.0,0.5,0.0
10.1149/1.1566019,0.434183673,233.75,1.261957908,PF6,0.0,0.5,0.0,0.0,0.5,0.0
10.1149/1.1566019,0.867091837,243.65,1.263169643,PF6,0.0,0.5,0.0,0.0,0.5,0.0
10.1149/1.1566019,1.434183673,253.35,1.261957908,PF6,0.0,0.5,0.0,0.0,0.5,0.0
10.1149/1.1566019,2.314540816,263.15,1.257940051,PF6,0.0,0.5,0.0,0.0,0.5,0.0
10.1149/1.1566019,3.329336735,272.95,1.255771684,PF6,0.0,0.5,0.0,0.0,0.5,0.0
10.1149/1.1566019,4.508418367,282.85,1.255389031,PF6,0.0,0.5,0.0,0.0,0.5,0.0
10.1149/1.1566019,5.955994898,292.65,1.252295918,PF6,0.0,0.5,0.0,0.0,0.5,0.0
10.1149/1.1566019,7.463265306,302.55,1.249075255,PF6,0.0,0.5,0.0,0.0,0.5,0.0
10.1149/1.1566019,9.045153061,312.45,1.245695153,PF6,0.0,0.5,0.0,0.0,0.5,0.0
10.1149/1.1566019,10.67206633,322.35,1.246492347,PF6,0.0,0.5,0.0,0.0,0.5,0.0
10.1149/1.1566019,12.3880102,332.15,1.238552296,PF6,0.0,0.5,0.0,0.0,0.5,0.0
10.1149/1.1566019,0.313010204,233.75,1.482302296,PF6,0.0,0.5,0.0,0.0,0.5,0.0
10.1149/1.1566019,0.581632653,243.65,1.481728316,PF6,0.0,0.5,0.0,0.0,0.5,0.0
10.1149/1.1566019,1.089158163,253.35,1.482780612,PF6,0.0,0.5,0.0,0.0,0.5,0.0
10.1149/1.1566019,1.835204082,263.15,1.479049745,PF6,0.0,0.5,0.0,0.0,0.5,0.0
10.1149/1.1566019,2.715816327,272.95,1.479304847,PF6,0.0,0.5,0.0,0.0,0.5,0.0
10.1149/1.1566019,3.864923469,282.85,1.47684949,PF6,0.0,0.5,0.0,0.0,0.5,0.0
10.1149/1.1566019,5.222831633,292.65,1.471811224,PF6,0.0,0.5,0.0,0.0,0.5,0.0
10.1149/1.1566019,6.655739796,302.55,1.473022959,PF6,0.0,0.5,0.0,0.0,0.5,0.0
10.1149/1.1566019,8.267346939,312.45,1.467442602,PF6,0.0,0.5,0.0,0.0,0.5,0.0
10.1149/1.1566019,9.878954082,322.35,1.461862245,PF6,0.0,0.5,0.0,0.0,0.5,0.0
10.1149/1.1566019,11.46096939,332.15,1.460618622,PF6,0.0,0.5,0.0,0.0,0.5,0.0
10.1149/1.1566019,0.207780612,233.75,1.719706633,PF6,0.0,0.5,0.0,0.0,0.5,0.0
10.1149/1.1566019,0.431632653,243.65,1.719228316,PF6,0.0,0.5,0.0,0.0,0.5,0.0
10.1149/1.1566019,0.804846939,253.35,1.720567602,PF6,0.0,0.5,0.0,0.0,0.5,0.0
10.1149/1.1566019,1.401913265,263.15,1.721428571,PF6,0.0,0.5,0.0,0.0,0.5,0.0
10.1149/1.1566019,2.207780612,272.95,1.719706633,PF6,0.0,0.5,0.0,0.0,0.5,0.0
10.1149/1.1566019,3.17755102,282.85,1.713360969,PF6,0.0,0.5,0.0,0.0,0.5,0.0
10.1149/1.1566019,4.401530612,292.65,1.715019133,PF6,0.0,0.5,0.0,0.0,0.5,0.0
10.1149/1.1566019,5.744642857,302.55,1.712149235,PF6,0.0,0.5,0.0,0.0,0.5,0.0
10.1149/1.1566019,7.296811224,312.45,1.710969388,PF6,0.0,0.5,0.0,0.0,0.5,0.0
10.1149/1.1566019,8.803826531,322.35,1.703475765,PF6,0.0,0.5,0.0,0.0,0.5,0.0
10.1149/1.1566019,10.52002551,332.15,1.699808673,PF6,0.0,0.5,0.0,0.0,0.5,0.0
10.1149/1.1566019,0.160586735,233.75,1.929209184,PF6,0.0,0.5,0.0,0.0,0.5,0.0
10.1149/1.1566019,0.354591837,243.65,1.928794643,PF6,0.0,0.5,0.0,0.0,0.5,0.0
10.1149/1.1566019,0.563392857,253.35,1.926211735,PF6,0.0,0.5,0.0,0.0,0.5,0.0
10.1149/1.1566019,1.026147959,263.15,1.927359694,PF6,0.0,0.5,0.0,0.0,0.5,0.0
10.1149/1.1566019,1.697704082,272.95,1.925924745,PF6,0.0,0.5,0.0,0.0,0.5,0.0
10.1149/1.1566019,2.563520408,282.85,1.928348214,PF6,0.0,0.5,0.0,0.0,0.5,0.0
10.1149/1.1566019,3.638010204,292.65,1.926052296,PF6,0.0,0.5,0.0,0.0,0.5,0.0
10.1149/1.1566019,4.876530612,302.55,1.921269133,PF6,0.0,0.5,0.0,0.0,0.5,0.0
10.1149/1.1566019,6.264795918,312.45,1.92471301,PF6,0.0,0.5,0.0,0.0,0.5,0.0
10.1149/1.1566019,7.786989796,322.35,1.921460459,PF6,0.0,0.5,0.0,0.0,0.5,0.0
10.1149/1.1566019,9.353571429,332.15,1.911702806,PF6,0.0,0.5,0.0,0.0,0.5,0.0
10.1149/1.1566019,0.71367266,233.75,0.299839752,PF6,0.0,0.7,0.0,0.0,0.3,0.0
10.1149/1.1566019,1.169156391,243.65,0.303601499,PF6,0.0,0.7,0.0,0.0,0.3,0.0
10.1149/1.1566019,1.707262752,253.35,0.305720028,PF6,0.0,0.7,0.0,0.0,0.3,0.0
10.1149/1.1566019,2.383508067,263.15,0.310350915,PF6,0.0,0.7,0.0,0.0,0.3,0.0
10.1149/1.1566019,3.156173611,272.95,0.313392906,PF6,0.0,0.7,0.0,0.0,0.3,0.0
10.1149/1.1566019,3.928676191,282.85,0.31446575,PF6,0.0,0.7,0.0,0.0,0.3,0.0
10.1149/1.1566019,4.880873486,292.65,0.320183063,PF6,0.0,0.7,0.0,0.0,0.3,0.0
10.1149/1.1566019,5.804986691,302.55,0.319884296,PF6,0.0,0.7,0.0,0.0,0.3,0.0
10.1149/1.1566019,6.784779184,312.45,0.32571025,PF6,0.0,0.7,0.0,0.0,0.3,0.0
10.1149/1.1566019,7.736813515,322.35,0.329458417,PF6,0.0,0.7,0.0,0.0,0.3,0.0
10.1149/1.1566019,8.813189201,332.15,0.335664621,PF6,0.0,0.7,0.0,0.0,0.3,0.0
10.1149/1.1566019,0.763050682,233.75,0.396490847,PF6,0.0,0.7,0.0,0.0,0.3,0.0
10.1149/1.1566019,1.287522408,243.65,0.4005242,PF6,0.0,0.7,0.0,0.0,0.3,0.0
10.1149/1.1566019,1.880656201,253.35,0.400890869,PF6,0.0,0.7,0.0,0.0,0.3,0.0
10.1149/1.1566019,2.694877506,263.15,0.406064968,PF6,0.0,0.7,0.0,0.0,0.3,0.0
10.1149/1.1566019,3.564126243,272.95,0.409487207,PF6,0.0,0.7,0.0,0.0,0.3,0.0
10.1149/1.1566019,4.516160574,282.85,0.413235374,PF6,0.0,0.7,0.0,0.0,0.3,0.0
10.1149/1.1566019,5.606170895,292.65,0.417526753,PF6,0.0,0.7,0.0,0.0,0.3,0.0
10.1149/1.1566019,6.765332174,302.55,0.424058884,PF6,0.0,0.7,0.0,0.0,0.3,0.0
10.1149/1.1566019,7.883100657,312.45,0.430428051,PF6,0.0,0.7,0.0,0.0,0.3,0.0
10.1149/1.1566019,9.110761041,322.35,0.431324352,PF6,0.0,0.7,0.0,0.0,0.3,0.0
10.1149/1.1566019,10.20109729,332.15,0.439554022,PF6,0.0,0.7,0.0,0.0,0.3,0.0
10.1149/1.1566019,0.770058124,233.75,0.481164105,PF6,0.0,0.7,0.0,0.0,0.3,0.0
10.1149/1.1566019,1.308164485,243.65,0.483282633,PF6,0.0,0.7,0.0,0.0,0.3,0.0
10.1149/1.1566019,1.984246836,253.35,0.485944375,PF6,0.0,0.7,0.0,0.0,0.3,0.0
10.1149/1.1566019,2.83953501,263.15,0.487343147,PF6,0.0,0.7,0.0,0.0,0.3,0.0
10.1149/1.1566019,3.777934706,272.95,0.493006138,PF6,0.0,0.7,0.0,0.0,0.3,0.0
10.1149/1.1566019,4.895703189,282.85,0.499375306,PF6,0.0,0.7,0.0,0.0,0.3,0.0
10.1149/1.1566019,6.054538541,292.65,0.501969146,PF6,0.0,0.7,0.0,0.0,0.3,0.0
10.1149/1.1566019,7.324080613,302.55,0.508935847,PF6,0.0,0.7,0.0,0.0,0.3,0.0
10.1149/1.1566019,8.579825086,312.45,0.515848226,PF6,0.0,0.7,0.0,0.0,0.3,0.0
10.1149/1.1566019,9.98701722,322.35,0.519419849,PF6,0.0,0.7,0.0,0.0,0.3,0.0
10.1149/1.1566019,11.31174969,332.15,0.526603835,PF6,0.0,0.7,0.0,0.0,0.3,0.0
10.1149/1.1566019,0.77722853,233.75,0.567806508,PF6,0.0,0.7,0.0,0.0,0.3,0.0
10.1149/1.1566019,1.273616166,243.65,0.565823782,PF6,0.0,0.7,0.0,0.0,0.3,0.0
10.1149/1.1566019,1.977456679,253.35,0.570563311,PF6,0.0,0.7,0.0,0.0,0.3,0.0
10.1149/1.1566019,2.901732848,263.15,0.57223369,PF6,0.0,0.7,0.0,0.0,0.3,0.0
10.1149/1.1566019,3.895485904,272.95,0.580083112,PF6,0.0,0.7,0.0,0.0,0.3,0.0
10.1149/1.1566019,5.123472215,282.85,0.584917703,PF6,0.0,0.7,0.0,0.0,0.3,0.0
10.1149/1.1566019,6.337497963,292.65,0.587728828,PF6,0.0,0.7,0.0,0.0,0.3,0.0
10.1149/1.1566019,7.565810202,302.55,0.596501711,PF6,0.0,0.7,0.0,0.0,0.3,0.0
10.1149/1.1566019,9.097180727,312.45,0.600562225,PF6,0.0,0.7,0.0,0.0,0.3,0.0
10.1149/1.1566019,10.49057526,322.35,0.604079526,PF6,0.0,0.7,0.0,0.0,0.3,0.0
10.1149/1.1566019,12.02227171,332.15,0.612078331,PF6,0.0,0.7,0.0,0.0,0.3,0.0
10.1149/1.1566019,0.688793525,233.75,0.665883535,PF6,0.0,0.7,0.0,0.0,0.3,0.0
10.1149/1.1566019,1.226899886,243.65,0.668002064,PF6,0.0,0.7,0.0,0.0,0.3,0.0
10.1149/1.1566019,1.958172633,253.35,0.670881091,PF6,0.0,0.7,0.0,0.0,0.3,0.0
10.1149/1.1566019,2.910532892,263.15,0.678567548,PF6,0.0,0.7,0.0,0.0,0.3,0.0
10.1149/1.1566019,4.014177848,272.95,0.680944103,PF6,0.0,0.7,0.0,0.0,0.3,0.0
10.1149/1.1566019,5.214568961,282.85,0.685670053,PF6,0.0,0.7,0.0,0.0,0.3,0.0
10.1149/1.1566019,6.608289424,292.65,0.693125645,PF6,0.0,0.7,0.0,0.0,0.3,0.0
10.1149/1.1566019,7.891466131,302.55,0.698177522,PF6,0.0,0.7,0.0,0.0,0.3,0.0
10.1149/1.1566019,9.574610245,312.45,0.70283557,PF6,0.0,0.7,0.0,0.0,0.3,0.0
10.1149/1.1566019,11.1063067,322.35,0.710834374,PF6,0.0,0.7,0.0,0.0,0.3,0.0
10.1149/1.1566019,12.76201858,332.15,0.717352925,PF6,0.0,0.7,0.0,0.0,0.3,0.0
10.1149/1.1566019,0.629420392,233.75,0.781791515,PF6,0.0,0.7,0.0,0.0,0.3,0.0
10.1149/1.1566019,1.167526753,243.65,0.783910044,PF6,0.0,0.7,0.0,0.0,0.3,0.0
10.1149/1.1566019,1.898636536,253.35,0.784819925,PF6,0.0,0.7,0.0,0.0,0.3,0.0
10.1149/1.1566019,2.795317508,263.15,0.786381661,PF6,0.0,0.7,0.0,0.0,0.3,0.0
10.1149/1.1566019,3.913411918,272.95,0.796689119,PF6,0.0,0.7,0.0,0.0,0.3,0.0
10.1149/1.1566019,5.293334782,282.85,0.804090391,PF6,0.0,0.7,0.0,0.0,0.3,0.0
10.1149/1.1566019,6.755554348,292.65,0.805910153,PF6,0.0,0.7,0.0,0.0,0.3,0.0
10.1149/1.1566019,8.176707045,302.55,0.811505242,PF6,0.0,0.7,0.0,0.0,0.3,0.0
10.1149/1.1566019,9.804986691,312.45,0.819884296,PF6,0.0,0.7,0.0,0.0,0.3,0.0
10.1149/1.1566019,11.40518225,322.35,0.82224727,PF6,0.0,0.7,0.0,0.0,0.3,0.0
10.1149/1.1566019,13.14384269,332.15,0.831060894,PF6,0.0,0.7,0.0,0.0,0.3,0.0
10.1149/1.1566019,0.543918735,233.75,0.915313162,PF6,0.0,0.7,0.0,0.0,0.3,0.0
10.1149/1.1566019,0.999076539,243.65,0.915136618,PF6,0.0,0.7,0.0,0.0,0.3,0.0
10.1149/1.1566019,1.70242816,253.35,0.913968711,PF6,0.0,0.7,0.0,0.0,0.3,0.0
10.1149/1.1566019,2.599435059,263.15,0.919468738,PF6,0.0,0.7,0.0,0.0,0.3,0.0
10.1149/1.1566019,3.758433375,272.95,0.924031724,PF6,0.0,0.7,0.0,0.0,0.3,0.0
10.1149/1.1566019,5.055570645,282.85,0.931107067,PF6,0.0,0.7,0.0,0.0,0.3,0.0
10.1149/1.1566019,6.531913738,292.65,0.936919442,PF6,0.0,0.7,0.0,0.0,0.3,0.0
10.1149/1.1566019,8.160193384,302.55,0.945298495,PF6,0.0,0.7,0.0,0.0,0.3,0.0
10.1149/1.1566019,9.843174534,312.45,0.947987397,PF6,0.0,0.7,0.0,0.0,0.3,0.0
10.1149/1.1566019,11.56820034,322.35,0.958715846,PF6,0.0,0.7,0.0,0.0,0.3,0.0
10.1149/1.1566019,13.36188821,332.15,0.965777609,PF6,0.0,0.7,0.0,0.0,0.3,0.0
10.1149/1.1566019,0.391384649,233.75,1.072192949,PF6,0.0,0.7,0.0,0.0,0.3,0.0
10.1149/1.1566019,0.819273182,243.65,1.075846054,PF6,0.0,0.7,0.0,0.0,0.3,0.0
10.1149/1.1566019,1.412569939,253.35,1.078181868,PF6,0.0,0.7,0.0,0.0,0.3,0.0
10.1149/1.1566019,2.267695149,263.15,1.077611494,PF6,0.0,0.7,0.0,0.0,0.3,0.0
10.1149/1.1566019,3.371666033,272.95,1.08392634,PF6,0.0,0.7,0.0,0.0,0.3,0.0
10.1149/1.1566019,4.682763866,282.85,1.093025151,PF6,0.0,0.7,0.0,0.0,0.3,0.0
10.1149/1.1566019,6.158781031,292.65,1.094899234,PF6,0.0,0.7,0.0,0.0,0.3,0.0
10.1149/1.1566019,7.800858276,302.55,1.103332609,PF6,0.0,0.7,0.0,0.0,0.3,0.0
10.1149/1.1566019,9.498125917,312.45,1.111983269,PF6,0.0,0.7,0.0,0.0,0.3,0.0
10.1149/1.1566019,11.30561139,322.35,1.119099354,PF6,0.0,0.7,0.0,0.0,0.3,0.0
10.1149/1.1566019,13.19588245,332.15,1.126541366,PF6,0.0,0.7,0.0,0.0,0.3,0.0
10.1149/1.1566019,0.296322451,233.75,1.256858059,PF6,0.0,0.7,0.0,0.0,0.3,0.0
10.1149/1.1566019,0.599869629,243.65,1.258053126,PF6,0.0,0.7,0.0,0.0,0.3,0.0
10.1149/1.1566019,1.096583193,253.35,1.260008691,PF6,0.0,0.7,0.0,0.0,0.3,0.0
10.1149/1.1566019,1.841653539,263.15,1.262942039,PF6,0.0,0.7,0.0,0.0,0.3,0.0
10.1149/1.1566019,2.807485469,272.95,1.266744527,PF6,0.0,0.7,0.0,0.0,0.3,0.0
10.1149/1.1566019,4.03547178,282.85,1.271579119,PF6,0.0,0.7,0.0,0.0,0.3,0.0
10.1149/1.1566019,5.525775436,292.65,1.27941496,PF6,0.0,0.7,0.0,0.0,0.3,0.0
10.1149/1.1566019,7.084741159,302.55,1.283584116,PF6,0.0,0.7,0.0,0.0,0.3,0.0
10.1149/1.1566019,8.837036232,312.45,1.290482916,PF6,0.0,0.7,0.0,0.0,0.3,0.0
10.1149/1.1566019,10.50670868,322.35,1.299024933,PF6,0.0,0.7,0.0,0.0,0.3,0.0
10.1149/1.1566019,12.58998316,332.15,1.305258298,PF6,0.0,0.7,0.0,0.0,0.3,0.0
10.1149/1.1566019,0.217502309,233.75,1.471114672,PF6,0.0,0.7,0.0,0.0,0.3,0.0
10.1149/1.1566019,0.452061492,243.65,1.472038134,PF6,0.0,0.7,0.0,0.0,0.3,0.0
10.1149/1.1566019,0.796838503,253.35,1.471427019,PF6,0.0,0.7,0.0,0.0,0.3,0.0
10.1149/1.1566019,1.348742463,263.15,1.47359987,PF6,0.0,0.7,0.0,0.0,0.3,0.0
10.1149/1.1566019,2.231951763,272.95,1.479045576,PF6,0.0,0.7,0.0,0.0,0.3,0.0
10.1149/1.1566019,3.321962084,282.85,1.483336955,PF6,0.0,0.7,0.0,0.0,0.3,0.0
10.1149/1.1566019,4.632571025,292.65,1.486528329,PF6,0.0,0.7,0.0,0.0,0.3,0.0
10.1149/1.1566019,6.178228041,302.55,1.4965506,PF6,0.0,0.7,0.0,0.0,0.3,0.0
10.1149/1.1566019,7.833776957,312.45,1.501100005,PF6,0.0,0.7,0.0,0.0,0.3,0.0
10.1149/1.1566019,9.655222989,322.35,1.510239557,PF6,0.0,0.7,0.0,0.0,0.3,0.0
10.1149/1.1566019,11.49030366,332.15,1.517464284,PF6,0.0,0.7,0.0,0.0,0.3,0.0
10.1149/1.1566019,0.948090758,243.65,0.448076923,PF6,0.6,0.4,0.0,0.0,0.0,0.0
10.1149/1.1566019,1.566795794,253.35,0.448076923,PF6,0.6,0.4,0.0,0.0,0.0,0.0
10.1149/1.1566019,2.37255119,263.15,0.448076923,PF6,0.6,0.4,0.0,0.0,0.0,0.0
10.1149/1.1566019,3.336635307,272.95,0.45,PF6,0.6,0.4,0.0,0.0,0.0,0.0
10.1149/1.1566019,4.444548976,282.85,0.45,PF6,0.6,0.4,0.0,0.0,0.0,0.0
10.1149/1.1566019,5.65318207,292.65,0.45,PF6,0.6,0.4,0.0,0.0,0.0,0.0
10.1149/1.1566019,6.991311566,302.55,0.45,PF6,0.6,0.4,0.0,0.0,0.0,0.0
10.1149/1.1566019,8.372495849,312.45,0.446153846,PF6,0.6,0.4,0.0,0.0,0.0,0.0
10.1149/1.1566019,9.854731599,322.35,0.453846154,PF6,0.6,0.4,0.0,0.0,0.0,0.0
10.1149/1.1566019,11.3510238,332.15,0.45,PF6,0.6,0.4,0.0,0.0,0.0,0.0
10.1149/1.1566019,0.476867737,233.75,0.573076923,PF6,0.6,0.4,0.0,0.0,0.0,0.0
10.1149/1.1566019,0.908467072,243.65,0.571153846,PF6,0.6,0.4,0.0,0.0,0.0,0.0
10.1149/1.1566019,1.570448257,253.35,0.575,PF6,0.6,0.4,0.0,0.0,0.0,0.0
10.1149/1.1566019,2.419258439,263.15,0.571153846,PF6,0.6,0.4,0.0,0.0,0.0,0.0
10.1149/1.1566019,3.49839513,272.95,0.571153846,PF6,0.6,0.4,0.0,0.0,0.0,0.0
10.1149/1.1566019,4.750138351,282.85,0.569230769,PF6,0.6,0.4,0.0,0.0,0.0,0.0
10.1149/1.1566019,6.117100166,292.65,0.571153846,PF6,0.6,0.4,0.0,0.0,0.0,0.0
10.1149/1.1566019,7.613447703,302.55,0.569230769,PF6,0.6,0.4,0.0,0.0,0.0,0.0
10.1149/1.1566019,9.253735473,312.45,0.569230769,PF6,0.6,0.4,0.0,0.0,0.0,0.0
10.1149/1.1566019,10.93713337,322.35,0.567307692,PF6,0.6,0.4,0.0,0.0,0.0,0.0
10.1149/1.1566019,12.69275042,332.15,0.575,PF6,0.6,0.4,0.0,0.0,0.0,0.0
10.1149/1.1566019,0.393801882,233.75,0.686538462,PF6,0.6,0.4,0.0,0.0,0.0,0.0
10.1149/1.1566019,0.811123409,243.65,0.688461538,PF6,0.6,0.4,0.0,0.0,0.0,0.0
10.1149/1.1566019,1.458550083,253.35,0.686538462,PF6,0.6,0.4,0.0,0.0,0.0,0.0
10.1149/1.1566019,2.336247925,263.15,0.686538462,PF6,0.6,0.4,0.0,0.0,0.0,0.0
10.1149/1.1566019,3.458605423,272.95,0.688461538,PF6,0.6,0.4,0.0,0.0,0.0,0.0
10.1149/1.1566019,4.79673492,282.85,0.688461538,PF6,0.6,0.4,0.0,0.0,0.0,0.0
10.1149/1.1566019,6.293248478,292.65,0.692307692,PF6,0.6,0.4,0.0,0.0,0.0,0.0
10.1149/1.1566019,7.918981738,302.55,0.686538462,PF6,0.6,0.4,0.0,0.0,0.0,0.0
10.1149/1.1566019,9.717542889,312.45,0.686538462,PF6,0.6,0.4,0.0,0.0,0.0,0.0
10.1149/1.1566019,11.63121195,322.35,0.686538462,PF6,0.6,0.4,0.0,0.0,0.0,0.0
10.1149/1.1566019,13.47299391,332.15,0.688461538,PF6,0.6,0.4,0.0,0.0,0.0,0.0
10.1149/1.1566019,0.311123409,233.75,0.813461538,PF6,0.6,0.4,0.0,0.0,0.0,0.0
10.1149/1.1566019,0.714001107,243.65,0.813461538,PF6,0.6,0.4,0.0,0.0,0.0,0.0
10.1149/1.1566019,1.318317654,253.35,0.813461538,PF6,0.6,0.4,0.0,0.0,0.0,0.0
10.1149/1.1566019,2.196181516,263.15,0.819230769,PF6,0.6,0.4,0.0,0.0,0.0,0.0
10.1149/1.1566019,3.303984505,272.95,0.815384615,PF6,0.6,0.4,0.0,0.0,0.0,0.0
10.1149/1.1566019,4.642169341,282.85,0.817307692,PF6,0.6,0.4,0.0,0.0,0.0,0.0
10.1149/1.1566019,6.195960155,292.65,0.811538462,PF6,0.6,0.4,0.0,0.0,0.0,0.0
10.1149/1.1566019,7.908190371,302.55,0.811538462,PF6,0.6,0.4,0.0,0.0,0.0,0.0
10.1149/1.1566019,9.807526287,312.45,0.813461538,PF6,0.6,0.4,0.0,0.0,0.0,0.0
10.1149/1.1566019,11.79319314,322.35,0.815384615,PF6,0.6,0.4,0.0,0.0,0.0,0.0
10.1149/1.1566019,13.90830105,332.15,0.815384615,PF6,0.6,0.4,0.0,0.0,0.0,0.0
10.1149/1.1566019,0.292695075,253.35,1.673076923,PF6,0.6,0.4,0.0,0.0,0.0,0.0
10.1149/1.1566019,0.508522413,263.15,1.673076923,PF6,0.6,0.4,0.0,0.0,0.0,0.0
10.1149/1.1566019,1.040785833,272.95,1.669230769,PF6,0.6,0.4,0.0,0.0,0.0,0.0
10.1149/1.1566019,1.904205866,282.85,1.673076923,PF6,0.6,0.4,0.0,0.0,0.0,0.0
10.1149/1.1566019,3.098505811,292.65,1.675,PF6,0.6,0.4,0.0,0.0,0.0,0.0
10.1149/1.1566019,4.522855562,302.55,1.671153846,PF6,0.6,0.4,0.0,0.0,0.0,0.0
10.1149/1.1566019,6.364692861,312.45,1.675,PF6,0.6,0.4,0.0,0.0,0.0,0.0
10.1149/1.1566019,8.37902601,322.35,1.673076923,PF6,0.6,0.4,0.0,0.0,0.0,0.0
10.1149/1.1566019,10.6524073,332.15,1.673076923,PF6,0.6,0.4,0.0,0.0,0.0,0.0
10.1149/1.1566019,0.341671278,263.15,1.875,PF6,0.6,0.4,0.0,0.0,0.0,0.0
10.1149/1.1566019,0.701328168,272.95,1.873076923,PF6,0.6,0.4,0.0,0.0,0.0,0.0
10.1149/1.1566019,1.377697842,282.85,1.876923077,PF6,0.6,0.4,0.0,0.0,0.0,0.0
10.1149/1.1566019,2.327338129,292.65,1.876923077,PF6,0.6,0.4,0.0,0.0,0.0,0.0
10.1149/1.1566019,3.622302158,302.55,1.876923077,PF6,0.6,0.4,0.0,0.0,0.0,0.0
10.1149/1.1566019,5.262534588,312.45,1.875,PF6,0.6,0.4,0.0,0.0,0.0,0.0
10.1149/1.1566019,7.190592142,322.35,1.875,PF6,0.6,0.4,0.0,0.0,0.0,0.0
10.1149/1.1566019,9.40647482,332.15,1.876923077,PF6,0.6,0.4,0.0,0.0,0.0,0.0
10.1149/1.1566019,0.434477034,272.95,2.1,PF6,0.6,0.4,0.0,0.0,0.0,0.0
10.1149/1.1566019,0.88057554,282.85,2.101923077,PF6,0.6,0.4,0.0,0.0,0.0,0.0
10.1149/1.1566019,1.643110127,292.65,2.1,PF6,0.6,0.4,0.0,0.0,0.0,0.0
10.1149/1.1566019,2.707913669,302.55,2.101923077,PF6,0.6,0.4,0.0,0.0,0.0,0.0
10.1149/1.1566019,4.089208633,312.45,2.101923077,PF6,0.6,0.4,0.0,0.0,0.0,0.0
10.1149/1.1566019,5.858937465,322.35,2.1,PF6,0.6,0.4,0.0,0.0,0.0,0.0
10.1149/1.1566019,7.930935252,332.15,2.101923077,PF6,0.6,0.4,0.0,0.0,0.0,0.0
10.1149/1.1566019,0.598007748,282.85,2.282692308,PF6,0.6,0.4,0.0,0.0,0.0,0.0
10.1149/1.1566019,1.173602656,292.65,2.284615385,PF6,0.6,0.4,0.0,0.0,0.0,0.0
10.1149/1.1566019,2.080022136,302.55,2.282692308,PF6,0.6,0.4,0.0,0.0,0.0,0.0
10.1149/1.1566019,3.317432208,312.45,2.282692308,PF6,0.6,0.4,0.0,0.0,0.0,0.0
10.1149/1.1566019,4.885666851,322.35,2.278846154,PF6,0.6,0.4,0.0,0.0,0.0,0.0
10.1149/1.1566019,6.770614278,332.15,2.280769231,PF6,0.6,0.4,0.0,0.0,0.0,0.0
10.1149/1.1630593,0.35378283,233.75,0.262364432,BF4,0.0,0.4,0.0,0.0,0.6,0.0
10.1149/1.1630593,0.506762054,243.65,0.265320789,BF4,0.0,0.4,0.0,0.0,0.6,0.0
10.1149/1.1630593,0.665915327,253.35,0.263164772,BF4,0.0,0.4,0.0,0.0,0.6,0.0
10.1149/1.1630593,0.863484908,263.15,0.266235463,BF4,0.0,0.4,0.0,0.0,0.6,0.0
10.1149/1.1630593,1.067130537,272.95,0.261629426,BF4,0.0,0.4,0.0,0.0,0.6,0.0
10.1149/1.1630593,1.264798118,282.85,0.267264471,BF4,0.0,0.4,0.0,0.0,0.6,0.0
10.1149/1.1630593,1.487847903,292.65,0.270400497,BF4,0.0,0.4,0.0,0.0,0.6,0.0
10.1149/1.1630593,1.710603685,302.55,0.26584346,BF4,0.0,0.4,0.0,0.0,0.6,0.0
10.1149/1.1630593,1.933457468,312.45,0.263850777,BF4,0.0,0.4,0.0,0.0,0.6,0.0
10.1149/1.1630593,2.150137201,322.35,0.266970469,BF4,0.0,0.4,0.0,0.0,0.6,0.0
10.1149/1.1630593,2.373088985,332.15,0.26754214,BF4,0.0,0.4,0.0,0.0,0.6,0.0
10.1149/1.1630593,0.38876911,233.75,0.344505423,BF4,0.0,0.4,0.0,0.0,0.6,0.0
10.1149/1.1630593,0.554488436,243.65,0.347494447,BF4,0.0,0.4,0.0,0.0,0.6,0.0
10.1149/1.1630593,0.732751862,253.35,0.34538743,BF4,0.0,0.4,0.0,0.0,0.6,0.0
10.1149/1.1630593,0.949235594,263.15,0.343378414,BF4,0.0,0.4,0.0,0.0,0.6,0.0
10.1149/1.1630593,1.172187377,272.95,0.343950085,BF4,0.0,0.4,0.0,0.0,0.6,0.0
10.1149/1.1630593,1.414347315,282.85,0.34713511,BF4,0.0,0.4,0.0,0.0,0.6,0.0
10.1149/1.1630593,1.65631125,292.65,0.345191428,BF4,0.0,0.4,0.0,0.0,0.6,0.0
10.1149/1.1630593,1.898471188,302.55,0.348376454,BF4,0.0,0.4,0.0,0.0,0.6,0.0
10.1149/1.1630593,2.159643277,312.45,0.349046126,BF4,0.0,0.4,0.0,0.0,0.6,0.0
10.1149/1.1630593,2.414445316,322.35,0.349699464,BF4,0.0,0.4,0.0,0.0,0.6,0.0
10.1149/1.1630593,2.662877303,332.15,0.350336469,BF4,0.0,0.4,0.0,0.0,0.6,0.0
10.1149/1.1630593,0.398275186,233.75,0.426581079,BF4,0.0,0.4,0.0,0.0,0.6,0.0
10.1149/1.1630593,0.576440612,243.65,0.421909709,BF4,0.0,0.4,0.0,0.0,0.6,0.0
10.1149/1.1630593,0.780380243,253.35,0.424996733,BF4,0.0,0.4,0.0,0.0,0.6,0.0
10.1149/1.1630593,1.009800078,263.15,0.428149092,BF4,0.0,0.4,0.0,0.0,0.6,0.0
10.1149/1.1630593,1.258134065,272.95,0.426221743,BF4,0.0,0.4,0.0,0.0,0.6,0.0
10.1149/1.1630593,1.519208154,282.85,0.424327061,BF4,0.0,0.4,0.0,0.0,0.6,0.0
10.1149/1.1630593,1.786750294,292.65,0.425013067,BF4,0.0,0.4,0.0,0.0,0.6,0.0
10.1149/1.1630593,2.054292434,302.55,0.425699072,BF4,0.0,0.4,0.0,0.0,0.6,0.0
10.1149/1.1630593,2.341042728,312.45,0.428998432,BF4,0.0,0.4,0.0,0.0,0.6,0.0
10.1149/1.1630593,2.61495492,322.35,0.429700771,BF4,0.0,0.4,0.0,0.0,0.6,0.0
10.1149/1.1630593,2.895139161,332.15,0.42785509,BF4,0.0,0.4,0.0,0.0,0.6,0.0
10.1149/1.1630593,0.407879263,233.75,0.51122109,BF4,0.0,0.4,0.0,0.0,0.6,0.0
10.1149/1.1630593,0.598980792,243.65,0.511711094,BF4,0.0,0.4,0.0,0.0,0.6,0.0
10.1149/1.1630593,0.802920423,253.35,0.514798118,BF4,0.0,0.4,0.0,0.0,0.6,0.0
10.1149/1.1630593,1.05125441,263.15,0.51287077,BF4,0.0,0.4,0.0,0.0,0.6,0.0
10.1149/1.1630593,1.31879655,272.95,0.513556775,BF4,0.0,0.4,0.0,0.0,0.6,0.0
10.1149/1.1630593,1.573598589,282.85,0.514210114,BF4,0.0,0.4,0.0,0.0,0.6,0.0
10.1149/1.1630593,1.898471188,292.65,0.51504312,BF4,0.0,0.4,0.0,0.0,0.6,0.0
10.1149/1.1630593,2.172383379,302.55,0.515745459,BF4,0.0,0.4,0.0,0.0,0.6,0.0
10.1149/1.1630593,2.484515876,312.45,0.516545799,BF4,0.0,0.4,0.0,0.0,0.6,0.0
10.1149/1.1630593,2.790180321,322.35,0.514765451,BF4,0.0,0.4,0.0,0.0,0.6,0.0
10.1149/1.1630593,3.095942768,332.15,0.515549458,BF4,0.0,0.4,0.0,0.0,0.6,0.0
10.1149/1.1630593,0.404743238,233.75,0.595828433,BF4,0.0,0.4,0.0,0.0,0.6,0.0
10.1149/1.1630593,0.595844767,243.65,0.596318437,BF4,0.0,0.4,0.0,0.0,0.6,0.0
10.1149/1.1630593,0.825264602,253.35,0.599470796,BF4,0.0,0.4,0.0,0.0,0.6,0.0
10.1149/1.1630593,1.07996864,263.15,0.59755978,BF4,0.0,0.4,0.0,0.0,0.6,0.0
10.1149/1.1630593,1.34751078,272.95,0.598245786,BF4,0.0,0.4,0.0,0.0,0.6,0.0
10.1149/1.1630593,1.634163073,282.85,0.598980792,BF4,0.0,0.4,0.0,0.0,0.6,0.0
10.1149/1.1630593,1.959035672,292.65,0.599813799,BF4,0.0,0.4,0.0,0.0,0.6,0.0
10.1149/1.1630593,2.258428067,302.55,0.600581471,BF4,0.0,0.4,0.0,0.0,0.6,0.0
10.1149/1.1630593,2.596040768,312.45,0.601447145,BF4,0.0,0.4,0.0,0.0,0.6,0.0
10.1149/1.1630593,2.914347315,322.35,0.59713511,BF4,0.0,0.4,0.0,0.0,0.6,0.0
10.1149/1.1630593,3.245589965,332.15,0.597984451,BF4,0.0,0.4,0.0,0.0,0.6,0.0
10.1149/1.1630593,0.414445316,233.75,0.683032798,BF4,0.0,0.4,0.0,0.0,0.6,0.0
10.1149/1.1630593,0.592708742,243.65,0.680925781,BF4,0.0,0.4,0.0,0.0,0.6,0.0
10.1149/1.1630593,0.821932575,253.35,0.678949432,BF4,0.0,0.4,0.0,0.0,0.6,0.0
10.1149/1.1630593,1.089572717,263.15,0.682199791,BF4,0.0,0.4,0.0,0.0,0.6,0.0
10.1149/1.1630593,1.37622501,272.95,0.682934797,BF4,0.0,0.4,0.0,0.0,0.6,0.0
10.1149/1.1630593,1.681987456,282.85,0.683718803,BF4,0.0,0.4,0.0,0.0,0.6,0.0
10.1149/1.1630593,1.994021952,292.65,0.681954789,BF4,0.0,0.4,0.0,0.0,0.6,0.0
10.1149/1.1630593,2.325068601,302.55,0.677675421,BF4,0.0,0.4,0.0,0.0,0.6,0.0
10.1149/1.1630593,2.662975304,312.45,0.686234157,BF4,0.0,0.4,0.0,0.0,0.6,0.0
10.1149/1.1630593,3.013132105,322.35,0.682003789,BF4,0.0,0.4,0.0,0.0,0.6,0.0
10.1149/1.1630593,3.344374755,332.15,0.682853129,BF4,0.0,0.4,0.0,0.0,0.6,0.0
10.1149/1.1630593,0.398667189,233.75,0.770171828,BF4,0.0,0.4,0.0,0.0,0.6,0.0
10.1149/1.1630593,0.589768718,243.65,0.770661832,BF4,0.0,0.4,0.0,0.0,0.6,0.0
10.1149/1.1630593,0.819090553,253.35,0.771249837,BF4,0.0,0.4,0.0,0.0,0.6,0.0
10.1149/1.1630593,1.093002744,263.15,0.771952176,BF4,0.0,0.4,0.0,0.0,0.6,0.0
10.1149/1.1630593,1.379655037,272.95,0.772687181,BF4,0.0,0.4,0.0,0.0,0.6,0.0
10.1149/1.1630593,1.685417483,282.85,0.773471188,BF4,0.0,0.4,0.0,0.0,0.6,0.0
10.1149/1.1630593,2.023128185,292.65,0.776901215,BF4,0.0,0.4,0.0,0.0,0.6,0.0
10.1149/1.1630593,2.367110937,302.55,0.777783222,BF4,0.0,0.4,0.0,0.0,0.6,0.0
10.1149/1.1630593,2.730105841,312.45,0.776149876,BF4,0.0,0.4,0.0,0.0,0.6,0.0
10.1149/1.1630593,3.086828695,322.35,0.77706455,BF4,0.0,0.4,0.0,0.0,0.6,0.0
10.1149/1.1630593,3.437181497,332.15,0.77796289,BF4,0.0,0.4,0.0,0.0,0.6,0.0
10.1149/1.1630593,0.383477068,233.75,0.872696982,BF4,0.0,0.4,0.0,0.0,0.6,0.0
10.1149/1.1630593,0.574578597,243.65,0.873186985,BF4,0.0,0.4,0.0,0.0,0.6,0.0
10.1149/1.1630593,0.816738534,253.35,0.876372011,BF4,0.0,0.4,0.0,0.0,0.6,0.0
10.1149/1.1630593,1.084280674,263.15,0.877058016,BF4,0.0,0.4,0.0,0.0,0.6,0.0
10.1149/1.1630593,1.370932967,272.95,0.877793022,BF4,0.0,0.4,0.0,0.0,0.6,0.0
10.1149/1.1630593,1.695707566,282.85,0.876061675,BF4,0.0,0.4,0.0,0.0,0.6,0.0
10.1149/1.1630593,2.033418267,292.65,0.879491703,BF4,0.0,0.4,0.0,0.0,0.6,0.0
10.1149/1.1630593,2.383673069,302.55,0.877825689,BF4,0.0,0.4,0.0,0.0,0.6,0.0
10.1149/1.1630593,2.759408075,312.45,0.87622501,BF4,0.0,0.4,0.0,0.0,0.6,0.0
10.1149/1.1630593,3.128871031,322.35,0.877172351,BF4,0.0,0.4,0.0,0.0,0.6,0.0
10.1149/1.1630593,3.51754214,332.15,0.880733046,BF4,0.0,0.4,0.0,0.0,0.6,0.0
10.1149/1.1630593,0.368482948,233.75,0.980350843,BF4,0.0,0.4,0.0,0.0,0.6,0.0
10.1149/1.1630593,0.559584477,243.65,0.980840847,BF4,0.0,0.4,0.0,0.0,0.6,0.0
10.1149/1.1630593,0.788906311,253.35,0.981428851,BF4,0.0,0.4,0.0,0.0,0.6,0.0
10.1149/1.1630593,1.056546452,263.15,0.984679211,BF4,0.0,0.4,0.0,0.0,0.6,0.0
10.1149/1.1630593,1.362210898,272.95,0.982898863,BF4,0.0,0.4,0.0,0.0,0.6,0.0
10.1149/1.1630593,1.674343395,282.85,0.983699203,BF4,0.0,0.4,0.0,0.0,0.6,0.0
10.1149/1.1630593,2.04380635,292.65,0.984646544,BF4,0.0,0.4,0.0,0.0,0.6,0.0
10.1149/1.1630593,2.387789102,302.55,0.985528551,BF4,0.0,0.4,0.0,0.0,0.6,0.0
10.1149/1.1630593,2.763622109,312.45,0.986492225,BF4,0.0,0.4,0.0,0.0,0.6,0.0
10.1149/1.1630593,3.164739318,322.35,0.982392526,BF4,0.0,0.4,0.0,0.0,0.6,0.0
10.1149/1.1630593,3.546942376,332.15,0.983372534,BF4,0.0,0.4,0.0,0.0,0.6,0.0
10.1149/1.1630593,0.347314779,233.75,1.093117078,BF4,0.0,0.4,0.0,0.0,0.6,0.0
10.1149/1.1630593,0.532046256,243.65,1.093590749,BF4,0.0,0.4,0.0,0.0,0.6,0.0
10.1149/1.1630593,0.75499804,253.35,1.09416242,BF4,0.0,0.4,0.0,0.0,0.6,0.0
10.1149/1.1630593,1.035280282,263.15,1.094881092,BF4,0.0,0.4,0.0,0.0,0.6,0.0
10.1149/1.1630593,1.322030576,272.95,1.098180452,BF4,0.0,0.4,0.0,0.0,0.6,0.0
10.1149/1.1630593,1.653175225,282.85,1.096465438,BF4,0.0,0.4,0.0,0.0,0.6,0.0
10.1149/1.1630593,2.009898079,292.65,1.097380112,BF4,0.0,0.4,0.0,0.0,0.6,0.0
10.1149/1.1630593,2.366522932,302.55,1.095730433,BF4,0.0,0.4,0.0,0.0,0.6,0.0
10.1149/1.1630593,2.767836143,312.45,1.096759441,BF4,0.0,0.4,0.0,0.0,0.6,0.0
10.1149/1.1630593,3.162779302,322.35,1.097772116,BF4,0.0,0.4,0.0,0.0,0.6,0.0
10.1149/1.1630593,3.564092513,332.15,1.098801124,BF4,0.0,0.4,0.0,0.0,0.6,0.0
10.1149/1.1630593,0.320854567,233.75,1.234074873,BF4,0.0,0.4,0.0,0.0,0.6,0.0
10.1149/1.1630593,0.505586045,243.65,1.234548543,BF4,0.0,0.4,0.0,0.0,0.6,0.0
10.1149/1.1630593,0.722167777,253.35,1.235103881,BF4,0.0,0.4,0.0,0.0,0.6,0.0
10.1149/1.1630593,0.996079969,263.15,1.23580622,BF4,0.0,0.4,0.0,0.0,0.6,0.0
10.1149/1.1630593,1.295374363,272.95,1.234009539,BF4,0.0,0.4,0.0,0.0,0.6,0.0
10.1149/1.1630593,1.607702862,282.85,1.239938586,BF4,0.0,0.4,0.0,0.0,0.6,0.0
10.1149/1.1630593,1.958055664,292.65,1.240836927,BF4,0.0,0.4,0.0,0.0,0.6,0.0
10.1149/1.1630593,2.346530772,302.55,1.239268914,BF4,0.0,0.4,0.0,0.0,0.6,0.0
10.1149/1.1630593,2.722265778,312.45,1.237668235,BF4,0.0,0.4,0.0,0.0,0.6,0.0
10.1149/1.1630593,3.142591141,322.35,1.236181889,BF4,0.0,0.4,0.0,0.0,0.6,0.0
10.1149/1.1630593,3.556840455,332.15,1.242372272,BF4,0.0,0.4,0.0,0.0,0.6,0.0
10.1149/1.1630593,0.300568405,233.75,1.369920293,BF4,0.0,0.4,0.0,0.0,0.6,0.0
10.1149/1.1630593,0.466091729,243.65,1.367780609,BF4,0.0,0.4,0.0,0.0,0.6,0.0
10.1149/1.1630593,0.669933359,253.35,1.36830328,BF4,0.0,0.4,0.0,0.0,0.6,0.0
10.1149/1.1630593,0.924833399,263.15,1.371520972,BF4,0.0,0.4,0.0,0.0,0.6,0.0
10.1149/1.1630593,1.230595845,272.95,1.372304978,BF4,0.0,0.4,0.0,0.0,0.6,0.0
10.1149/1.1630593,1.555370443,282.85,1.370573631,BF4,0.0,0.4,0.0,0.0,0.6,0.0
10.1149/1.1630593,1.899353195,292.65,1.371455638,BF4,0.0,0.4,0.0,0.0,0.6,0.0
10.1149/1.1630593,2.281458252,302.55,1.369871292,BF4,0.0,0.4,0.0,0.0,0.6,0.0
10.1149/1.1630593,2.683065465,312.45,1.378593362,BF4,0.0,0.4,0.0,0.0,0.6,0.0
10.1149/1.1630593,3.096824775,322.35,1.371961976,BF4,0.0,0.4,0.0,0.0,0.6,0.0
10.1149/1.1630593,3.491865935,332.15,1.375539004,BF4,0.0,0.4,0.0,0.0,0.6,0.0
10.1149/1.1630593,0.274206194,233.75,1.513442441,BF4,0.0,0.4,0.0,0.0,0.6,0.0
10.1149/1.1630593,0.420717366,243.65,1.513818111,BF4,0.0,0.4,0.0,0.0,0.6,0.0
10.1149/1.1630593,0.637201098,253.35,1.511809094,BF4,0.0,0.4,0.0,0.0,0.6,0.0
10.1149/1.1630593,0.872794982,263.15,1.509849079,BF4,0.0,0.4,0.0,0.0,0.6,0.0
10.1149/1.1630593,1.172285378,272.95,1.513181105,BF4,0.0,0.4,0.0,0.0,0.6,0.0
10.1149/1.1630593,1.484515876,282.85,1.516545799,BF4,0.0,0.4,0.0,0.0,0.6,0.0
10.1149/1.1630593,1.834868679,292.65,1.51744414,BF4,0.0,0.4,0.0,0.0,0.6,0.0
10.1149/1.1630593,2.204233634,302.55,1.515827127,BF4,0.0,0.4,0.0,0.0,0.6,0.0
10.1149/1.1630593,2.611916895,312.45,1.516872468,BF4,0.0,0.4,0.0,0.0,0.6,0.0
10.1149/1.1630593,3.03871031,322.35,1.51796681,BF4,0.0,0.4,0.0,0.0,0.6,0.0
10.1149/1.1630593,3.465405723,332.15,1.516496799,BF4,0.0,0.4,0.0,0.0,0.6,0.0
10.1149/1.1630593,0.248137985,233.75,1.664657651,BF4,0.0,0.4,0.0,0.0,0.6,0.0
10.1149/1.1630593,0.401117209,243.65,1.667614008,BF4,0.0,0.4,0.0,0.0,0.6,0.0
10.1149/1.1630593,0.579478636,253.35,1.668071345,BF4,0.0,0.4,0.0,0.0,0.6,0.0
10.1149/1.1630593,0.821540572,263.15,1.668692016,BF4,0.0,0.4,0.0,0.0,0.6,0.0
10.1149/1.1630593,1.101724814,272.95,1.666846335,BF4,0.0,0.4,0.0,0.0,0.6,0.0
10.1149/1.1630593,1.407585261,282.85,1.670194695,BF4,0.0,0.4,0.0,0.0,0.6,0.0
10.1149/1.1630593,1.745197962,292.65,1.671060368,BF4,0.0,0.4,0.0,0.0,0.6,0.0
10.1149/1.1630593,2.127303018,302.55,1.669476022,BF4,0.0,0.4,0.0,0.0,0.6,0.0
10.1149/1.1630593,2.522246178,312.45,1.670488697,BF4,0.0,0.4,0.0,0.0,0.6,0.0
10.1149/1.1630593,2.942669541,322.35,1.671566706,BF4,0.0,0.4,0.0,0.0,0.6,0.0
10.1149/1.1630593,3.388377107,332.15,1.667581341,BF4,0.0,0.4,0.0,0.0,0.6,0.0
10.1149/1.1630593,0.211583693,233.75,1.874820332,BF4,0.0,0.4,0.0,0.0,0.6,0.0
10.1149/1.1630593,0.345452764,243.65,1.877727688,BF4,0.0,0.4,0.0,0.0,0.6,0.0
10.1149/1.1630593,0.517346139,253.35,1.875604338,BF4,0.0,0.4,0.0,0.0,0.6,0.0
10.1149/1.1630593,0.740297922,263.15,1.876176009,BF4,0.0,0.4,0.0,0.0,0.6,0.0
10.1149/1.1630593,1.001470012,272.95,1.876845681,BF4,0.0,0.4,0.0,0.0,0.6,0.0
10.1149/1.1630593,1.288122305,282.85,1.877580687,BF4,0.0,0.4,0.0,0.0,0.6,0.0
10.1149/1.1630593,1.632105057,292.65,1.878462694,BF4,0.0,0.4,0.0,0.0,0.6,0.0
10.1149/1.1630593,1.995099961,302.55,1.876829348,BF4,0.0,0.4,0.0,0.0,0.6,0.0
10.1149/1.1630593,2.396511172,312.45,1.88042271,BF4,0.0,0.4,0.0,0.0,0.6,0.0
10.1149/1.1630593,2.810466484,322.35,1.878920031,BF4,0.0,0.4,0.0,0.0,0.6,0.0
10.1149/1.1630593,3.262740102,332.15,1.880079707,BF4,0.0,0.4,0.0,0.0,0.6,0.0
10.1149/1.1630593,0.199235594,233.75,2.051711747,BF4,0.0,0.4,0.0,0.0,0.6,0.0
10.1149/1.1630593,0.30125441,243.65,2.054537436,BF4,0.0,0.4,0.0,0.0,0.6,0.0
10.1149/1.1630593,0.454037632,253.35,2.052365086,BF4,0.0,0.4,0.0,0.0,0.6,0.0
10.1149/1.1630593,0.657879263,263.15,2.052887756,BF4,0.0,0.4,0.0,0.0,0.6,0.0
10.1149/1.1630593,0.925519404,272.95,2.056138116,BF4,0.0,0.4,0.0,0.0,0.6,0.0
10.1149/1.1630593,1.199333595,282.85,2.054276101,BF4,0.0,0.4,0.0,0.0,0.6,0.0
10.1149/1.1630593,1.530674245,292.65,2.057689795,BF4,0.0,0.4,0.0,0.0,0.6,0.0
10.1149/1.1630593,1.874558996,302.55,2.056007448,BF4,0.0,0.4,0.0,0.0,0.6,0.0
10.1149/1.1630593,2.269600157,312.45,2.059584477,BF4,0.0,0.4,0.0,0.0,0.6,0.0
10.1149/1.1630593,2.69629557,322.35,2.058114465,BF4,0.0,0.4,0.0,0.0,0.6,0.0
10.1149/1.1630593,3.129361035,332.15,2.056660787,BF4,0.0,0.4,0.0,0.0,0.6,0.0
10.1149/1.1630593,0.410379555,233.75,0.292699965,BF4,0.0,0.5,0.0,0.0,0.5,0.0
10.1149/1.1630593,0.615176388,243.65,0.291768541,BF4,0.0,0.5,0.0,0.0,0.5,0.0
10.1149/1.1630593,0.844073815,253.35,0.291011759,BF4,0.0,0.5,0.0,0.0,0.5,0.0
10.1149/1.1630593,1.103271626,263.15,0.297720922,BF4,0.0,0.5,0.0,0.0,0.5,0.0
10.1149/1.1630593,1.380370241,272.95,0.297313424,BF4,0.0,0.5,0.0,0.0,0.5,0.0
10.1149/1.1630593,1.675602515,282.85,0.299452788,BF4,0.0,0.5,0.0,0.0,0.5,0.0
10.1149/1.1630593,2.000960531,292.65,0.301810455,BF4,0.0,0.5,0.0,0.0,0.5,0.0
10.1149/1.1630593,2.31426825,302.55,0.304080801,BF4,0.0,0.5,0.0,0.0,0.5,0.0
10.1149/1.1630593,2.633601118,312.45,0.306394807,BF4,0.0,0.5,0.0,0.0,0.5,0.0
10.1149/1.1630593,2.976976365,322.35,0.306467575,BF4,0.0,0.5,0.0,0.0,0.5,0.0
10.1149/1.1630593,3.290284084,332.15,0.308737921,BF4,0.0,0.5,0.0,0.0,0.5,0.0
10.1149/1.1630593,0.436401211,233.75,0.372598673,BF4,0.0,0.5,0.0,0.0,0.5,0.0
10.1149/1.1630593,0.653248341,243.65,0.37175457,BF4,0.0,0.5,0.0,0.0,0.5,0.0
10.1149/1.1630593,0.900279427,253.35,0.37354465,BF4,0.0,0.5,0.0,0.0,0.5,0.0
10.1149/1.1630593,1.189544767,263.15,0.378056235,BF4,0.0,0.5,0.0,0.0,0.5,0.0
10.1149/1.1630593,1.48477704,272.95,0.380195599,BF4,0.0,0.5,0.0,0.0,0.5,0.0
10.1149/1.1630593,1.828210502,282.85,0.382684247,BF4,0.0,0.5,0.0,0.0,0.5,0.0
10.1149/1.1630593,2.165560601,292.65,0.382713354,BF4,0.0,0.5,0.0,0.0,0.5,0.0
10.1149/1.1630593,2.533094656,302.55,0.385376645,BF4,0.0,0.5,0.0,0.0,0.5,0.0
10.1149/1.1630593,2.882553266,312.45,0.387908953,BF4,0.0,0.5,0.0,0.0,0.5,0.0
10.1149/1.1630593,3.237920596,322.35,0.385653161,BF4,0.0,0.5,0.0,0.0,0.5,0.0
10.1149/1.1630593,3.6114798,332.15,0.388360112,BF4,0.0,0.5,0.0,0.0,0.5,0.0
10.1149/1.1630593,0.450314356,233.75,0.449994179,BF4,0.0,0.5,0.0,0.0,0.5,0.0
10.1149/1.1630593,0.673303062,243.65,0.454025498,BF4,0.0,0.5,0.0,0.0,0.5,0.0
10.1149/1.1630593,0.944434742,253.35,0.45599022,BF4,0.0,0.5,0.0,0.0,0.5,0.0
10.1149/1.1630593,1.221591571,263.15,0.457998603,BF4,0.0,0.5,0.0,0.0,0.5,0.0
10.1149/1.1630593,1.570991966,272.95,0.458115031,BF4,0.0,0.5,0.0,0.0,0.5,0.0
10.1149/1.1630593,1.92050879,282.85,0.46306322,BF4,0.0,0.5,0.0,0.0,0.5,0.0
10.1149/1.1630593,2.294067994,292.65,0.465770171,BF4,0.0,0.5,0.0,0.0,0.5,0.0
10.1149/1.1630593,2.667627198,302.55,0.468477122,BF4,0.0,0.5,0.0,0.0,0.5,0.0
10.1149/1.1630593,3.065170567,312.45,0.466526953,BF4,0.0,0.5,0.0,0.0,0.5,0.0
10.1149/1.1630593,3.444754919,322.35,0.469277564,BF4,0.0,0.5,0.0,0.0,0.5,0.0
10.1149/1.1630593,3.842356503,332.15,0.469743276,BF4,0.0,0.5,0.0,0.0,0.5,0.0
10.1149/1.1630593,0.4342764,233.75,0.534419024,BF4,0.0,0.5,0.0,0.0,0.5,0.0
10.1149/1.1630593,0.663232041,243.65,0.536078123,BF4,0.0,0.5,0.0,0.0,0.5,0.0
10.1149/1.1630593,0.958406101,253.35,0.535801607,BF4,0.0,0.5,0.0,0.0,0.5,0.0
10.1149/1.1630593,1.24767144,263.15,0.540313191,BF4,0.0,0.5,0.0,0.0,0.5,0.0
10.1149/1.1630593,1.609122133,272.95,0.54051694,BF4,0.0,0.5,0.0,0.0,0.5,0.0
10.1149/1.1630593,1.982681337,282.85,0.543223891,BF4,0.0,0.5,0.0,0.0,0.5,0.0
10.1149/1.1630593,2.368290837,292.65,0.546018163,BF4,0.0,0.5,0.0,0.0,0.5,0.0
10.1149/1.1630593,2.766008849,302.55,0.551315636,BF4,0.0,0.5,0.0,0.0,0.5,0.0
10.1149/1.1630593,3.175602515,312.45,0.549452788,BF4,0.0,0.5,0.0,0.0,0.5,0.0
10.1149/1.1630593,3.591337758,322.35,0.552465363,BF4,0.0,0.5,0.0,0.0,0.5,0.0
10.1149/1.1630593,4.006956572,332.15,0.550646175,BF4,0.0,0.5,0.0,0.0,0.5,0.0
10.1149/1.1630593,0.44222261,233.75,0.61418675,BF4,0.0,0.5,0.0,0.0,0.5,0.0
10.1149/1.1630593,0.665094889,243.65,0.613386308,BF4,0.0,0.5,0.0,0.0,0.5,0.0
10.1149/1.1630593,0.954360228,253.35,0.617897893,BF4,0.0,0.5,0.0,0.0,0.5,0.0
10.1149/1.1630593,1.267726161,263.15,0.622584119,BF4,0.0,0.5,0.0,0.0,0.5,0.0
10.1149/1.1630593,1.611101409,272.95,0.622656887,BF4,0.0,0.5,0.0,0.0,0.5,0.0
10.1149/1.1630593,2.008761206,282.85,0.625538479,BF4,0.0,0.5,0.0,0.0,0.5,0.0
10.1149/1.1630593,2.406421004,292.65,0.628420072,BF4,0.0,0.5,0.0,0.0,0.5,0.0
10.1149/1.1630593,2.840231692,302.55,0.631563628,BF4,0.0,0.5,0.0,0.0,0.5,0.0
10.1149/1.1630593,3.25590872,312.45,0.632160321,BF4,0.0,0.5,0.0,0.0,0.5,0.0
10.1149/1.1630593,3.713820002,322.35,0.635478519,BF4,0.0,0.5,0.0,0.0,0.5,0.0
10.1149/1.1630593,4.123471883,332.15,0.636031552,BF4,0.0,0.5,0.0,0.0,0.5,0.0
10.1149/1.1630593,0.432035161,233.75,0.691407614,BF4,0.0,0.5,0.0,0.0,0.5,0.0
10.1149/1.1630593,0.655023868,243.65,0.695438934,BF4,0.0,0.5,0.0,0.0,0.5,0.0
10.1149/1.1630593,0.926097334,253.35,0.694987775,BF4,0.0,0.5,0.0,0.0,0.5,0.0
10.1149/1.1630593,1.269589009,263.15,0.699892304,BF4,0.0,0.5,0.0,0.0,0.5,0.0
10.1149/1.1630593,1.618989405,272.95,0.700008732,BF4,0.0,0.5,0.0,0.0,0.5,0.0
10.1149/1.1630593,2.01056584,282.85,0.700430784,BF4,0.0,0.5,0.0,0.0,0.5,0.0
10.1149/1.1630593,2.450459891,292.65,0.706033881,BF4,0.0,0.5,0.0,0.0,0.5,0.0
10.1149/1.1630593,2.84800326,302.55,0.704083712,BF4,0.0,0.5,0.0,0.0,0.5,0.0
10.1149/1.1630593,3.299831179,312.45,0.704942368,BF4,0.0,0.5,0.0,0.0,0.5,0.0
10.1149/1.1630593,3.775876121,322.35,0.710807428,BF4,0.0,0.5,0.0,0.0,0.5,0.0
10.1149/1.1630593,4.221678892,332.15,0.711622424,BF4,0.0,0.5,0.0,0.0,0.5,0.0
10.1149/1.1630593,0.404179765,233.75,0.785408662,BF4,0.0,0.5,0.0,0.0,0.5,0.0
10.1149/1.1630593,0.645127489,243.65,0.784739201,BF4,0.0,0.5,0.0,0.0,0.5,0.0
10.1149/1.1630593,0.910292234,253.35,0.789076144,BF4,0.0,0.5,0.0,0.0,0.5,0.0
10.1149/1.1630593,1.247584119,263.15,0.78668937,BF4,0.0,0.5,0.0,0.0,0.5,0.0
10.1149/1.1630593,1.609209454,272.95,0.794140761,BF4,0.0,0.5,0.0,0.0,0.5,0.0
10.1149/1.1630593,2.024886483,282.85,0.794737455,BF4,0.0,0.5,0.0,0.0,0.5,0.0
10.1149/1.1630593,2.440563511,292.65,0.795334148,BF4,0.0,0.5,0.0,0.0,0.5,0.0
10.1149/1.1630593,2.886424496,302.55,0.798565025,BF4,0.0,0.5,0.0,0.0,0.5,0.0
10.1149/1.1630593,3.338252416,312.45,0.799423681,BF4,0.0,0.5,0.0,0.0,0.5,0.0
10.1149/1.1630593,3.808213995,322.35,0.8028292,BF4,0.0,0.5,0.0,0.0,0.5,0.0
10.1149/1.1630593,4.284142508,332.15,0.803862499,BF4,0.0,0.5,0.0,0.0,0.5,0.0
10.1149/1.1630593,0.382465945,233.75,0.884285132,BF4,0.0,0.5,0.0,0.0,0.5,0.0
10.1149/1.1630593,0.611421586,243.65,0.885944231,BF4,0.0,0.5,0.0,0.0,0.5,0.0
10.1149/1.1630593,0.888636628,253.35,0.890368495,BF4,0.0,0.5,0.0,0.0,0.5,0.0
10.1149/1.1630593,1.219961579,263.15,0.890353941,BF4,0.0,0.5,0.0,0.0,0.5,0.0
10.1149/1.1630593,1.58743742,272.95,0.890601351,BF4,0.0,0.5,0.0,0.0,0.5,0.0
10.1149/1.1630593,1.99118058,282.85,0.895942485,BF4,0.0,0.5,0.0,0.0,0.5,0.0
10.1149/1.1630593,2.418966119,292.65,0.89904238,BF4,0.0,0.5,0.0,0.0,0.5,0.0
10.1149/1.1630593,2.864827104,302.55,0.902273256,BF4,0.0,0.5,0.0,0.0,0.5,0.0
10.1149/1.1630593,3.340697404,312.45,0.900890674,BF4,0.0,0.5,0.0,0.0,0.5,0.0
10.1149/1.1630593,3.840726511,322.35,0.902098615,BF4,0.0,0.5,0.0,0.0,0.5,0.0
10.1149/1.1630593,4.316655024,332.15,0.903131913,BF4,0.0,0.5,0.0,0.0,0.5,0.0
10.1149/1.1630593,0.360868553,233.75,0.987993364,BF4,0.0,0.5,0.0,0.0,0.5,0.0
10.1149/1.1630593,0.583682617,243.65,0.98477704,BF4,0.0,0.5,0.0,0.0,0.5,0.0
10.1149/1.1630593,0.854814297,253.35,0.986741763,BF4,0.0,0.5,0.0,0.0,0.5,0.0
10.1149/1.1630593,1.174263593,263.15,0.993887531,BF4,0.0,0.5,0.0,0.0,0.5,0.0
10.1149/1.1630593,1.541623006,272.95,0.989303178,BF4,0.0,0.5,0.0,0.0,0.5,0.0
10.1149/1.1630593,1.963325183,282.85,0.989943532,BF4,0.0,0.5,0.0,0.0,0.5,0.0
10.1149/1.1630593,2.373093492,292.65,0.995328327,BF4,0.0,0.5,0.0,0.0,0.5,0.0
10.1149/1.1630593,2.84305507,302.55,0.998733846,BF4,0.0,0.5,0.0,0.0,0.5,0.0
10.1149/1.1630593,3.325008732,312.45,0.999810805,BF4,0.0,0.5,0.0,0.0,0.5,0.0
10.1149/1.1630593,3.819070905,322.35,1.003390965,BF4,0.0,0.5,0.0,0.0,0.5,0.0
10.1149/1.1630593,4.307107929,332.15,1.006927465,BF4,0.0,0.5,0.0,0.0,0.5,0.0
10.1149/1.1630593,0.339445803,233.75,1.098949237,BF4,0.0,0.5,0.0,0.0,0.5,0.0
10.1149/1.1630593,0.544184422,243.65,1.095601933,BF4,0.0,0.5,0.0,0.0,0.5,0.0
10.1149/1.1630593,0.809290954,253.35,1.097522995,BF4,0.0,0.5,0.0,0.0,0.5,0.0
10.1149/1.1630593,1.128565607,263.15,1.09742112,BF4,0.0,0.5,0.0,0.0,0.5,0.0
10.1149/1.1630593,1.490190942,272.95,1.104872511,BF4,0.0,0.5,0.0,0.0,0.5,0.0
10.1149/1.1630593,1.887792525,282.85,1.105338223,BF4,0.0,0.5,0.0,0.0,0.5,0.0
10.1149/1.1630593,2.327570148,292.65,1.106109559,BF4,0.0,0.5,0.0,0.0,0.5,0.0
10.1149/1.1630593,2.785423216,302.55,1.107011876,BF4,0.0,0.5,0.0,0.0,0.5,0.0
10.1149/1.1630593,3.273518454,312.45,1.112964257,BF4,0.0,0.5,0.0,0.0,0.5,0.0
10.1149/1.1630593,3.779572709,322.35,1.114215857,BF4,0.0,0.5,0.0,0.0,0.5,0.0
10.1149/1.1630593,4.273634882,332.15,1.117796018,BF4,0.0,0.5,0.0,0.0,0.5,0.0
10.1149/1.1630593,0.306380254,233.75,1.226728956,BF4,0.0,0.5,0.0,0.0,0.5,0.0
10.1149/1.1630593,0.511060659,243.65,1.22096577,BF4,0.0,0.5,0.0,0.0,0.5,0.0
10.1149/1.1630593,0.764175108,253.35,1.225215392,BF4,0.0,0.5,0.0,0.0,0.5,0.0
10.1149/1.1630593,1.059407382,263.15,1.227354756,BF4,0.0,0.5,0.0,0.0,0.5,0.0
10.1149/1.1630593,1.408865991,272.95,1.229887065,BF4,0.0,0.5,0.0,0.0,0.5,0.0
10.1149/1.1630593,1.806584003,282.85,1.235184538,BF4,0.0,0.5,0.0,0.0,0.5,0.0
10.1149/1.1630593,2.22828618,292.65,1.235824892,BF4,0.0,0.5,0.0,0.0,0.5,0.0
10.1149/1.1630593,2.698247759,302.55,1.239230411,BF4,0.0,0.5,0.0,0.0,0.5,0.0
10.1149/1.1630593,3.192251717,312.45,1.240394691,BF4,0.0,0.5,0.0,0.0,0.5,0.0
10.1149/1.1630593,3.698305973,322.35,1.241646292,BF4,0.0,0.5,0.0,0.0,0.5,0.0
10.1149/1.1630593,4.210385377,332.15,1.242941553,BF4,0.0,0.5,0.0,0.0,0.5,0.0
10.1149/1.1630593,0.285423216,233.75,1.357011876,BF4,0.0,0.5,0.0,0.0,0.5,0.0
10.1149/1.1630593,0.466235883,243.65,1.360737571,BF4,0.0,0.5,0.0,0.0,0.5,0.0
10.1149/1.1630593,0.701158458,253.35,1.36002445,BF4,0.0,0.5,0.0,0.0,0.5,0.0
10.1149/1.1630593,0.984398649,263.15,1.364492374,BF4,0.0,0.5,0.0,0.0,0.5,0.0
10.1149/1.1630593,1.333740831,272.95,1.362192921,BF4,0.0,0.5,0.0,0.0,0.5,0.0
10.1149/1.1630593,1.713383397,282.85,1.367359413,BF4,0.0,0.5,0.0,0.0,0.5,0.0
10.1149/1.1630593,2.15316102,292.65,1.368130749,BF4,0.0,0.5,0.0,0.0,0.5,0.0
10.1149/1.1630593,2.604988939,302.55,1.368989405,BF4,0.0,0.5,0.0,0.0,0.5,0.0
10.1149/1.1630593,3.093025963,312.45,1.372525905,BF4,0.0,0.5,0.0,0.0,0.5,0.0
10.1149/1.1630593,3.599138433,322.35,1.376193387,BF4,0.0,0.5,0.0,0.0,0.5,0.0
10.1149/1.1630593,4.111217837,332.15,1.377488648,BF4,0.0,0.5,0.0,0.0,0.5,0.0
10.1149/1.1630593,0.252706951,233.75,1.499286879,BF4,0.0,0.5,0.0,0.0,0.5,0.0
10.1149/1.1630593,0.415444173,243.65,1.502881593,BF4,0.0,0.5,0.0,0.0,0.5,0.0
10.1149/1.1630593,0.638432879,253.35,1.506912912,BF4,0.0,0.5,0.0,0.0,0.5,0.0
10.1149/1.1630593,0.921556642,263.15,1.506549074,BF4,0.0,0.5,0.0,0.0,0.5,0.0
10.1149/1.1630593,1.252881593,272.95,1.506534521,BF4,0.0,0.5,0.0,0.0,0.5,0.0
10.1149/1.1630593,1.608307137,282.85,1.506694609,BF4,0.0,0.5,0.0,0.0,0.5,0.0
10.1149/1.1630593,2.036150891,292.65,1.512210385,BF4,0.0,0.5,0.0,0.0,0.5,0.0
10.1149/1.1630593,2.488095238,302.55,1.517900803,BF4,0.0,0.5,0.0,0.0,0.5,0.0
10.1149/1.1630593,2.976015834,312.45,1.516605542,BF4,0.0,0.5,0.0,0.0,0.5,0.0
10.1149/1.1630593,3.48207009,322.35,1.517857143,BF4,0.0,0.5,0.0,0.0,0.5,0.0
10.1149/1.1630593,4.012224939,332.15,1.519283386,BF4,0.0,0.5,0.0,0.0,0.5,0.0
10.1149/1.1630593,0.220223542,233.75,1.651225405,BF4,0.0,0.5,0.0,0.0,0.5,0.0
10.1149/1.1630593,0.370910467,243.65,1.654732798,BF4,0.0,0.5,0.0,0.0,0.5,0.0
10.1149/1.1630593,0.569682152,253.35,1.653757713,BF4,0.0,0.5,0.0,0.0,0.5,0.0
10.1149/1.1630593,0.834788683,263.15,1.655678775,BF4,0.0,0.5,0.0,0.0,0.5,0.0
10.1149/1.1630593,1.148096402,272.95,1.657949121,BF4,0.0,0.5,0.0,0.0,0.5,0.0
10.1149/1.1630593,1.503696589,282.85,1.665356852,BF4,0.0,0.5,0.0,0.0,0.5,0.0
10.1149/1.1630593,1.913290255,292.65,1.663494004,BF4,0.0,0.5,0.0,0.0,0.5,0.0
10.1149/1.1630593,2.353126092,302.55,1.66668122,BF4,0.0,0.5,0.0,0.0,0.5,0.0
10.1149/1.1630593,2.841046688,312.45,1.665385959,BF4,0.0,0.5,0.0,0.0,0.5,0.0
10.1149/1.1630593,3.33510886,322.35,1.668966119,BF4,0.0,0.5,0.0,0.0,0.5,0.0
10.1149/1.1630593,3.883513797,332.15,1.677770986,BF4,0.0,0.5,0.0,0.0,0.5,0.0
10.1149/1.1630593,0.183170334,233.75,1.86351729,BF4,0.0,0.5,0.0,0.0,0.5,0.0
10.1149/1.1630593,0.3157236,243.65,1.86447782,BF4,0.0,0.5,0.0,0.0,0.5,0.0
10.1149/1.1630593,0.48448597,253.35,1.868116195,BF4,0.0,0.5,0.0,0.0,0.5,0.0
10.1149/1.1630593,0.731517057,263.15,1.869906275,BF4,0.0,0.5,0.0,0.0,0.5,0.0
10.1149/1.1630593,1.020665968,272.95,1.869586098,BF4,0.0,0.5,0.0,0.0,0.5,0.0
10.1149/1.1630593,1.370066364,282.85,1.869702526,BF4,0.0,0.5,0.0,0.0,0.5,0.0
10.1149/1.1630593,1.75561765,292.65,1.870080917,BF4,0.0,0.5,0.0,0.0,0.5,0.0
10.1149/1.1630593,2.177436256,302.55,1.875553033,BF4,0.0,0.5,0.0,0.0,0.5,0.0
10.1149/1.1630593,2.641372686,312.45,1.878914891,BF4,0.0,0.5,0.0,0.0,0.5,0.0
10.1149/1.1630593,3.153510304,322.35,1.882626033,BF4,0.0,0.5,0.0,0.0,0.5,0.0
10.1149/1.1630593,3.677640005,332.15,1.884008616,BF4,0.0,0.5,0.0,0.0,0.5,0.0
10.1149/1.1630593,0.151560135,233.75,2.051694027,BF4,0.0,0.5,0.0,0.0,0.5,0.0
10.1149/1.1630593,0.278030038,243.65,2.050195017,BF4,0.0,0.5,0.0,0.0,0.5,0.0
10.1149/1.1630593,0.422691815,253.35,2.05365875,BF4,0.0,0.5,0.0,0.0,0.5,0.0
10.1149/1.1630593,0.651589242,263.15,2.052901968,BF4,0.0,0.5,0.0,0.0,0.5,0.0
10.1149/1.1630593,0.910728839,272.95,2.05719525,BF4,0.0,0.5,0.0,0.0,0.5,0.0
10.1149/1.1630593,1.241995576,282.85,2.054764815,BF4,0.0,0.5,0.0,0.0,0.5,0.0
10.1149/1.1630593,1.597653976,292.65,2.064588427,BF4,0.0,0.5,0.0,0.0,0.5,0.0
10.1149/1.1630593,2.013272791,302.55,2.06276924,BF4,0.0,0.5,0.0,0.0,0.5,0.0
10.1149/1.1630593,2.465158924,312.45,2.066043777,BF4,0.0,0.5,0.0,0.0,0.5,0.0
10.1149/1.1630593,2.953137734,322.35,2.067164396,BF4,0.0,0.5,0.0,0.0,0.5,0.0
10.1149/1.1630593,3.477209221,332.15,2.066131098,BF4,0.0,0.5,0.0,0.0,0.5,0.0
10.1149/1.1630593,0.424400181,233.75,0.395099593,BF4,0.3,0.7,0.0,0.0,0.0,0.0
10.1149/1.1630593,0.766093255,243.65,0.395869172,BF4,0.3,0.7,0.0,0.0,0.0,0.0
10.1149/1.1630593,1.198234495,253.35,0.396842463,BF4,0.3,0.7,0.0,0.0,0.0,0.0
10.1149/1.1630593,1.710683567,263.15,0.402501132,BF4,0.3,0.7,0.0,0.0,0.0,0.0
10.1149/1.1630593,2.323856949,272.95,0.397125396,BF4,0.3,0.7,0.0,0.0,0.0,0.0
10.1149/1.1630593,2.997148031,282.85,0.40089407,BF4,0.3,0.7,0.0,0.0,0.0,0.0
10.1149/1.1630593,3.73078316,292.65,0.402546401,BF4,0.3,0.7,0.0,0.0,0.0,0.0
10.1149/1.1630593,4.504662743,302.55,0.402037121,BF4,0.3,0.7,0.0,0.0,0.0,0.0
10.1149/1.1630593,5.308646446,312.45,0.403847895,BF4,0.3,0.7,0.0,0.0,0.0,0.0
10.1149/1.1630593,6.152784065,322.35,0.408001358,BF4,0.3,0.7,0.0,0.0,0.0,0.0
10.1149/1.1630593,6.997012223,332.15,0.407650521,BF4,0.3,0.7,0.0,0.0,0.0,0.0
10.1149/1.1630593,0.380534178,233.75,0.577433228,BF4,0.3,0.7,0.0,0.0,0.0,0.0
10.1149/1.1630593,0.70208239,243.65,0.580409688,BF4,0.3,0.7,0.0,0.0,0.0,0.0
10.1149/1.1630593,1.154368493,253.35,0.579176098,BF4,0.3,0.7,0.0,0.0,0.0,0.0
10.1149/1.1630593,1.697102761,263.15,0.57814622,BF4,0.3,0.7,0.0,0.0,0.0,0.0
10.1149/1.1630593,2.350248981,272.95,0.584121775,BF4,0.3,0.7,0.0,0.0,0.0,0.0
10.1149/1.1630593,3.093979176,282.85,0.58354459,BF4,0.3,0.7,0.0,0.0,0.0,0.0
10.1149/1.1630593,3.898008148,292.65,0.583103214,BF4,0.3,0.7,0.0,0.0,0.0,0.0
10.1149/1.1630593,4.742145767,302.55,0.587256677,BF4,0.3,0.7,0.0,0.0,0.0,0.0
10.1149/1.1630593,5.666772295,312.45,0.587086917,BF4,0.3,0.7,0.0,0.0,0.0,0.0
10.1149/1.1630593,6.591398823,322.35,0.586917157,BF4,0.3,0.7,0.0,0.0,0.0,0.0
10.1149/1.1630593,7.536124943,332.15,0.586792666,BF4,0.3,0.7,0.0,0.0,0.0,0.0
10.1149/1.1630593,0.337980987,233.75,0.694454504,BF4,0.3,0.7,0.0,0.0,0.0,0.0
10.1149/1.1630593,0.649524672,243.65,0.695156179,BF4,0.3,0.7,0.0,0.0,0.0,0.0
10.1149/1.1630593,1.081665912,253.35,0.69612947,BF4,0.3,0.7,0.0,0.0,0.0,0.0
10.1149/1.1630593,1.624354912,263.15,0.697351743,BF4,0.3,0.7,0.0,0.0,0.0,0.0
10.1149/1.1630593,2.27759167,272.95,0.698822997,BF4,0.3,0.7,0.0,0.0,0.0,0.0
10.1149/1.1630593,3.031371661,282.85,0.698268447,BF4,0.3,0.7,0.0,0.0,0.0,0.0
10.1149/1.1630593,3.845359891,292.65,0.702354006,BF4,0.3,0.7,0.0,0.0,0.0,0.0
10.1149/1.1630593,4.729832503,302.55,0.699841557,BF4,0.3,0.7,0.0,0.0,0.0,0.0
10.1149/1.1630593,5.694612947,312.45,0.702014486,BF4,0.3,0.7,0.0,0.0,0.0,0.0
10.1149/1.1630593,6.639248529,322.35,0.706394296,BF4,0.3,0.7,0.0,0.0,0.0,0.0
10.1149/1.1630593,7.634223631,332.15,0.706382979,BF4,0.3,0.7,0.0,0.0,0.0,0.0
10.1149/1.1630593,0.274784971,233.75,0.838456315,BF4,0.3,0.7,0.0,0.0,0.0,0.0
10.1149/1.1630593,0.556224536,243.65,0.836837936,BF4,0.3,0.7,0.0,0.0,0.0,0.0
10.1149/1.1630593,0.948121322,253.35,0.839972838,BF4,0.3,0.7,0.0,0.0,0.0,0.0
10.1149/1.1630593,1.490855591,263.15,0.838942961,BF4,0.3,0.7,0.0,0.0,0.0,0.0
10.1149/1.1630593,2.134042553,272.95,0.84039158,BF4,0.3,0.7,0.0,0.0,0.0,0.0
10.1149/1.1630593,2.867722952,282.85,0.839791761,BF4,0.3,0.7,0.0,0.0,0.0,0.0
10.1149/1.1630593,3.671706655,292.65,0.841602535,BF4,0.3,0.7,0.0,0.0,0.0,0.0
10.1149/1.1630593,4.566047986,302.55,0.848121322,BF4,0.3,0.7,0.0,0.0,0.0,0.0
10.1149/1.1630593,5.520914441,312.45,0.843515165,BF4,0.3,0.7,0.0,0.0,0.0,0.0
10.1149/1.1630593,6.505749208,322.35,0.847985514,BF4,0.3,0.7,0.0,0.0,0.0,0.0
10.1149/1.1630593,7.530873699,332.15,0.8480421,BF4,0.3,0.7,0.0,0.0,0.0,0.0
10.1149/1.1630593,0.000769579,233.75,1.970722046,BF4,0.3,0.7,0.0,0.0,0.0,0.0
10.1149/1.1630593,0.1314622,243.65,1.968764147,BF4,0.3,0.7,0.0,0.0,0.0,0.0
10.1149/1.1630593,0.221865097,253.35,1.971220009,BF4,0.3,0.7,0.0,0.0,0.0,0.0
10.1149/1.1630593,0.443005885,263.15,1.969465822,BF4,0.3,0.7,0.0,0.0,0.0,0.0
10.1149/1.1630593,0.78460842,272.95,1.974739701,BF4,0.3,0.7,0.0,0.0,0.0,0.0
10.1149/1.1630593,1.226844726,282.85,1.973483477,BF4,0.3,0.7,0.0,0.0,0.0,0.0
10.1149/1.1630593,1.729334541,292.65,1.974615211,BF4,0.3,0.7,0.0,0.0,0.0,0.0
10.1149/1.1630593,2.392621096,302.55,1.976109099,BF4,0.3,0.7,0.0,0.0,0.0,0.0
10.1149/1.1630593,3.146355817,312.45,1.9778067,BF4,0.3,0.7,0.0,0.0,0.0,0.0
10.1149/1.1630593,4.000633771,322.35,1.977478497,BF4,0.3,0.7,0.0,0.0,0.0,0.0
10.1149/1.1630593,4.915210502,332.15,1.977286102,BF4,0.3,0.7,0.0,0.0,0.0,0.0
10.1149/1.1630593,0.429728586,233.75,0.259656652,BF4,0.0,0.7,0.0,0.0,0.3,0.0
10.1149/1.1630593,0.669165206,243.65,0.259656652,BF4,0.0,0.7,0.0,0.0,0.3,0.0
10.1149/1.1630593,0.978963912,253.35,0.25751073,BF4,0.0,0.7,0.0,0.0,0.3,0.0
10.1149/1.1630593,1.316992081,263.15,0.25751073,BF4,0.0,0.7,0.0,0.0,0.3,0.0
10.1149/1.1630593,1.704376473,272.95,0.259656652,BF4,0.0,0.7,0.0,0.0,0.3,0.0
10.1149/1.1630593,2.126911685,282.85,0.259656652,BF4,0.0,0.7,0.0,0.0,0.3,0.0
10.1149/1.1630593,2.563470954,292.65,0.25751073,BF4,0.0,0.7,0.0,0.0,0.3,0.0
10.1149/1.1630593,3.01417518,302.55,0.25751073,BF4,0.0,0.7,0.0,0.0,0.3,0.0
10.1149/1.1630593,3.464818957,312.45,0.255364807,BF4,0.0,0.7,0.0,0.0,0.3,0.0
10.1149/1.1630593,3.95073445,322.35,0.255364807,BF4,0.0,0.7,0.0,0.0,0.3,0.0
10.1149/1.1630593,4.408541377,332.15,0.25751073,BF4,0.0,0.7,0.0,0.0,0.3,0.0
10.1149/1.1630593,0.44598924,233.75,0.336909871,BF4,0.0,0.7,0.0,0.0,0.3,0.0
10.1149/1.1630593,0.720576679,243.65,0.334763948,BF4,0.0,0.7,0.0,0.0,0.3,0.0
10.1149/1.1630593,1.051623043,253.35,0.336909871,BF4,0.0,0.7,0.0,0.0,0.3,0.0
10.1149/1.1630593,1.417759778,263.15,0.334763948,BF4,0.0,0.7,0.0,0.0,0.3,0.0
10.1149/1.1630593,1.847337242,272.95,0.334763948,BF4,0.0,0.7,0.0,0.0,0.3,0.0
10.1149/1.1630593,2.319228677,282.85,0.336909871,BF4,0.0,0.7,0.0,0.0,0.3,0.0
10.1149/1.1630593,2.805083721,292.65,0.334763948,BF4,0.0,0.7,0.0,0.0,0.3,0.0
10.1149/1.1630593,3.298041468,302.55,0.334763948,BF4,0.0,0.7,0.0,0.0,0.3,0.0
10.1149/1.1630593,3.819168228,312.45,0.334763948,BF4,0.0,0.7,0.0,0.0,0.3,0.0
10.1149/1.1630593,4.354379496,322.35,0.334763948,BF4,0.0,0.7,0.0,0.0,0.3,0.0
10.1149/1.1630593,4.868403554,332.15,0.332618026,BF4,0.0,0.7,0.0,0.0,0.3,0.0
10.1149/1.1630593,0.448286284,233.75,0.418454936,BF4,0.0,0.7,0.0,0.0,0.3,0.0
10.1149/1.1630593,0.737079127,243.65,0.420600858,BF4,0.0,0.7,0.0,0.0,0.3,0.0
10.1149/1.1630593,1.082089101,253.35,0.418454936,BF4,0.0,0.7,0.0,0.0,0.3,0.0
10.1149/1.1630593,1.483497552,263.15,0.418454936,BF4,0.0,0.7,0.0,0.0,0.3,0.0
10.1149/1.1630593,1.941244031,272.95,0.418454936,BF4,0.0,0.7,0.0,0.0,0.3,0.0
10.1149/1.1630593,2.434201777,282.85,0.418454936,BF4,0.0,0.7,0.0,0.0,0.3,0.0
10.1149/1.1630593,2.962370791,292.65,0.418454936,BF4,0.0,0.7,0.0,0.0,0.3,0.0
10.1149/1.1630593,3.504563864,302.55,0.416309013,BF4,0.0,0.7,0.0,0.0,0.3,0.0
10.1149/1.1630593,4.067944146,312.45,0.416309013,BF4,0.0,0.7,0.0,0.0,0.3,0.0
10.1149/1.1630593,4.624282174,322.35,0.416309013,BF4,0.0,0.7,0.0,0.0,0.3,0.0
10.1149/1.1630593,5.208789216,332.15,0.416309013,BF4,0.0,0.7,0.0,0.0,0.3,0.0
10.1149/1.1630593,0.436680167,233.75,0.506437768,BF4,0.0,0.7,0.0,0.0,0.3,0.0
10.1149/1.1630593,0.732394366,243.65,0.504291845,BF4,0.0,0.7,0.0,0.0,0.3,0.0
10.1149/1.1630593,1.084627939,253.35,0.508583691,BF4,0.0,0.7,0.0,0.0,0.3,0.0
10.1149/1.1630593,1.493018195,263.15,0.506437768,BF4,0.0,0.7,0.0,0.0,0.3,0.0
10.1149/1.1630593,1.986096839,272.95,0.510729614,BF4,0.0,0.7,0.0,0.0,0.3,0.0
10.1149/1.1630593,2.507102702,282.85,0.506437768,BF4,0.0,0.7,0.0,0.0,0.3,0.0
10.1149/1.1630593,3.056398477,292.65,0.506437768,BF4,0.0,0.7,0.0,0.0,0.3,0.0
10.1149/1.1630593,3.626700115,302.55,0.502145923,BF4,0.0,0.7,0.0,0.0,0.3,0.0
10.1149/1.1630593,4.225291664,312.45,0.502145923,BF4,0.0,0.7,0.0,0.0,0.3,0.0
10.1149/1.1630593,4.845130871,322.35,0.506437768,BF4,0.0,0.7,0.0,0.0,0.3,0.0
10.1149/1.1630593,5.450704225,332.15,0.504291845,BF4,0.0,0.7,0.0,0.0,0.3,0.0
10.1149/1.1630593,0.418152693,233.75,0.598712446,BF4,0.0,0.7,0.0,0.0,0.3,0.0
10.1149/1.1630593,0.706703742,243.65,0.592274678,BF4,0.0,0.7,0.0,0.0,0.3,0.0
10.1149/1.1630593,1.066040017,253.35,0.598712446,BF4,0.0,0.7,0.0,0.0,0.3,0.0
10.1149/1.1630593,1.481472526,263.15,0.596566524,BF4,0.0,0.7,0.0,0.0,0.3,0.0
10.1149/1.1630593,1.967388019,272.95,0.596566524,BF4,0.0,0.7,0.0,0.0,0.3,0.0
10.1149/1.1630593,2.530828749,282.85,0.598712446,BF4,0.0,0.7,0.0,0.0,0.3,0.0
10.1149/1.1630593,3.094088134,292.65,0.594420601,BF4,0.0,0.7,0.0,0.0,0.3,0.0
10.1149/1.1630593,3.692679683,302.55,0.594420601,BF4,0.0,0.7,0.0,0.0,0.3,0.0
10.1149/1.1630593,4.305295291,312.45,0.592274678,BF4,0.0,0.7,0.0,0.0,0.3,0.0
10.1149/1.1630593,4.946140361,322.35,0.592274678,BF4,0.0,0.7,0.0,0.0,0.3,0.0
10.1149/1.1630593,5.58704588,332.15,0.594420601,BF4,0.0,0.7,0.0,0.0,0.3,0.0
10.1149/1.1630593,0.40636523,233.75,0.680257511,BF4,0.0,0.7,0.0,0.0,0.3,0.0
10.1149/1.1630593,0.673970864,243.65,0.680257511,BF4,0.0,0.7,0.0,0.0,0.3,0.0
10.1149/1.1630593,1.033004896,253.35,0.675965665,BF4,0.0,0.7,0.0,0.0,0.3,0.0
10.1149/1.1630593,1.462703258,263.15,0.680257511,BF4,0.0,0.7,0.0,0.0,0.3,0.0
10.1149/1.1630593,1.96264281,272.95,0.678111588,BF4,0.0,0.7,0.0,0.0,0.3,0.0
10.1149/1.1630593,2.504896331,282.85,0.678111588,BF4,0.0,0.7,0.0,0.0,0.3,0.0
10.1149/1.1630593,3.096506075,292.65,0.680257511,BF4,0.0,0.7,0.0,0.0,0.3,0.0
10.1149/1.1630593,3.680952669,302.55,0.678111588,BF4,0.0,0.7,0.0,0.0,0.3,0.0
10.1149/1.1630593,4.328779544,312.45,0.675965665,BF4,0.0,0.7,0.0,0.0,0.3,0.0
10.1149/1.1630593,4.983709122,322.35,0.675965665,BF4,0.0,0.7,0.0,0.0,0.3,0.0
10.1149/1.1630593,5.652723206,332.15,0.675965665,BF4,0.0,0.7,0.0,0.0,0.3,0.0
10.1149/1.1630593,0.366650547,233.75,0.770386266,BF4,0.0,0.7,0.0,0.0,0.3,0.0
10.1149/1.1630593,0.641237986,243.65,0.768240343,BF4,0.0,0.7,0.0,0.0,0.3,0.0
10.1149/1.1630593,0.986368857,253.35,0.770386266,BF4,0.0,0.7,0.0,0.0,0.3,0.0
10.1149/1.1630593,1.415946322,263.15,0.770386266,BF4,0.0,0.7,0.0,0.0,0.3,0.0
10.1149/1.1630593,1.908904068,272.95,0.770386266,BF4,0.0,0.7,0.0,0.0,0.3,0.0
10.1149/1.1630593,2.451157589,282.85,0.770386266,BF4,0.0,0.7,0.0,0.0,0.3,0.0
10.1149/1.1630593,3.042767334,292.65,0.772532189,BF4,0.0,0.7,0.0,0.0,0.3,0.0
10.1149/1.1630593,3.655382941,302.55,0.770386266,BF4,0.0,0.7,0.0,0.0,0.3,0.0
10.1149/1.1630593,4.303270265,312.45,0.770386266,BF4,0.0,0.7,0.0,0.0,0.3,0.0
10.1149/1.1630593,4.979205706,322.35,0.766094421,BF4,0.0,0.7,0.0,0.0,0.3,0.0
10.1149/1.1630593,5.669407,332.15,0.768240343,BF4,0.0,0.7,0.0,0.0,0.3,0.0
10.1149/1.1630593,0.341564408,233.75,0.879828326,BF4,0.0,0.7,0.0,0.0,0.3,0.0
10.1149/1.1630593,0.594904189,243.65,0.873390558,BF4,0.0,0.7,0.0,0.0,0.3,0.0
10.1149/1.1630593,0.925950553,253.35,0.875536481,BF4,0.0,0.7,0.0,0.0,0.3,0.0
10.1149/1.1630593,1.334401257,263.15,0.875536481,BF4,0.0,0.7,0.0,0.0,0.3,0.0
10.1149/1.1630593,1.834401257,272.95,0.875536481,BF4,0.0,0.7,0.0,0.0,0.3,0.0
10.1149/1.1630593,2.383878378,282.85,0.881974249,BF4,0.0,0.7,0.0,0.0,0.3,0.0
10.1149/1.1630593,2.961161821,292.65,0.875536481,BF4,0.0,0.7,0.0,0.0,0.3,0.0
10.1149/1.1630593,3.580759234,302.55,0.871244635,BF4,0.0,0.7,0.0,0.0,0.3,0.0
10.1149/1.1630593,4.249833767,312.45,0.873390558,BF4,0.0,0.7,0.0,0.0,0.3,0.0
10.1149/1.1630593,4.925890105,322.35,0.873390558,BF4,0.0,0.7,0.0,0.0,0.3,0.0
10.1149/1.1630593,5.622952306,332.15,0.869098712,BF4,0.0,0.7,0.0,0.0,0.3,0.0
10.1149/1.1630593,0.295049266,233.75,0.978540773,BF4,0.0,0.7,0.0,0.0,0.3,0.0
10.1149/1.1630593,0.555673094,243.65,0.980686695,BF4,0.0,0.7,0.0,0.0,0.3,0.0
10.1149/1.1630593,0.879677205,253.35,0.982832618,BF4,0.0,0.7,0.0,0.0,0.3,0.0
10.1149/1.1630593,1.260079792,263.15,0.987124464,BF4,0.0,0.7,0.0,0.0,0.3,0.0
10.1149/1.1630593,1.72462673,272.95,0.978540773,BF4,0.0,0.7,0.0,0.0,0.3,0.0
10.1149/1.1630593,2.2669407,282.85,0.980686695,BF4,0.0,0.7,0.0,0.0,0.3,0.0
10.1149/1.1630593,2.865471801,292.65,0.978540773,BF4,0.0,0.7,0.0,0.0,0.3,0.0
10.1149/1.1630593,3.485311008,302.55,0.982832618,BF4,0.0,0.7,0.0,0.0,0.3,0.0
10.1149/1.1630593,4.147161942,312.45,0.978540773,BF4,0.0,0.7,0.0,0.0,0.3,0.0
10.1149/1.1630593,4.830320982,322.35,0.980686695,BF4,0.0,0.7,0.0,0.0,0.3,0.0
10.1149/1.1630593,5.548570392,332.15,0.978540773,BF4,0.0,0.7,0.0,0.0,0.3,0.0
10.1149/1.1630593,0.270204921,233.75,1.096566524,BF4,0.0,0.7,0.0,0.0,0.3,0.0
10.1149/1.1630593,0.495496585,243.65,1.094420601,BF4,0.0,0.7,0.0,0.0,0.3,0.0
10.1149/1.1630593,0.805416188,253.35,1.096566524,BF4,0.0,0.7,0.0,0.0,0.3,0.0
10.1149/1.1630593,1.171734268,263.15,1.100858369,BF4,0.0,0.7,0.0,0.0,0.3,0.0
10.1149/1.1630593,1.629299402,272.95,1.094420601,BF4,0.0,0.7,0.0,0.0,0.3,0.0
10.1149/1.1630593,2.164571118,282.85,1.096566524,BF4,0.0,0.7,0.0,0.0,0.3,0.0
10.1149/1.1630593,2.734933204,292.65,1.094420601,BF4,0.0,0.7,0.0,0.0,0.3,0.0
10.1149/1.1630593,3.361754216,302.55,1.096566524,BF4,0.0,0.7,0.0,0.0,0.3,0.0
10.1149/1.1630593,4.00964154,312.45,1.096566524,BF4,0.0,0.7,0.0,0.0,0.3,0.0
10.1149/1.1630593,4.706824639,322.35,1.096566524,BF4,0.0,0.7,0.0,0.0,0.3,0.0
10.1149/1.1630593,5.425013601,332.15,1.092274678,BF4,0.0,0.7,0.0,0.0,0.3,0.0
10.1149/1.1630593,0.21767515,233.75,1.231759657,BF4,0.0,0.7,0.0,0.0,0.3,0.0
10.1149/1.1630593,0.442906365,243.65,1.227467811,BF4,0.0,0.7,0.0,0.0,0.3,0.0
10.1149/1.1630593,0.710693345,253.35,1.233905579,BF4,0.0,0.7,0.0,0.0,0.3,0.0
10.1149/1.1630593,1.083932781,263.15,1.233905579,BF4,0.0,0.7,0.0,0.0,0.3,0.0
10.1149/1.1630593,1.5133289,272.95,1.227467811,BF4,0.0,0.7,0.0,0.0,0.3,0.0
10.1149/1.1630593,2.013389349,282.85,1.229613734,BF4,0.0,0.7,0.0,0.0,0.3,0.0
10.1149/1.1630593,2.576890528,292.65,1.233905579,BF4,0.0,0.7,0.0,0.0,0.3,0.0
10.1149/1.1630593,3.182342985,302.55,1.227467811,BF4,0.0,0.7,0.0,0.0,0.3,0.0
10.1149/1.1630593,3.837393459,312.45,1.231759657,BF4,0.0,0.7,0.0,0.0,0.3,0.0
10.1149/1.1630593,4.527473856,322.35,1.229613734,BF4,0.0,0.7,0.0,0.0,0.3,0.0
10.1149/1.1630593,5.252825969,332.15,1.229613734,BF4,0.0,0.7,0.0,0.0,0.3,0.0
10.1149/1.1630593,0.193374841,233.75,1.369098712,BF4,0.0,0.7,0.0,0.0,0.3,0.0
10.1149/1.1630593,0.369431179,243.65,1.369098712,BF4,0.0,0.7,0.0,0.0,0.3,0.0
10.1149/1.1630593,0.622952306,253.35,1.369098712,BF4,0.0,0.7,0.0,0.0,0.3,0.0
10.1149/1.1630593,0.975004534,263.15,1.36695279,BF4,0.0,0.7,0.0,0.0,0.3,0.0
10.1149/1.1630593,1.376412984,272.95,1.36695279,BF4,0.0,0.7,0.0,0.0,0.3,0.0
10.1149/1.1630593,1.855346672,282.85,1.369098712,BF4,0.0,0.7,0.0,0.0,0.3,0.0
10.1149/1.1630593,2.411563803,292.65,1.364806867,BF4,0.0,0.7,0.0,0.0,0.3,0.0
10.1149/1.1630593,3.010215801,302.55,1.36695279,BF4,0.0,0.7,0.0,0.0,0.3,0.0
10.1149/1.1630593,3.651000423,312.45,1.364806867,BF4,0.0,0.7,0.0,0.0,0.3,0.0
10.1149/1.1630593,4.320074956,322.35,1.36695279,BF4,0.0,0.7,0.0,0.0,0.3,0.0
10.1149/1.1630593,5.003113099,332.15,1.364806867,BF4,0.0,0.7,0.0,0.0,0.3,0.0
10.1149/1.1630593,0.169437224,233.75,1.519313305,BF4,0.0,0.7,0.0,0.0,0.3,0.0
10.1149/1.1630593,0.310161398,243.65,1.515021459,BF4,0.0,0.7,0.0,0.0,0.3,0.0
10.1149/1.1630593,0.549658466,253.35,1.517167382,BF4,0.0,0.7,0.0,0.0,0.3,0.0
10.1149/1.1630593,0.859638518,263.15,1.521459227,BF4,0.0,0.7,0.0,0.0,0.3,0.0
10.1149/1.1630593,1.253944266,272.95,1.519313305,BF4,0.0,0.7,0.0,0.0,0.3,0.0
10.1149/1.1630593,1.704648492,282.85,1.519313305,BF4,0.0,0.7,0.0,0.0,0.3,0.0
10.1149/1.1630593,2.225714804,292.65,1.517167382,BF4,0.0,0.7,0.0,0.0,0.3,0.0
10.1149/1.1630593,2.796197788,302.55,1.519313305,BF4,0.0,0.7,0.0,0.0,0.3,0.0
10.1149/1.1630593,3.436921961,312.45,1.515021459,BF4,0.0,0.7,0.0,0.0,0.3,0.0
10.1149/1.1630593,4.098893792,322.35,1.515021459,BF4,0.0,0.7,0.0,0.0,0.3,0.0
10.1149/1.1630593,4.810161398,332.15,1.515021459,BF4,0.0,0.7,0.0,0.0,0.3,0.0
10.1149/1.1630593,0.138940942,233.75,1.686695279,BF4,0.0,0.7,0.0,0.0,0.3,0.0
10.1149/1.1630593,0.265701505,243.65,1.686695279,BF4,0.0,0.7,0.0,0.0,0.3,0.0
10.1149/1.1630593,0.462824155,253.35,1.684549356,BF4,0.0,0.7,0.0,0.0,0.3,0.0
10.1149/1.1630593,0.75155655,263.15,1.684549356,BF4,0.0,0.7,0.0,0.0,0.3,0.0
10.1149/1.1630593,1.082542465,272.95,1.684549356,BF4,0.0,0.7,0.0,0.0,0.3,0.0
10.1149/1.1630593,1.526385783,282.85,1.690987124,BF4,0.0,0.7,0.0,0.0,0.3,0.0
10.1149/1.1630593,2.026143988,292.65,1.682403433,BF4,0.0,0.7,0.0,0.0,0.3,0.0
10.1149/1.1630593,2.57556066,302.55,1.686695279,BF4,0.0,0.7,0.0,0.0,0.3,0.0
10.1149/1.1630593,3.181134014,312.45,1.684549356,BF4,0.0,0.7,0.0,0.0,0.3,0.0
10.1149/1.1630593,3.829021338,322.35,1.684549356,BF4,0.0,0.7,0.0,0.0,0.3,0.0
10.1149/1.1630593,4.519101735,332.15,1.682403433,BF4,0.0,0.7,0.0,0.0,0.3,0.0
10.1149/1.1630593,0.116272744,233.75,1.881974249,BF4,0.0,0.7,0.0,0.0,0.3,0.0
10.1149/1.1630593,0.21498519,243.65,1.886266094,BF4,0.0,0.7,0.0,0.0,0.3,0.0
10.1149/1.1630593,0.376775676,253.35,1.879828326,BF4,0.0,0.7,0.0,0.0,0.3,0.0
10.1149/1.1630593,0.630417699,263.15,1.884120172,BF4,0.0,0.7,0.0,0.0,0.3,0.0
10.1149/1.1630593,0.940276854,272.95,1.884120172,BF4,0.0,0.7,0.0,0.0,0.3,0.0
10.1149/1.1630593,1.320558544,282.85,1.884120172,BF4,0.0,0.7,0.0,0.0,0.3,0.0
10.1149/1.1630593,1.778305023,292.65,1.884120172,BF4,0.0,0.7,0.0,0.0,0.3,0.0
10.1149/1.1630593,2.306474037,302.55,1.884120172,BF4,0.0,0.7,0.0,0.0,0.3,0.0
10.1149/1.1630593,2.898023333,312.45,1.884120172,BF4,0.0,0.7,0.0,0.0,0.3,0.0
10.1149/1.1630593,3.531705253,322.35,1.879828326,BF4,0.0,0.7,0.0,0.0,0.3,0.0
10.1149/1.1630593,4.200779786,332.15,1.881974249,BF4,0.0,0.7,0.0,0.0,0.3,0.0
10.1149/1.1630593,0.10738681,233.75,2.066523605,BF4,0.0,0.7,0.0,0.0,0.3,0.0
10.1149/1.1630593,0.163724838,243.65,2.066523605,BF4,0.0,0.7,0.0,0.0,0.3,0.0
10.1149/1.1630593,0.304449012,253.35,2.06223176,BF4,0.0,0.7,0.0,0.0,0.3,0.0
10.1149/1.1630593,0.543885631,263.15,2.06223176,BF4,0.0,0.7,0.0,0.0,0.3,0.0
10.1149/1.1630593,0.81847307,272.95,2.060085837,BF4,0.0,0.7,0.0,0.0,0.3,0.0
10.1149/1.1630593,1.170767092,282.85,2.066523605,BF4,0.0,0.7,0.0,0.0,0.3,0.0
10.1149/1.1630593,1.600344557,292.65,2.066523605,BF4,0.0,0.7,0.0,0.0,0.3,0.0
10.1149/1.1630593,2.093181406,302.55,2.06223176,BF4,0.0,0.7,0.0,0.0,0.3,0.0
10.1149/1.1630593,2.656561688,312.45,2.06223176,BF4,0.0,0.7,0.0,0.0,0.3,0.0
10.1149/1.1630593,3.262195491,322.35,2.06223176,BF4,0.0,0.7,0.0,0.0,0.3,0.0
10.1149/1.1630593,3.924167322,332.15,2.06223176,BF4,0.0,0.7,0.0,0.0,0.3,0.0
10.1149/1.1630593,0.358761071,233.75,0.434579439,BF4,0.15,0.85,0.0,0.0,0.0,0.0
10.1149/1.1630593,0.693839605,243.65,0.434579439,BF4,0.15,0.85,0.0,0.0,0.0,0.0
10.1149/1.1630593,1.091745364,253.35,0.434579439,BF4,0.15,0.85,0.0,0.0,0.0,0.0
10.1149/1.1630593,1.573322895,263.15,0.436915888,BF4,0.15,0.85,0.0,0.0,0.0,0.0
10.1149/1.1630593,2.170279395,272.95,0.434579439,BF4,0.15,0.85,0.0,0.0,0.0,0.0
10.1149/1.1630593,2.809022851,282.85,0.434579439,BF4,0.15,0.85,0.0,0.0,0.0,0.0
10.1149/1.1630593,3.542007144,292.65,0.434579439,BF4,0.15,0.85,0.0,0.0,0.0,0.0
10.1149/1.1630593,4.274991437,302.55,0.434579439,BF4,0.15,0.85,0.0,0.0,0.0,0.0
10.1149/1.1630593,5.08127416,312.45,0.434579439,BF4,0.15,0.85,0.0,0.0,0.0,0.0
10.1149/1.1630593,5.919166218,322.35,0.429906542,BF4,0.15,0.85,0.0,0.0,0.0,0.0
10.1149/1.1630593,6.714977736,332.15,0.429906542,BF4,0.15,0.85,0.0,0.0,0.0,0.0
10.1149/1.1630593,0.309047316,233.75,0.621495327,BF4,0.15,0.85,0.0,0.0,0.0,0.0
10.1149/1.1630593,0.602143172,243.65,0.623831776,BF4,0.15,0.85,0.0,0.0,0.0,0.0
10.1149/1.1630593,1.021089201,253.35,0.621495327,BF4,0.15,0.85,0.0,0.0,0.0,0.0
10.1149/1.1630593,1.502764594,263.15,0.621495327,BF4,0.15,0.85,0.0,0.0,0.0,0.0
10.1149/1.1630593,2.120565641,272.95,0.621495327,BF4,0.15,0.85,0.0,0.0,0.0,0.0
10.1149/1.1630593,2.832607526,282.85,0.621495327,BF4,0.15,0.85,0.0,0.0,0.0,0.0
10.1149/1.1630593,3.586632089,292.65,0.619158879,BF4,0.15,0.85,0.0,0.0,0.0,0.0
10.1149/1.1630593,4.393012673,302.55,0.61682243,BF4,0.15,0.85,0.0,0.0,0.0,0.0
10.1149/1.1630593,5.272593825,312.45,0.61682243,BF4,0.15,0.85,0.0,0.0,0.0,0.0
10.1149/1.1630593,6.141703773,322.35,0.61682243,BF4,0.15,0.85,0.0,0.0,0.0,0.0
10.1149/1.1630593,7.094583354,332.15,0.61682243,BF4,0.15,0.85,0.0,0.0,0.0,0.0
10.1149/1.1630593,0.251993933,233.75,0.73364486,BF4,0.15,0.85,0.0,0.0,0.0,0.0
10.1149/1.1630593,0.513578314,243.65,0.738317757,BF4,0.15,0.85,0.0,0.0,0.0,0.0
10.1149/1.1630593,0.932524343,253.35,0.735981308,BF4,0.15,0.85,0.0,0.0,0.0,0.0
10.1149/1.1630593,1.435142144,263.15,0.735981308,BF4,0.15,0.85,0.0,0.0,0.0,0.0
10.1149/1.1630593,2.053041053,272.95,0.73364486,BF4,0.15,0.85,0.0,0.0,0.0,0.0
10.1149/1.1630593,2.723100259,282.85,0.735981308,BF4,0.15,0.85,0.0,0.0,0.0,0.0
10.1149/1.1630593,3.508538435,292.65,0.73364486,BF4,0.15,0.85,0.0,0.0,0.0,0.0
10.1149/1.1630593,4.314821158,302.55,0.73364486,BF4,0.15,0.85,0.0,0.0,0.0,0.0
10.1149/1.1630593,5.215344718,312.45,0.73364486,BF4,0.15,0.85,0.0,0.0,0.0,0.0
10.1149/1.1630593,6.147379752,322.35,0.731308411,BF4,0.15,0.85,0.0,0.0,0.0,0.0
10.1149/1.1630593,7.079414787,332.15,0.728971963,BF4,0.15,0.85,0.0,0.0,0.0,0.0
10.1149/1.1630593,0.203845966,233.75,0.88317757,BF4,0.15,0.85,0.0,0.0,0.0,0.0
10.1149/1.1630593,0.444683662,243.65,0.88317757,BF4,0.15,0.85,0.0,0.0,0.0,0.0
10.1149/1.1630593,0.81127367,253.35,0.880841121,BF4,0.15,0.85,0.0,0.0,0.0,0.0
10.1149/1.1630593,1.292949063,263.15,0.880841121,BF4,0.15,0.85,0.0,0.0,0.0,0.0
10.1149/1.1630593,1.868865293,272.95,0.880841121,BF4,0.15,0.85,0.0,0.0,0.0,0.0
10.1149/1.1630593,2.538826638,282.85,0.885514019,BF4,0.15,0.85,0.0,0.0,0.0,0.0
10.1149/1.1630593,3.282477859,292.65,0.880841121,BF4,0.15,0.85,0.0,0.0,0.0,0.0
10.1149/1.1630593,4.130645398,302.55,0.880841121,BF4,0.15,0.85,0.0,0.0,0.0,0.0
10.1149/1.1630593,5.020795616,312.45,0.878504673,BF4,0.15,0.85,0.0,0.0,0.0,0.0
10.1149/1.1630593,5.93179038,322.35,0.878504673,BF4,0.15,0.85,0.0,0.0,0.0,0.0
10.1149/1.1630593,6.947497186,332.15,0.878504673,BF4,0.15,0.85,0.0,0.0,0.0,0.0
10.1149/1.1630593,0.0,243.65,1.974299065,BF4,0.15,0.85,0.0,0.0,0.0,0.0
10.1149/1.1630593,0.189656016,253.35,1.971962617,BF4,0.15,0.85,0.0,0.0,0.0,0.0
10.1149/1.1630593,0.336252875,263.15,1.971962617,BF4,0.15,0.85,0.0,0.0,0.0,0.0
10.1149/1.1630593,0.660762343,272.95,1.974299065,BF4,0.15,0.85,0.0,0.0,0.0,0.0
10.1149/1.1630593,1.058765964,282.85,1.971962617,BF4,0.15,0.85,0.0,0.0,0.0,0.0
10.1149/1.1630593,1.529970152,292.65,1.971962617,BF4,0.15,0.85,0.0,0.0,0.0,0.0
10.1149/1.1630593,2.106082106,302.55,1.96728972,BF4,0.15,0.85,0.0,0.0,0.0,0.0
10.1149/1.1630593,2.796985859,312.45,1.971962617,BF4,0.15,0.85,0.0,0.0,0.0,0.0
10.1149/1.1630593,3.551010422,322.35,1.969626168,BF4,0.15,0.85,0.0,0.0,0.0,0.0
10.1149/1.1630593,4.420218232,332.15,1.96728972,BF4,0.15,0.85,0.0,0.0,0.0,0.0
10.1149/1.1630593,0.242777646,233.75,0.199029126,BF4,0.0,0.3,0.0,0.0,0.7,0.0
10.1149/1.1630593,0.3281435,243.65,0.199029126,BF4,0.0,0.3,0.0,0.0,0.7,0.0
10.1149/1.1630593,0.407411793,253.35,0.199029126,BF4,0.0,0.3,0.0,0.0,0.7,0.0
10.1149/1.1630593,0.523324651,263.15,0.201456311,BF4,0.0,0.3,0.0,0.0,0.7,0.0
10.1149/1.1630593,0.639237509,272.95,0.203883495,BF4,0.0,0.3,0.0,0.0,0.7,0.0
10.1149/1.1630593,0.742777646,282.85,0.199029126,BF4,0.0,0.3,0.0,0.0,0.7,0.0
10.1149/1.1630593,0.864788065,292.65,0.201456311,BF4,0.0,0.3,0.0,0.0,0.7,0.0
10.1149/1.1630593,0.986680085,302.55,0.199029126,BF4,0.0,0.3,0.0,0.0,0.7,0.0
10.1149/1.1630593,1.096436183,312.45,0.199029126,BF4,0.0,0.3,0.0,0.0,0.7,0.0
10.1149/1.1630593,1.206133081,322.35,0.196601942,BF4,0.0,0.3,0.0,0.0,0.7,0.0
10.1149/1.1630593,1.3280843,332.15,0.196601942,BF4,0.0,0.3,0.0,0.0,0.7,0.0
10.1149/1.1630593,0.275219039,233.75,0.279126214,BF4,0.0,0.3,0.0,0.0,0.7,0.0
10.1149/1.1630593,0.378877575,243.65,0.279126214,BF4,0.0,0.3,0.0,0.0,0.7,0.0
10.1149/1.1630593,0.488633673,253.35,0.279126214,BF4,0.0,0.3,0.0,0.0,0.7,0.0
10.1149/1.1630593,0.622898413,263.15,0.283980583,BF4,0.0,0.3,0.0,0.0,0.7,0.0
10.1149/1.1630593,0.763023917,272.95,0.279126214,BF4,0.0,0.3,0.0,0.0,0.7,0.0
10.1149/1.1630593,0.891072697,282.85,0.279126214,BF4,0.0,0.3,0.0,0.0,0.7,0.0
10.1149/1.1630593,1.025219039,292.65,0.279126214,BF4,0.0,0.3,0.0,0.0,0.7,0.0
10.1149/1.1630593,1.177658063,302.55,0.279126214,BF4,0.0,0.3,0.0,0.0,0.7,0.0
10.1149/1.1630593,1.305766043,312.45,0.281553398,BF4,0.0,0.3,0.0,0.0,0.7,0.0
10.1149/1.1630593,1.458145868,322.35,0.279126214,BF4,0.0,0.3,0.0,0.0,0.7,0.0
10.1149/1.1630593,1.586135449,332.15,0.276699029,BF4,0.0,0.3,0.0,0.0,0.7,0.0
10.1149/1.1630593,0.295406109,233.75,0.356796117,BF4,0.0,0.3,0.0,0.0,0.7,0.0
10.1149/1.1630593,0.399064646,243.65,0.356796117,BF4,0.0,0.3,0.0,0.0,0.7,0.0
10.1149/1.1630593,0.539249349,253.35,0.354368932,BF4,0.0,0.3,0.0,0.0,0.7,0.0
10.1149/1.1630593,0.679434052,263.15,0.351941748,BF4,0.0,0.3,0.0,0.0,0.7,0.0
10.1149/1.1630593,0.831873076,272.95,0.351941748,BF4,0.0,0.3,0.0,0.0,0.7,0.0
10.1149/1.1630593,0.996448023,282.85,0.349514563,BF4,0.0,0.3,0.0,0.0,0.7,0.0
10.1149/1.1630593,1.161082169,292.65,0.349514563,BF4,0.0,0.3,0.0,0.0,0.7,0.0
10.1149/1.1630593,1.313521193,302.55,0.349514563,BF4,0.0,0.3,0.0,0.0,0.7,0.0
10.1149/1.1630593,1.478214539,312.45,0.351941748,BF4,0.0,0.3,0.0,0.0,0.7,0.0
10.1149/1.1630593,1.642907885,322.35,0.354368932,BF4,0.0,0.3,0.0,0.0,0.7,0.0
10.1149/1.1630593,1.79528771,332.15,0.351941748,BF4,0.0,0.3,0.0,0.0,0.7,0.0
10.1149/1.1630593,0.3280843,233.75,0.446601942,BF4,0.0,0.3,0.0,0.0,0.7,0.0
10.1149/1.1630593,0.443937959,243.65,0.446601942,BF4,0.0,0.3,0.0,0.0,0.7,0.0
10.1149/1.1630593,0.584181861,253.35,0.446601942,BF4,0.0,0.3,0.0,0.0,0.7,0.0
10.1149/1.1630593,0.748756808,263.15,0.444174757,BF4,0.0,0.3,0.0,0.0,0.7,0.0
10.1149/1.1630593,0.919429316,272.95,0.441747573,BF4,0.0,0.3,0.0,0.0,0.7,0.0
10.1149/1.1630593,1.096376983,282.85,0.446601942,BF4,0.0,0.3,0.0,0.0,0.7,0.0
10.1149/1.1630593,1.285342174,292.65,0.444174757,BF4,0.0,0.3,0.0,0.0,0.7,0.0
10.1149/1.1630593,1.456073881,302.55,0.444174757,BF4,0.0,0.3,0.0,0.0,0.7,0.0
10.1149/1.1630593,1.63900071,312.45,0.444174757,BF4,0.0,0.3,0.0,0.0,0.7,0.0
10.1149/1.1630593,1.827965901,322.35,0.441747573,BF4,0.0,0.3,0.0,0.0,0.7,0.0
10.1149/1.1630593,2.01089273,332.15,0.441747573,BF4,0.0,0.3,0.0,0.0,0.7,0.0
10.1149/1.1630593,0.317961165,233.75,0.531553398,BF4,0.0,0.3,0.0,0.0,0.7,0.0
10.1149/1.1630593,0.458086668,243.65,0.526699029,BF4,0.0,0.3,0.0,0.0,0.7,0.0
10.1149/1.1630593,0.616564054,253.35,0.524271845,BF4,0.0,0.3,0.0,0.0,0.7,0.0
10.1149/1.1630593,0.787354961,263.15,0.526699029,BF4,0.0,0.3,0.0,0.0,0.7,0.0
10.1149/1.1630593,0.97028179,272.95,0.526699029,BF4,0.0,0.3,0.0,0.0,0.7,0.0
10.1149/1.1630593,1.165344542,282.85,0.524271845,BF4,0.0,0.3,0.0,0.0,0.7,0.0
10.1149/1.1630593,1.360525693,292.65,0.526699029,BF4,0.0,0.3,0.0,0.0,0.7,0.0
10.1149/1.1630593,1.555647644,302.55,0.526699029,BF4,0.0,0.3,0.0,0.0,0.7,0.0
10.1149/1.1630593,1.762905517,312.45,0.524271845,BF4,0.0,0.3,0.0,0.0,0.7,0.0
10.1149/1.1630593,1.970222591,322.35,0.524271845,BF4,0.0,0.3,0.0,0.0,0.7,0.0
10.1149/1.1630593,2.171442103,332.15,0.524271845,BF4,0.0,0.3,0.0,0.0,0.7,0.0
10.1149/1.1630593,0.338207435,233.75,0.611650485,BF4,0.0,0.3,0.0,0.0,0.7,0.0
10.1149/1.1630593,0.472294577,243.65,0.609223301,BF4,0.0,0.3,0.0,0.0,0.7,0.0
10.1149/1.1630593,0.630831163,253.35,0.609223301,BF4,0.0,0.3,0.0,0.0,0.7,0.0
10.1149/1.1630593,0.813757992,263.15,0.609223301,BF4,0.0,0.3,0.0,0.0,0.7,0.0
10.1149/1.1630593,1.008879943,272.95,0.609223301,BF4,0.0,0.3,0.0,0.0,0.7,0.0
10.1149/1.1630593,1.228392138,282.85,0.609223301,BF4,0.0,0.3,0.0,0.0,0.7,0.0
10.1149/1.1630593,1.423573289,292.65,0.611650485,BF4,0.0,0.3,0.0,0.0,0.7,0.0
10.1149/1.1630593,1.643026285,302.55,0.609223301,BF4,0.0,0.3,0.0,0.0,0.7,0.0
10.1149/1.1630593,1.86247928,312.45,0.606796117,BF4,0.0,0.3,0.0,0.0,0.7,0.0
10.1149/1.1630593,2.075953114,322.35,0.609223301,BF4,0.0,0.3,0.0,0.0,0.7,0.0
10.1149/1.1630593,2.301444471,332.15,0.604368932,BF4,0.0,0.3,0.0,0.0,0.7,0.0
10.1149/1.1630593,0.3282027,233.75,0.701456311,BF4,0.0,0.3,0.0,0.0,0.7,0.0
10.1149/1.1630593,0.486680085,243.65,0.699029126,BF4,0.0,0.3,0.0,0.0,0.7,0.0
10.1149/1.1630593,0.657352593,253.35,0.696601942,BF4,0.0,0.3,0.0,0.0,0.7,0.0
10.1149/1.1630593,0.846376983,263.15,0.696601942,BF4,0.0,0.3,0.0,0.0,0.7,0.0
10.1149/1.1630593,1.041498934,272.95,0.696601942,BF4,0.0,0.3,0.0,0.0,0.7,0.0
10.1149/1.1630593,1.267108691,282.85,0.696601942,BF4,0.0,0.3,0.0,0.0,0.7,0.0
10.1149/1.1630593,1.480523325,292.65,0.696601942,BF4,0.0,0.3,0.0,0.0,0.7,0.0
10.1149/1.1630593,1.712349041,302.55,0.701456311,BF4,0.0,0.3,0.0,0.0,0.7,0.0
10.1149/1.1630593,1.95625148,312.45,0.701456311,BF4,0.0,0.3,0.0,0.0,0.7,0.0
10.1149/1.1630593,2.181802036,322.35,0.699029126,BF4,0.0,0.3,0.0,0.0,0.7,0.0
10.1149/1.1630593,2.425645276,332.15,0.696601942,BF4,0.0,0.3,0.0,0.0,0.7,0.0
10.1149/1.1630593,0.330748283,233.75,0.805825243,BF4,0.0,0.3,0.0,0.0,0.7,0.0
10.1149/1.1630593,0.477089747,243.65,0.805825243,BF4,0.0,0.3,0.0,0.0,0.7,0.0
10.1149/1.1630593,0.660075776,253.35,0.808252427,BF4,0.0,0.3,0.0,0.0,0.7,0.0
10.1149/1.1630593,0.867333649,263.15,0.805825243,BF4,0.0,0.3,0.0,0.0,0.7,0.0
10.1149/1.1630593,1.0625148,272.95,0.808252427,BF4,0.0,0.3,0.0,0.0,0.7,0.0
10.1149/1.1630593,1.300260478,282.85,0.805825243,BF4,0.0,0.3,0.0,0.0,0.7,0.0
10.1149/1.1630593,1.531967795,292.65,0.805825243,BF4,0.0,0.3,0.0,0.0,0.7,0.0
10.1149/1.1630593,1.788065356,302.55,0.805825243,BF4,0.0,0.3,0.0,0.0,0.7,0.0
10.1149/1.1630593,2.032026995,312.45,0.808252427,BF4,0.0,0.3,0.0,0.0,0.7,0.0
10.1149/1.1630593,2.275870234,322.35,0.805825243,BF4,0.0,0.3,0.0,0.0,0.7,0.0
10.1149/1.1630593,2.531967795,332.15,0.805825243,BF4,0.0,0.3,0.0,0.0,0.7,0.0
10.1149/1.1630593,0.327551504,233.75,0.924757282,BF4,0.0,0.3,0.0,0.0,0.7,0.0
10.1149/1.1630593,0.479872129,243.65,0.919902913,BF4,0.0,0.3,0.0,0.0,0.7,0.0
10.1149/1.1630593,0.662858158,253.35,0.922330097,BF4,0.0,0.3,0.0,0.0,0.7,0.0
10.1149/1.1630593,0.870175231,263.15,0.922330097,BF4,0.0,0.3,0.0,0.0,0.7,0.0
10.1149/1.1630593,1.083589865,272.95,0.922330097,BF4,0.0,0.3,0.0,0.0,0.7,0.0
10.1149/1.1630593,1.327492304,282.85,0.922330097,BF4,0.0,0.3,0.0,0.0,0.7,0.0
10.1149/1.1630593,1.577433104,292.65,0.919902913,BF4,0.0,0.3,0.0,0.0,0.7,0.0
10.1149/1.1630593,1.821335543,302.55,0.919902913,BF4,0.0,0.3,0.0,0.0,0.7,0.0
10.1149/1.1630593,2.083530665,312.45,0.919902913,BF4,0.0,0.3,0.0,0.0,0.7,0.0
10.1149/1.1630593,2.357920909,322.35,0.919902913,BF4,0.0,0.3,0.0,0.0,0.7,0.0
10.1149/1.1630593,2.632251954,332.15,0.917475728,BF4,0.0,0.3,0.0,0.0,0.7,0.0
10.1149/1.1630593,0.324532323,233.75,1.050970874,BF4,0.0,0.3,0.0,0.0,0.7,0.0
10.1149/1.1630593,0.458619465,243.65,1.048543689,BF4,0.0,0.3,0.0,0.0,0.7,0.0
10.1149/1.1630593,0.647643855,253.35,1.048543689,BF4,0.0,0.3,0.0,0.0,0.7,0.0
10.1149/1.1630593,0.86099929,263.15,1.046116505,BF4,0.0,0.3,0.0,0.0,0.7,0.0
10.1149/1.1630593,1.074413924,272.95,1.046116505,BF4,0.0,0.3,0.0,0.0,0.7,0.0
10.1149/1.1630593,1.324473123,282.85,1.048543689,BF4,0.0,0.3,0.0,0.0,0.7,0.0
10.1149/1.1630593,1.586609046,292.65,1.046116505,BF4,0.0,0.3,0.0,0.0,0.7,0.0
10.1149/1.1630593,1.854901729,302.55,1.046116505,BF4,0.0,0.3,0.0,0.0,0.7,0.0
10.1149/1.1630593,2.135330334,312.45,1.04368932,BF4,0.0,0.3,0.0,0.0,0.7,0.0
10.1149/1.1630593,2.409720578,322.35,1.04368932,BF4,0.0,0.3,0.0,0.0,0.7,0.0
10.1149/1.1630593,2.702403505,332.15,1.04368932,BF4,0.0,0.3,0.0,0.0,0.7,0.0
10.1149/1.1630593,0.297833294,233.75,1.20631068,BF4,0.0,0.3,0.0,0.0,0.7,0.0
10.1149/1.1630593,0.444174757,243.65,1.20631068,BF4,0.0,0.3,0.0,0.0,0.7,0.0
10.1149/1.1630593,0.633080748,253.35,1.201456311,BF4,0.0,0.3,0.0,0.0,0.7,0.0
10.1149/1.1630593,0.83430026,263.15,1.201456311,BF4,0.0,0.3,0.0,0.0,0.7,0.0
10.1149/1.1630593,1.059969216,272.95,1.203883495,BF4,0.0,0.3,0.0,0.0,0.7,0.0
10.1149/1.1630593,1.322164338,282.85,1.203883495,BF4,0.0,0.3,0.0,0.0,0.7,0.0
10.1149/1.1630593,1.58435946,292.65,1.203883495,BF4,0.0,0.3,0.0,0.0,0.7,0.0
10.1149/1.1630593,1.864788065,302.55,1.201456311,BF4,0.0,0.3,0.0,0.0,0.7,0.0
10.1149/1.1630593,2.139237509,312.45,1.203883495,BF4,0.0,0.3,0.0,0.0,0.7,0.0
10.1149/1.1630593,2.444115558,322.35,1.203883495,BF4,0.0,0.3,0.0,0.0,0.7,0.0
10.1149/1.1630593,2.761129529,332.15,1.201456311,BF4,0.0,0.3,0.0,0.0,0.7,0.0
10.1149/1.1630593,0.277054227,233.75,1.354368932,BF4,0.0,0.3,0.0,0.0,0.7,0.0
10.1149/1.1630593,0.417298129,243.65,1.354368932,BF4,0.0,0.3,0.0,0.0,0.7,0.0
10.1149/1.1630593,0.594127398,253.35,1.354368932,BF4,0.0,0.3,0.0,0.0,0.7,0.0
10.1149/1.1630593,0.813698792,263.15,1.356796117,BF4,0.0,0.3,0.0,0.0,0.7,0.0
10.1149/1.1630593,1.039249349,272.95,1.354368932,BF4,0.0,0.3,0.0,0.0,0.7,0.0
10.1149/1.1630593,1.283210987,282.85,1.356796117,BF4,0.0,0.3,0.0,0.0,0.7,0.0
10.1149/1.1630593,1.569796353,292.65,1.356796117,BF4,0.0,0.3,0.0,0.0,0.7,0.0
10.1149/1.1630593,1.837970637,302.55,1.351941748,BF4,0.0,0.3,0.0,0.0,0.7,0.0
10.1149/1.1630593,2.155043808,312.45,1.351941748,BF4,0.0,0.3,0.0,0.0,0.7,0.0
10.1149/1.1630593,2.453883495,322.35,1.354368932,BF4,0.0,0.3,0.0,0.0,0.7,0.0
10.1149/1.1630593,2.758643145,332.15,1.349514563,BF4,0.0,0.3,0.0,0.0,0.7,0.0
10.1149/1.1630593,0.256156761,233.75,1.497572816,BF4,0.0,0.3,0.0,0.0,0.7,0.0
10.1149/1.1630593,0.402557424,243.65,1.5,BF4,0.0,0.3,0.0,0.0,0.7,0.0
10.1149/1.1630593,0.56713237,253.35,1.497572816,BF4,0.0,0.3,0.0,0.0,0.7,0.0
10.1149/1.1630593,0.774508643,263.15,1.5,BF4,0.0,0.3,0.0,0.0,0.7,0.0
10.1149/1.1630593,1.012254322,272.95,1.497572816,BF4,0.0,0.3,0.0,0.0,0.7,0.0
10.1149/1.1630593,1.262254322,282.85,1.497572816,BF4,0.0,0.3,0.0,0.0,0.7,0.0
10.1149/1.1630593,1.530547004,292.65,1.497572816,BF4,0.0,0.3,0.0,0.0,0.7,0.0
10.1149/1.1630593,1.817073171,302.55,1.495145631,BF4,0.0,0.3,0.0,0.0,0.7,0.0
10.1149/1.1630593,2.134087142,312.45,1.492718447,BF4,0.0,0.3,0.0,0.0,0.7,0.0
10.1149/1.1630593,2.451219512,322.35,1.495145631,BF4,0.0,0.3,0.0,0.0,0.7,0.0
10.1149/1.1630593,2.774390244,332.15,1.495145631,BF4,0.0,0.3,0.0,0.0,0.7,0.0
10.1149/1.1630593,0.241060857,233.75,1.628640777,BF4,0.0,0.3,0.0,0.0,0.7,0.0
10.1149/1.1630593,0.375207199,243.65,1.628640777,BF4,0.0,0.3,0.0,0.0,0.7,0.0
10.1149/1.1630593,0.539841345,253.35,1.628640777,BF4,0.0,0.3,0.0,0.0,0.7,0.0
10.1149/1.1630593,0.728865735,263.15,1.628640777,BF4,0.0,0.3,0.0,0.0,0.7,0.0
10.1149/1.1630593,0.972827374,272.95,1.631067961,BF4,0.0,0.3,0.0,0.0,0.7,0.0
10.1149/1.1630593,1.228865735,282.85,1.628640777,BF4,0.0,0.3,0.0,0.0,0.7,0.0
10.1149/1.1630593,1.50935354,292.65,1.628640777,BF4,0.0,0.3,0.0,0.0,0.7,0.0
10.1149/1.1630593,1.777646223,302.55,1.628640777,BF4,0.0,0.3,0.0,0.0,0.7,0.0
10.1149/1.1630593,2.094600995,312.45,1.623786408,BF4,0.0,0.3,0.0,0.0,0.7,0.0
10.1149/1.1630593,2.417890126,322.35,1.628640777,BF4,0.0,0.3,0.0,0.0,0.7,0.0
10.1149/1.1630593,2.753255979,332.15,1.628640777,BF4,0.0,0.3,0.0,0.0,0.7,0.0
10.1149/1.1630593,0.204179493,233.75,1.866504854,BF4,0.0,0.3,0.0,0.0,0.7,0.0
10.1149/1.1630593,0.326130713,243.65,1.866504854,BF4,0.0,0.3,0.0,0.0,0.7,0.0
10.1149/1.1630593,0.478510538,253.35,1.86407767,BF4,0.0,0.3,0.0,0.0,0.7,0.0
10.1149/1.1630593,0.661437367,263.15,1.86407767,BF4,0.0,0.3,0.0,0.0,0.7,0.0
10.1149/1.1630593,0.899301444,272.95,1.866504854,BF4,0.0,0.3,0.0,0.0,0.7,0.0
10.1149/1.1630593,1.143085484,282.85,1.861650485,BF4,0.0,0.3,0.0,0.0,0.7,0.0
10.1149/1.1630593,1.411437367,292.65,1.86407767,BF4,0.0,0.3,0.0,0.0,0.7,0.0
10.1149/1.1630593,1.704120294,302.55,1.86407767,BF4,0.0,0.3,0.0,0.0,0.7,0.0
10.1149/1.1630593,2.033388586,312.45,1.86407767,BF4,0.0,0.3,0.0,0.0,0.7,0.0
10.1149/1.1630593,2.344245797,322.35,1.859223301,BF4,0.0,0.3,0.0,0.0,0.7,0.0
10.1149/1.1630593,2.698022733,332.15,1.86407767,BF4,0.0,0.3,0.0,0.0,0.7,0.0
10.1149/1.1630593,0.184288421,233.75,2.050970874,BF4,0.0,0.3,0.0,0.0,0.7,0.0
10.1149/1.1630593,0.294103718,243.65,2.053398058,BF4,0.0,0.3,0.0,0.0,0.7,0.0
10.1149/1.1630593,0.440445181,253.35,2.053398058,BF4,0.0,0.3,0.0,0.0,0.7,0.0
10.1149/1.1630593,0.61721525,263.15,2.050970874,BF4,0.0,0.3,0.0,0.0,0.7,0.0
10.1149/1.1630593,0.836727445,272.95,2.050970874,BF4,0.0,0.3,0.0,0.0,0.7,0.0
10.1149/1.1630593,1.050142079,282.85,2.050970874,BF4,0.0,0.3,0.0,0.0,0.7,0.0
10.1149/1.1630593,1.342765806,292.65,2.048543689,BF4,0.0,0.3,0.0,0.0,0.7,0.0
10.1149/1.1630593,1.629232773,302.55,2.04368932,BF4,0.0,0.3,0.0,0.0,0.7,0.0
10.1149/1.1630593,1.946424343,312.45,2.048543689,BF4,0.0,0.3,0.0,0.0,0.7,0.0
10.1149/1.1630593,2.269654274,322.35,2.050970874,BF4,0.0,0.3,0.0,0.0,0.7,0.0
10.1149/1.1630593,2.635448733,332.15,2.048543689,BF4,0.0,0.3,0.0,0.0,0.7,0.0
10.1149/1.1630593,0.372034841,233.75,0.280701754,BF4,0.0,1.0,0.0,0.0,0.0,0.0
10.1149/1.1630593,0.646682728,243.65,0.280701754,BF4,0.0,1.0,0.0,0.0,0.0,0.0
10.1149/1.1630593,0.991907586,253.35,0.282894737,BF4,0.0,1.0,0.0,0.0,0.0,0.0
10.1149/1.1630593,1.407400544,263.15,0.282894737,BF4,0.0,1.0,0.0,0.0,0.0,0.0
10.1149/1.1630593,1.893161601,272.95,0.280701754,BF4,0.0,1.0,0.0,0.0,0.0,0.0
10.1149/1.1630593,2.456541883,282.85,0.280701754,BF4,0.0,1.0,0.0,0.0,0.0,0.0
10.1149/1.1630593,3.026809983,292.65,0.278508772,BF4,0.0,1.0,0.0,0.0,0.0,0.0
10.1149/1.1630593,3.618204843,302.55,0.276315789,BF4,0.0,1.0,0.0,0.0,0.0,0.0
10.1149/1.1630593,4.287218928,312.45,0.276315789,BF4,0.0,1.0,0.0,0.0,0.0,0.0
10.1149/1.1630593,4.94230294,322.35,0.278508772,BF4,0.0,1.0,0.0,0.0,0.0,0.0
10.1149/1.1630593,5.604120336,332.15,0.276315789,BF4,0.0,1.0,0.0,0.0,0.0,0.0
10.1149/1.1630593,0.371633309,233.75,0.375,BF4,0.0,1.0,0.0,0.0,0.0,0.0
10.1149/1.1630593,0.653323449,243.65,0.375,BF4,0.0,1.0,0.0,0.0,0.0,0.0
10.1149/1.1630593,1.047689647,253.35,0.375,BF4,0.0,1.0,0.0,0.0,0.0,0.0
10.1149/1.1630593,1.4844638,263.15,0.377192982,BF4,0.0,1.0,0.0,0.0,0.0,0.0
10.1149/1.1630593,2.019520633,272.95,0.375,BF4,0.0,1.0,0.0,0.0,0.0,0.0
10.1149/1.1630593,2.632196689,282.85,0.375,BF4,0.0,1.0,0.0,0.0,0.0,0.0
10.1149/1.1630593,3.258802817,292.65,0.372807018,BF4,0.0,1.0,0.0,0.0,0.0,0.0
10.1149/1.1630593,3.934550284,302.55,0.368421053,BF4,0.0,1.0,0.0,0.0,0.0,0.0
10.1149/1.1630593,4.653169014,312.45,0.372807018,BF4,0.0,1.0,0.0,0.0,0.0,0.0
10.1149/1.1630593,5.413577959,322.35,0.370614035,BF4,0.0,1.0,0.0,0.0,0.0,0.0
10.1149/1.1630593,6.167099086,332.15,0.370614035,BF4,0.0,1.0,0.0,0.0,0.0,0.0
10.1149/1.1630593,0.350722758,233.75,0.478070175,BF4,0.0,1.0,0.0,0.0,0.0,0.0
10.1149/1.1630593,0.674203113,243.65,0.471491228,BF4,0.0,1.0,0.0,0.0,0.0,0.0
10.1149/1.1630593,1.047288115,253.35,0.469298246,BF4,0.0,1.0,0.0,0.0,0.0,0.0
10.1149/1.1630593,1.512540153,263.15,0.475877193,BF4,0.0,1.0,0.0,0.0,0.0,0.0
10.1149/1.1630593,2.075766,272.95,0.473684211,BF4,0.0,1.0,0.0,0.0,0.0,0.0
10.1149/1.1630593,2.709568816,282.85,0.473684211,BF4,0.0,1.0,0.0,0.0,0.0,0.0
10.1149/1.1630593,3.38577959,292.65,0.475877193,BF4,0.0,1.0,0.0,0.0,0.0,0.0
10.1149/1.1630593,4.124907339,302.55,0.471491228,BF4,0.0,1.0,0.0,0.0,0.0,0.0
10.1149/1.1630593,4.899400791,312.45,0.469298246,BF4,0.0,1.0,0.0,0.0,0.0,0.0
10.1149/1.1630593,5.709259946,322.35,0.469298246,BF4,0.0,1.0,0.0,0.0,0.0,0.0
10.1149/1.1630593,6.532894737,332.15,0.464912281,BF4,0.0,1.0,0.0,0.0,0.0,0.0
10.1149/1.1630593,0.349394613,233.75,0.559210526,BF4,0.0,1.0,0.0,0.0,0.0,0.0
10.1149/1.1630593,0.624196936,243.65,0.561403509,BF4,0.0,1.0,0.0,0.0,0.0,0.0
10.1149/1.1630593,1.011366444,253.35,0.559210526,BF4,0.0,1.0,0.0,0.0,0.0,0.0
10.1149/1.1630593,1.476000741,263.15,0.557017544,BF4,0.0,1.0,0.0,0.0,0.0,0.0
10.1149/1.1630593,2.060507784,272.95,0.557017544,BF4,0.0,1.0,0.0,0.0,0.0,0.0
10.1149/1.1630593,2.715437361,282.85,0.557017544,BF4,0.0,1.0,0.0,0.0,0.0,0.0
10.1149/1.1630593,3.398072646,292.65,0.550438596,BF4,0.0,1.0,0.0,0.0,0.0,0.0
10.1149/1.1630593,4.172874969,302.55,0.552631579,BF4,0.0,1.0,0.0,0.0,0.0,0.0
10.1149/1.1630593,4.961761799,312.45,0.554824561,BF4,0.0,1.0,0.0,0.0,0.0,0.0
10.1149/1.1630593,5.820916728,322.35,0.554824561,BF4,0.0,1.0,0.0,0.0,0.0,0.0
10.1149/1.1630593,6.672874969,332.15,0.552631579,BF4,0.0,1.0,0.0,0.0,0.0,0.0
10.1149/1.1630593,0.32755745,233.75,0.649122807,BF4,0.0,1.0,0.0,0.0,0.0,0.0
10.1149/1.1630593,0.609093155,243.65,0.646929825,BF4,0.0,1.0,0.0,0.0,0.0,0.0
10.1149/1.1630593,0.975135903,253.35,0.644736842,BF4,0.0,1.0,0.0,0.0,0.0,0.0
10.1149/1.1630593,1.439924636,263.15,0.644736842,BF4,0.0,1.0,0.0,0.0,0.0,0.0
10.1149/1.1630593,2.031319496,272.95,0.64254386,BF4,0.0,1.0,0.0,0.0,0.0,0.0
10.1149/1.1630593,2.693291327,282.85,0.64254386,BF4,0.0,1.0,0.0,0.0,0.0,0.0
10.1149/1.1630593,3.390474426,292.65,0.64254386,BF4,0.0,1.0,0.0,0.0,0.0,0.0
10.1149/1.1630593,4.179361255,302.55,0.644736842,BF4,0.0,1.0,0.0,0.0,0.0,0.0
10.1149/1.1630593,4.982178157,312.45,0.644736842,BF4,0.0,1.0,0.0,0.0,0.0,0.0
10.1149/1.1630593,5.841178651,322.35,0.64254386,BF4,0.0,1.0,0.0,0.0,0.0,0.0
10.1149/1.1630593,6.728348159,332.15,0.640350877,BF4,0.0,1.0,0.0,0.0,0.0,0.0
10.1149/1.1630593,0.312453669,233.75,0.734649123,BF4,0.0,1.0,0.0,0.0,0.0,0.0
10.1149/1.1630593,0.57301705,243.65,0.734649123,BF4,0.0,1.0,0.0,0.0,0.0,0.0
10.1149/1.1630593,0.917933037,253.35,0.73245614,BF4,0.0,1.0,0.0,0.0,0.0,0.0
10.1149/1.1630593,1.38303064,263.15,0.736842105,BF4,0.0,1.0,0.0,0.0,0.0,0.0
10.1149/1.1630593,1.931863108,272.95,0.730263158,BF4,0.0,1.0,0.0,0.0,0.0,0.0
10.1149/1.1630593,2.608073882,282.85,0.73245614,BF4,0.0,1.0,0.0,0.0,0.0,0.0
10.1149/1.1630593,3.333271559,292.65,0.730263158,BF4,0.0,1.0,0.0,0.0,0.0,0.0
10.1149/1.1630593,4.100722758,302.55,0.728070175,BF4,0.0,1.0,0.0,0.0,0.0,0.0
10.1149/1.1630593,4.924820855,312.45,0.730263158,BF4,0.0,1.0,0.0,0.0,0.0,0.0
10.1149/1.1630593,5.798214727,322.35,0.73245614,BF4,0.0,1.0,0.0,0.0,0.0,0.0
10.1149/1.1630593,6.713244379,332.15,0.725877193,BF4,0.0,1.0,0.0,0.0,0.0,0.0
10.1149/1.1630593,0.277149741,233.75,0.833333333,BF4,0.0,1.0,0.0,0.0,0.0,0.0
10.1149/1.1630593,0.523628614,243.65,0.833333333,BF4,0.0,1.0,0.0,0.0,0.0,0.0
10.1149/1.1630593,0.882783543,253.35,0.833333333,BF4,0.0,1.0,0.0,0.0,0.0,0.0
10.1149/1.1630593,1.291079812,263.15,0.831140351,BF4,0.0,1.0,0.0,0.0,0.0,0.0
10.1149/1.1630593,1.861656783,272.95,0.833333333,BF4,0.0,1.0,0.0,0.0,0.0,0.0
10.1149/1.1630593,2.509389671,282.85,0.831140351,BF4,0.0,1.0,0.0,0.0,0.0,0.0
10.1149/1.1630593,3.206418335,292.65,0.828947368,BF4,0.0,1.0,0.0,0.0,0.0,0.0
10.1149/1.1630593,3.981220657,302.55,0.831140351,BF4,0.0,1.0,0.0,0.0,0.0,0.0
10.1149/1.1630593,4.81878552,312.45,0.824561404,BF4,0.0,1.0,0.0,0.0,0.0,0.0
10.1149/1.1630593,5.706109464,322.35,0.824561404,BF4,0.0,1.0,0.0,0.0,0.0,0.0
10.1149/1.1630593,6.628644675,332.15,0.824561404,BF4,0.0,1.0,0.0,0.0,0.0,0.0
10.1149/1.1630593,0.256856931,233.75,0.945175439,BF4,0.0,1.0,0.0,0.0,0.0,0.0
10.1149/1.1630593,0.482363479,243.65,0.947368421,BF4,0.0,1.0,0.0,0.0,0.0,0.0
10.1149/1.1630593,0.778138127,253.35,0.947368421,BF4,0.0,1.0,0.0,0.0,0.0,0.0
10.1149/1.1630593,1.214757845,263.15,0.947368421,BF4,0.0,1.0,0.0,0.0,0.0,0.0
10.1149/1.1630593,1.728842352,272.95,0.947368421,BF4,0.0,1.0,0.0,0.0,0.0,0.0
10.1149/1.1630593,2.376729676,282.85,0.947368421,BF4,0.0,1.0,0.0,0.0,0.0,0.0
10.1149/1.1630593,3.066716086,292.65,0.945175439,BF4,0.0,1.0,0.0,0.0,0.0,0.0
10.1149/1.1630593,3.820082777,302.55,0.942982456,BF4,0.0,1.0,0.0,0.0,0.0,0.0
10.1149/1.1630593,4.644180875,312.45,0.945175439,BF4,0.0,1.0,0.0,0.0,0.0,0.0
10.1149/1.1630593,5.538238201,322.35,0.940789474,BF4,0.0,1.0,0.0,0.0,0.0,0.0
10.1149/1.1630593,6.453576723,332.15,0.938596491,BF4,0.0,1.0,0.0,0.0,0.0,0.0
10.1149/1.1630593,0.243915246,233.75,1.061403509,BF4,0.0,1.0,0.0,0.0,0.0,0.0
10.1149/1.1630593,0.447986163,243.65,1.059210526,BF4,0.0,1.0,0.0,0.0,0.0,0.0
10.1149/1.1630593,0.708395107,253.35,1.057017544,BF4,0.0,1.0,0.0,0.0,0.0,0.0
10.1149/1.1630593,1.117000247,263.15,1.059210526,BF4,0.0,1.0,0.0,0.0,0.0,0.0
10.1149/1.1630593,1.602761305,272.95,1.057017544,BF4,0.0,1.0,0.0,0.0,0.0,0.0
10.1149/1.1630593,2.208395107,282.85,1.057017544,BF4,0.0,1.0,0.0,0.0,0.0,0.0
10.1149/1.1630593,2.88429701,292.65,1.054824561,BF4,0.0,1.0,0.0,0.0,0.0,0.0
10.1149/1.1630593,3.637818137,302.55,1.054824561,BF4,0.0,1.0,0.0,0.0,0.0,0.0
10.1149/1.1630593,4.447831727,312.45,1.057017544,BF4,0.0,1.0,0.0,0.0,0.0,0.0
10.1149/1.1630593,5.31372004,322.35,1.052631579,BF4,0.0,1.0,0.0,0.0,0.0,0.0
10.1149/1.1630593,6.250494193,332.15,1.054824561,BF4,0.0,1.0,0.0,0.0,0.0,0.0
10.1149/1.1630593,0.232054608,233.75,1.192982456,BF4,0.0,1.0,0.0,0.0,0.0,0.0
10.1149/1.1630593,0.379941932,243.65,1.192982456,BF4,0.0,1.0,0.0,0.0,0.0,0.0
10.1149/1.1630593,0.62626637,253.35,1.190789474,BF4,0.0,1.0,0.0,0.0,0.0,0.0
10.1149/1.1630593,0.992617989,263.15,1.192982456,BF4,0.0,1.0,0.0,0.0,0.0,0.0
10.1149/1.1630593,1.450673338,272.95,1.197368421,BF4,0.0,1.0,0.0,0.0,0.0,0.0
10.1149/1.1630593,2.013744749,282.85,1.192982456,BF4,0.0,1.0,0.0,0.0,0.0,0.0
10.1149/1.1630593,2.668519891,292.65,1.190789474,BF4,0.0,1.0,0.0,0.0,0.0,0.0
10.1149/1.1630593,3.379633062,302.55,1.188596491,BF4,0.0,1.0,0.0,0.0,0.0,0.0
10.1149/1.1630593,4.182604398,312.45,1.190789474,BF4,0.0,1.0,0.0,0.0,0.0,0.0
10.1149/1.1630593,5.041604893,322.35,1.188596491,BF4,0.0,1.0,0.0,0.0,0.0,0.0
10.1149/1.1630593,5.971027922,332.15,1.186403509,BF4,0.0,1.0,0.0,0.0,0.0,0.0
10.1149/1.1630593,0.215004942,233.75,1.350877193,BF4,0.0,1.0,0.0,0.0,0.0,0.0
10.1149/1.1630593,0.327680998,243.65,1.350877193,BF4,0.0,1.0,0.0,0.0,0.0,0.0
10.1149/1.1630593,0.545990857,253.35,1.350877193,BF4,0.0,1.0,0.0,0.0,0.0,0.0
10.1149/1.1630593,0.862892266,263.15,1.350877193,BF4,0.0,1.0,0.0,0.0,0.0,0.0
10.1149/1.1630593,1.285427477,272.95,1.350877193,BF4,0.0,1.0,0.0,0.0,0.0,0.0
10.1149/1.1630593,1.799357549,282.85,1.348684211,BF4,0.0,1.0,0.0,0.0,0.0,0.0
10.1149/1.1630593,2.419075859,292.65,1.348684211,BF4,0.0,1.0,0.0,0.0,0.0,0.0
10.1149/1.1630593,3.116104522,302.55,1.346491228,BF4,0.0,1.0,0.0,0.0,0.0,0.0
10.1149/1.1630593,3.904836916,312.45,1.346491228,BF4,0.0,1.0,0.0,0.0,0.0,0.0
10.1149/1.1630593,4.707499382,322.35,1.344298246,BF4,0.0,1.0,0.0,0.0,0.0,0.0
10.1149/1.1630593,5.587626637,332.15,1.342105263,BF4,0.0,1.0,0.0,0.0,0.0,0.0
10.1149/1.1630593,0.4,233.75,0.277402287,BF4,0.0,0.8,0.0,0.0,0.2,0.0
10.1149/1.1630593,0.674074074,243.65,0.275729647,BF4,0.0,0.8,0.0,0.0,0.2,0.0
10.1149/1.1630593,0.985185185,253.35,0.276446493,BF4,0.0,0.8,0.0,0.0,0.2,0.0
10.1149/1.1630593,1.377777778,263.15,0.279655231,BF4,0.0,0.8,0.0,0.0,0.2,0.0
10.1149/1.1630593,1.8,272.95,0.280628094,BF4,0.0,0.8,0.0,0.0,0.2,0.0
10.1149/1.1630593,2.281481481,282.85,0.27943335,BF4,0.0,0.8,0.0,0.0,0.2,0.0
10.1149/1.1630593,2.777777778,292.65,0.282881038,BF4,0.0,0.8,0.0,0.0,0.2,0.0
10.1149/1.1630593,3.281481481,302.55,0.281737498,BF4,0.0,0.8,0.0,0.0,0.2,0.0
10.1149/1.1630593,3.822222222,312.45,0.282983444,BF4,0.0,0.8,0.0,0.0,0.2,0.0
10.1149/1.1630593,4.37037037,322.35,0.284246458,BF4,0.0,0.8,0.0,0.0,0.2,0.0
10.1149/1.1630593,4.918518519,332.15,0.280901178,BF4,0.0,0.8,0.0,0.0,0.2,0.0
10.1149/1.1630593,0.422222222,233.75,0.348882062,BF4,0.0,0.8,0.0,0.0,0.2,0.0
10.1149/1.1630593,0.696296296,243.65,0.347209421,BF4,0.0,0.8,0.0,0.0,0.2,0.0
10.1149/1.1630593,1.044444444,253.35,0.348011606,BF4,0.0,0.8,0.0,0.0,0.2,0.0
10.1149/1.1630593,1.459259259,263.15,0.346663253,BF4,0.0,0.8,0.0,0.0,0.2,0.0
10.1149/1.1630593,1.925925926,272.95,0.350042669,BF4,0.0,0.8,0.0,0.0,0.2,0.0
10.1149/1.1630593,2.451851852,282.85,0.35125448,BF4,0.0,0.8,0.0,0.0,0.2,0.0
10.1149/1.1630593,2.992592593,292.65,0.350196279,BF4,0.0,0.8,0.0,0.0,0.2,0.0
10.1149/1.1630593,3.548148148,302.55,0.351476361,BF4,0.0,0.8,0.0,0.0,0.2,0.0
10.1149/1.1630593,4.140740741,312.45,0.350537634,BF4,0.0,0.8,0.0,0.0,0.2,0.0
10.1149/1.1630593,4.748148148,322.35,0.351937191,BF4,0.0,0.8,0.0,0.0,0.2,0.0
10.1149/1.1630593,5.340740741,332.15,0.350998464,BF4,0.0,0.8,0.0,0.0,0.2,0.0
10.1149/1.1630593,0.422222222,233.75,0.418006486,BF4,0.0,0.8,0.0,0.0,0.2,0.0
10.1149/1.1630593,0.718518519,243.65,0.418689196,BF4,0.0,0.8,0.0,0.0,0.2,0.0
10.1149/1.1630593,1.081481481,253.35,0.424133811,BF4,0.0,0.8,0.0,0.0,0.2,0.0
10.1149/1.1630593,1.496296296,263.15,0.422785458,BF4,0.0,0.8,0.0,0.0,0.2,0.0
10.1149/1.1630593,2.0,272.95,0.426250213,BF4,0.0,0.8,0.0,0.0,0.2,0.0
10.1149/1.1630593,2.555555556,282.85,0.425226148,BF4,0.0,0.8,0.0,0.0,0.2,0.0
10.1149/1.1630593,3.133333333,292.65,0.424253286,BF4,0.0,0.8,0.0,0.0,0.2,0.0
10.1149/1.1630593,3.733333333,302.55,0.427939921,BF4,0.0,0.8,0.0,0.0,0.2,0.0
10.1149/1.1630593,4.37037037,312.45,0.429407749,BF4,0.0,0.8,0.0,0.0,0.2,0.0
10.1149/1.1630593,5.014814815,322.35,0.430892644,BF4,0.0,0.8,0.0,0.0,0.2,0.0
10.1149/1.1630593,5.674074074,332.15,0.430107527,BF4,0.0,0.8,0.0,0.0,0.2,0.0
10.1149/1.1630593,0.407407407,233.75,0.505529954,BF4,0.0,0.8,0.0,0.0,0.2,0.0
10.1149/1.1630593,0.696296296,243.65,0.503891449,BF4,0.0,0.8,0.0,0.0,0.2,0.0
10.1149/1.1630593,1.074074074,253.35,0.504761905,BF4,0.0,0.8,0.0,0.0,0.2,0.0
10.1149/1.1630593,1.511111111,263.15,0.50807305,BF4,0.0,0.8,0.0,0.0,0.2,0.0
10.1149/1.1630593,2.02962963,272.95,0.511571941,BF4,0.0,0.8,0.0,0.0,0.2,0.0
10.1149/1.1630593,2.607407407,282.85,0.508294931,BF4,0.0,0.8,0.0,0.0,0.2,0.0
10.1149/1.1630593,3.214814815,292.65,0.50739034,BF4,0.0,0.8,0.0,0.0,0.2,0.0
10.1149/1.1630593,3.844444444,302.55,0.504232804,BF4,0.0,0.8,0.0,0.0,0.2,0.0
10.1149/1.1630593,4.496296296,312.45,0.512647209,BF4,0.0,0.8,0.0,0.0,0.2,0.0
10.1149/1.1630593,5.185185185,322.35,0.509626216,BF4,0.0,0.8,0.0,0.0,0.2,0.0
10.1149/1.1630593,5.888888889,332.15,0.508943506,BF4,0.0,0.8,0.0,0.0,0.2,0.0
10.1149/1.1630593,0.4,233.75,0.60228708,BF4,0.0,0.8,0.0,0.0,0.2,0.0
10.1149/1.1630593,0.674074074,243.65,0.602918587,BF4,0.0,0.8,0.0,0.0,0.2,0.0
10.1149/1.1630593,1.044444444,253.35,0.603771975,BF4,0.0,0.8,0.0,0.0,0.2,0.0
10.1149/1.1630593,1.503703704,263.15,0.602526028,BF4,0.0,0.8,0.0,0.0,0.2,0.0
10.1149/1.1630593,2.022222222,272.95,0.603720771,BF4,0.0,0.8,0.0,0.0,0.2,0.0
10.1149/1.1630593,2.614814815,282.85,0.605086192,BF4,0.0,0.8,0.0,0.0,0.2,0.0
10.1149/1.1630593,3.22962963,292.65,0.606502816,BF4,0.0,0.8,0.0,0.0,0.2,0.0
10.1149/1.1630593,3.888888889,302.55,0.605717699,BF4,0.0,0.8,0.0,0.0,0.2,0.0
10.1149/1.1630593,4.577777778,312.45,0.607305001,BF4,0.0,0.8,0.0,0.0,0.2,0.0
10.1149/1.1630593,5.281481481,322.35,0.608926438,BF4,0.0,0.8,0.0,0.0,0.2,0.0
10.1149/1.1630593,6.014814815,332.15,0.610616146,BF4,0.0,0.8,0.0,0.0,0.2,0.0
10.1149/1.1630593,0.37037037,233.75,0.685168117,BF4,0.0,0.8,0.0,0.0,0.2,0.0
10.1149/1.1630593,0.644444444,243.65,0.685799625,BF4,0.0,0.8,0.0,0.0,0.2,0.0
10.1149/1.1630593,1.007407407,253.35,0.684331797,BF4,0.0,0.8,0.0,0.0,0.2,0.0
10.1149/1.1630593,1.444444444,263.15,0.687642942,BF4,0.0,0.8,0.0,0.0,0.2,0.0
10.1149/1.1630593,1.985185185,272.95,0.688888889,BF4,0.0,0.8,0.0,0.0,0.2,0.0
10.1149/1.1630593,2.585185185,282.85,0.692575525,BF4,0.0,0.8,0.0,0.0,0.2,0.0
10.1149/1.1630593,3.222222222,292.65,0.684826762,BF4,0.0,0.8,0.0,0.0,0.2,0.0
10.1149/1.1630593,3.874074074,302.55,0.69093702,BF4,0.0,0.8,0.0,0.0,0.2,0.0
10.1149/1.1630593,4.6,312.45,0.690305513,BF4,0.0,0.8,0.0,0.0,0.2,0.0
10.1149/1.1630593,5.333333333,322.35,0.691995221,BF4,0.0,0.8,0.0,0.0,0.2,0.0
10.1149/1.1630593,6.066666667,332.15,0.693684929,BF4,0.0,0.8,0.0,0.0,0.2,0.0
10.1149/1.1630593,0.325925926,233.75,0.779535757,BF4,0.0,0.8,0.0,0.0,0.2,0.0
10.1149/1.1630593,0.6,243.65,0.782471412,BF4,0.0,0.8,0.0,0.0,0.2,0.0
10.1149/1.1630593,0.948148148,253.35,0.778665301,BF4,0.0,0.8,0.0,0.0,0.2,0.0
10.1149/1.1630593,1.4,263.15,0.779706435,BF4,0.0,0.8,0.0,0.0,0.2,0.0
10.1149/1.1630593,1.903703704,272.95,0.78317119,BF4,0.0,0.8,0.0,0.0,0.2,0.0
10.1149/1.1630593,2.518518519,282.85,0.782283666,BF4,0.0,0.8,0.0,0.0,0.2,0.0
10.1149/1.1630593,3.148148148,292.65,0.783734426,BF4,0.0,0.8,0.0,0.0,0.2,0.0
10.1149/1.1630593,3.822222222,302.55,0.785287592,BF4,0.0,0.8,0.0,0.0,0.2,0.0
10.1149/1.1630593,4.548148148,312.45,0.78926438,BF4,0.0,0.8,0.0,0.0,0.2,0.0
10.1149/1.1630593,5.296296296,322.35,0.786379928,BF4,0.0,0.8,0.0,0.0,0.2,0.0
10.1149/1.1630593,6.074074074,332.15,0.785867896,BF4,0.0,0.8,0.0,0.0,0.2,0.0
10.1149/1.1630593,0.303703704,233.75,0.86473801,BF4,0.0,0.8,0.0,0.0,0.2,0.0
10.1149/1.1630593,0.540740741,243.65,0.862980031,BF4,0.0,0.8,0.0,0.0,0.2,0.0
10.1149/1.1630593,0.896296296,253.35,0.863799283,BF4,0.0,0.8,0.0,0.0,0.2,0.0
10.1149/1.1630593,1.303703704,263.15,0.86473801,BF4,0.0,0.8,0.0,0.0,0.2,0.0
10.1149/1.1630593,1.837037037,272.95,0.868271036,BF4,0.0,0.8,0.0,0.0,0.2,0.0
10.1149/1.1630593,2.42962963,282.85,0.865028162,BF4,0.0,0.8,0.0,0.0,0.2,0.0
10.1149/1.1630593,3.059259259,292.65,0.866478921,BF4,0.0,0.8,0.0,0.0,0.2,0.0
10.1149/1.1630593,3.733333333,302.55,0.868032087,BF4,0.0,0.8,0.0,0.0,0.2,0.0
10.1149/1.1630593,4.466666667,312.45,0.867417648,BF4,0.0,0.8,0.0,0.0,0.2,0.0
10.1149/1.1630593,5.222222222,322.35,0.873766854,BF4,0.0,0.8,0.0,0.0,0.2,0.0
10.1149/1.1630593,6.0,332.15,0.870950674,BF4,0.0,0.8,0.0,0.0,0.2,0.0
10.1149/1.1630593,0.251851852,233.75,0.963696877,BF4,0.0,0.8,0.0,0.0,0.2,0.0
10.1149/1.1630593,0.503703704,243.65,0.961973033,BF4,0.0,0.8,0.0,0.0,0.2,0.0
10.1149/1.1630593,0.814814815,253.35,0.962689879,BF4,0.0,0.8,0.0,0.0,0.2,0.0
10.1149/1.1630593,1.237037037,263.15,0.963662741,BF4,0.0,0.8,0.0,0.0,0.2,0.0
10.1149/1.1630593,1.740740741,272.95,0.964823349,BF4,0.0,0.8,0.0,0.0,0.2,0.0
10.1149/1.1630593,2.325925926,282.85,0.963867554,BF4,0.0,0.8,0.0,0.0,0.2,0.0
10.1149/1.1630593,2.940740741,292.65,0.969892473,BF4,0.0,0.8,0.0,0.0,0.2,0.0
10.1149/1.1630593,3.622222222,302.55,0.966854412,BF4,0.0,0.8,0.0,0.0,0.2,0.0
10.1149/1.1630593,4.333333333,312.45,0.968492917,BF4,0.0,0.8,0.0,0.0,0.2,0.0
10.1149/1.1630593,5.118518519,322.35,0.972606247,BF4,0.0,0.8,0.0,0.0,0.2,0.0
10.1149/1.1630593,5.903703704,332.15,0.972111282,BF4,0.0,0.8,0.0,0.0,0.2,0.0
10.1149/1.1630593,0.214814815,233.75,1.071906469,BF4,0.0,0.8,0.0,0.0,0.2,0.0
10.1149/1.1630593,0.437037037,243.65,1.070114354,BF4,0.0,0.8,0.0,0.0,0.2,0.0
10.1149/1.1630593,0.733333333,253.35,1.073101212,BF4,0.0,0.8,0.0,0.0,0.2,0.0
10.1149/1.1630593,1.140740741,263.15,1.074039939,BF4,0.0,0.8,0.0,0.0,0.2,0.0
10.1149/1.1630593,1.614814815,272.95,1.077436423,BF4,0.0,0.8,0.0,0.0,0.2,0.0
10.1149/1.1630593,2.185185185,282.85,1.076446493,BF4,0.0,0.8,0.0,0.0,0.2,0.0
10.1149/1.1630593,2.792592593,292.65,1.075541901,BF4,0.0,0.8,0.0,0.0,0.2,0.0
10.1149/1.1630593,3.466666667,302.55,1.077095067,BF4,0.0,0.8,0.0,0.0,0.2,0.0
10.1149/1.1630593,4.2,312.45,1.078784776,BF4,0.0,0.8,0.0,0.0,0.2,0.0
10.1149/1.1630593,4.940740741,322.35,1.080491551,BF4,0.0,0.8,0.0,0.0,0.2,0.0
10.1149/1.1630593,5.748148148,332.15,1.08004779,BF4,0.0,0.8,0.0,0.0,0.2,0.0
10.1149/1.1630593,0.17037037,233.75,1.203140468,BF4,0.0,0.8,0.0,0.0,0.2,0.0
10.1149/1.1630593,0.355555556,243.65,1.205871309,BF4,0.0,0.8,0.0,0.0,0.2,0.0
10.1149/1.1630593,0.651851852,253.35,1.208858167,BF4,0.0,0.8,0.0,0.0,0.2,0.0
10.1149/1.1630593,1.022222222,263.15,1.207407407,BF4,0.0,0.8,0.0,0.0,0.2,0.0
10.1149/1.1630593,1.466666667,272.95,1.206127325,BF4,0.0,0.8,0.0,0.0,0.2,0.0
10.1149/1.1630593,2.0,282.85,1.207356204,BF4,0.0,0.8,0.0,0.0,0.2,0.0
10.1149/1.1630593,2.622222222,292.65,1.211094043,BF4,0.0,0.8,0.0,0.0,0.2,0.0
10.1149/1.1630593,3.244444444,302.55,1.20791944,BF4,0.0,0.8,0.0,0.0,0.2,0.0
10.1149/1.1630593,3.985185185,312.45,1.211930364,BF4,0.0,0.8,0.0,0.0,0.2,0.0
10.1149/1.1630593,4.725925926,322.35,1.215941287,BF4,0.0,0.8,0.0,0.0,0.2,0.0
10.1149/1.1630593,5.518518519,332.15,1.213159242,BF4,0.0,0.8,0.0,0.0,0.2,0.0
10.1149/1.1630593,0.148148148,233.75,1.339033965,BF4,0.0,0.8,0.0,0.0,0.2,0.0
10.1149/1.1630593,0.303703704,243.65,1.339392388,BF4,0.0,0.8,0.0,0.0,0.2,0.0
10.1149/1.1630593,0.555555556,253.35,1.339972692,BF4,0.0,0.8,0.0,0.0,0.2,0.0
10.1149/1.1630593,0.911111111,263.15,1.340791944,BF4,0.0,0.8,0.0,0.0,0.2,0.0
10.1149/1.1630593,1.318518519,272.95,1.341730671,BF4,0.0,0.8,0.0,0.0,0.2,0.0
10.1149/1.1630593,1.844444444,282.85,1.340638334,BF4,0.0,0.8,0.0,0.0,0.2,0.0
10.1149/1.1630593,2.422222222,292.65,1.344273767,BF4,0.0,0.8,0.0,0.0,0.2,0.0
10.1149/1.1630593,3.051851852,302.55,1.343420379,BF4,0.0,0.8,0.0,0.0,0.2,0.0
10.1149/1.1630593,3.77037037,312.45,1.351988394,BF4,0.0,0.8,0.0,0.0,0.2,0.0
10.1149/1.1630593,4.488888889,322.35,1.342123229,BF4,0.0,0.8,0.0,0.0,0.2,0.0
10.1149/1.1630593,5.214814815,332.15,1.348404165,BF4,0.0,0.8,0.0,0.0,0.2,0.0
10.1149/1.1630593,0.125925926,233.75,1.491056494,BF4,0.0,0.8,0.0,0.0,0.2,0.0
10.1149/1.1630593,0.274074074,243.65,1.491397849,BF4,0.0,0.8,0.0,0.0,0.2,0.0
10.1149/1.1630593,0.481481481,253.35,1.489571599,BF4,0.0,0.8,0.0,0.0,0.2,0.0
10.1149/1.1630593,0.792592593,263.15,1.490288445,BF4,0.0,0.8,0.0,0.0,0.2,0.0
10.1149/1.1630593,1.155555556,272.95,1.493428913,BF4,0.0,0.8,0.0,0.0,0.2,0.0
10.1149/1.1630593,1.62962963,282.85,1.492217102,BF4,0.0,0.8,0.0,0.0,0.2,0.0
10.1149/1.1630593,2.207407407,292.65,1.493548387,BF4,0.0,0.8,0.0,0.0,0.2,0.0
10.1149/1.1630593,2.814814815,302.55,1.494947943,BF4,0.0,0.8,0.0,0.0,0.2,0.0
10.1149/1.1630593,3.496296296,312.45,1.49421403,BF4,0.0,0.8,0.0,0.0,0.2,0.0
10.1149/1.1630593,4.222222222,322.35,1.49588667,BF4,0.0,0.8,0.0,0.0,0.2,0.0
10.1149/1.1630593,4.977777778,332.15,1.497627581,BF4,0.0,0.8,0.0,0.0,0.2,0.0
10.1149/1.1630593,0.088888889,233.75,1.65917392,BF4,0.0,0.8,0.0,0.0,0.2,0.0
10.1149/1.1630593,0.192592593,243.65,1.659412869,BF4,0.0,0.8,0.0,0.0,0.2,0.0
10.1149/1.1630593,0.392592593,253.35,1.657569551,BF4,0.0,0.8,0.0,0.0,0.2,0.0
10.1149/1.1630593,0.666666667,263.15,1.660505206,BF4,0.0,0.8,0.0,0.0,0.2,0.0
10.1149/1.1630593,1.02962963,272.95,1.656733231,BF4,0.0,0.8,0.0,0.0,0.2,0.0
10.1149/1.1630593,1.459259259,282.85,1.657723161,BF4,0.0,0.8,0.0,0.0,0.2,0.0
10.1149/1.1630593,1.97037037,292.65,1.661204984,BF4,0.0,0.8,0.0,0.0,0.2,0.0
10.1149/1.1630593,2.57037037,302.55,1.662587472,BF4,0.0,0.8,0.0,0.0,0.2,0.0
10.1149/1.1630593,3.207407407,312.45,1.659447005,BF4,0.0,0.8,0.0,0.0,0.2,0.0
10.1149/1.1630593,3.911111111,322.35,1.661068442,BF4,0.0,0.8,0.0,0.0,0.2,0.0
10.1149/1.1630593,4.674074074,332.15,1.665130568,BF4,0.0,0.8,0.0,0.0,0.2,0.0
10.1149/1.1630593,0.383615889,233.75,0.296791857,BF4,0.0,0.9,0.0,0.0,0.1,0.0
10.1149/1.1630593,0.642185373,243.65,0.302932805,BF4,0.0,0.9,0.0,0.0,0.1,0.0
10.1149/1.1630593,0.998886276,253.35,0.30087551,BF4,0.0,0.9,0.0,0.0,0.1,0.0
10.1149/1.1630593,1.411397104,263.15,0.303613414,BF4,0.0,0.9,0.0,0.0,0.1,0.0
10.1149/1.1630593,1.900878604,272.95,0.304649796,BF4,0.0,0.9,0.0,0.0,0.1,0.0
10.1149/1.1630593,2.425133028,282.85,0.312554139,BF4,0.0,0.9,0.0,0.0,0.1,0.0
10.1149/1.1630593,2.991523326,292.65,0.314100978,BF4,0.0,0.9,0.0,0.0,0.1,0.0
10.1149/1.1630593,3.557851751,302.55,0.317859795,BF4,0.0,0.9,0.0,0.0,0.1,0.0
10.1149/1.1630593,4.187229303,312.45,0.3176123,BF4,0.0,0.9,0.0,0.0,0.1,0.0
10.1149/1.1630593,4.8094914,322.35,0.321742359,BF4,0.0,0.9,0.0,0.0,0.1,0.0
10.1149/1.1630593,5.44567504,332.15,0.328177206,BF4,0.0,0.9,0.0,0.0,0.1,0.0
10.1149/1.1630593,0.402796684,233.75,0.361078456,BF4,0.0,0.9,0.0,0.0,0.1,0.0
10.1149/1.1630593,0.682403168,243.65,0.36514664,BF4,0.0,0.9,0.0,0.0,0.1,0.0
10.1149/1.1630593,1.04609578,253.35,0.363135751,BF4,0.0,0.9,0.0,0.0,0.1,0.0
10.1149/1.1630593,1.48651157,263.15,0.368271254,BF4,0.0,0.9,0.0,0.0,0.1,0.0
10.1149/1.1630593,1.989852741,272.95,0.373824403,BF4,0.0,0.9,0.0,0.0,0.1,0.0
10.1149/1.1630593,2.563234748,282.85,0.375417646,BF4,0.0,0.9,0.0,0.0,0.1,0.0
10.1149/1.1630593,3.164583591,292.65,0.37719651,BF4,0.0,0.9,0.0,0.0,0.1,0.0
10.1149/1.1630593,3.779915852,302.55,0.379068185,BF4,0.0,0.9,0.0,0.0,0.1,0.0
10.1149/1.1630593,4.444066328,312.45,0.385688652,BF4,0.0,0.9,0.0,0.0,0.1,0.0
10.1149/1.1630593,5.108340552,322.35,0.387885163,BF4,0.0,0.9,0.0,0.0,0.1,0.0
10.1149/1.1630593,5.80757332,332.15,0.390313699,BF4,0.0,0.9,0.0,0.0,0.1,0.0
10.1149/1.1630593,0.379717857,233.75,0.436146517,BF4,0.0,0.9,0.0,0.0,0.1,0.0
10.1149/1.1630593,0.673307759,243.65,0.440307511,BF4,0.0,0.9,0.0,0.0,0.1,0.0
10.1149/1.1630593,1.043868333,253.35,0.442766984,BF4,0.0,0.9,0.0,0.0,0.1,0.0
10.1149/1.1630593,1.505321124,263.15,0.445829724,BF4,0.0,0.9,0.0,0.0,0.1,0.0
10.1149/1.1630593,2.03662913,272.95,0.451568494,BF4,0.0,0.9,0.0,0.0,0.1,0.0
10.1149/1.1630593,2.652023264,282.85,0.45122819,BF4,0.0,0.9,0.0,0.0,0.1,0.0
10.1149/1.1630593,3.267355525,292.65,0.453099864,BF4,0.0,0.9,0.0,0.0,0.1,0.0
10.1149/1.1630593,3.959534711,302.55,0.457693974,BF4,0.0,0.9,0.0,0.0,0.1,0.0
10.1149/1.1630593,4.65177577,312.45,0.460076104,BF4,0.0,0.9,0.0,0.0,0.1,0.0
10.1149/1.1630593,5.364868209,322.35,0.467021408,BF4,0.0,0.9,0.0,0.0,0.1,0.0
10.1149/1.1630593,6.112981067,332.15,0.471986759,BF4,0.0,0.9,0.0,0.0,0.1,0.0
10.1149/1.1630593,0.356453409,233.75,0.517850514,BF4,0.0,0.9,0.0,0.0,0.1,0.0
10.1149/1.1630593,0.664088603,243.65,0.51989234,BF4,0.0,0.9,0.0,0.0,0.1,0.0
10.1149/1.1630593,1.048570721,253.35,0.524656602,BF4,0.0,0.9,0.0,0.0,0.1,0.0
10.1149/1.1630593,1.495978221,263.15,0.52983851,BF4,0.0,0.9,0.0,0.0,0.1,0.0
10.1149/1.1630593,2.041517139,272.95,0.526822175,BF4,0.0,0.9,0.0,0.0,0.1,0.0
10.1149/1.1630593,2.684754362,282.85,0.531091449,BF4,0.0,0.9,0.0,0.0,0.1,0.0
10.1149/1.1630593,3.334983294,292.65,0.535407128,BF4,0.0,0.9,0.0,0.0,0.1,0.0
10.1149/1.1630593,4.041269645,302.55,0.53567009,BF4,0.0,0.9,0.0,0.0,0.1,0.0
10.1149/1.1630593,4.775399084,312.45,0.540542631,BF4,0.0,0.9,0.0,0.0,0.1,0.0
10.1149/1.1630593,5.523511942,322.35,0.545507982,BF4,0.0,0.9,0.0,0.0,0.1,0.0
10.1149/1.1630593,6.320566762,332.15,0.550798169,BF4,0.0,0.9,0.0,0.0,0.1,0.0
10.1149/1.1630593,0.340180671,233.75,0.599600916,BF4,0.0,0.9,0.0,0.0,0.1,0.0
10.1149/1.1630593,0.63389432,243.65,0.599337953,BF4,0.0,0.9,0.0,0.0,0.1,0.0
10.1149/1.1630593,0.997401312,253.35,0.603963,BF4,0.0,0.9,0.0,0.0,0.1,0.0
10.1149/1.1630593,1.479829229,263.15,0.607164955,BF4,0.0,0.9,0.0,0.0,0.1,0.0
10.1149/1.1630593,2.0252444,272.95,0.608572578,BF4,0.0,0.9,0.0,0.0,0.1,0.0
10.1149/1.1630593,2.661551788,282.85,0.610583467,BF4,0.0,0.9,0.0,0.0,0.1,0.0
10.1149/1.1630593,3.332817721,292.65,0.612826383,BF4,0.0,0.9,0.0,0.0,0.1,0.0
10.1149/1.1630593,4.066885286,302.55,0.619910902,BF4,0.0,0.9,0.0,0.0,0.1,0.0
10.1149/1.1630593,4.808130182,312.45,0.62040589,BF4,0.0,0.9,0.0,0.0,0.1,0.0
10.1149/1.1630593,5.598193293,322.35,0.625649672,BF4,0.0,0.9,0.0,0.0,0.1,0.0
10.1149/1.1630593,6.423214949,332.15,0.63112548,BF4,0.0,0.9,0.0,0.0,0.1,0.0
10.1149/1.1630593,0.309924514,233.75,0.681258508,BF4,0.0,0.9,0.0,0.0,0.1,0.0
10.1149/1.1630593,0.58253929,243.65,0.685280287,BF4,0.0,0.9,0.0,0.0,0.1,0.0
10.1149/1.1630593,0.953161737,253.35,0.685527781,BF4,0.0,0.9,0.0,0.0,0.1,0.0
10.1149/1.1630593,1.414614528,263.15,0.688590521,BF4,0.0,0.9,0.0,0.0,0.1,0.0
10.1149/1.1630593,1.967021408,272.95,0.690044549,BF4,0.0,0.9,0.0,0.0,0.1,0.0
10.1149/1.1630593,2.610196758,282.85,0.696525801,BF4,0.0,0.9,0.0,0.0,0.1,0.0
10.1149/1.1630593,3.316359361,292.65,0.701212721,BF4,0.0,0.9,0.0,0.0,0.1,0.0
10.1149/1.1630593,4.029637421,302.55,0.701522089,BF4,0.0,0.9,0.0,0.0,0.1,0.0
10.1149/1.1630593,4.798787279,312.45,0.704414676,BF4,0.0,0.9,0.0,0.0,0.1,0.0
10.1149/1.1630593,5.616817226,322.35,0.709844079,BF4,0.0,0.9,0.0,0.0,0.1,0.0
10.1149/1.1630593,6.434847172,332.15,0.715273481,BF4,0.0,0.9,0.0,0.0,0.1,0.0
10.1149/1.1630593,0.265251825,233.75,0.77830714,BF4,0.0,0.9,0.0,0.0,0.1,0.0
10.1149/1.1630593,0.54485831,243.65,0.782375325,BF4,0.0,0.9,0.0,0.0,0.1,0.0
10.1149/1.1630593,0.894443757,253.35,0.784695582,BF4,0.0,0.9,0.0,0.0,0.1,0.0
10.1149/1.1630593,1.334983294,263.15,0.785407128,BF4,0.0,0.9,0.0,0.0,0.1,0.0
10.1149/1.1630593,1.901311719,272.95,0.789165945,BF4,0.0,0.9,0.0,0.0,0.1,0.0
10.1149/1.1630593,2.523573815,282.85,0.793296003,BF4,0.0,0.9,0.0,0.0,0.1,0.0
10.1149/1.1630593,3.215814874,292.65,0.795678134,BF4,0.0,0.9,0.0,0.0,0.1,0.0
10.1149/1.1630593,3.943014478,302.55,0.798292291,BF4,0.0,0.9,0.0,0.0,0.1,0.0
10.1149/1.1630593,4.719032298,312.45,0.805655241,BF4,0.0,0.9,0.0,0.0,0.1,0.0
10.1149/1.1630593,5.544115827,322.35,0.808919069,BF4,0.0,0.9,0.0,0.0,0.1,0.0
10.1149/1.1630593,6.404157901,332.15,0.812414924,BF4,0.0,0.9,0.0,0.0,0.1,0.0
10.1149/1.1630593,0.241306769,233.75,0.884342903,BF4,0.0,0.9,0.0,0.0,0.1,0.0
10.1149/1.1630593,0.479024873,243.65,0.885920678,BF4,0.0,0.9,0.0,0.0,0.1,0.0
10.1149/1.1630593,0.821680485,253.35,0.885982552,BF4,0.0,0.9,0.0,0.0,0.1,0.0
10.1149/1.1630593,1.241183022,263.15,0.888766861,BF4,0.0,0.9,0.0,0.0,0.1,0.0
10.1149/1.1630593,1.772614775,272.95,0.890081673,BF4,0.0,0.9,0.0,0.0,0.1,0.0
10.1149/1.1630593,2.415851999,282.85,0.894350947,BF4,0.0,0.9,0.0,0.0,0.1,0.0
10.1149/1.1630593,3.093985893,292.65,0.901064225,BF4,0.0,0.9,0.0,0.0,0.1,0.0
10.1149/1.1630593,3.828177206,302.55,0.903724787,BF4,0.0,0.9,0.0,0.0,0.1,0.0
10.1149/1.1630593,4.618178443,312.45,0.911180547,BF4,0.0,0.9,0.0,0.0,0.1,0.0
10.1149/1.1630593,5.429402302,322.35,0.909927608,BF4,0.0,0.9,0.0,0.0,0.1,0.0
10.1149/1.1630593,6.30336592,332.15,0.915728251,BF4,0.0,0.9,0.0,0.0,0.1,0.0
10.1149/1.1630593,0.210493751,233.75,0.985908303,BF4,0.0,0.9,0.0,0.0,0.1,0.0
10.1149/1.1630593,0.427236728,243.65,0.987346863,BF4,0.0,0.9,0.0,0.0,0.1,0.0
10.1149/1.1630593,0.762776884,253.35,0.991786289,BF4,0.0,0.9,0.0,0.0,0.1,0.0
10.1149/1.1630593,1.147259003,263.15,0.996550551,BF4,0.0,0.9,0.0,0.0,0.1,0.0
10.1149/1.1630593,1.671822794,272.95,0.993395001,BF4,0.0,0.9,0.0,0.0,0.1,0.0
10.1149/1.1630593,2.272924143,282.85,1.004021779,BF4,0.0,0.9,0.0,0.0,0.1,0.0
10.1149/1.1630593,2.944251949,292.65,1.004052716,BF4,0.0,0.9,0.0,0.0,0.1,0.0
10.1149/1.1630593,3.657468135,302.55,1.006574063,BF4,0.0,0.9,0.0,0.0,0.1,0.0
10.1149/1.1630593,4.440477664,312.45,1.013983418,BF4,0.0,0.9,0.0,0.0,0.1,0.0
10.1149/1.1630593,5.279544611,322.35,1.017340057,BF4,0.0,0.9,0.0,0.0,0.1,0.0
10.1149/1.1630593,6.153570103,332.15,1.020928722,BF4,0.0,0.9,0.0,0.0,0.1,0.0
10.1149/1.1630593,0.171946541,233.75,1.113971043,BF4,0.0,0.9,0.0,0.0,0.1,0.0
10.1149/1.1630593,0.353792847,243.65,1.112965598,BF4,0.0,0.9,0.0,0.0,0.1,0.0
10.1149/1.1630593,0.661428041,253.35,1.115007425,BF4,0.0,0.9,0.0,0.0,0.1,0.0
10.1149/1.1630593,1.038918451,263.15,1.119725282,BF4,0.0,0.9,0.0,0.0,0.1,0.0
10.1149/1.1630593,1.528276203,272.95,1.125185621,BF4,0.0,0.9,0.0,0.0,0.1,0.0
10.1149/1.1630593,2.101658211,282.85,1.126778864,BF4,0.0,0.9,0.0,0.0,0.1,0.0
10.1149/1.1630593,2.758940725,292.65,1.128928969,BF4,0.0,0.9,0.0,0.0,0.1,0.0
10.1149/1.1630593,3.465103329,302.55,1.133615889,BF4,0.0,0.9,0.0,0.0,0.1,0.0
10.1149/1.1630593,4.227199604,312.45,1.13867405,BF4,0.0,0.9,0.0,0.0,0.1,0.0
10.1149/1.1630593,5.038361589,322.35,1.13963309,BF4,0.0,0.9,0.0,0.0,0.1,0.0
10.1149/1.1630593,5.919255043,332.15,1.147692117,BF4,0.0,0.9,0.0,0.0,0.1,0.0
10.1149/1.1630593,0.118920926,233.75,1.259636802,BF4,0.0,0.9,0.0,0.0,0.1,0.0
10.1149/1.1630593,0.286783814,243.65,1.258538547,BF4,0.0,0.9,0.0,0.0,0.1,0.0
10.1149/1.1630593,0.552345007,253.35,1.2647259,BF4,0.0,0.9,0.0,0.0,0.1,0.0
10.1149/1.1630593,0.901930454,263.15,1.267046158,BF4,0.0,0.9,0.0,0.0,0.1,0.0
10.1149/1.1630593,1.335478282,272.95,1.267711298,BF4,0.0,0.9,0.0,0.0,0.1,0.0
10.1149/1.1630593,1.901868581,282.85,1.269258136,BF4,0.0,0.9,0.0,0.0,0.1,0.0
10.1149/1.1630593,2.531122386,292.65,1.2734346,BF4,0.0,0.9,0.0,0.0,0.1,0.0
10.1149/1.1630593,3.20925628,302.55,1.280147878,BF4,0.0,0.9,0.0,0.0,0.1,0.0
10.1149/1.1630593,3.957369137,312.45,1.285113229,BF4,0.0,0.9,0.0,0.0,0.1,0.0
10.1149/1.1630593,4.775584705,322.35,1.283906695,BF4,0.0,0.9,0.0,0.0,0.1,0.0
10.1149/1.1630593,5.62863507,332.15,1.287356144,BF4,0.0,0.9,0.0,0.0,0.1,0.0
10.1149/1.1630593,0.093924019,233.75,1.403276203,BF4,0.0,0.9,0.0,0.0,0.1,0.0
10.1149/1.1630593,0.226766489,243.65,1.404157901,BF4,0.0,0.9,0.0,0.0,0.1,0.0
10.1149/1.1630593,0.450501176,253.35,1.405642866,BF4,0.0,0.9,0.0,0.0,0.1,0.0
10.1149/1.1630593,0.77917337,263.15,1.405611929,BF4,0.0,0.9,0.0,0.0,0.1,0.0
10.1149/1.1630593,1.191684198,272.95,1.408349833,BF4,0.0,0.9,0.0,0.0,0.1,0.0
10.1149/1.1630593,1.695025368,282.85,1.413902982,BF4,0.0,0.9,0.0,0.0,0.1,0.0
10.1149/1.1630593,2.296436085,292.65,1.413469868,BF4,0.0,0.9,0.0,0.0,0.1,0.0
10.1149/1.1630593,2.953656726,302.55,1.417831951,BF4,0.0,0.9,0.0,0.0,0.1,0.0
10.1149/1.1630593,3.687786165,312.45,1.422704492,BF4,0.0,0.9,0.0,0.0,0.1,0.0
10.1149/1.1630593,4.477849276,322.35,1.427948274,BF4,0.0,0.9,0.0,0.0,0.1,0.0
10.1149/1.1630593,5.247061007,332.15,1.428628883,BF4,0.0,0.9,0.0,0.0,0.1,0.0
10.1149/1.1630593,0.068617745,233.75,1.557975498,BF4,0.0,0.9,0.0,0.0,0.1,0.0
10.1149/1.1630593,0.17349338,243.65,1.558671575,BF4,0.0,0.9,0.0,0.0,0.1,0.0
10.1149/1.1630593,0.362269521,253.35,1.559924514,BF4,0.0,0.9,0.0,0.0,0.1,0.0
10.1149/1.1630593,0.655921297,263.15,1.561873531,BF4,0.0,0.9,0.0,0.0,0.1,0.0
10.1149/1.1630593,1.026543745,272.95,1.562121025,BF4,0.0,0.9,0.0,0.0,0.1,0.0
10.1149/1.1630593,1.501918079,282.85,1.567488553,BF4,0.0,0.9,0.0,0.0,0.1,0.0
10.1149/1.1630593,2.047271377,292.65,1.571108155,BF4,0.0,0.9,0.0,0.0,0.1,0.0
10.1149/1.1630593,2.690570474,302.55,1.57316545,BF4,0.0,0.9,0.0,0.0,0.1,0.0
10.1149/1.1630593,3.389803242,312.45,1.575593986,BF4,0.0,0.9,0.0,0.0,0.1,0.0
10.1149/1.1630593,4.151899517,322.35,1.580652147,BF4,0.0,0.9,0.0,0.0,0.1,0.0
10.1149/1.1630593,4.97704492,332.15,1.581703997,BF4,0.0,0.9,0.0,0.0,0.1,0.0
10.1149/1.1630593,0.449833158,233.75,0.390044339,BF4,0.45,0.55,0.0,0.0,0.0,0.0
10.1149/1.1630593,0.803400832,243.65,0.390844266,BF4,0.45,0.55,0.0,0.0,0.0,0.0
10.1149/1.1630593,1.257896421,253.35,0.389610093,BF4,0.45,0.55,0.0,0.0,0.0,0.0
10.1149/1.1630593,1.833798053,263.15,0.393175481,BF4,0.45,0.55,0.0,0.0,0.0,0.0
10.1149/1.1630593,2.460026512,272.95,0.392329844,BF4,0.45,0.55,0.0,0.0,0.0,0.0
10.1149/1.1630593,3.187274306,282.85,0.391712758,BF4,0.45,0.55,0.0,0.0,0.0,0.0
10.1149/1.1630593,3.955021255,292.65,0.393449742,BF4,0.45,0.55,0.0,0.0,0.0,0.0
10.1149/1.1630593,4.783379805,302.55,0.395323856,BF4,0.45,0.55,0.0,0.0,0.0,0.0
10.1149/1.1630593,5.621748869,312.45,0.394958175,BF4,0.45,0.55,0.0,0.0,0.0,0.0
10.1149/1.1630593,6.490606573,322.35,0.39918636,BF4,0.45,0.55,0.0,0.0,0.0,0.0
10.1149/1.1630593,7.369474791,332.15,0.40117475,BF4,0.45,0.55,0.0,0.0,0.0,0.0
10.1149/1.1630593,0.436760068,233.75,0.56648535,BF4,0.45,0.55,0.0,0.0,0.0,0.0
10.1149/1.1630593,0.770215295,243.65,0.569502217,BF4,0.45,0.55,0.0,0.0,0.0,0.0
10.1149/1.1630593,1.254925264,253.35,0.566073959,BF4,0.45,0.55,0.0,0.0,0.0,0.0
10.1149/1.1630593,1.840928829,263.15,0.569662202,BF4,0.45,0.55,0.0,0.0,0.0,0.0
10.1149/1.1630593,2.537779403,272.95,0.5667139,BF4,0.45,0.55,0.0,0.0,0.0,0.0
10.1149/1.1630593,3.315719706,282.85,0.57073639,BF4,0.45,0.55,0.0,0.0,0.0,0.0
10.1149/1.1630593,4.18448599,292.65,0.572701924,BF4,0.45,0.55,0.0,0.0,0.0,0.0
10.1149/1.1630593,5.083466654,302.55,0.572473374,BF4,0.45,0.55,0.0,0.0,0.0,0.0
10.1149/1.1630593,6.023037894,312.45,0.576861544,BF4,0.45,0.55,0.0,0.0,0.0,0.0
10.1149/1.1630593,7.023037894,322.35,0.576861544,BF4,0.45,0.55,0.0,0.0,0.0,0.0
10.1149/1.1630593,8.023037894,332.15,0.576861544,BF4,0.45,0.55,0.0,0.0,0.0,0.0
10.1149/1.1630593,0.391095671,233.75,0.686291539,BF4,0.45,0.55,0.0,0.0,0.0,0.0
10.1149/1.1630593,0.724368058,243.65,0.684783106,BF4,0.45,0.55,0.0,0.0,0.0,0.0
10.1149/1.1630593,1.189057001,253.35,0.685834438,BF4,0.45,0.55,0.0,0.0,0.0,0.0
10.1149/1.1630593,1.774969146,263.15,0.687160031,BF4,0.45,0.55,0.0,0.0,0.0,0.0
10.1149/1.1630593,2.462083467,272.95,0.693239475,BF4,0.45,0.55,0.0,0.0,0.0,0.0
10.1149/1.1630593,3.30026969,282.85,0.688348494,BF4,0.45,0.55,0.0,0.0,0.0,0.0
10.1149/1.1630593,4.159025461,292.65,0.692553824,BF4,0.45,0.55,0.0,0.0,0.0,0.0
10.1149/1.1630593,5.118800567,302.55,0.696987704,BF4,0.45,0.55,0.0,0.0,0.0,0.0
10.1149/1.1630593,6.078392833,312.45,0.696896284,BF4,0.45,0.55,0.0,0.0,0.0,0.0
10.1149/1.1630593,7.108607213,322.35,0.694702199,BF4,0.45,0.55,0.0,0.0,0.0,0.0
10.1149/1.1630593,8.138913014,332.15,0.694770764,BF4,0.45,0.55,0.0,0.0,0.0,0.0
10.1149/1.1630593,0.325958769,233.75,0.82415322,BF4,0.45,0.55,0.0,0.0,0.0,0.0
10.1149/1.1630593,0.628925355,243.65,0.822576222,BF4,0.45,0.55,0.0,0.0,0.0,0.0
10.1149/1.1630593,1.083329524,253.35,0.819079398,BF4,0.45,0.55,0.0,0.0,0.0,0.0
10.1149/1.1630593,1.659322576,263.15,0.824907437,BF4,0.45,0.55,0.0,0.0,0.0,0.0
10.1149/1.1630593,2.346254057,272.95,0.826461581,BF4,0.45,0.55,0.0,0.0,0.0,0.0
10.1149/1.1630593,3.144215386,282.85,0.82600448,BF4,0.45,0.55,0.0,0.0,0.0,0.0
10.1149/1.1630593,4.023175024,292.65,0.830255519,BF4,0.45,0.55,0.0,0.0,0.0,0.0
10.1149/1.1630593,4.98276729,302.55,0.830164099,BF4,0.45,0.55,0.0,0.0,0.0,0.0
10.1149/1.1630593,5.98276729,312.45,0.830164099,BF4,0.45,0.55,0.0,0.0,0.0,0.0
10.1149/1.1630593,7.043287471,322.35,0.828038579,BF4,0.45,0.55,0.0,0.0,0.0,0.0
10.1149/1.1630593,8.103990492,332.15,0.83043836,BF4,0.45,0.55,0.0,0.0,0.0,0.0
10.1149/1.1630593,0.087626274,233.75,1.925423961,BF4,0.45,0.55,0.0,0.0,0.0,0.0
10.1149/1.1630593,0.239063857,243.65,1.923504137,BF4,0.45,0.55,0.0,0.0,0.0,0.0
10.1149/1.1630593,0.340174613,253.35,1.925995338,BF4,0.45,0.55,0.0,0.0,0.0,0.0
10.1149/1.1630593,0.582529597,263.15,1.924281209,BF4,0.45,0.55,0.0,0.0,0.0,0.0
10.1149/1.1630593,0.976505005,272.95,1.925172556,BF4,0.45,0.55,0.0,0.0,0.0,0.0
10.1149/1.1630593,1.491612195,282.85,1.924075513,BF4,0.45,0.55,0.0,0.0,0.0,0.0
10.1149/1.1630593,2.097728208,292.65,1.925446816,BF4,0.45,0.55,0.0,0.0,0.0,0.0
10.1149/1.1630593,2.805046396,302.55,1.931571971,BF4,0.45,0.55,0.0,0.0,0.0,0.0
10.1149/1.1630593,3.653517393,312.45,1.931229145,BF4,0.45,0.55,0.0,0.0,0.0,0.0
10.1149/1.1630593,4.582712438,322.35,1.928806509,BF4,0.45,0.55,0.0,0.0,0.0,0.0
10.1149/1.1630593,5.582803858,332.15,1.931069159,BF4,0.45,0.55,0.0,0.0,0.0,0.0
10.1149/1.1630593,0.435957566,233.75,0.278517588,BF4,0.0,0.6,0.0,0.0,0.4,0.0
10.1149/1.1630593,0.667001675,243.65,0.272710776,BF4,0.0,0.6,0.0,0.0,0.4,0.0
10.1149/1.1630593,0.933333333,253.35,0.271454495,BF4,0.0,0.6,0.0,0.0,0.4,0.0
10.1149/1.1630593,1.22892239,263.15,0.277135678,BF4,0.0,0.6,0.0,0.0,0.4,0.0
10.1149/1.1630593,1.566610832,272.95,0.268467337,BF4,0.0,0.6,0.0,0.0,0.4,0.0
10.1149/1.1630593,1.927526521,282.85,0.269123395,BF4,0.0,0.6,0.0,0.0,0.4,0.0
10.1149/1.1630593,2.318257956,292.65,0.264921831,BF4,0.0,0.6,0.0,0.0,0.4,0.0
10.1149/1.1630593,2.685315466,302.55,0.260831937,BF4,0.0,0.6,0.0,0.0,0.4,0.0
10.1149/1.1630593,3.111446119,312.45,0.258821887,BF4,0.0,0.6,0.0,0.0,0.4,0.0
10.1149/1.1630593,3.519821329,322.35,0.256895589,BF4,0.0,0.6,0.0,0.0,0.4,0.0
10.1149/1.1630593,3.922166387,332.15,0.257356226,BF4,0.0,0.6,0.0,0.0,0.4,0.0
10.1149/1.1630593,0.443886097,233.75,0.361027359,BF4,0.0,0.6,0.0,0.0,0.4,0.0
10.1149/1.1630593,0.68051368,243.65,0.362269682,BF4,0.0,0.6,0.0,0.0,0.4,0.0
10.1149/1.1630593,0.976884422,253.35,0.351437744,BF4,0.0,0.6,0.0,0.0,0.4,0.0
10.1149/1.1630593,1.314014517,263.15,0.354564489,BF4,0.0,0.6,0.0,0.0,0.4,0.0
10.1149/1.1630593,1.675041876,272.95,0.35286153,BF4,0.0,0.6,0.0,0.0,0.4,0.0
10.1149/1.1630593,2.089447236,282.85,0.348548297,BF4,0.0,0.6,0.0,0.0,0.4,0.0
10.1149/1.1630593,2.515354551,292.65,0.351256281,BF4,0.0,0.6,0.0,0.0,0.4,0.0
10.1149/1.1630593,2.941596873,302.55,0.346887214,BF4,0.0,0.6,0.0,0.0,0.4,0.0
10.1149/1.1630593,3.379564489,312.45,0.344821329,BF4,0.0,0.6,0.0,0.0,0.4,0.0
10.1149/1.1630593,3.823673925,322.35,0.338009492,BF4,0.0,0.6,0.0,0.0,0.4,0.0
10.1149/1.1630593,4.273366834,332.15,0.33824679,BF4,0.0,0.6,0.0,0.0,0.4,0.0
10.1149/1.1630593,0.380904523,233.75,0.441513121,BF4,0.0,0.6,0.0,0.0,0.4,0.0
10.1149/1.1630593,0.694472362,243.65,0.442392518,BF4,0.0,0.6,0.0,0.0,0.4,0.0
10.1149/1.1630593,1.002456728,253.35,0.436222781,BF4,0.0,0.6,0.0,0.0,0.4,0.0
10.1149/1.1630593,1.345616974,263.15,0.436962591,BF4,0.0,0.6,0.0,0.0,0.4,0.0
10.1149/1.1630593,1.748073702,272.95,0.43506421,BF4,0.0,0.6,0.0,0.0,0.4,0.0
10.1149/1.1630593,2.174316025,282.85,0.430695142,BF4,0.0,0.6,0.0,0.0,0.4,0.0
10.1149/1.1630593,2.624008934,292.65,0.43093244,BF4,0.0,0.6,0.0,0.0,0.4,0.0
10.1149/1.1630593,3.091792295,302.55,0.424008934,BF4,0.0,0.6,0.0,0.0,0.4,0.0
10.1149/1.1630593,3.571300949,312.45,0.41938861,BF4,0.0,0.6,0.0,0.0,0.4,0.0
10.1149/1.1630593,4.062423227,322.35,0.419430486,BF4,0.0,0.6,0.0,0.0,0.4,0.0
10.1149/1.1630593,4.518257956,332.15,0.414921831,BF4,0.0,0.6,0.0,0.0,0.4,0.0
10.1149/1.1630593,0.442099386,233.75,0.523771636,BF4,0.0,0.6,0.0,0.0,0.4,0.0
10.1149/1.1630593,0.696705751,243.65,0.520212172,BF4,0.0,0.6,0.0,0.0,0.4,0.0
10.1149/1.1630593,1.004578448,253.35,0.516401452,BF4,0.0,0.6,0.0,0.0,0.4,0.0
10.1149/1.1630593,1.365494137,263.15,0.51705751,BF4,0.0,0.6,0.0,0.0,0.4,0.0
10.1149/1.1630593,1.773869347,272.95,0.515131212,BF4,0.0,0.6,0.0,0.0,0.4,0.0
10.1149/1.1630593,2.223897264,282.85,0.508291457,BF4,0.0,0.6,0.0,0.0,0.4,0.0
10.1149/1.1630593,2.70318258,292.65,0.508389168,BF4,0.0,0.6,0.0,0.0,0.4,0.0
10.1149/1.1630593,3.194528197,302.55,0.503713009,BF4,0.0,0.6,0.0,0.0,0.4,0.0
10.1149/1.1630593,3.703517588,312.45,0.501312116,BF4,0.0,0.6,0.0,0.0,0.4,0.0
10.1149/1.1630593,4.200670017,322.35,0.498967058,BF4,0.0,0.6,0.0,0.0,0.4,0.0
10.1149/1.1630593,4.715801228,332.15,0.491820212,BF4,0.0,0.6,0.0,0.0,0.4,0.0
10.1149/1.1630593,0.402568398,233.75,0.608863763,BF4,0.0,0.6,0.0,0.0,0.4,0.0
10.1149/1.1630593,0.668900056,243.65,0.607607482,BF4,0.0,0.6,0.0,0.0,0.4,0.0
10.1149/1.1630593,0.982802903,253.35,0.601409827,BF4,0.0,0.6,0.0,0.0,0.4,0.0
10.1149/1.1630593,1.361585706,263.15,0.599623116,BF4,0.0,0.6,0.0,0.0,0.4,0.0
10.1149/1.1630593,1.781797878,272.95,0.597640983,BF4,0.0,0.6,0.0,0.0,0.4,0.0
10.1149/1.1630593,2.237409269,282.85,0.597850363,BF4,0.0,0.6,0.0,0.0,0.4,0.0
10.1149/1.1630593,2.728754886,292.65,0.593174204,BF4,0.0,0.6,0.0,0.0,0.4,0.0
10.1149/1.1630593,3.237855946,302.55,0.588414294,BF4,0.0,0.6,0.0,0.0,0.4,0.0
10.1149/1.1630593,3.75879397,312.45,0.583598548,BF4,0.0,0.6,0.0,0.0,0.4,0.0
10.1149/1.1630593,4.285427136,322.35,0.58347292,BF4,0.0,0.6,0.0,0.0,0.4,0.0
10.1149/1.1630593,4.830262423,332.15,0.573827471,BF4,0.0,0.6,0.0,0.0,0.4,0.0
10.1149/1.1630593,0.392964824,233.75,0.686739252,BF4,0.0,0.6,0.0,0.0,0.4,0.0
10.1149/1.1630593,0.647571189,243.65,0.683179788,BF4,0.0,0.6,0.0,0.0,0.4,0.0
10.1149/1.1630593,0.949413735,253.35,0.681756002,BF4,0.0,0.6,0.0,0.0,0.4,0.0
10.1149/1.1630593,1.339921831,263.15,0.682272473,BF4,0.0,0.6,0.0,0.0,0.4,0.0
10.1149/1.1630593,1.760245673,272.95,0.677931323,BF4,0.0,0.6,0.0,0.0,0.4,0.0
10.1149/1.1630593,2.233835846,282.85,0.673338917,BF4,0.0,0.6,0.0,0.0,0.4,0.0
10.1149/1.1630593,2.742713568,292.65,0.673297041,BF4,0.0,0.6,0.0,0.0,0.4,0.0
10.1149/1.1630593,3.251814629,302.55,0.66853713,BF4,0.0,0.6,0.0,0.0,0.4,0.0
10.1149/1.1630593,3.790619765,312.45,0.661278615,BF4,0.0,0.6,0.0,0.0,0.4,0.0
10.1149/1.1630593,4.346845338,322.35,0.6610134,BF4,0.0,0.6,0.0,0.0,0.4,0.0
10.1149/1.1630593,4.891457286,332.15,0.656085985,BF4,0.0,0.6,0.0,0.0,0.4,0.0
10.1149/1.1630593,0.359240648,233.75,0.774162479,BF4,0.0,0.6,0.0,0.0,0.4,0.0
10.1149/1.1630593,0.613847013,243.65,0.770603015,BF4,0.0,0.6,0.0,0.0,0.4,0.0
10.1149/1.1630593,0.915689559,253.35,0.769179229,BF4,0.0,0.6,0.0,0.0,0.4,0.0
10.1149/1.1630593,1.300279174,263.15,0.769723618,BF4,0.0,0.6,0.0,0.0,0.4,0.0
10.1149/1.1630593,1.720714685,272.95,0.763023451,BF4,0.0,0.6,0.0,0.0,0.4,0.0
10.1149/1.1630593,2.194193188,282.85,0.760790061,BF4,0.0,0.6,0.0,0.0,0.4,0.0
10.1149/1.1630593,2.70307091,292.65,0.760748185,BF4,0.0,0.6,0.0,0.0,0.4,0.0
10.1149/1.1630593,3.235734227,302.55,0.758235623,BF4,0.0,0.6,0.0,0.0,0.4,0.0
10.1149/1.1630593,3.798213289,312.45,0.750865438,BF4,0.0,0.6,0.0,0.0,0.4,0.0
10.1149/1.1630593,4.348632049,322.35,0.748269123,BF4,0.0,0.6,0.0,0.0,0.4,0.0
10.1149/1.1630593,4.922836404,332.15,0.743202122,BF4,0.0,0.6,0.0,0.0,0.4,0.0
10.1149/1.1630593,0.325069793,233.75,0.871021776,BF4,0.0,0.6,0.0,0.0,0.4,0.0
10.1149/1.1630593,0.561809045,243.65,0.869905081,BF4,0.0,0.6,0.0,0.0,0.4,0.0
10.1149/1.1630593,0.869458403,253.35,0.870812395,BF4,0.0,0.6,0.0,0.0,0.4,0.0
10.1149/1.1630593,1.254271357,263.15,0.866638749,BF4,0.0,0.6,0.0,0.0,0.4,0.0
10.1149/1.1630593,1.674706868,272.95,0.859938582,BF4,0.0,0.6,0.0,0.0,0.4,0.0
10.1149/1.1630593,2.142043551,282.85,0.862451145,BF4,0.0,0.6,0.0,0.0,0.4,0.0
10.1149/1.1630593,2.651144612,292.65,0.857691234,BF4,0.0,0.6,0.0,0.0,0.4,0.0
10.1149/1.1630593,3.183807929,302.55,0.855178671,BF4,0.0,0.6,0.0,0.0,0.4,0.0
10.1149/1.1630593,3.752093802,312.45,0.850139587,BF4,0.0,0.6,0.0,0.0,0.4,0.0
10.1149/1.1630593,4.3319933,322.35,0.849762702,BF4,0.0,0.6,0.0,0.0,0.4,0.0
10.1149/1.1630593,4.906309324,332.15,0.842336683,BF4,0.0,0.6,0.0,0.0,0.4,0.0
10.1149/1.1630593,0.290340592,233.75,0.979676159,BF4,0.0,0.6,0.0,0.0,0.4,0.0
10.1149/1.1630593,0.515354551,243.65,0.976256281,BF4,0.0,0.6,0.0,0.0,0.4,0.0
10.1149/1.1630593,0.811390285,253.35,0.972501396,BF4,0.0,0.6,0.0,0.0,0.4,0.0
10.1149/1.1630593,1.172529313,263.15,0.968439419,BF4,0.0,0.6,0.0,0.0,0.4,0.0
10.1149/1.1630593,1.592741485,272.95,0.966457286,BF4,0.0,0.6,0.0,0.0,0.4,0.0
10.1149/1.1630593,2.060301508,282.85,0.964251815,BF4,0.0,0.6,0.0,0.0,0.4,0.0
10.1149/1.1630593,2.581127862,292.65,0.961795087,BF4,0.0,0.6,0.0,0.0,0.4,0.0
10.1149/1.1630593,3.119821329,302.55,0.956895589,BF4,0.0,0.6,0.0,0.0,0.4,0.0
10.1149/1.1630593,3.699944165,312.45,0.95180067,BF4,0.0,0.6,0.0,0.0,0.4,0.0
10.1149/1.1630593,4.27414852,322.35,0.946733668,BF4,0.0,0.6,0.0,0.0,0.4,0.0
10.1149/1.1630593,4.86599665,332.15,0.943941932,BF4,0.0,0.6,0.0,0.0,0.4,0.0
10.1149/1.1630593,0.249804578,233.75,1.085999442,BF4,0.0,0.6,0.0,0.0,0.4,0.0
10.1149/1.1630593,0.474706868,243.65,1.084938582,BF4,0.0,0.6,0.0,0.0,0.4,0.0
10.1149/1.1630593,0.752763819,253.35,1.085985483,BF4,0.0,0.6,0.0,0.0,0.4,0.0
10.1149/1.1630593,1.096147404,263.15,1.082007259,BF4,0.0,0.6,0.0,0.0,0.4,0.0
10.1149/1.1630593,1.516359576,272.95,1.080025126,BF4,0.0,0.6,0.0,0.0,0.4,0.0
10.1149/1.1630593,1.972194305,282.85,1.075516471,BF4,0.0,0.6,0.0,0.0,0.4,0.0
10.1149/1.1630593,2.487213847,292.65,1.070728643,BF4,0.0,0.6,0.0,0.0,0.4,0.0
10.1149/1.1630593,3.025683975,302.55,1.07054718,BF4,0.0,0.6,0.0,0.0,0.4,0.0
10.1149/1.1630593,3.588163037,312.45,1.063176996,BF4,0.0,0.6,0.0,0.0,0.4,0.0
10.1149/1.1630593,4.180122836,322.35,1.058026242,BF4,0.0,0.6,0.0,0.0,0.4,0.0
10.1149/1.1630593,4.777889447,332.15,1.055206588,BF4,0.0,0.6,0.0,0.0,0.4,0.0
10.1149/1.1630593,0.207816862,233.75,1.22298995,BF4,0.0,0.6,0.0,0.0,0.4,0.0
10.1149/1.1630593,0.403015075,243.65,1.224427694,BF4,0.0,0.6,0.0,0.0,0.4,0.0
10.1149/1.1630593,0.669346734,253.35,1.223171413,BF4,0.0,0.6,0.0,0.0,0.4,0.0
10.1149/1.1630593,0.994974874,263.15,1.21927694,BF4,0.0,0.6,0.0,0.0,0.4,0.0
10.1149/1.1630593,1.391289782,272.95,1.222124511,BF4,0.0,0.6,0.0,0.0,0.4,0.0
10.1149/1.1630593,1.853154662,282.85,1.215228922,BF4,0.0,0.6,0.0,0.0,0.4,0.0
10.1149/1.1630593,2.338470128,292.65,1.212939698,BF4,0.0,0.6,0.0,0.0,0.4,0.0
10.1149/1.1630593,2.871356784,302.55,1.205709101,BF4,0.0,0.6,0.0,0.0,0.4,0.0
10.1149/1.1630593,3.4453378,312.45,1.205360134,BF4,0.0,0.6,0.0,0.0,0.4,0.0
10.1149/1.1630593,4.025572306,322.35,1.197906198,BF4,0.0,0.6,0.0,0.0,0.4,0.0
10.1149/1.1630593,4.647012842,332.15,1.194974874,BF4,0.0,0.6,0.0,0.0,0.4,0.0
10.1149/1.1630593,0.160245673,233.75,1.352931323,BF4,0.0,0.6,0.0,0.0,0.4,0.0
10.1149/1.1630593,0.349637074,243.65,1.352037968,BF4,0.0,0.6,0.0,0.0,0.4,0.0
10.1149/1.1630593,0.598213289,253.35,1.350865438,BF4,0.0,0.6,0.0,0.0,0.4,0.0
10.1149/1.1630593,0.912116136,263.15,1.344667783,BF4,0.0,0.6,0.0,0.0,0.4,0.0
10.1149/1.1630593,1.284868788,272.95,1.345268007,BF4,0.0,0.6,0.0,0.0,0.4,0.0
10.1149/1.1630593,1.734561697,282.85,1.345505304,BF4,0.0,0.6,0.0,0.0,0.4,0.0
10.1149/1.1630593,2.226018984,292.65,1.338470128,BF4,0.0,0.6,0.0,0.0,0.4,0.0
10.1149/1.1630593,2.723171413,302.55,1.33612507,BF4,0.0,0.6,0.0,0.0,0.4,0.0
10.1149/1.1630593,3.291122278,312.45,1.338163037,BF4,0.0,0.6,0.0,0.0,0.4,0.0
10.1149/1.1630593,3.877275265,322.35,1.330681184,BF4,0.0,0.6,0.0,0.0,0.4,0.0
10.1149/1.1630593,4.469235064,332.15,1.32553043,BF4,0.0,0.6,0.0,0.0,0.4,0.0
10.1149/1.1630593,0.12998325,233.75,1.492225014,BF4,0.0,0.6,0.0,0.0,0.4,0.0
10.1149/1.1630593,0.289782245,243.65,1.491471245,BF4,0.0,0.6,0.0,0.0,0.4,0.0
10.1149/1.1630593,0.508877722,253.35,1.488079285,BF4,0.0,0.6,0.0,0.0,0.4,0.0
10.1149/1.1630593,0.822445561,263.15,1.488958682,BF4,0.0,0.6,0.0,0.0,0.4,0.0
10.1149/1.1630593,1.165829146,272.95,1.484980458,BF4,0.0,0.6,0.0,0.0,0.4,0.0
10.1149/1.1630593,1.585929648,282.85,1.485357342,BF4,0.0,0.6,0.0,0.0,0.4,0.0
10.1149/1.1630593,2.05360134,292.65,1.480792853,BF4,0.0,0.6,0.0,0.0,0.4,0.0
10.1149/1.1630593,2.568509213,302.55,1.478364042,BF4,0.0,0.6,0.0,0.0,0.4,0.0
10.1149/1.1630593,3.125069793,312.45,1.471021776,BF4,0.0,0.6,0.0,0.0,0.4,0.0
10.1149/1.1630593,3.704969291,322.35,1.470644891,BF4,0.0,0.6,0.0,0.0,0.4,0.0
10.1149/1.1630593,4.326521496,332.15,1.465354551,BF4,0.0,0.6,0.0,0.0,0.4,0.0
10.1149/1.1630593,0.08654383,233.75,1.659882747,BF4,0.0,0.6,0.0,0.0,0.4,0.0
10.1149/1.1630593,0.228699051,243.65,1.656853713,BF4,0.0,0.6,0.0,0.0,0.4,0.0
10.1149/1.1630593,0.429704076,253.35,1.660622557,BF4,0.0,0.6,0.0,0.0,0.4,0.0
10.1149/1.1630593,0.696147404,263.15,1.657007259,BF4,0.0,0.6,0.0,0.0,0.4,0.0
10.1149/1.1630593,1.033612507,272.95,1.653056951,BF4,0.0,0.6,0.0,0.0,0.4,0.0
10.1149/1.1630593,1.424232272,282.85,1.651214405,BF4,0.0,0.6,0.0,0.0,0.4,0.0
10.1149/1.1630593,1.874036851,292.65,1.649092686,BF4,0.0,0.6,0.0,0.0,0.4,0.0
10.1149/1.1630593,2.365159129,302.55,1.649134562,BF4,0.0,0.6,0.0,0.0,0.4,0.0
10.1149/1.1630593,2.903852596,312.45,1.644235064,BF4,0.0,0.6,0.0,0.0,0.4,0.0
10.1149/1.1630593,3.489782245,322.35,1.641471245,BF4,0.0,0.6,0.0,0.0,0.4,0.0
10.1149/1.1630593,4.105415969,332.15,1.636208822,BF4,0.0,0.6,0.0,0.0,0.4,0.0
10.1149/1.1630593,0.035957566,233.75,1.853517588,BF4,0.0,0.6,0.0,0.0,0.4,0.0
10.1149/1.1630593,0.166275824,243.65,1.850544389,BF4,0.0,0.6,0.0,0.0,0.4,0.0
10.1149/1.1630593,0.332104969,253.35,1.847403685,BF4,0.0,0.6,0.0,0.0,0.4,0.0
10.1149/1.1630593,0.580569514,263.15,1.848590173,BF4,0.0,0.6,0.0,0.0,0.4,0.0
10.1149/1.1630593,0.88241206,272.95,1.847166387,BF4,0.0,0.6,0.0,0.0,0.4,0.0
10.1149/1.1630593,1.249357901,282.85,1.845435511,BF4,0.0,0.6,0.0,0.0,0.4,0.0
10.1149/1.1630593,1.669681742,292.65,1.841094361,BF4,0.0,0.6,0.0,0.0,0.4,0.0
10.1149/1.1630593,2.11948632,302.55,1.838972641,BF4,0.0,0.6,0.0,0.0,0.4,0.0
10.1149/1.1630593,2.675823562,312.45,1.836348409,BF4,0.0,0.6,0.0,0.0,0.4,0.0
10.1149/1.1630593,3.238190955,322.35,1.831337242,BF4,0.0,0.6,0.0,0.0,0.4,0.0
10.1149/1.1630593,3.830150754,332.15,1.826186488,BF4,0.0,0.6,0.0,0.0,0.4,0.0
10.1149/1.1630593,0.015745394,233.75,2.030499721,BF4,0.0,0.6,0.0,0.0,0.4,0.0
10.1149/1.1630593,0.110329425,243.65,2.03241206,BF4,0.0,0.6,0.0,0.0,0.4,0.0
10.1149/1.1630593,0.258291457,253.35,2.031714126,BF4,0.0,0.6,0.0,0.0,0.4,0.0
10.1149/1.1630593,0.477163596,263.15,2.033040201,BF4,0.0,0.6,0.0,0.0,0.4,0.0
10.1149/1.1630593,0.755555556,272.95,2.02701005,BF4,0.0,0.6,0.0,0.0,0.4,0.0
10.1149/1.1630593,1.104745952,282.85,2.025362926,BF4,0.0,0.6,0.0,0.0,0.4,0.0
10.1149/1.1630593,1.489558906,292.65,2.02118928,BF4,0.0,0.6,0.0,0.0,0.4,0.0
10.1149/1.1630593,1.945281965,302.55,2.019039643,BF4,0.0,0.6,0.0,0.0,0.4,0.0
10.1149/1.1630593,2.454159687,312.45,2.018997767,BF4,0.0,0.6,0.0,0.0,0.4,0.0
10.1149/1.1630593,2.998659966,322.35,2.016429369,BF4,0.0,0.6,0.0,0.0,0.4,0.0
10.1149/1.1630593,3.590508096,332.15,2.013637633,BF4,0.0,0.6,0.0,0.0,0.4,0.0
10.1149/1.1630593,1.392055268,253.35,0.407407407,BF4,0.6,0.4,0.0,0.0,0.0,0.0
10.1149/1.1630593,1.993283439,263.15,0.409722222,BF4,0.6,0.4,0.0,0.0,0.0,0.0
10.1149/1.1630593,2.66705047,272.95,0.412037037,BF4,0.6,0.4,0.0,0.0,0.0,0.0
10.1149/1.1630593,3.454231434,282.85,0.407407407,BF4,0.6,0.4,0.0,0.0,0.0,0.0
10.1149/1.1630593,4.262329687,292.65,0.405092593,BF4,0.6,0.4,0.0,0.0,0.0,0.0
10.1149/1.1630593,5.153713299,302.55,0.407407407,BF4,0.6,0.4,0.0,0.0,0.0,0.0
10.1149/1.1630593,6.034350413,312.45,0.405092593,BF4,0.6,0.4,0.0,0.0,0.0,0.0
10.1149/1.1630593,6.956246402,322.35,0.400462963,BF4,0.6,0.4,0.0,0.0,0.0,0.0
10.1149/1.1630593,7.909806179,332.15,0.402777778,BF4,0.6,0.4,0.0,0.0,0.0,0.0
10.1149/1.1630593,0.855306083,243.65,0.55787037,BF4,0.6,0.4,0.0,0.0,0.0,0.0
10.1149/1.1630593,1.414891576,253.35,0.55787037,BF4,0.6,0.4,0.0,0.0,0.0,0.0
10.1149/1.1630593,2.005181347,263.15,0.553240741,BF4,0.6,0.4,0.0,0.0,0.0,0.0
10.1149/1.1630593,2.731145653,272.95,0.560185185,BF4,0.6,0.4,0.0,0.0,0.0,0.0
10.1149/1.1630593,3.570140088,282.85,0.555555556,BF4,0.6,0.4,0.0,0.0,0.0,0.0
10.1149/1.1630593,4.481865285,292.65,0.553240741,BF4,0.6,0.4,0.0,0.0,0.0,0.0
10.1149/1.1630593,5.424678565,302.55,0.550925926,BF4,0.6,0.4,0.0,0.0,0.0,0.0
10.1149/1.1630593,6.440414508,312.45,0.553240741,BF4,0.6,0.4,0.0,0.0,0.0,0.0
10.1149/1.1630593,7.455958549,322.35,0.553240741,BF4,0.6,0.4,0.0,0.0,0.0,0.0
10.1149/1.1630593,8.512953368,332.15,0.553240741,BF4,0.6,0.4,0.0,0.0,0.0,0.0
10.1149/1.1630593,1.321051622,253.35,0.675925926,BF4,0.6,0.4,0.0,0.0,0.0,0.0
10.1149/1.1630593,1.96373057,263.15,0.678240741,BF4,0.6,0.4,0.0,0.0,0.0,0.0
10.1149/1.1630593,2.709652658,272.95,0.675925926,BF4,0.6,0.4,0.0,0.0,0.0,0.0
10.1149/1.1630593,3.55939359,282.85,0.675925926,BF4,0.6,0.4,0.0,0.0,0.0,0.0
10.1149/1.1630593,4.512569564,292.65,0.673611111,BF4,0.6,0.4,0.0,0.0,0.0,0.0
10.1149/1.1630593,5.476300134,302.55,0.673611111,BF4,0.6,0.4,0.0,0.0,0.0,0.0
10.1149/1.1630593,6.522932259,312.45,0.673611111,BF4,0.6,0.4,0.0,0.0,0.0,0.0
10.1149/1.1630593,7.61101516,322.35,0.673611111,BF4,0.6,0.4,0.0,0.0,0.0,0.0
10.1149/1.1630593,8.678180771,332.15,0.671296296,BF4,0.6,0.4,0.0,0.0,0.0,0.0
10.1149/1.1630593,0.752062944,243.65,0.8125,BF4,0.6,0.4,0.0,0.0,0.0,0.0
10.1149/1.1630593,1.218384187,253.35,0.8125,BF4,0.6,0.4,0.0,0.0,0.0,0.0
10.1149/1.1630593,1.85050854,263.15,0.8125,BF4,0.6,0.4,0.0,0.0,0.0,0.0
10.1149/1.1630593,2.575897141,272.95,0.8125,BF4,0.6,0.4,0.0,0.0,0.0,0.0
10.1149/1.1630593,3.435808866,282.85,0.810185185,BF4,0.6,0.4,0.0,0.0,0.0,0.0
10.1149/1.1630593,4.368259451,292.65,0.80787037,BF4,0.6,0.4,0.0,0.0,0.0,0.0
10.1149/1.1630593,5.373824602,302.55,0.8125,BF4,0.6,0.4,0.0,0.0,0.0,0.0
10.1149/1.1630593,6.43081942,312.45,0.8125,BF4,0.6,0.4,0.0,0.0,0.0,0.0
10.1149/1.1630593,7.559969296,322.35,0.80787037,BF4,0.6,0.4,0.0,0.0,0.0,0.0
10.1149/1.1630593,8.678948378,332.15,0.805555556,BF4,0.6,0.4,0.0,0.0,0.0,0.0
10.1149/1.1630593,0.192477452,233.75,1.9375,BF4,0.6,0.4,0.0,0.0,0.0,0.0
10.1149/1.1630593,0.317021685,243.65,1.939814815,BF4,0.6,0.4,0.0,0.0,0.0,0.0
10.1149/1.1630593,0.482632892,253.35,1.9375,BF4,0.6,0.4,0.0,0.0,0.0,0.0
10.1149/1.1630593,0.731145653,263.15,1.935185185,BF4,0.6,0.4,0.0,0.0,0.0,0.0
10.1149/1.1630593,1.176741508,272.95,1.935185185,BF4,0.6,0.4,0.0,0.0,0.0,0.0
10.1149/1.1630593,1.715601612,282.85,1.935185185,BF4,0.6,0.4,0.0,0.0,0.0,0.0
10.1149/1.1630593,2.378814047,292.65,1.935185185,BF4,0.6,0.4,0.0,0.0,0.0,0.0
10.1149/1.1630593,3.176741508,302.55,1.935185185,BF4,0.6,0.4,0.0,0.0,0.0,0.0
10.1149/1.1630593,4.088658607,312.45,1.935185185,BF4,0.6,0.4,0.0,0.0,0.0,0.0
10.1149/1.1630593,5.093648052,322.35,1.93287037,BF4,0.6,0.4,0.0,0.0,0.0,0.0
10.1149/1.1630593,6.150834773,332.15,1.935185185,BF4,0.6,0.4,0.0,0.0,0.0,0.0
10.1149/2.0271802jes,6.826225455,273.0330409,1.2,PF6,0.25,0.0,0.7,0.05,0.0,0.0
10.1149/2.0271802jes,7.76113726,278.0622807,1.2,PF6,0.25,0.0,0.7,0.05,0.0,0.0
10.1149/2.0271802jes,8.761089716,283.0915205,1.2,PF6,0.25,0.0,0.7,0.05,0.0,0.0
10.1149/2.0271802jes,9.826273,288.0038012,1.2,PF6,0.25,0.0,0.7,0.05,0.0,0.0
10.1149/2.0271802jes,10.92359625,293.15,1.2,PF6,0.25,0.0,0.7,0.05,0.0,0.0
10.1149/2.0271802jes,12.08634051,298.0622807,1.2,PF6,0.25,0.0,0.7,0.05,0.0,0.0
10.1149/2.0271802jes,13.11881329,303.0915205,1.2,PF6,0.25,0.0,0.7,0.05,0.0,0.0
10.1149/2.0271802jes,13.9236438,308.1207602,1.2,PF6,0.25,0.0,0.7,0.05,0.0,0.0
10.1149/2.0271802jes,14.69614415,313.0330409,1.2,PF6,0.25,0.0,0.7,0.05,0.0,0.0
10.1149/2.0271802jes,6.388888889,273.15,0.491071429,PF6,0.3,0.0,0.7,0.0,0.0,0.0
10.1149/2.0271802jes,7.685185185,283.15,0.491071429,PF6,0.3,0.0,0.7,0.0,0.0,0.0
10.1149/2.0271802jes,9.351851852,293.15,0.491071429,PF6,0.3,0.0,0.7,0.0,0.0,0.0
10.1149/2.0271802jes,10.92592593,303.15,0.491071429,PF6,0.3,0.0,0.7,0.0,0.0,0.0
10.1149/2.0271802jes,12.40740741,313.15,0.5,PF6,0.3,0.0,0.7,0.0,0.0,0.0
10.1149/2.0271802jes,7.222222222,273.15,1.0,PF6,0.3,0.0,0.7,0.0,0.0,0.0
10.1149/2.0271802jes,9.074074074,283.15,1.0,PF6,0.3,0.0,0.7,0.0,0.0,0.0
10.1149/2.0271802jes,11.11111111,293.15,1.0,PF6,0.3,0.0,0.7,0.0,0.0,0.0
10.1149/2.0271802jes,13.14814815,303.15,1.0,PF6,0.3,0.0,0.7,0.0,0.0,0.0
10.1149/2.0271802jes,14.90740741,313.15,1.0,PF6,0.3,0.0,0.7,0.0,0.0,0.0
10.1149/2.0271802jes,6.388888889,273.15,1.5,PF6,0.3,0.0,0.7,0.0,0.0,0.0
10.1149/2.0271802jes,8.425925926,283.15,1.5,PF6,0.3,0.0,0.7,0.0,0.0,0.0
10.1149/2.0271802jes,10.64814815,293.15,1.5,PF6,0.3,0.0,0.7,0.0,0.0,0.0
10.1149/2.0271802jes,12.87037037,303.15,1.5,PF6,0.3,0.0,0.7,0.0,0.0,0.0
10.1149/2.0271802jes,15.37037037,313.15,1.5,PF6,0.3,0.0,0.7,0.0,0.0,0.0
10.1149/2.0271802jes,5.092592593,273.15,2.0,PF6,0.3,0.0,0.7,0.0,0.0,0.0
10.1149/2.0271802jes,7.037037037,283.15,2.0,PF6,0.3,0.0,0.7,0.0,0.0,0.0
10.1149/2.0271802jes,9.351851852,293.15,2.0,PF6,0.3,0.0,0.7,0.0,0.0,0.0
10.1149/2.0271802jes,11.75925926,303.15,2.0,PF6,0.3,0.0,0.7,0.0,0.0,0.0
10.1149/2.0271802jes,13.98148148,313.15,2.0,PF6,0.3,0.0,0.7,0.0,0.0,0.0
10.1149/2.0271802jes,4.814814815,273.15,0.5,PF6,0.3,0.0,0.0,0.7,0.0,0.0
10.1149/2.0271802jes,5.703703704,283.15,0.49137931,PF6,0.3,0.0,0.0,0.7,0.0,0.0
10.1149/2.0271802jes,6.814814815,293.15,0.49137931,PF6,0.3,0.0,0.0,0.7,0.0,0.0
10.1149/2.0271802jes,7.851851852,303.15,0.49137931,PF6,0.3,0.0,0.0,0.7,0.0,0.0
10.1149/2.0271802jes,8.962962963,313.15,0.49137931,PF6,0.3,0.0,0.0,0.7,0.0,0.0
10.1149/2.0271802jes,5.111111111,273.15,1.0,PF6,0.3,0.0,0.0,0.7,0.0,0.0
10.1149/2.0271802jes,6.444444444,283.15,1.0,PF6,0.3,0.0,0.0,0.7,0.0,0.0
10.1149/2.0271802jes,7.851851852,293.15,1.0,PF6,0.3,0.0,0.0,0.7,0.0,0.0
10.1149/2.0271802jes,9.481481481,303.15,1.0,PF6,0.3,0.0,0.0,0.7,0.0,0.0
10.1149/2.0271802jes,10.96296296,313.15,1.0,PF6,0.3,0.0,0.0,0.7,0.0,0.0
10.1149/2.0271802jes,4.296296296,273.15,1.50862069,PF6,0.3,0.0,0.0,0.7,0.0,0.0
10.1149/2.0271802jes,5.481481481,283.15,1.50862069,PF6,0.3,0.0,0.0,0.7,0.0,0.0
10.1149/2.0271802jes,7.037037037,293.15,1.50862069,PF6,0.3,0.0,0.0,0.7,0.0,0.0
10.1149/2.0271802jes,8.518518519,303.15,1.50862069,PF6,0.3,0.0,0.0,0.7,0.0,0.0
10.1149/2.0271802jes,10.07407407,313.15,1.5,PF6,0.3,0.0,0.0,0.7,0.0,0.0
10.1149/2.0271802jes,3.259259259,273.15,2.00862069,PF6,0.3,0.0,0.0,0.7,0.0,0.0
10.1149/2.0271802jes,4.592592593,283.15,2.00862069,PF6,0.3,0.0,0.0,0.7,0.0,0.0
10.1149/2.0271802jes,6.148148148,293.15,2.00862069,PF6,0.3,0.0,0.0,0.7,0.0,0.0
10.1149/2.0271802jes,7.851851852,303.15,2.00862069,PF6,0.3,0.0,0.0,0.7,0.0,0.0
10.1149/2.0271802jes,9.703703704,313.15,2.00862069,PF6,0.3,0.0,0.0,0.7,0.0,0.0
10.1149/2.0981803jes,,273.15,0.5,PF6,0.0,0.0,1.0,0.0,0.0,0.0
10.1149/2.0981803jes,4.28,273.15,0.5,PF6,0.1,0.0,0.9,0.0,0.0,0.0
10.1149/2.0981803jes,5.96,273.15,0.5,PF6,0.2,0.0,0.8,0.0,0.0,0.0
10.1149/2.0981803jes,6.47,273.15,0.5,PF6,0.3,0.0,0.7,0.0,0.0,0.0
10.1149/2.0981803jes,1.12,273.15,0.5,PF6,0.0,0.0,0.0,1.0,0.0,0.0
10.1149/2.0981803jes,2.55,273.15,0.5,PF6,0.1,0.0,0.0,0.9,0.0,0.0
10.1149/2.0981803jes,3.68,273.15,0.5,PF6,0.2,0.0,0.0,0.8,0.0,0.0
10.1149/2.0981803jes,4.75,273.15,0.5,PF6,0.3,0.0,0.0,0.7,0.0,0.0
10.1149/2.0981803jes,5.73,273.15,1.0,PF6,0.0,0.0,1.0,0.0,0.0,0.0
10.1149/2.0981803jes,6.52,273.15,1.0,PF6,0.1,0.0,0.9,0.0,0.0,0.0
10.1149/2.0981803jes,7.32,273.15,1.0,PF6,0.2,0.0,0.8,0.0,0.0,0.0
10.1149/2.0981803jes,7.19,273.15,1.0,PF6,0.3,0.0,0.7,0.0,0.0,0.0
10.1149/2.0981803jes,2.99,273.15,1.0,PF6,0.0,0.0,0.0,1.0,0.0,0.0
10.1149/2.0981803jes,3.58,273.15,1.0,PF6,0.1,0.0,0.0,0.9,0.0,0.0
10.1149/2.0981803jes,4.84,273.15,1.0,PF6,0.2,0.0,0.0,0.8,0.0,0.0
10.1149/2.0981803jes,5.13,273.15,1.0,PF6,0.3,0.0,0.0,0.7,0.0,0.0
10.1149/2.0981803jes,6.09,273.15,1.5,PF6,0.0,0.0,1.0,0.0,0.0,0.0
10.1149/2.0981803jes,6.64,273.15,1.5,PF6,0.1,0.0,0.9,0.0,0.0,0.0
10.1149/2.0981803jes,6.45,273.15,1.5,PF6,0.2,0.0,0.8,0.0,0.0,0.0
10.1149/2.0981803jes,6.42,273.15,1.5,PF6,0.3,0.0,0.7,0.0,0.0,0.0
10.1149/2.0981803jes,3.46,273.15,1.5,PF6,0.0,0.0,0.0,1.0,0.0,0.0
10.1149/2.0981803jes,4.22,273.15,1.5,PF6,0.1,0.0,0.0,0.9,0.0,0.0
10.1149/2.0981803jes,4.86,273.15,1.5,PF6,0.2,0.0,0.0,0.8,0.0,0.0
10.1149/2.0981803jes,4.36,273.15,1.5,PF6,0.3,0.0,0.0,0.7,0.0,0.0
10.1149/2.0981803jes,6.19,273.15,2.0,PF6,0.0,0.0,1.0,0.0,0.0,0.0
10.1149/2.0981803jes,5.5,273.15,2.0,PF6,0.1,0.0,0.9,0.0,0.0,0.0
10.1149/2.0981803jes,5.19,273.15,2.0,PF6,0.2,0.0,0.8,0.0,0.0,0.0
10.1149/2.0981803jes,5.09,273.15,2.0,PF6,0.3,0.0,0.7,0.0,0.0,0.0
10.1149/2.0981803jes,3.38,273.15,2.0,PF6,0.0,0.0,0.0,1.0,0.0,0.0
10.1149/2.0981803jes,3.61,273.15,2.0,PF6,0.1,0.0,0.0,0.9,0.0,0.0
10.1149/2.0981803jes,3.21,273.15,2.0,PF6,0.2,0.0,0.0,0.8,0.0,0.0
10.1149/2.0981803jes,3.27,273.15,2.0,PF6,0.3,0.0,0.0,0.7,0.0,0.0
10.1149/2.0981803jes,2.26,283.15,0.5,PF6,0.0,0.0,1.0,0.0,0.0,0.0
10.1149/2.0981803jes,5.15,283.15,0.5,PF6,0.1,0.0,0.9,0.0,0.0,0.0
10.1149/2.0981803jes,7.09,283.15,0.5,PF6,0.2,0.0,0.8,0.0,0.0,0.0
10.1149/2.0981803jes,7.69,283.15,0.5,PF6,0.3,0.0,0.7,0.0,0.0,0.0
10.1149/2.0981803jes,1.28,283.15,0.5,PF6,0.0,0.0,0.0,1.0,0.0,0.0
10.1149/2.0981803jes,3.08,283.15,0.5,PF6,0.1,0.0,0.0,0.9,0.0,0.0
10.1149/2.0981803jes,3.99,283.15,0.5,PF6,0.2,0.0,0.0,0.8,0.0,0.0
10.1149/2.0981803jes,5.77,283.15,0.5,PF6,0.3,0.0,0.0,0.7,0.0,0.0
10.1149/2.0981803jes,6.24,283.15,1.0,PF6,0.0,0.0,1.0,0.0,0.0,0.0
10.1149/2.0981803jes,7.8,283.15,1.0,PF6,0.1,0.0,0.9,0.0,0.0,0.0
10.1149/2.0981803jes,9.02,283.15,1.0,PF6,0.2,0.0,0.8,0.0,0.0,0.0
10.1149/2.0981803jes,9.05,283.15,1.0,PF6,0.3,0.0,0.7,0.0,0.0,0.0
10.1149/2.0981803jes,3.49,283.15,1.0,PF6,0.0,0.0,0.0,1.0,0.0,0.0
10.1149/2.0981803jes,4.55,283.15,1.0,PF6,0.1,0.0,0.0,0.9,0.0,0.0
10.1149/2.0981803jes,5.98,283.15,1.0,PF6,0.2,0.0,0.0,0.8,0.0,0.0
10.1149/2.0981803jes,6.44,283.15,1.0,PF6,0.3,0.0,0.0,0.7,0.0,0.0
10.1149/2.0981803jes,7.41,283.15,1.5,PF6,0.0,0.0,1.0,0.0,0.0,0.0
10.1149/2.0981803jes,8.32,283.15,1.5,PF6,0.1,0.0,0.9,0.0,0.0,0.0
10.1149/2.0981803jes,8.37,283.15,1.5,PF6,0.2,0.0,0.8,0.0,0.0,0.0
10.1149/2.0981803jes,8.43,283.15,1.5,PF6,0.3,0.0,0.7,0.0,0.0,0.0
10.1149/2.0981803jes,4.15,283.15,1.5,PF6,0.0,0.0,0.0,1.0,0.0,0.0
10.1149/2.0981803jes,5.33,283.15,1.5,PF6,0.1,0.0,0.0,0.9,0.0,0.0
10.1149/2.0981803jes,6.12,283.15,1.5,PF6,0.2,0.0,0.0,0.8,0.0,0.0
10.1149/2.0981803jes,5.51,283.15,1.5,PF6,0.3,0.0,0.0,0.7,0.0,0.0
10.1149/2.0981803jes,7.64,283.15,2.0,PF6,0.0,0.0,1.0,0.0,0.0,0.0
10.1149/2.0981803jes,7.27,283.15,2.0,PF6,0.1,0.0,0.9,0.0,0.0,0.0
10.1149/2.0981803jes,6.98,283.15,2.0,PF6,0.2,0.0,0.8,0.0,0.0,0.0
10.1149/2.0981803jes,7.06,283.15,2.0,PF6,0.3,0.0,0.7,0.0,0.0,0.0
10.1149/2.0981803jes,4.14,283.15,2.0,PF6,0.0,0.0,0.0,1.0,0.0,0.0
10.1149/2.0981803jes,4.73,283.15,2.0,PF6,0.1,0.0,0.0,0.9,0.0,0.0
10.1149/2.0981803jes,4.42,283.15,2.0,PF6,0.2,0.0,0.0,0.8,0.0,0.0
10.1149/2.0981803jes,4.57,283.15,2.0,PF6,0.3,0.0,0.0,0.7,0.0,0.0
10.1149/2.0981803jes,2.53,293.15,0.5,PF6,0.0,0.0,1.0,0.0,0.0,0.0
10.1149/2.0981803jes,5.9,293.15,0.5,PF6,0.1,0.0,0.9,0.0,0.0,0.0
10.1149/2.0981803jes,8.22,293.15,0.5,PF6,0.2,0.0,0.8,0.0,0.0,0.0
10.1149/2.0981803jes,9.38,293.15,0.5,PF6,0.3,0.0,0.7,0.0,0.0,0.0
10.1149/2.0981803jes,1.42,293.15,0.5,PF6,0.0,0.0,0.0,1.0,0.0,0.0
10.1149/2.0981803jes,3.59,293.15,0.5,PF6,0.1,0.0,0.0,0.9,0.0,0.0
10.1149/2.0981803jes,4.94,293.15,0.5,PF6,0.2,0.0,0.0,0.8,0.0,0.0
10.1149/2.0981803jes,6.84,293.15,0.5,PF6,0.3,0.0,0.0,0.7,0.0,0.0
10.1149/2.0981803jes,7.17,293.15,1.0,PF6,0.0,0.0,1.0,0.0,0.0,0.0
10.1149/2.0981803jes,9.24,293.15,1.0,PF6,0.1,0.0,0.9,0.0,0.0,0.0
10.1149/2.0981803jes,10.8,293.15,1.0,PF6,0.2,0.0,0.8,0.0,0.0,0.0
10.1149/2.0981803jes,11.14,293.15,1.0,PF6,0.3,0.0,0.7,0.0,0.0,0.0
10.1149/2.0981803jes,4.0,293.15,1.0,PF6,0.0,0.0,0.0,1.0,0.0,0.0
10.1149/2.0981803jes,5.89,293.15,1.0,PF6,0.1,0.0,0.0,0.9,0.0,0.0
10.1149/2.0981803jes,7.22,293.15,1.0,PF6,0.2,0.0,0.0,0.8,0.0,0.0
10.1149/2.0981803jes,7.94,293.15,1.0,PF6,0.3,0.0,0.0,0.7,0.0,0.0
10.1149/2.0981803jes,8.78,293.15,1.5,PF6,0.0,0.0,1.0,0.0,0.0,0.0
10.1149/2.0981803jes,10.21,293.15,1.5,PF6,0.1,0.0,0.9,0.0,0.0,0.0
10.1149/2.0981803jes,10.46,293.15,1.5,PF6,0.2,0.0,0.8,0.0,0.0,0.0
10.1149/2.0981803jes,10.6,293.15,1.5,PF6,0.3,0.0,0.7,0.0,0.0,0.0
10.1149/2.0981803jes,4.9,293.15,1.5,PF6,0.0,0.0,0.0,1.0,0.0,0.0
10.1149/2.0981803jes,6.55,293.15,1.5,PF6,0.1,0.0,0.0,0.9,0.0,0.0
10.1149/2.0981803jes,7.54,293.15,1.5,PF6,0.2,0.0,0.0,0.8,0.0,0.0
10.1149/2.0981803jes,7.1,293.15,1.5,PF6,0.3,0.0,0.0,0.7,0.0,0.0
10.1149/2.0981803jes,9.2,293.15,2.0,PF6,0.0,0.0,1.0,0.0,0.0,0.0
10.1149/2.0981803jes,9.15,293.15,2.0,PF6,0.1,0.0,0.9,0.0,0.0,0.0
10.1149/2.0981803jes,8.98,293.15,2.0,PF6,0.2,0.0,0.8,0.0,0.0,0.0
10.1149/2.0981803jes,9.38,293.15,2.0,PF6,0.3,0.0,0.7,0.0,0.0,0.0
10.1149/2.0981803jes,4.96,293.15,2.0,PF6,0.0,0.0,0.0,1.0,0.0,0.0
10.1149/2.0981803jes,5.9,293.15,2.0,PF6,0.1,0.0,0.0,0.9,0.0,0.0
10.1149/2.0981803jes,5.83,293.15,2.0,PF6,0.2,0.0,0.0,0.8,0.0,0.0
10.1149/2.0981803jes,6.17,293.15,2.0,PF6,0.3,0.0,0.0,0.7,0.0,0.0
10.1149/2.0981803jes,2.7,303.15,0.5,PF6,0.0,0.0,1.0,0.0,0.0,0.0
10.1149/2.0981803jes,6.71,303.15,0.5,PF6,0.1,0.0,0.9,0.0,0.0,0.0
10.1149/2.0981803jes,9.03,303.15,0.5,PF6,0.2,0.0,0.8,0.0,0.0,0.0
10.1149/2.0981803jes,10.89,303.15,0.5,PF6,0.3,0.0,0.7,0.0,0.0,0.0
10.1149/2.0981803jes,1.52,303.15,0.5,PF6,0.0,0.0,0.0,1.0,0.0,0.0
10.1149/2.0981803jes,4.06,303.15,0.5,PF6,0.1,0.0,0.0,0.9,0.0,0.0
10.1149/2.0981803jes,6.16,303.15,0.5,PF6,0.2,0.0,0.0,0.8,0.0,0.0
10.1149/2.0981803jes,7.97,303.15,0.5,PF6,0.3,0.0,0.0,0.7,0.0,0.0
10.1149/2.0981803jes,7.92,303.15,1.0,PF6,0.0,0.0,1.0,0.0,0.0,0.0
10.1149/2.0981803jes,10.53,303.15,1.0,PF6,0.1,0.0,0.9,0.0,0.0,0.0
10.1149/2.0981803jes,12.09,303.15,1.0,PF6,0.2,0.0,0.8,0.0,0.0,0.0
10.1149/2.0981803jes,13.25,303.15,1.0,PF6,0.3,0.0,0.7,0.0,0.0,0.0
10.1149/2.0981803jes,4.45,303.15,1.0,PF6,0.0,0.0,0.0,1.0,0.0,0.0
10.1149/2.0981803jes,6.78,303.15,1.0,PF6,0.1,0.0,0.0,0.9,0.0,0.0
10.1149/2.0981803jes,8.28,303.15,1.0,PF6,0.2,0.0,0.0,0.8,0.0,0.0
10.1149/2.0981803jes,9.57,303.15,1.0,PF6,0.3,0.0,0.0,0.7,0.0,0.0
10.1149/2.0981803jes,10.15,303.15,1.5,PF6,0.0,0.0,1.0,0.0,0.0,0.0
10.1149/2.0981803jes,12.0,303.15,1.5,PF6,0.1,0.0,0.9,0.0,0.0,0.0
10.1149/2.0981803jes,12.37,303.15,1.5,PF6,0.2,0.0,0.8,0.0,0.0,0.0
10.1149/2.0981803jes,12.9,303.15,1.5,PF6,0.3,0.0,0.7,0.0,0.0,0.0
10.1149/2.0981803jes,5.58,303.15,1.5,PF6,0.0,0.0,0.0,1.0,0.0,0.0
10.1149/2.0981803jes,7.73,303.15,1.5,PF6,0.1,0.0,0.0,0.9,0.0,0.0
10.1149/2.0981803jes,8.97,303.15,1.5,PF6,0.2,0.0,0.0,0.8,0.0,0.0
10.1149/2.0981803jes,8.65,303.15,1.5,PF6,0.3,0.0,0.0,0.7,0.0,0.0
10.1149/2.0981803jes,10.71,303.15,2.0,PF6,0.0,0.0,1.0,0.0,0.0,0.0
10.1149/2.0981803jes,11.2,303.15,2.0,PF6,0.1,0.0,0.9,0.0,0.0,0.0
10.1149/2.0981803jes,10.93,303.15,2.0,PF6,0.2,0.0,0.8,0.0,0.0,0.0
10.1149/2.0981803jes,11.8,303.15,2.0,PF6,0.3,0.0,0.7,0.0,0.0,0.0
10.1149/2.0981803jes,5.72,303.15,2.0,PF6,0.0,0.0,0.0,1.0,0.0,0.0
10.1149/2.0981803jes,7.51,303.15,2.0,PF6,0.1,0.0,0.0,0.9,0.0,0.0
10.1149/2.0981803jes,7.41,303.15,2.0,PF6,0.2,0.0,0.0,0.8,0.0,0.0
10.1149/2.0981803jes,7.95,303.15,2.0,PF6,0.3,0.0,0.0,0.7,0.0,0.0
10.1149/2.0981803jes,2.85,313.15,0.5,PF6,0.0,0.0,1.0,0.0,0.0,0.0
10.1149/2.0981803jes,7.28,313.15,0.5,PF6,0.1,0.0,0.9,0.0,0.0,0.0
10.1149/2.0981803jes,9.86,313.15,0.5,PF6,0.2,0.0,0.8,0.0,0.0,0.0
10.1149/2.0981803jes,12.38,313.15,0.5,PF6,0.3,0.0,0.7,0.0,0.0,0.0
10.1149/2.0981803jes,1.61,313.15,0.5,PF6,0.0,0.0,0.0,1.0,0.0,0.0
10.1149/2.0981803jes,4.48,313.15,0.5,PF6,0.1,0.0,0.0,0.9,0.0,0.0
10.1149/2.0981803jes,6.98,313.15,0.5,PF6,0.2,0.0,0.0,0.8,0.0,0.0
10.1149/2.0981803jes,9.05,313.15,0.5,PF6,0.3,0.0,0.0,0.7,0.0,0.0
10.1149/2.0981803jes,8.59,313.15,1.0,PF6,0.0,0.0,1.0,0.0,0.0,0.0
10.1149/2.0981803jes,11.63,313.15,1.0,PF6,0.1,0.0,0.9,0.0,0.0,0.0
10.1149/2.0981803jes,13.45,313.15,1.0,PF6,0.2,0.0,0.8,0.0,0.0,0.0
10.1149/2.0981803jes,14.97,313.15,1.0,PF6,0.3,0.0,0.7,0.0,0.0,0.0
10.1149/2.0981803jes,4.86,313.15,1.0,PF6,0.0,0.0,0.0,1.0,0.0,0.0
10.1149/2.0981803jes,7.59,313.15,1.0,PF6,0.1,0.0,0.0,0.9,0.0,0.0
10.1149/2.0981803jes,9.55,313.15,1.0,PF6,0.2,0.0,0.0,0.8,0.0,0.0
10.1149/2.0981803jes,11.05,313.15,1.0,PF6,0.3,0.0,0.0,0.7,0.0,0.0
10.1149/2.0981803jes,10.9,313.15,1.5,PF6,0.0,0.0,1.0,0.0,0.0,0.0
10.1149/2.0981803jes,13.59,313.15,1.5,PF6,0.1,0.0,0.9,0.0,0.0,0.0
10.1149/2.0981803jes,14.15,313.15,1.5,PF6,0.2,0.0,0.8,0.0,0.0,0.0
10.1149/2.0981803jes,15.35,313.15,1.5,PF6,0.3,0.0,0.7,0.0,0.0,0.0
10.1149/2.0981803jes,6.18,313.15,1.5,PF6,0.0,0.0,0.0,1.0,0.0,0.0
10.1149/2.0981803jes,8.9,313.15,1.5,PF6,0.1,0.0,0.0,0.9,0.0,0.0
10.1149/2.0981803jes,10.5,313.15,1.5,PF6,0.2,0.0,0.0,0.8,0.0,0.0
10.1149/2.0981803jes,10.14,313.15,1.5,PF6,0.3,0.0,0.0,0.7,0.0,0.0
10.1149/2.0981803jes,11.95,313.15,2.0,PF6,0.0,0.0,1.0,0.0,0.0,0.0
10.1149/2.0981803jes,13.3,313.15,2.0,PF6,0.1,0.0,0.9,0.0,0.0,0.0
10.1149/2.0981803jes,12.76,313.15,2.0,PF6,0.2,0.0,0.8,0.0,0.0,0.0
10.1149/2.0981803jes,13.93,313.15,2.0,PF6,0.3,0.0,0.7,0.0,0.0,0.0
10.1149/2.0981803jes,6.36,313.15,2.0,PF6,0.0,0.0,0.0,1.0,0.0,0.0
10.1149/2.0981803jes,8.69,313.15,2.0,PF6,0.1,0.0,0.0,0.9,0.0,0.0
10.1149/2.0981803jes,9.07,313.15,2.0,PF6,0.2,0.0,0.0,0.8,0.0,0.0
10.1149/2.0981803jes,9.75,313.15,2.0,PF6,0.3,0.0,0.0,0.7,0.0,0.0
