salt,concentration_molkg,temperature_K,alpha,permittivity,viscosity,coordination_number,diffusivity,activity_coefficient,conductivity_mScm,solvent_EC,solvent_PC,solvent_DMC,solvent_EMC,solvent_DEC,solvent_DME
PF6,2.0079479021369937,280.3024770625061,0.8625964844738918,47.87343396400957,7.600593608923034,7.330122003475243,0.03687902438744171,2.3774402904498375,132.5463485108499,0.2938675955448862,0.29997734954226074,0.03519511996848431,0.010872897562569733,0.1827291084134645,0.17735792896833463
FSI,0.3467796890396032,320.1749768035772,0.9079160997805162,46.21805212699186,3.260344968011354,3.787117156889842,0.0982027914054959,1.1704911316574043,123.20577497018019,0.23248960661520107,0.36961146189680116,0.08259602753851979,0.26292438369281296,0.03282819800234156,0.019550322254323294
TFSI,0.55486583175536,311.9337903348199,0.9361905389769543,53.59957241419335,3.7775862960047983,4.298650355227366,0.08257489462642409,1.2965800549273598,181.37536715187343,0.3937099500640809,0.26285295434597583,0.1404775017669685,0.08934376660922436,0.09710520116589698,0.01651062604785345
BF4,0.7218915028170334,311.1793976969031,0.8592879797180827,31.611061330956318,4.136805169155567,4.550781727578248,0.07522215453052704,1.3636382961992923,105.30219951003035,0.2609724310112114,0.08764146790479689,0.16984182904843378,0.23631734120018458,0.12665097423296573,0.11857595660240754
FSI,0.2169332204273127,317.85468951762186,0.9162127141480081,55.495071095240164,3.0157782869524596,3.4968924366914407,0.10539723390568748,1.1044842537640935,90.2229745475914,0.37647036948541157,0.3118975366166223,0.07784629591292724,0.0892118271089978,0.0460702267955908,0.09850374408045029
FSI,1.2835212741292046,305.21845806942775,0.9412497143540064,28.238129813817142,5.41606284583342,6.02028508160351,0.056354305102687734,1.8295261818756672,160.02544287895535,0.19986207101433398,0.1007363366895263,0.14106657515882703,0.12815212670821635,0.04597531340517047,0.38420757702392583
TFSI,2.162827068516782,286.33455069432443,0.7645756854222665,31.056595725647682,7.7844092002637995,7.1341124709026245,0.036783080556019726,2.2860432716644126,109.31679486603728,0.2189257873086016,0.12431230057688014,0.00932641039584411,0.20069643294980896,0.13036693063556062,0.31637213813330456
TFSI,2.0722468847318796,282.51745643473913,0.7556780182834651,37.85512667427752,7.685835284853932,6.914878548120678,0.03675819816116555,2.187973361403071,111.65531062744455,0.3248118686588783,0.10444574816758741,0.2710700564162245,0.09578846568693268,0.1671487504388374,0.03673511063153955
FSI,1.0763488200219096,290.18618908142895,0.9075706482797221,16.16223808554213,5.232951564639393,5.442156490905996,0.05545363558155271,1.6297576099050877,92.00031744472895,0.08681938560610811,0.07472705790051198,0.18094043939464424,0.0362414218705452,0.3712425390862318,0.25002915614195864
TFSI,2.429105667899765,317.3888015260503,0.9292225472897488,8.10527023130363,7.574134438559149,8.642949390904466,0.04190429996994193,3.0912943236723516,78.29066622780314,0.008444619472301209,0.05614528558934602,0.251077162069548,0.11248349853185612,0.3436788621684574,0.2281705721684912
TFSI,0.6065774007602329,321.8270141932654,0.9396298824588025,42.306648231601145,3.772617057017816,4.424895629446259,0.0853060380444931,1.3297342708113356,178.75421922449877,0.05517855025779987,0.5402930806397174,0.0353415567955994,0.04733073992697812,0.07814821465580231,0.24370785772410297
BF4,0.2957125998823527,301.1574766969376,0.8324653030831963,35.52805136988334,3.3484516858385738,3.615426197716457,0.08993932269371145,1.1309808211275414,58.51093139315906,0.33375654076097455,0.0487136000360729,0.33893535744149017,0.1295073686852223,0.03526746306322027,0.11381967001301986
TFSI,0.2524489033683043,327.63787515476236,0.8705758592357251,36.82054608518573,3.002958237966433,3.549439802407445,0.10910503882885657,1.1161530102073087,90.65413878829337,0.3138707959216781,0.09289693132098738,0.17112842235883388,0.040571424120263405,0.1927861573341069,0.1887462689441304
PF6,0.8140440251113552,291.89943284852546,0.8801681006178844,22.537906422388897,4.614829175204612,4.791238958503998,0.06325248926155176,1.4308201219083738,89.47322685435735,0.055767869577646526,0.22513687547428474,0.0655036123444429,0.3693338447427539,0.10596983211083337,0.1782879657500385
BF4,0.8468377028297192,310.5870901774384,0.9317486535717207,30.673315454792604,4.407023220455,4.972599723513399,0.07047548302805905,1.4836717754398985,123.29415058539513,0.14386203612006254,0.22742745491623031,0.052647274635091036,0.30848280127687694,0.015232207108277175,0.25234822594346185
PF6,2.10851640920455,319.0703339076652,0.8292847232056788,28.747147858670374,6.8797846265005616,7.3714011169545675,0.04637795385027365,2.397149260896019,124.89968055037998,0.04778123118731951,0.3358781337486018,0.24577471619649832,0.07204496993264557,0.11092080285601424,0.1876001460789207
TFSI,2.482463797328425,323.8256041765301,0.9371520048642373,42.72784006536845,7.540960655468321,8.816114811673053,0.042942221683879,3.2002308964223554,197.2722852383111,0.3769045709075936,0.09832413511986107,0.2366184776457813,0.05347444521066413,0.032864349934364004,0.2018140211817359
BF4,0.41727333654148513,315.5670078468945,0.8156151289807162,21.662664611144812,3.4511783772249123,3.850836115508743,0.09143746667207665,1.1855030782477198,56.016570125656244,0.13136354650249443,0.11272151104227235,0.1208093750599593,0.24944852015107685,0.31237664036788987,0.07328040687630709
FSI,0.6517997311435184,290.6884493553054,0.9443512095602944,19.314157968258115,4.270324690124873,4.538819661241141,0.06807174405906945,1.3603798092254358,99.23201605197988,0.02492819124928861,0.18646119794649954,0.10173272513061402,0.020461562544088915,0.048667613694750804,0.6177487094347581
PF6,0.4802147606456216,301.8608061023761,0.9235656089107216,32.270064014331446,3.7394462454255875,4.108774594558975,0.08072339760777099,1.248265414126789,95.23589693220995,0.2756000800878205,0.05004199864374356,0.002057673718101553,0.11087004507038618,0.038125845372004814,0.5233043571079434
BF4,1.1144298457973634,290.15407543151355,0.8721460113378834,41.53663179975981,5.31922064298603,5.429863862320158,0.054548230822895685,1.6257557302860959,121.9766095808855,0.3355369139634011,0.14762197927036977,0.3344234981066644,0.06922874140108885,0.06432628916013856,0.04886257809833739
PF6,0.4435640286267326,280.99935703264305,0.8547785798290759,29.464168545269985,3.9405084016190006,3.9478725761320552,0.07131043215570645,1.2087351898100935,78.12185147956275,0.17926271116632134,0.16236605866716186,0.21726730468869582,0.005349067694166862,0.23376212869439977,0.20199272908925447
PF6,2.1076858142302934,318.41857403453423,0.8081601854916084,36.57289724388997,6.891332990280116,7.258369396465964,0.04620565781448203,2.3435664178697726,128.43649930242447,0.15576648990911174,0.32267020038558636,0.04334332345066146,0.46761511812259726,0.006563692787202085,0.004041175344841283
TFSI,1.6994413588339405,322.44696600988254,0.863474220519075,40.33411188815119,5.982615147409687,6.668559506592535,0.053897327182995135,2.0827974152715893,211.79149347557833,0.3456192397119149,0.11510566002356712,0.29416814474939834,0.1411062067668913,0.07002637113389285,0.033974377614335666
BF4,2.0967276380495847,290.68907641367224,0.7859679832427857,54.42967307097338,7.514766993216173,7.119901982718104,0.03868238052837657,2.2795553375225013,118.78594974482898,0.174803049081717,0.5829891048302625,0.07516326399145236,0.020073945875627112,0.12290758425914057,0.024063051961800426
PF6,0.6016753831524612,276.042770159749,0.8977859540277429,44.7816216661423,4.391783455994045,4.35043926969635,0.06285436723502318,1.3100795413260549,111.5936927892133,0.1250476558735392,0.49524404785938786,0.08306178250473195,0.21053691550110462,0.03734447155337427,0.048765126707861955
FSI,0.7445132035401107,287.2150918224361,0.8928081629356932,21.5029747098283,4.534749381685501,4.661768663835035,0.06333648624164592,1.3942459517723935,101.5316587862956,0.1844125679705236,0.038160902879350624,0.6224884629936852,0.11601185051731987,0.015996542684386824,0.02292967295473409
BF4,2.327136298741543,278.6494490700529,0.9608937378994382,11.4418630311386,8.39839449563805,8.590326741748061,0.03317889499174844,3.0589305100395063,61.188921964544996,0.013536242801654903,0.11707049036587915,0.5120932367766301,0.024308778540247912,0.3165281253762164,0.016463126139371568
PF6,1.3827126014379532,321.8816122149858,0.865699841398379,45.03070597171663,5.348899610032175,5.9925351994109395,0.06017716459125124,1.819400479368959,168.30620032536692,0.36422495338209354,0.15787349117009325,0.1973937245402618,0.12532363426655646,0.02199887521897348,0.13318532142202139
FSI,1.0452771632647944,293.8843696400961,0.8318738911031364,45.222070753946916,5.096325049547352,5.173846952715833,0.05766593904095628,1.5446068169374532,147.9991486781597,0.2538631246587617,0.3225388014974262,0.08283438757927256,0.14945668849516391,0.1511173124629895,0.040189685306386044
PF6,2.1516891241793363,310.19747841192583,0.9510979569867694,29.224490574540305,7.15817033309736,8.116167825194044,0.04333474393277011,2.782176583421437,132.96291115771427,0.09542631031613871,0.27981296592310184,0.09743707205485382,0.22981615904502908,0.15353040440267238,0.14397708825820424
TFSI,0.5038365257935511,308.01964521088945,0.7737739370574837,11.695875928178674,3.7159188734717077,3.9746389304916008,0.08289191871487575,1.2152232273103967,61.67948033523866,0.023563102871164362,0.07380938618154033,0.20744408158125402,0.1629066635193741,0.03769508668730208,0.4945816791593651
TFSI,2.0287641296610976,326.9235425805878,0.8133458384597968,19.668426285177034,6.566419863317135,7.125217155190914,0.04978718226760435,2.2819798719320867,114.69498115325304,0.1723103804197733,0.020108238705918866,0.5042217283441596,0.06419594205029268,0.13040345343763773,0.10876025704221791
PF6,1.4020530836801823,316.5436332303755,0.9498111791280166,43.928788092170585,5.473548789375636,6.329214231525865,0.057831517615189364,1.9461301188554758,202.77589986514775,0.007291498858263723,0.6400782482871525,0.09887964760406677,0.03521644835979117,0.07006071846428746,0.14847343842643812
PF6,1.9809392571262392,311.2601905585898,0.8334094395820595,20.29735430628481,6.776448879799646,7.1273336903192,0.04593264054369914,2.282946054525797,98.89003524650747,0.17569252632366708,0.030062858956149706,0.14216045361178187,0.07684896257233612,0.515404675683405,0.05983052285266032
TFSI,2.353093165764211,297.96053012032894,0.8458299556943525,58.63730117949397,7.889193433361571,7.975791720357566,0.03776818665141647,2.705152652253328,189.69547543547785,0.5589507217696207,0.11056996560355598,0.1054632525726088,0.14229519714186997,0.044131160480761246,0.038589702431583474
PF6,2.3877477180088347,279.75327890137135,0.9626334197976957,57.214662665437494,8.504493491852525,8.746314378502472,0.03289476077198255,3.1558657867483126,146.7375501983814,0.4571990813458343,0.22789973037043373,0.05111368175243633,0.06963753338174303,0.11519785951024959,0.07895211363930299
TFSI,0.8793257582914067,299.1372406625174,0.8605785317669733,19.223153870227673,4.643860347572463,4.891822175038248,0.06441564092660296,1.4598948827439147,108.28920826053155,0.03240525490983344,0.2010535337947989,0.44373987239494195,0.002153519169403672,0.09275982842628673,0.22788799130473525
TFSI,0.4080136720635053,324.13090373710764,0.7572498758011174,22.98460347777071,3.3468805479598456,3.772420756238118,0.09684567438018897,1.1670557815328304,71.41739961311852,0.17152185038089057,0.05614280850250773,0.09104871379667473,0.30087162740954265,0.0037260527604235827,0.37668894714996065
FSI,0.21248861849601108,275.94450126982076,0.9014812944119319,23.352249501258985,3.470057276541564,3.4788862871239683,0.07952159842872712,1.1005139053900261,42.35071802212567,0.06405725101252825,0.2385573942678816,0.023668544216068538,0.42615524572399655,0.2388746257985539,0.008686938980971198
FSI,2.127354502907381,275.2886240741828,0.8004455276797638,17.29703842962394,8.034256776012683,7.257078494104051,0.03426435471867077,2.342961432885962,80.29974266022026,0.14713813600925424,0.008830555813092982,0.16437804792050684,0.20930348588963366,0.23339611725829476,0.2369536571092176
PF6,1.8327808037469988,328.8716727392249,0.9028859014942674,44.26432584440203,6.140452335775748,7.136979870581242,0.05355821603290358,2.2873546476008615,186.09902741987432,0.33410092714750217,0.18128793063410945,0.03899925988397499,0.17090818068944694,0.044559559921434164,0.23014414172353237
PF6,2.4540625129746427,299.13795662013393,0.946020237085352,46.98571501479564,8.07819455242388,8.803982000866366,0.03703029862413711,3.1924747514113676,147.424456436648,0.020013188052746926,0.6736746378663205,0.10387423883979346,0.055987415171371825,0.031443654045053705,0.11500686602471359
TFSI,1.6932362570642103,326.61388135264457,0.7871097474800145,19.153331843345615,5.899584709005623,6.331906906804539,0.0553621818251162,1.947178460406502,117.20899017924147,0.1708775537903649,0.019651244169415483,0.3563917879389213,0.04447524770115688,0.3744386304092009,0.03416553599094066
TFSI,1.6052713581842448,309.173859692841,0.8529527241463926,27.77901816064417,6.02761350890897,6.423051444893578,0.051292913727111734,1.982998888411927,138.54372515431513,0.2312841065869618,0.054151078503275975,0.02272159823759025,0.026004710206657806,0.3401335697226764,0.32570493674283774
BF4,0.7188635968696853,305.6301021879606,0.8914429751079802,40.613786565950925,4.203391401022266,4.60206475872584,0.07271036004727784,1.3776965690859329,117.02554713406094,0.19070554770573625,0.33332194034485585,0.2756818070697438,0.018487797803205853,0.09252922626143631,0.08927368081502174
TFSI,1.0295118692355847,302.22613694258524,0.9341764221205551,6.461347965292439,4.920705809375193,5.404364286332858,0.061419265579089846,1.6174856202845527,75.1720780031245,0.021735568836603537,0.017385378410005738,0.6314262004769297,0.06329089676768972,0.1421409541021056,0.12402100140666572
TFSI,1.3365257869900737,279.6038332871103,0.7680147867682359,18.08665704707232,6.050365553840291,5.566178918263575,0.04621271736376987,1.6706884444280923,85.05185944458903,0.12840306305594212,0.05343985235765206,0.08888702659379355,0.5153648566013825,0.06729139336641865,0.14661380802481103
FSI,2.1024988763975787,321.82323734374984,0.8430653932978871,29.838603878985705,6.81244574240986,7.431360105346226,0.04724048447685792,2.426068439753317,151.97290025022164,0.0715059139018535,0.33268089481837726,0.1360622880999801,0.22295653778746158,0.22799146451425426,0.008802900878073342
PF6,1.822434640613229,295.106976624328,0.9102221586465399,32.10136449785042,6.793099012862907,7.147050981428011,0.043442172131678836,2.291966531161052,126.66529521471892,0.27672572921942695,0.06533945097828535,0.1186303338676628,0.25212374452728964,0.05249523154641533,0.23468550986091988
TFSI,1.2309649104850073,295.3766448029894,0.7700123209115463,21.946685903111913,5.480281214186837,5.369645369208086,0.05389808173316838,1.6062930547915069,99.47748146611569,0.10331822227161902,0.15054159790659627,0.19340593117296692,0.1179278606867606,0.27312848503830645,0.16167790292375078
PF6,0.7355602553705243,289.64738182792814,0.8725493856003966,39.98723578429888,4.474970281182965,4.604531622239055,0.06472610176784446,1.3783764546703474,121.48299492367576,0.2187632517754662,0.2898167920882577,0.042730765275957934,0.18456388885164338,0.255257840471612,0.00886746153706276
TFSI,1.9546769437909166,276.3121834581225,0.8416520962331531,10.201864448341219,7.592767817352935,7.112894868000595,0.03639149650100234,2.276362953833871,68.79890566697098,0.021481632227068108,0.06756263716215698,0.37958556472600213,0.09032910525376801,0.1609757986631048,0.28006526196790005
BF4,2.2919701609041048,306.4660646106079,0.9625685747084305,16.85992867265348,7.541648324818109,8.51544612763929,0.040636483088463196,3.013460919940516,83.37319068692186,0.07188023945323015,0.09936898144712321,0.16153211903295175,0.18623208409113104,0.13060741559012432,0.3503791603854394
TFSI,0.9793679619020914,283.92137155077387,0.7562057829496431,13.942140363379254,5.13051034410192,4.851509291064918,0.05533979126992159,1.4481716912112355,64.88545145282716,0.09910325467683218,0.03112870189462154,0.18164975410756903,0.5590397629870452,0.03453457308504403,0.09454395324888797
BF4,1.6576704780593046,328.9629390099245,0.905089427414511,25.846983344908885,5.790192390931017,6.750850059571587,0.056813818401814785,2.117359962434781,136.23575622542143,0.19199742287767255,0.07217843943359585,0.12297967840275882,0.007279842863793787,0.19891524529652818,0.40664937112565086
FSI,1.8845510568857116,298.08505587306,0.8882759506028188,21.188055260141436,6.860405579572232,7.185003453786756,0.04345006318003236,2.3094298843414243,117.7766644375386,0.08943578704211266,0.16816531374414362,0.38417509184327636,0.04706569980096116,0.3013572082843626,0.009800899285143582
FSI,0.4849004821877083,275.33397673628605,0.9443357818822946,38.716886156333516,4.126346261784088,4.144772189954578,0.06672585364109537,1.2572847532854718,107.99055722599975,0.057572294319866234,0.4898052751267179,0.09256956512309347,0.1704330341080984,0.10368949975106691,0.08593033157115694
FSI,2.0447375100671654,325.70799503153364,0.9556457726543579,52.88932307256247,6.6210460498172115,7.885111894208711,0.04919283034446279,2.6565343007711433,240.6960531428573,0.44068451309955736,0.16882386104456842,0.05221824921511597,0.0691111656453179,0.010861417737071397,0.258300793258369
FSI,2.1905500605280244,315.1475937031611,0.950217898026658,34.85562893704436,7.130795011385309,8.20374968509277,0.04419529564375136,2.8313395447067107,175.46853737895742,0.33249259044421586,0.027500155535345024,0.014398912794899008,0.21410966716810814,0.1146660240534154,0.2968326500040166
FSI,1.1231177823727923,324.05118823887074,0.9179032022139647,28.64765394996971,4.791486621994071,5.577283522258583,0.06763061525652564,1.6744030345213248,161.76038710277092,0.06599041281009067,0.32010463882599527,0.0035682728854934858,0.29917333780738176,0.2833830886223301,0.027780249048708645
PF6,0.832097616736654,323.5337810437965,0.7968984204848728,24.882784203642927,4.210125715458732,4.6577431911666665,0.07684658438009244,1.3931239037160104,103.64194496899566,0.20564785483204676,0.0615987535903102,0.44632888386389047,0.09738750820666779,0.1412857471077564,0.04775125239932851
TFSI,1.102448913720126,325.17202933627664,0.8742291490325873,22.459452605957484,4.73462204884825,5.409482439233615,0.06867961708060276,1.6191421757341915,144.91815650761234,0.0742312060405588,0.1826383276000924,0.11321343877468543,0.024307825432377788,0.19677210904919626,0.4088370931030892
BF4,0.9895726634714879,296.9617609758008,0.989802318211144,22.200688134900464,4.920315229074685,5.4487032908561375,0.06035421454727556,1.631892946970328,109.48261129467059,0.11971852631134035,0.1006208789308774,0.057032000748594554,0.01683714817406631,0.09491868645637574,0.6108727593787455
TFSI,1.9073312836613463,306.6724532673347,0.9133598022523738,25.84458154167201,6.7182385507251805,7.355199310186734,0.045647746943167394,2.389394202453753,141.7626685216861,0.14891145484442564,0.1489154356960205,0.046637963565846575,0.10946326057405975,0.3720395366565486,0.1740323486630989
TFSI,2.0215411778251604,317.6779742344157,0.8595965646460482,22.057563513322297,6.729293529916417,7.344274629372585,0.047208220717689736,2.384179227921445,136.2004823833201,0.09011710115427168,0.17793726183447367,0.08576589965964784,0.5490035113333894,0.05065333411664215,0.04652289190157532
FSI,0.43435656182345317,310.21656121414793,0.9888373570469527,11.33485889576115,3.5441786300969533,4.073769986523762,0.08752847798917567,1.2395569251111604,79.34802523521297,0.04370092202439952,0.0694500665564831,0.45899095484514796,0.3063771739617232,0.06437389859886286,0.05710698401338354
FSI,1.2467710375470533,302.4170046716554,0.828142487257146,16.00848427575166,5.38632034448194,5.581260170185973,0.05614538039525795,1.6757352665042244,94.4589132192279,0.14820440007336835,0.0019611806911444983,0.6929485508862773,0.009959679759409519,0.14181402853625139,0.005112160053549062
FSI,1.15820215605904,273.0946603374636,0.7780175927496744,12.690840673309513,5.77915293664384,5.252754133436342,0.04725513640690385,1.5691762916604266,58.53154713732176,0.07576558822769576,0.037956589671575315,0.526277807284528,0.15030933659186704,0.030630661518157208,0.17906001670617655
PF6,2.1347685242943997,287.83986697466923,0.8306226102419325,12.064195223218428,7.678223026719988,7.432967509779331,0.037487823155565425,2.4268484997668067,55.718422336578406,0.00042239698202381005,0.11611826747764985,0.17041282636264235,0.07264064972862225,0.1958160244359073,0.4445898350131546
FSI,1.8365834956725888,281.57587865877605,0.7618435050013704,18.552905036149475,7.166041679344565,6.497973018927185,0.03929308414021534,2.012936505199636,77.5465707434072,0.08657842210814512,0.10825116040498006,0.42714052579771816,0.059345040287402236,0.006696820058018998,0.3119880313437355
BF4,0.7557694900998972,305.44508687454856,0.8975488456915315,51.30805492722795,4.284729796722403,4.6958500836201,0.07128689587572086,1.4037819913406409,125.47421608255358,0.5315947805154967,0.010513212906781576,0.02466007720741886,0.03781396232461063,0.05756037259832562,0.33785759444736635
BF4,2.313225466076166,298.9040735270235,0.9008561135833304,10.254045969741332,7.777143375470592,8.209708258028407,0.038433658619407535,2.8347157046532137,66.10692702785006,0.02359318631030332,0.08002608726089883,0.007619237766572084,0.4484442715344949,0.3657979457652848,0.07451927136244609
PF6,1.1522600157152436,291.10523115872303,0.769527098270091,27.748269218543697,5.386100117979554,5.216738265865002,0.054047497221036266,1.5579138539003987,90.34198300729723,0.08807588075563091,0.2697795812691592,0.08045696558085388,0.3337519558154755,0.13590818988985556,0.09202742668902497
TFSI,2.2470447513706997,306.8483412376215,0.7815065854366566,5.068214563971128,7.436916975894104,7.390200677417692,0.04126015420532924,2.4061792968224403,50.99993222998486,0.0020653253773720752,0.02827253131504062,0.37350708298365465,0.2793694126767074,0.27156031943434256,0.045225328212882714
BF4,2.484094538440165,306.3244135456474,0.7817274938796283,39.928197431060205,7.9543240156672415,7.854712495237256,0.03851042690017344,2.640431891511409,103.61434042220705,0.37954027056449613,0.06220349142460676,0.04162969874068772,0.5021519383060876,0.002094522824063386,0.012380078140058355
PF6,1.7263284073188092,320.66597508002826,0.754540135978591,40.623154566530296,6.068429649487508,6.2564601780050975,0.05284167298653766,1.918017375508788,135.9502350162251,0.3413464638250093,0.12709934305588247,0.05118106462198756,0.023055431119157508,0.4261094056131083,0.03120829176485485
FSI,1.7585277562795263,314.36886917877973,0.8917344488298466,6.0717078802569,6.250117442728029,6.920349448744776,0.05029807392572213,2.1903687086004187,70.1170549175851,0.008851396896586953,0.0269133430096884,0.01084421618589855,0.3077897358199884,0.47239009325358244,0.17321121483425517
TFSI,0.4163655151056104,323.71041603549764,0.8487518100101391,36.45642839265387,3.367786162285252,3.883477461429227,0.09611964668678372,1.1932676785855005,118.08624105417982,0.21390487259931024,0.221255512063921,0.0026144346587015175,0.15682706041213723,0.13041122194684576,0.2749868983190842
FSI,0.6879390373035932,299.7786506259652,0.9333737261407075,12.792392547449381,4.217404456848727,4.605260556514265,0.07108131403881568,1.3785774184873234,87.94599004078671,0.015018960686641748,0.13324279806747122,0.06548940043186961,0.010075328526263128,0.689827105472781,0.08634640681497338
TFSI,2.279138569019492,322.3376347412986,0.9495243589545832,42.41841503150204,7.160726094189012,8.410243971792248,0.04501465780165481,2.9507187783721056,201.40668190897392,0.18951620289270338,0.36831442725865,0.11575953279139897,0.24628957977114382,0.054885043363882786,0.025235213922220973
BF4,2.2414135035225,295.4939036245547,0.8297831221499166,25.780249575675022,7.70918511439918,7.649717737454708,0.03833010872610032,2.534366102254066,99.44998578409944,0.18888600126454075,0.09543143829668754,0.01546757274059279,0.5442083346439388,0.051093102627831594,0.10491355042640864
TFSI,1.1064460599641728,280.47319550249455,0.7907178751386388,17.16641832570716,5.4938646705858485,5.187216693725974,0.05105207578267227,1.5487425424521433,82.36112372664043,0.09676665750112536,0.09116756742761675,0.5059095982400552,0.24999307302263896,0.03194433940885249,0.02421876439971126
TFSI,0.6648026337845994,283.588669687652,0.8805030753416281,13.92882307338829,4.412057761072323,4.463401908856385,0.0642758288864123,1.340014428941016,73.7371283703131,0.09754668789390401,0.024239197007491765,0.02650735505139558,0.4354958042405726,0.18378522778039114,0.23242572802624503
BF4,0.7806034682640506,289.8021151257489,0.9412008881518086,5.73719840343852,4.57395658808858,4.836761694061266,0.06335917482917233,1.4439065738277443,45.656455845534076,0.0007083651659877755,0.03845755382574315,0.19278538970972944,0.6481260504018722,0.04828927158283968,0.07163336931382766
BF4,0.4230491440226024,321.2104265947221,0.9041890447693273,33.0660145347668,3.4057713093743964,3.956291003560696,0.09431356289560293,1.2107720339265335,90.65767684413696,0.09198760579100751,0.3458745993164713,0.048520670059115194,0.0765726700645587,0.276527053795735,0.16051740097311235
TFSI,1.0538810653030375,296.0767329723124,0.9400037429360087,19.43736780242718,5.076907999003045,5.476630364985609,0.0583183175725172,1.641033248455945,125.42139921940768,0.15362188499596552,0.04415344975470634,0.052142077226744604,0.07727845594929073,0.5661425981185099,0.10666153395478294
PF6,1.1512062420129305,298.6419800968152,0.8113147432558024,29.416262585404347,5.2455231428318445,5.334976491682995,0.05693273520390771,1.5951939033345763,110.29956270563986,0.09415720277681423,0.29186605848279146,0.08977097556169049,0.45875863481686174,0.03317900482529461,0.032268123536547434
PF6,2.362043724857284,323.615363230518,0.9443396783319231,46.40256069281705,7.3020609882533005,8.576429028344162,0.0443183593989577,3.050439887619457,174.20938357569943,0.4101328429337717,0.12137340695523764,0.10031921326788908,0.11546899179921764,0.1967070824613967,0.05599846258248717
FSI,2.3901743464450718,300.475753296422,0.9883013812262973,14.773233986538344,7.903492047707633,8.905531519908317,0.038018100288159766,3.2579765222908894,104.75210290106078,0.06897071113454754,0.0928586386053456,0.45548685823656176,0.26181100232684884,0.11184527100564659,0.009027518691049698
BF4,1.5986971874035605,299.5058055233886,0.8501128113113195,16.010552969886067,6.205079583448645,6.397682401047851,0.0482678427400491,1.9729630128493152,75.55405403741042,0.0737892050770318,0.09858675465141391,0.01898137242136261,0.07824131792585402,0.5884482567921772,0.14195309313216037
TFSI,0.3152453863029477,292.51700957820583,0.9486142576239711,24.007073923963134,3.4920202689776216,3.747615670242882,0.08376727139211242,1.1612803356169454,88.56859478713196,0.004093035006869223,0.3265614980544361,0.2526383085664894,0.10579969294743072,0.2049191717712663,0.10598829365350824
PF6,2.4847475463457096,289.01109399995687,0.7655157766350388,30.10154833231485,8.4364289615614,7.755283619207107,0.03425751527296298,2.588443484554596,89.46464603752324,0.22863389291429195,0.11696780674509681,0.24893154478819426,0.1770674306423872,0.22747307591969915,0.0009262489903306619
FSI,1.8702142952829723,299.2826675188297,0.9149878252823197,8.621911448917865,6.8015802297140295,7.278058277132182,0.04400193152340614,2.352813051414924,72.55373972023092,0.02818341646963652,0.04609053779508485,0.11209345840138438,0.09390127917350635,0.616029686706682,0.1037016214537058
PF6,1.2341551833721651,323.8717983121776,0.9374046547307169,46.63602362381182,5.01825131410479,5.892257033882773,0.06453877616728196,1.7832747242203155,203.463911057041,0.4060912253022688,0.1342800474631405,0.04627808758580184,0.04519224294367633,0.3558048150822147,0.012353581622897708
BF4,1.1272224694738884,305.02367901359094,0.9299456337553865,39.98802855502309,5.08512405336595,5.620639034395517,0.059983527601787684,1.6889850845971195,144.0906479296674,0.05932934206001352,0.4989048817530742,0.023969156252590024,0.0845706848429615,0.11483540915281706,0.2183905259385437
TFSI,0.4109644618357154,311.0469256193652,0.913879434585763,45.7263918864019,3.4859464344004576,3.9389299250431646,0.08922883110017198,1.2065752625212105,142.84746001033324,0.39992316945462253,0.10740131014412928,0.06350737089778195,0.08844422172489294,0.03564672312642862,0.3050772046521448
FSI,1.7360530653503685,280.37367979712167,0.8187881314004284,11.504336485256335,6.964386353404246,6.553649113475535,0.040258203030346364,2.0354762534545023,67.23269736810408,0.015080348629036046,0.11245007341604349,0.054640825111120936,0.2741910260037518,0.4688265568165225,0.0748111700235254
BF4,1.6031391106404997,287.5410950685607,0.9063695392284841,30.07448694499478,6.479254174525521,6.632591142575979,0.044378733620157367,2.067868214424388,112.24153547117456,0.11307200858287601,0.27242192860481057,0.0934280862024465,0.10753667227380091,0.3158661030511739,0.09767520128489202
BF4,1.6035231221964652,298.30474452457065,0.9839843748589314,33.25742122015224,6.240709188491912,6.944604242415826,0.04779981497530043,2.2010199102014414,140.51740097186936,0.18873258582412208,0.19843968800987666,0.16558619643259428,0.014265279386841728,0.06456242150325296,0.3684138288433125
BF4,2.3249113488465647,321.0694044884328,0.9945511076911403,16.69601491731123,7.280315807154158,8.780607893197635,0.044101027069859675,3.177585331503984,93.71627028819645,0.12865344336948903,0.01247771276143369,0.13655656508121125,0.24637328628922556,0.06122650353124767,0.41471248896739266
BF4,0.8654363130353695,287.6950793530342,0.8964903435240137,27.54384007198122,4.801307309502608,4.939638243928085,0.059920155242643276,1.4739231403011694,93.11406069404129,0.13836737161850485,0.1745748255609946,0.0613378998250965,0.1615480469571035,0.06074596340255188,0.4034258926357487
BF4,2.1300998923389463,280.8847569966148,0.9435839752957628,46.64376351207969,7.868090458762284,8.024820310475647,0.03569922822681938,2.731809095566395,117.91925811986717,0.4019502156771093,0.11972436197862446,0.11046790213919282,0.002158887885339108,0.06471589778327835,0.3009827345364559
PF6,0.3601734641602077,280.8658584888306,0.9476844934739985,18.846987041285026,3.7483806314671586,3.8533270173636045,0.07492991937131437,1.186093819746722,59.215597615233904,0.10371032465807256,0.07466690079984951,0.04235801516484931,0.1355263157855206,0.11565011741889403,0.5280883261728141
BF4,1.3517621428846398,312.1112861900636,0.9131716837173138,17.078334269456622,5.442513678734261,6.085977280008227,0.05734689972568885,1.8537219002022542,93.33176141202864,0.12633390162288463,0.04292427918709978,0.5590467214381569,0.01838212475059238,0.14498521998632896,0.10832775301493729
FSI,1.0126766986574758,317.88544085399565,0.9580300188204965,16.48935017084385,4.651273938819655,5.42543669168475,0.06834373658384542,1.6243168677831892,126.23656635658881,0.021750151483112882,0.18013940571153994,0.401939039249002,0.21918819317987714,0.07156491951900293,0.1054182908574652
FSI,2.2218581932156085,278.47742827939726,0.7883813805136535,24.775741887341123,8.15664550924912,7.379179074182233,0.03414117089722993,2.4008811476729526,90.79166106514035,0.12392176560644243,0.17808687597229972,0.3770067806149414,0.04449169456803926,0.27457003188698037,0.0019228513512968377
BF4,1.7001924948714673,319.9182570927226,0.7920002121444678,9.467342355027984,6.028308225591058,6.366382041561586,0.05306932643799175,1.9606507007262077,59.578207648376164,0.06973806345042834,0.005166995847398346,2.9809759490077486e-05,0.13990909815352506,0.7313359648664639,0.05382006792269413
PF6,0.7921395064451158,315.8827481227125,0.8760446510977035,25.773047309628282,4.223119051975385,4.7348739438610465,0.07479844736438503,1.4147810565533123,113.49131008324204,0.17705563093590265,0.1060027477570697,0.2732289393947574,0.015996749389581396,0.22712951348383434,0.2005864190388546
FSI,0.3977594052551738,283.04860780626143,0.7938366278634805,50.549722801238595,3.804412219239614,3.7893899624218768,0.07440008902684953,1.1710233123464078,90.8176059261247,0.27230414468563824,0.38325057207750285,0.03410825299030924,0.04695160491298608,0.22920273673138242,0.034182688602181356
PF6,2.2075756051806112,283.96113870500255,0.8051994803022335,20.76456246054486,7.9558435194385675,7.4438468250482925,0.035692147289121304,2.432134738735044,74.82948677790985,0.13059412189052216,0.07628739231275766,0.1672136865288279,0.08637060358317095,0.13477002027212948,0.40476417541259174
BF4,0.2611288594937709,275.8191708173229,0.9003896131140039,17.943389681928792,3.5872380038080403,3.5877942819312434,0.07688900778942644,1.1247478265881803,32.772109641220354,0.07551647366520793,0.12492185087070212,0.06086433998516869,0.06104775344160105,0.5040514830646758,0.17359809897264436
TFSI,1.4004124827692828,290.9407282581697,0.8910237842618057,26.904833139950565,5.945945690287741,6.119502074811393,0.04893094276548804,1.866192791152978,129.81685847928384,0.1991638499720595,0.09985867791272728,0.3901418933974688,0.07840335776157092,0.13406253777809735,0.09836968317807605
BF4,2.247607112194323,299.78748859637835,0.8690229391696651,5.576033295958433,7.611379077878993,7.883055346844384,0.039386750486209904,2.6554418677276757,42.99261500924135,0.021536115729086383,0.0013582801356102076,0.16573730216542845,0.2408223293110614,0.40411709682884817,0.1664288758299653
BF4,0.6760658671739315,297.09583995350755,0.79403457479327,19.174685825821363,4.229615635844782,4.34204918343424,0.07024180576497431,1.3078830486453676,61.20426892463839,0.03378899230645255,0.20950360602388907,0.08697836005390709,0.4856932132129275,0.11980239945749765,0.06423342894532622
PF6,1.6041156548861135,284.7072469673272,0.9720913632657101,48.93762288515799,6.549131519730651,6.898367434485274,0.043472519388194616,2.180760102491408,157.95008534541685,0.28908443015538987,0.326342667718664,0.12122738021848185,0.0119254913370332,0.11407546938952391,0.13734456118090715
TFSI,2.0855603739474553,302.9854500325032,0.9991693028797883,12.611837501701869,7.182472610834038,8.209569762376974,0.04218400353876464,2.8346371865810305,104.32694848584025,0.0167454473510904,0.1182138199258688,0.3168076510041772,0.017146134595533873,0.31928146162837423,0.21180548549495554
PF6,2.4508585309710096,301.42245417195,0.8734180190676615,28.93620833282618,8.010091135810569,8.351560007839446,0.037630340162346725,2.916289244865517,95.7814903752639,0.19731999274950787,0.13460014423941377,0.29781444538763446,0.1422931120214888,0.12120992335292503,0.10676238224902998
FSI,2.192132594561346,306.59187646926614,0.8396681978819778,53.46757738788018,7.326128286640636,7.601660062984174,0.041849100162270364,2.5101236442726864,169.2862824059222,0.33195863589349794,0.3449028940549624,0.034308168873773234,0.14663670065698586,0.08954920192024868,0.052644398600532064
BF4,1.2374069504260865,305.37225113442406,0.8654544778624371,31.216640571376036,5.314849868040028,5.677298465460899,0.05745642091806387,1.7082333248511283,115.99531885602767,0.048932651066904524,0.3825308059739449,0.13082718501702761,0.25642092127680366,0.11791397177808798,0.06337446488723138
BF4,1.094922436500784,285.2287214359282,0.8906681026437143,33.15295508789228,5.3703670622943935,5.438031222650465,0.053111587742024714,1.6284135269851223,105.48107216260162,0.21733489250218144,0.16644696340457107,0.27131855382648723,0.05519632306408714,0.06628318480275734,0.22342008239991562
TFSI,2.374695749350385,295.3716298531018,0.9809751001363575,19.884989811852606,8.006842211296524,8.82379350128094,0.03688990266804235,3.2051493881582482,116.33214627097458,0.09246081343643218,0.14060100616238252,0.4044960232677175,0.022887185311159183,0.2960214138269111,0.04353355799539764
FSI,1.3417602096104089,299.54817410036355,0.7513682772086568,9.554936695155039,5.644615428394627,5.5203901428052475,0.05306795084630901,1.6554585311646566,63.213238647153815,0.005821514562863399,0.07115663805869528,0.2756492421018897,0.006481621030435997,0.2397701739288337,0.4011208103172819
PF6,1.9822881777770542,301.3056572942381,0.8841219809380627,15.397747161852367,6.998623016604855,7.38146137631588,0.04305213419545011,2.401977305063348,90.16484112014362,0.05700819137114984,0.11055173724761361,0.2470065575477958,0.3470133948625927,0.09489493101528998,0.14352518795555821
PF6,2.0652146751518203,300.4605224276438,0.8910981700897946,23.023211368308193,7.19830878190969,7.600772544675942,0.04174043258365648,2.5096781276762266,92.00188144430402,0.09116502800188027,0.18644394440195852,0.4159009089437613,0.07554823231260764,0.09946057804635099,0.13148130829344126
FSI,2.1267487738301947,289.2106366706843,0.825949154602486,16.978649747400823,7.622283834584072,7.391465879492308,0.037942779742531824,2.406788234469756,93.98056071473744,0.07931819960393449,0.10195921037058052,0.47966508075854314,0.10628968497752399,0.050256709802960195,0.18251111448645763
PF6,1.6230439897901765,275.28541556274826,0.8654317992961273,24.165064479937264,6.834658994039433,6.511584701052194,0.04027785670109176,2.018423861394828,91.95585098729224,0.059492095405808305,0.25045006240939566,0.30058812335888485,0.056642642539487746,0.2128466841258115,0.11998039216061189
PF6,1.1314863414403797,319.1112673428847,0.9936042807772116,18.024996731208855,4.877789836910908,5.810624181240268,0.06542128259157984,1.7543963475649549,132.81946113872897,0.06778440849101516,0.10852167595962042,0.11291495806520692,0.11050685873253156,0.02766671176426364,0.5726053869873624
TFSI,2.485148892609749,327.64632898040026,0.7600998072105408,29.527646322046024,7.465299567481834,7.722402985405398,0.04388924061501803,2.5714773987955866,124.3019796338971,0.08320046933678477,0.28053115538394335,0.11015125161697367,0.07228702989603872,0.002230122244779624,0.45159997152147985
TFSI,0.3375959758297882,320.57833686663537,0.7889394177436448,24.562801944847937,3.2377740310595864,3.665856931509377,0.09901195506275762,1.1424457811106894,70.05449986980238,0.033744810401584766,0.2997023081136743,0.01514595425112437,0.24648391374641748,0.37618552722363274,0.028737486263566314
PF6,0.6355360308475637,289.30469620490254,0.9910932987228698,35.47229489300036,4.2547567417240595,4.574688753174879,0.06799559029258957,1.370174015839782,135.74171199090915,0.2842355554488278,0.1247320814126059,0.2203229854630774,0.016383546981656644,0.3358536289871192,0.018472201706713015
FSI,1.4550540963864098,303.97924891955205,0.9747303940801284,27.221285600216817,5.805976576790842,6.545713631946576,0.05235626511734423,2.0322483188112552,174.67428275659876,0.2505110184575166,0.024523378255407444,0.2085520182515391,0.242694603593896,0.055282313517563,0.2184366679240778
BF4,0.3781029960990079,317.4525811007218,0.8615182232300566,48.38686489812799,3.3511213107298103,3.814356553492946,0.09473025643216319,1.176885227405133,90.76320377306617,0.4387024728802943,0.11458447210456288,0.22036008546621183,0.0665770424397686,0.12626054699977027,0.03351538010939222
TFSI,1.3862380554625178,326.36208510349115,0.9942981824785894,16.20869347435367,5.287966648639136,6.445834947572589,0.06171787887268177,1.992055438832843,164.5798332567239,0.14528571529800818,0.006154915503257973,0.03808846785504676,0.0396899287391533,0.6931928642531998,0.07758810835133402
TFSI,1.6397759804078855,284.50643334174384,0.9501459051684625,13.306379142217445,6.635892248021399,6.895066082945384,0.042873877800920314,2.17932068660099,109.77411300491627,0.04101825449605222,0.10199197923879111,0.11146754971128324,0.2523529969909217,0.3765960077064873,0.1165732118564644
PF6,2.3750953991962884,294.56365987528466,0.9426933034163425,31.019516660575395,8.030065005531897,8.597466319493265,0.03668259966418208,3.0633015244552637,117.5042206525755,0.20768386250037052,0.14336756444316928,0.1983334495844957,0.10826738182047226,0.08537020167490927,0.2569775399765831
BF4,0.588407995709244,326.39017243631224,0.7969758947591192,27.895859695132895,3.687326787314275,4.172367472159486,0.08851674702638543,1.2642429625137335,80.45023694429815,0.13079260105608675,0.2123092678128896,0.46695882014018,0.09854951001992074,0.006842810278110706,0.08454699069281234
PF6,1.170061944243491,276.8090680179834,0.898239157787404,34.082153253419946,5.722633545056369,5.627488638390915,0.04837092325387695,1.6913004459625902,122.8601904535696,0.2993547518907439,0.0747164151300151,0.09342844301743781,0.07579322779190609,0.34370408642029077,0.11300307574960625
TFSI,2.091091156015756,309.94647259102663,0.9454392618934863,17.745156468378372,7.03616276072764,7.942499197738833,0.044050497853886164,2.687200215598957,135.72183020672588,0.0055523305993553556,0.22969333228040503,0.0631208628890741,0.4873755740622302,0.19971956269549673,0.014538337473438488
TFSI,2.4093500137652377,294.14200232787516,0.8562704418785327,27.267638708014328,8.117786604648792,8.157638002317022,0.03623426146228451,2.8053480140630542,123.81582584109076,0.11254632427838225,0.22695640206419254,0.1566754879111319,0.15146620284376855,0.24433679099442623,0.10801879190809853
BF4,1.6416974604036796,315.59437861094796,0.9736719717169537,49.42710762296219,5.9851859553149,6.996187008084916,0.05272925201775849,2.2238443815532576,180.33697006851185,0.26803971663944776,0.3702585404992811,0.028583479179192166,0.28587130213180145,0.010639653212809594,0.03660730833746801
TFSI,2.2304988018783796,316.3511232956024,0.9270393884606588,39.28448671511484,7.1875145940159495,8.169400613138912,0.044013979958939395,2.8119554264396474,178.79219678011103,0.02094006652828329,0.5400764672437655,0.08200836372093588,0.08907687028055476,0.033457413025091115,0.23444081920136955
FSI,1.8215648520056436,276.98610299418107,0.8702807754407874,30.691386951879647,7.258189614251014,6.963182179797887,0.03816187199771355,2.2092132042393757,119.93389546661396,0.23194502722837426,0.09284864148858096,0.01678041351743805,0.1425412370915214,0.09344587457093056,0.42243880610315465
BF4,0.605617825760943,299.6466187474286,0.8480150056038608,33.89080547452518,4.040035486348957,4.28393250976616,0.07416930365090033,1.2927690936177245,79.63218650939335,0.25933079844511164,0.12806421837164653,0.19989960851433422,0.27355799508342166,0.0444033007956042,0.0947440787898817
FSI,0.742793704027271,316.4998629197343,0.9825008368386794,23.63489300540668,4.113448317371787,4.8244885895132406,0.07694271047070216,1.4403666768900023,159.39827768120054,0.22813961789645212,0.007731626061060346,0.06554641561547953,0.33777645721633,0.2745452901943736,0.08626059301630444
FSI,0.3866542009749684,273.9009166600876,0.8693001583207312,17.854139580384306,3.914928521230091,3.8402963953072895,0.06996319732908599,1.1830067360983192,57.5609136839974,0.06219143958125166,0.14888698996467042,0.24351378879353147,0.366279847225037,0.12269235582347723,0.05643557861203222
BF4,2.1500247946144055,329.7049801763895,0.968228004096771,24.882090206419228,6.756760342582783,8.204285539120189,0.04879631116979342,2.8316429979066866,127.29391509658494,0.10117695526341247,0.19986428783297236,0.4111590402353017,0.023412889247815503,0.09598077779728088,0.168406049623217
BF4,1.4811040983273354,289.88907893584866,0.7924499934431769,29.569562608936153,6.149931806471936,5.934252332520399,0.04713695827176186,1.798315631458119,81.19672796956623,0.16487462787945728,0.19473138883219882,0.059649576222630236,0.19383349649959997,0.3347504428524169,0.05216046771369678
TFSI,2.067572863474253,288.0885675053136,0.9783212959254939,58.14931412278958,7.519023866429809,8.056876408036288,0.03831462336375109,2.749379587298652,208.64656381754622,0.5946673728832107,0.05135114515625135,0.11656672163757488,0.1589427893737227,0.022750135391847646,0.05572183555739254
PF6,1.18890121477011,297.6533888148149,0.8132586874824209,40.77646326369932,5.345674710839187,5.417210603675489,0.055681163728738735,1.6216467101787575,122.69144303077974,0.3297006910143252,0.14111131120790574,0.1023016713983768,0.05075002591511779,0.28094786622433704,0.09518843423993723
TFSI,0.6783955695294592,302.5781346217638,0.9524851841112176,43.868065500866955,4.157958615879865,4.615404322358754,0.07277083842685994,1.3813770507147907,171.87150477390455,0.2743452525219931,0.2629073586961585,0.06454258674193926,0.0014725190735144532,0.21965984003798322,0.17707244292841134
FSI,1.3026592720535495,322.1234218155128,0.9105631046419984,33.14783754921825,5.182627474746841,5.965383677629414,0.06215446187963717,1.8095473579566028,175.02494541640235,0.17603226151237591,0.23132479897086672,0.1997078427876564,0.07595484283456268,0.19100541020664769,0.12597484368789064
PF6,0.6612936840395742,283.5663905497417,0.865957027615719,18.9549835194738,4.404338543420393,4.431629782529895,0.06438342278963985,1.331526404218543,73.3200846898327,0.0798446411633796,0.12826791458255438,0.17914432783737544,0.3077709743123505,0.051134991522005305,0.2538371505823348
FSI,0.510587620929343,326.79650698191153,0.8505119495392673,35.460869356806995,3.527207726876736,4.08565218221808,0.09265020160048316,1.2425061596530673,145.46855984675273,0.22497517262806807,0.205761153467704,0.32016458238643764,0.09391627712674899,0.11839318119885356,0.036789633192187754
BF4,2.310009855312127,321.5068358429734,0.9620951885152702,12.659681036030957,7.240757977021437,8.556123418046631,0.044402372909476615,3.0380767998965195,90.94109017740675,0.07348001495919286,0.04116991934046267,0.03467881968682164,0.47301663328963794,0.19812832681086923,0.17952628591301575
FSI,1.99592821539381,326.4951531607808,0.9320937414366023,23.53023703994432,6.508490685582983,7.6509804948132425,0.050164495723102616,2.5350062409736203,161.51106239580963,0.017442239610465354,0.30696862461180846,0.2615992451028525,0.1022257035703357,0.30197775407667066,0.009786433027867402
PF6,0.7481786175327383,301.66387140788015,0.876319230573274,25.782990894752608,4.321388990452305,4.639108276119163,0.0698071550777719,1.3879414181135246,107.48975727127882,0.07971498198240651,0.2543234166527925,0.03131883571303805,0.4512429260204057,0.15694174923672558,0.026458090394631588
FSI,1.4031081483424241,283.74622333082715,0.9488080646456774,44.42642064956162,6.10965973815688,6.328200816793388,0.04644223008995682,1.945735711439902,158.7205910184299,0.15143658612193286,0.4463526671537461,0.13214879145067485,0.007324129804879652,0.11952876671536568,0.14320905875340076
PF6,0.4157579952177673,296.5053701149418,0.968884761131809,32.065214120917666,3.6653461569076047,4.007053964713016,0.08089423411105562,1.2231271206246508,99.39467632526214,0.16352557094674247,0.21847828149354104,0.15783334023455592,0.04528799214148782,0.10219050632270311,0.3126843088609697
TFSI,0.974770050816518,307.5626818922855,0.914620192098323,43.84269396639179,4.72052931295622,5.22886092782374,0.065154278578068,1.5616956491927632,185.6813357168133,0.40068831101389235,0.07748682848953327,0.0713922013758271,0.0914317792633835,0.07481276217473364,0.2841881176826299
FSI,2.189730533394491,274.76089171105383,0.849109058841203,51.69582849387192,8.199785773900837,7.648300080816105,0.03350830122728236,2.5336476319274,144.94709001750385,0.27231762101084916,0.3978624990504775,0.09103268380850853,0.12629172874802672,0.030854645046940726,0.08164082233519737
PF6,0.6966270179919118,303.2836870246605,0.9448174858937002,14.849193781335634,4.187598734563424,4.645463469361859,0.07242424746225815,1.389706666909925,96.72352735336894,0.027368584979689168,0.13689046802925622,0.05555097883001022,0.1559975106058556,0.3728841935097732,0.2513082640454155
FSI,1.2951077885079436,298.62333774404067,0.9101098030259103,29.652232951559945,5.560230030893111,5.946725735740717,0.05370701141587021,1.8028074551591105,155.4393220553108,0.0004944707519840346,0.4263194601297042,0.14570139535901167,0.19080237458170268,0.18560413373869095,0.051078165438906524
PF6,2.2766531815496522,325.5481578704544,0.8330407619258628,30.33404475714063,7.090305363141674,7.741362252497655,0.04591454686321237,2.5812465740958377,128.8872762278894,0.06746339543510936,0.31963109401813516,0.09042878500844886,0.09878778007118355,0.029975464954585328,0.39371348051253774
BF4,2.1026855698586937,306.07369235434777,0.9436043011423331,15.311506684627785,7.147582924822819,7.9602578691714525,0.042821985498256394,2.6967614060924494,85.7081388951404,0.06385571997220997,0.10769746872981284,0.019099738928380926,0.7553411473789077,0.0336383861735837,0.020367538817104677
PF6,1.2756006406354885,282.673703990618,0.9491429324506728,19.76259876403752,5.839409584193731,6.026818331721811,0.04840792547859062,1.8319182947913561,100.69678600842839,0.07957282208092903,0.1564926782427438,0.08532609344243484,0.4403498513557437,0.19624289512310025,0.042015659755048174
BF4,1.9595561319094985,290.5369315836047,0.8041555910460106,27.495832678500644,7.210656961495495,6.9394700486087935,0.040292713012844136,2.1987609776212698,81.7940525556526,0.15739607900790797,0.1712798795630876,0.05975247944751095,0.156440976816304,0.3928470876801301,0.06228349748505944
PF6,1.6037713942174134,308.5421430696365,0.783769948054381,40.44787221233438,6.0364275141978565,6.1424695558422115,0.05111336835304262,1.8747848593676197,119.95910625279575,0.24768574039755958,0.24848749149668842,0.214061087239197,0.0634910243708862,0.10394664371131593,0.12232801278435304
TFSI,1.2142140531354844,315.3456596619107,0.8092655192461657,53.81146538289766,5.104213537118994,5.456553915466698,0.061781439465384,1.6344572353563265,187.79551943559568,0.5332867043717744,0.06653760896671616,0.2049695810709257,0.04616058302919036,0.07631837457749327,0.07272714798390033
TFSI,1.3311689372496929,303.1334796721726,0.9004992408818824,34.38707169194454,5.555352392680933,5.996791543697226,0.05456602178316266,1.8209499377451863,180.9224142232469,0.2865553117349385,0.09703628775635242,0.14655043725142614,0.12329269382247203,0.23069645488980978,0.11586881454500124
PF6,1.2363258662820273,283.31041252835917,0.804229030701447,10.823333489329354,5.7349079833032555,5.485722882677804,0.04940103892742406,1.6440201882821401,52.34255542292013,0.05200572491936289,0.045923940328722476,0.6132202884290121,0.08593343013493944,0.09106787886942161,0.11184873731854136
PF6,0.5548511884509948,326.64134823158776,0.7918412499110448,11.073438699564415,3.6174636239553157,4.09838514644416,0.09029568288358898,1.2456743492817193,56.4172649590582,0.00023910554597963936,0.12586322963256097,0.6901272594963646,0.11110602702923189,0.012744115681185946,0.05992026261467722
PF6,1.9390142397395613,321.4346209098699,0.9997071527387013,29.955639912720212,6.487544252960885,7.846116011824586,0.04954642440599441,2.6358961060176607,145.9899153568082,0.18323566350609896,0.17009641484936786,0.3905854665530867,0.06538467139873805,0.07562982374558655,0.11506795994712193
BF4,2.1779322505136935,326.1772071318498,0.800965156832386,22.83613170280009,6.879590494763574,7.36111961650753,0.04741229981350209,2.3922250672015917,97.48952907874046,0.10015033016622145,0.16617356153293028,0.03744239907976739,0.2679963044779859,0.22234203105087608,0.205895373692219
TFSI,1.4587505347712117,304.9643103500347,0.8763757048392667,11.446950884687872,5.795406307464357,6.196033820236945,0.052621730758937,1.8949771189852722,95.53438599393365,0.07650440856778401,0.02453113472102549,0.42255148273955756,0.3488765466428636,0.06034454731676116,0.06719188001200818
FSI,2.1561980215191223,298.43809329908515,0.8069669466382084,36.988112835355295,7.446072944966833,7.34995133443158,0.040079931462505235,2.386887621562646,130.90581097742648,0.12232286968883944,0.37457705706884925,0.11008750385560466,0.20122215847100988,0.15528956629279952,0.03650084462289744
FSI,0.32635047515463933,306.1584559836468,0.7554308639260224,22.37504944544678,3.3597062388690824,3.616338053471843,0.09112655518558176,1.1311870982106595,56.468746348197605,0.025787512467737164,0.2704786720798875,0.19990755296573484,0.31275186681823214,0.10014869772879383,0.0909256979396145
TFSI,2.254020714932481,273.627950040901,0.7946510439242794,26.79740002516085,8.390891390669708,7.477899785370116,0.032610117006777475,2.4487555508264487,97.10435322829046,0.03905302757265715,0.3224546044866379,0.2859103381602707,0.24640207798676275,0.008716965764838876,0.0974629860288326
BF4,1.3363462884220871,290.115498992124,0.8693082274939491,9.85614666014255,5.8192625593618486,5.9042420582658055,0.04985434082629511,1.7875543695468543,62.85447439221336,0.04275659630515478,0.03523802433023357,0.545719374458261,0.07294342811083301,0.0732894430503572,0.2300531337451604
TFSI,1.6812216233346973,307.7930342229355,0.944162108972179,54.60571301742069,6.214943589237539,6.968364383843296,0.0495246706270903,2.211504109949219,213.35078452640025,0.5389254306699646,0.06815237128921574,0.06825328699184319,0.19864463751554837,0.008079186281363664,0.11794508725206448
PF6,1.2462571239850693,296.59402818611227,0.7941667453317904,23.533113607014254,5.491121548058714,5.474339910004451,0.054013378795260455,1.6402816780572698,85.73136748688016,0.04290072754799386,0.26292302213123797,0.36794005740618224,0.19883666446630696,0.008080700291076567,0.1193188281572024
TFSI,0.22771928493662796,316.49209991627464,0.9925503931424609,26.18420632102723,3.0503223783047577,3.565057164474925,0.1037569347316554,1.1196447336560718,85.55289655923731,0.23462671906918559,0.009504254974394303,0.034802751715509866,0.0012832624188095852,0.19106152183117886,0.5287214899909218
PF6,1.5152365459985508,281.7540474079085,0.9349425066415376,21.621479244613603,6.41565482586381,6.541647636176876,0.04391664686698179,2.03059636797135,95.84017522380233,0.19975619694065638,0.01657375432708097,0.0983492770849596,0.02328378326002881,0.5830540928929723,0.07898289549430212
FSI,1.886186291486954,294.03234753811967,0.7937018465582513,41.673045146208295,6.959863472531116,6.742673856265139,0.042246855660113686,2.1139003987101668,123.8909070800018,0.2000870183627136,0.3370792107690323,0.0791827395505592,0.16650921084195028,0.12396185568770948,0.09317996478803506
TFSI,0.7559090753566011,308.2636548803701,0.9816676220203204,27.676570306688415,4.246719107140426,4.855128661172235,0.07258866129432863,1.4492203645850363,161.91071745290918,0.23546620418243563,0.04578248282715235,0.05547601403569078,0.065889882926712,0.26284594086012997,0.3345394751678793
BF4,0.3638622979431596,300.0924202193654,0.9384426699109889,36.30745431112819,3.5084653691796572,3.8536597659043164,0.08553381283325379,1.1861727565708378,84.40789319039965,0.23797293807797637,0.19267590692329145,0.16001398158874672,0.017455698443394396,0.2245453922180706,0.16733608274852055
TFSI,0.4665673902342737,323.45030032892765,0.8723162977076995,26.451026158157557,3.4718325513896136,4.0174858462007625,0.0931641418591647,1.225681688025788,110.22377470816878,0.20922107753258767,0.06379568519040453,0.222796987022508,0.020376564347573334,0.16785017040721353,0.3159595154997128
BF4,1.1530136755870308,302.7469567772648,0.8199090822756325,24.481034957664384,5.178454512281869,5.363415961504541,0.05846280121979103,1.6042930500687598,90.7350248085438,0.050981553697588715,0.2561682078147483,0.007195236968342658,0.13885684039629137,0.2575775852856708,0.2892205758373581
TFSI,1.1063655405874746,319.18724565058756,0.844459411048206,35.202052606198315,4.82525717960928,5.335701982021321,0.06614927117240897,1.595425379680481,164.7966413550253,0.1263297124456631,0.32257916920871843,0.06532885782914354,0.006437618205327244,0.18220553755039423,0.2971191047607533
TFSI,2.000487300991884,326.71704229608576,0.7555672051574001,23.32728624783698,6.5135662603863285,6.778756497408271,0.050159471668091656,2.1292105974064928,125.8984050164922,0.21428929574955705,0.02664546975071548,0.2563172157258029,0.19995298657252253,0.2817365323101663,0.021058499891235732
PF6,1.4580719114299017,281.36436429283617,0.8340714576068404,9.091433766509876,6.292298745986663,6.0403404111548245,0.04471567159335771,1.8368792689757891,58.36969476041716,0.02951878052268411,0.05095299758122346,0.4571453280708046,0.2008643667519509,0.16685540970625257,0.09466311736708437
FSI,1.292216723894119,280.4625147923504,0.7629303729165977,27.495125438187557,5.927215481860683,5.464678467624011,0.04731775243377976,1.6371152408934633,102.06810702700552,0.005809951566970393,0.3653273799333438,0.05647692816542154,0.055443275989930596,0.18904460323917816,0.32789786110515545
FSI,0.7953219656460191,301.7590786631244,0.9648826979523313,29.16366363956194,4.421956529963923,4.918481009883205,0.06824107759050863,1.4676994897418918,139.01105589811445,0.25873793253446054,0.04712743011042015,0.17555187817959417,0.22228639012520063,0.11656406995307847,0.17973229909724603
BF4,0.8932214644564271,274.7709672039809,0.8479594274775132,17.28157228976267,5.108904057773262,4.893538904027745,0.05378276125305454,1.4603962175779588,64.315180801168,0.02100870857543461,0.19496146594984842,0.0618203195473881,0.36874050712628237,0.2541741000352585,0.09929489876578806
TFSI,1.272971305218189,293.5940372346029,0.9631556797598625,54.99060302249022,5.607544159157652,6.065173856980561,0.052356972839016525,1.8460251709639304,228.828705563877,0.10229534650864917,0.6908142719176839,0.02507810235169288,0.015012710907675756,0.10003072035879745,0.06676884795550098
TFSI,0.5007291707655328,318.99582078818,0.9842268220327384,12.100469885253053,3.587085416815972,4.232077701104122,0.08892897261179031,1.2794311181843803,86.8003217470889,0.05431522814157841,0.03523339740723124,0.29613381207613126,0.008832756583140903,0.08010495150878673,0.5253798542831315
PF6,1.6101516636865207,273.80510980817894,0.9819171006135554,50.37963545264109,6.8441956195163,6.9525886328879025,0.04000544768583479,2.204537478497804,153.83858383882662,0.2711088956070546,0.37719187146800237,0.026123423129692448,0.10387053194598743,0.11906742344447796,0.10263785440478543
TFSI,0.6437659939350089,294.5813928637676,0.8462919343389923,17.250169467452533,4.194684573124381,4.362034920672307,0.07022730499241107,1.3131213121163774,74.8433531683825,0.04681019904583633,0.1379670814839726,0.2026013200012693,0.20863994581030654,0.016590683388117002,0.38739077027049823
BF4,0.9235376087824378,317.1145480023464,0.9411891719831622,4.864984765183841,4.47829733403928,5.173058993263131,0.07081140986150629,1.5443634186083357,54.59551439644061,0.012321740648579037,0.0016942952492612598,0.07130331413190659,0.22676287263183156,0.5002971912541144,0.18762058608430715
BF4,0.4169854560712075,329.67334321230715,0.9425226795397174,35.81997185040244,3.3130360661170855,3.982545623463314,0.09950792464468639,1.2171464269145955,99.88605605044947,0.2618018237557574,0.1458418007824864,0.07904443211645899,0.16441129960661274,0.10553662921933983,0.24336401451934475
BF4,0.8346248366938704,296.6081187307822,0.7606144882070246,9.533086445798684,4.585416392320495,4.587069357516949,0.06468510018578286,1.3735709361708293,45.60504991036533,0.015745066313515427,0.08140008529359835,0.14803310378507897,0.24871530272780196,0.4566333335400632,0.04947310833994217
TFSI,1.179733219069553,291.6850400795572,0.8756280123337865,16.2684627942315,5.436549365896687,5.58251863424503,0.05365260580714835,1.67615709010806,97.55839118702642,0.022905653554611268,0.1772404231114525,0.1205900382911413,0.6045950218940654,0.006101027989636626,0.06856783515909291
BF4,0.7904600515308824,328.2769799933676,0.9461805052128378,26.422339097283707,4.071022436016939,4.86979472727014,0.0806374774771695,1.453477477374021,129.22166787753463,0.2287793758201565,0.05231923594496988,0.2469824037694831,0.24818136984647068,0.15112663842215868,0.07261097619676103
BF4,0.8059334230208832,325.98714140440876,0.7787965133285651,49.089525871336726,4.128309957237809,4.569145349559049,0.07896382412684001,1.3686557721003363,125.0652204174448,0.4868105276610902,0.0545245616979708,0.020965443918470574,0.013274742803489331,0.32411288657091225,0.10031183734806685
BF4,1.7247262385349178,279.76460992349416,0.9842628576676267,29.695408297103803,6.954149414030041,7.243959940586787,0.04022988194056735,2.3368222371552756,112.46566432748419,0.06295865355760816,0.3328818413535952,0.3897336988310289,0.035716015882436496,0.03892041952441084,0.13978937085092044
TFSI,0.4395484357466046,329.9866242041176,0.8638380303608718,16.183952563058565,3.3549789716553517,3.949246637458873,0.09835728539344665,1.2090674107129284,91.7284972812815,0.011935427587710275,0.1935654907871723,0.29282730627434717,0.030131319791167423,0.4172636316425557,0.054276823917047336
BF4,1.0168792400859052,298.7896633855812,0.8540404200168227,27.027094803596615,4.949622684585625,5.171139933273385,0.060366149588753026,1.5437707871358899,90.58085055622544,0.22121466844139567,0.059389828552645144,0.05065091729116561,0.2552020983632753,0.14491571998754132,0.26862676736397684
BF4,0.9797364724184987,310.3611853850401,0.7735053005422076,36.3273361241114,4.689638831150101,4.894578386375583,0.06618018925541141,1.4606998603578005,95.9266315777075,0.3459926487710992,0.04050580471981791,0.3985247729595054,0.03851520645133059,0.006027907594450807,0.17043365950379616
FSI,0.33945070703563174,294.02606770203585,0.8136373286568206,60.8595339827155,3.527405567770279,3.6904744162078513,0.08335476657080114,1.1480844790833096,97.44482606318158,0.6421545635391342,0.023167545025353578,0.09937592562161433,0.04344217999166831,0.056843622094197445,0.13501616372803202
TFSI,1.975279243941029,294.5954735118336,0.8968798731389601,10.727041195406429,7.143633697350563,7.4289704942996275,0.04123888289808216,2.424909244789203,89.06955562151963,0.02712523311589204,0.059450779805075606,0.0922368446474952,0.30296731541954364,0.11257402432755444,0.40564580268443906
BF4,1.2542654696714788,278.28877088522415,0.890502293678217,53.00649971200884,5.88771997316798,5.792315694059595,0.04726596579889423,1.7479840261123378,129.29485383876667,0.454303849688884,0.15635591407347452,0.01165301597422814,0.10368996528500474,0.08245235327018152,0.19154490170822705
TFSI,1.9355116795111518,321.019935082802,0.9672634465692507,20.559494637314135,6.488236579587327,7.680374244997489,0.0494772240723719,2.5499527995012117,155.84923254572232,0.015932852041441695,0.2583576676596619,0.3051402091119087,0.23057314469918014,0.14609604919071006,0.043900077297097516
PF6,1.8186886974425163,284.6484940770634,0.7733957363345931,35.36834758312559,7.043028302553149,6.516415210804892,0.04041563967219559,2.0203748068787126,98.18890759455752,0.05334806409141738,0.4433109514640264,0.06054129309228644,0.11381352051805808,0.2590806593411472,0.06990551149306462
TFSI,0.9075455164754997,290.05013321749175,0.7598809046725576,32.38675146378969,4.855594981647096,4.724066270227316,0.0597352403389918,1.4117262608816863,96.92106579128564,0.2779564482475927,0.0794031453709574,0.10788712372867686,0.18362768649942954,0.27117773877142504,0.07994785738191834
TFSI,1.2031137720929421,291.504689025289,0.88042855354646,24.841792720098393,5.492357380807831,5.648139295289036,0.05307460327397954,1.6983001839755247,128.45024497491121,0.0032550829851156443,0.3433847804548216,0.36220624826000786,0.09363165561159698,0.12746574206752997,0.07005649062092799
PF6,0.8611879426613729,282.9486165027269,0.9410190133553227,43.31828512391808,4.876220460869589,5.0259855702917635,0.05802621492881968,1.499598062786079,124.3870622732099,0.20305653167384335,0.3630039359077292,0.18264142527527408,0.13914165431430314,0.07384869542424403,0.038307757404606214
TFSI,1.5193735382301308,301.3859025752099,0.8951095743007111,6.31175844425157,5.994720419836743,6.400014502522344,0.05027522244038491,1.9738834574799338,70.69580821379782,0.005046540916658071,0.04063638323202182,0.5494313145788872,0.010555056991297617,0.2961216667872281,0.09820903749390722
FSI,1.5058148779156313,276.9409768654139,0.7925797720279573,16.16866048949194,6.513213382865581,5.983696031636693,0.04251986854813741,1.8161869235046917,80.12846224684282,0.1303114645604497,0.023684143157660858,0.16513475725041632,0.25517093220858106,0.3238155352041598,0.10188316761873219
TFSI,0.254639964851529,276.2084623399735,0.9634075432866835,31.902573181340223,3.5663628151595317,3.6133051574005473,0.07744822292501893,1.1305011516909296,62.187958277897756,0.09956904190706359,0.3255476580419887,0.018975851107223777,0.4529585874239343,0.08551670035470976,0.017432161165079903
TFSI,0.5452979805232914,320.3501245085181,0.7629374364009712,23.356531631114876,3.663807211238634,4.0400706083376665,0.08743640318351151,1.2312305564546766,93.81066559290079,0.2154393818758563,0.014208248674346407,0.10231961017852152,0.17217742027383656,0.30686328038257804,0.18899205861486118
PF6,1.2631242393304365,291.6332060569884,0.8263701530927925,37.8167840583866,5.624165528805498,5.609520427576775,0.051853595802491895,1.6852334252499446,118.64331400533923,0.2358976956156963,0.22082065119692834,0.13146859682223003,0.22867015927262144,0.03781727322207603,0.14532562387044773
FSI,2.149632876395338,286.53953330697874,0.7876501485843159,16.936647654287633,7.748504419471703,7.232896636236296,0.03697997933471078,2.3316573582007414,78.74044723648622,0.10673502793299204,0.05832074448268862,0.5502997411780097,0.029725592261425016,0.008146656640428393,0.24677223750445623
PF6,1.938973149584947,293.47465064426103,0.752733680277666,53.510133654873435,7.0907435934462155,6.648825987116636,0.04138841671210785,2.0745934305980915,127.67250040973684,0.2603447534497821,0.4332314923858115,0.018878726551648354,0.02150627643236632,0.02672163139444536,0.23931711978594641
PF6,1.932068529327172,323.87486520332,0.9514431745855754,25.26315807392048,6.428052329768801,7.595633537649821,0.05038460307851428,2.5071000020974425,126.25230475892536,0.1952516139607422,0.07892724898251512,0.013407899905584393,0.3082675818372346,0.2987803477042069,0.10536530760971678
TFSI,1.436106418714146,300.765578935236,0.7768217643809318,14.704385782477297,5.8264257401576325,5.78899680506076,0.051620940924769924,1.7468241381179948,91.22043018873225,0.04965525742458386,0.10891961521800478,0.3286208112628714,0.2404491007388331,0.11648401397085568,0.15587120138485125
TFSI,0.4229494461154215,324.31585167807833,0.9314252426806339,25.229209727334172,3.37524805045249,3.9848644762242404,0.09608652366589772,1.217711034499162,119.84152755519003,0.23044127360285077,0.015333025055705846,0.3102416768894705,0.024605876788546074,0.1207311022168192,0.2986470454466075
PF6,1.8037294222088367,327.5473803239544,0.8968804451322185,18.726250626575183,6.105060897848432,7.044324117721852,0.053651779368718476,2.2453576622635563,121.01341249724153,0.10319548980933521,0.10532435941212773,0.2858339694042136,0.1208960796547593,0.3176858403661522,0.067064261353412
TFSI,0.31287030976582797,296.0437580108356,0.8957445655163903,30.154165296511785,3.444381071244785,3.700629699210425,0.08594976917111165,1.1504186732803494,84.01500793439075,0.20736630345728407,0.14315473286300162,0.18370719775670877,0.13200296019882268,0.26457398314081665,0.06919482258336614
BF4,0.4327447435326644,288.5699228213546,0.8818499451645327,10.953575303755343,3.80719261042215,3.9540398208862997,0.07579598731921193,1.210227022822612,37.00611009021831,0.06326535650918493,0.0268830350745536,0.35655078218964736,0.21610087734140568,0.14397697101907786,0.19322297786613052
TFSI,1.5649494269569386,306.70766875584746,0.8346478608027035,20.680733833270637,5.98903822454263,6.265454228685064,0.05121150629812019,1.921470629547902,122.70441359950492,0.18910367283754984,0.007872656036624825,0.14565996980879536,0.04337545600635795,0.41775932003903665,0.19622892527163535
FSI,1.0587821494949519,326.81618788334765,0.8762883487146872,50.18293103470416,4.625219420757288,5.319496153573796,0.07065960728622858,1.5902627127287405,229.92131656936542,0.4641903834067789,0.10592458140631839,0.284002675364643,0.0278041229314878,0.06020112814058506,0.05787710875018693
FSI,0.4548877703070195,307.69360589972666,0.9897740158427777,16.483273716348325,3.6159391691967286,4.125590237936365,0.08509368977246373,1.2524705585930456,96.6710174614526,0.02380233660195037,0.17184455350208075,0.18845430840839802,0.11784723746435594,0.3031155577381521,0.19493600628506286
PF6,1.3467800883018906,274.93103432312574,0.9207537391122494,30.730596452550497,6.186140836879511,6.100132005164728,0.04444306096041127,1.8589771201146739,116.9957143564004,0.07297721696823818,0.33130376488709284,0.2474167486262916,0.117945091134748,0.028807953613005182,0.2015492247706242
PF6,1.6773300468445307,299.36820346051604,0.8549413417746896,15.423506062970397,6.379295336796346,6.585047002120666,0.046928099054096686,2.0482984015066075,76.3953745479812,0.057419198184017285,0.10106933703705984,0.01621125765558263,0.37223140809409905,0.16844364346809768,0.2846251555611437
BF4,0.5753753748509103,305.1090257767838,0.8420233177491538,47.913957382203236,3.903592101515417,4.211198705207816,0.07816109312710648,1.2740996101717925,105.70090687931247,0.028253050120826673,0.6797990245031037,0.08968643712847771,0.05299090774553702,0.07239407627494335,0.07687650422711188
PF6,1.6701891178539534,312.35824641941537,0.7541205501490392,31.714009029158305,6.1039768042149545,6.148809841022405,0.05117290848872884,1.8771637014345512,118.71603079323556,0.3107938227580287,0.009922126027516884,0.016239964180474856,0.27328450160828777,0.13118536892821436,0.25857421649747764
FSI,0.9813492245727764,287.2400870051542,0.8818862186242957,52.42187300664307,5.072761534229872,5.163595892020926,0.056624007469486135,1.5414432893508678,165.83506247833674,0.4236387709924106,0.1845309028943825,0.0016097678309165133,0.07512808239854754,0.045228283604565385,0.26986419227917763
TFSI,2.3850040723206782,289.25760187315046,0.9231928923137491,13.435629808768294,8.203857780970003,8.504547019264493,0.0352587294411812,3.006899266725745,90.46406964307651,0.07900908622299602,0.037946566195946226,0.2606551735277609,0.1104253093992171,0.21388546098367325,0.2980784036704065
PF6,1.589072729450841,295.5757193228738,0.7603132581266406,18.977828353050743,6.2670283401288165,6.020482660822407,0.04716361619593352,1.8295984785748833,83.02809196404704,0.16989601001110294,0.004534099435606359,0.22239864695896525,0.27793119984412507,0.10232883333492004,0.2229112104152803
BF4,1.6258067544234416,312.7133218806496,0.9647415624233576,35.71893744553932,6.004653884751032,6.921208371152297,0.05207849242981229,2.1907450122739696,148.48998298322957,0.17763147359862386,0.2677779351329893,0.07664588498734932,0.21609759332350645,0.09931604777452917,0.16253106518300192
BF4,1.2375073698489842,295.9351403408145,0.9419152581746854,23.563287208607882,5.484211047738084,5.914067684410955,0.05396129685105215,1.7910705915134075,107.3731303796559,0.0457563283047254,0.263855317316973,0.010242812430122837,0.4429008797169506,0.1756751383924339,0.06156952383879438
FSI,2.367760624237007,327.1878959637607,0.8528007942622231,17.44091990274517,7.2399623455935425,8.048070352430342,0.04519193337557854,2.74454161099253,109.97012878081385,0.1535369488284539,0.013895191208576437,0.0292056912760103,0.6909754073162823,0.05689111318611461,0.05549564818456259
TFSI,1.007812733160986,323.53879681328584,0.9548148463899966,28.591594258523006,4.565366545495119,5.405686400007474,0.0708680877185071,1.6179133768077496,166.3437464027169,0.27670582178952324,0.011955939361548545,0.11681781349595194,0.3165989748032782,0.08871603861142217,0.18920541193827597
BF4,2.2749442373407027,323.0161879297828,0.9898990655148737,32.46571826121971,7.13824600726286,8.62991293660502,0.04525147880881769,3.083244918367418,153.68407605368824,0.29492849732618304,0.04927027082806542,0.0898152353442224,0.06797787283513967,0.30442089020388685,0.1935872334625026
TFSI,1.342099263438531,323.6024155156916,0.9075379923185962,23.073880856121757,5.2403487937016315,6.045015177583178,0.06175207572149184,1.838597468376624,161.92397756317416,0.2211559789589631,0.013071349368239643,0.43244748622809676,0.2608945050402475,0.0639367799630889,0.00849390044136407
FSI,1.9479655264411508,305.76753539558086,0.9657315937387071,20.837232487546938,6.824429847950477,7.7030296309951805,0.04480484702870958,2.561533048178798,141.25439243016774,0.07902986131183,0.14544109601153266,0.020926753345442008,0.22341626739099935,0.06515788441957397,0.46602813752062194
FSI,1.912533446891477,298.81359944558506,0.981737249933128,26.035696626021224,6.904685566761244,7.694013316390913,0.043276930796683405,2.5569180928519466,149.72828372295817,0.20463317729540498,0.07019120203981725,0.02874948368244695,0.2971300856582223,0.18097448652475695,0.21832156479935147
FSI,0.7657563418384266,301.0217890549549,0.9514542403376556,27.102796533038237,4.36866087885065,4.821455296269056,0.06890481944072314,1.4394931309868504,137.38622267959445,0.23510658902538956,0.047795880741089015,0.07461623163513108,0.09914429658006,0.3629174378625367,0.18041956415579383
TFSI,1.5385979961397525,301.5560430288113,0.8680361127551616,27.874893321735577,6.032945476995925,6.33889655915508,0.04998487789731686,1.9499023839913383,136.39755132854893,0.13249619404027185,0.19413856861204856,0.03037006856516685,0.15994063191594565,0.16311269739878784,0.31994183946777927
PF6,0.8562175852781917,315.1328223498232,0.8096963323396709,31.60337452379733,4.3654868423509745,4.7331905962112035,0.07218732611735754,1.414304823051147,107.4255538877637,0.08301861540263895,0.33850239164928675,0.3114073281439254,0.10109341601996202,0.06897771440491396,0.09700053437927297
PF6,0.5814918683636885,319.7205185135043,0.7580373487751403,22.466504693507378,3.744570114500255,4.101981385571783,0.08538243609738731,1.2465706201305433,72.30527904335109,0.01344377299634076,0.2830231292852472,0.10559643691418429,0.1877723584650922,0.22118810060999122,0.18897620172914423
BF4,1.2773322351160485,323.87160722095064,0.807487004454658,54.80880856793506,5.105476230511463,5.578572950568077,0.06343612086281429,1.674834894739054,148.5485973855546,0.3236405460165683,0.3723546320622933,0.03781727004931031,0.03388342522441578,0.09308714892902288,0.13921697771838956
TFSI,1.357310611467242,329.47973124612565,0.7530352252305109,42.75467460669254,5.184648985122525,5.555256755034993,0.06354909120975705,1.6670429211988642,158.87383472159675,0.26841829987724186,0.2601910257091985,0.1829796601691918,0.0719101823348059,0.14519649332226592,0.07130433858729598
TFSI,2.004830491132741,280.7898092843933,0.8483642684970805,35.213454861378295,7.579229076419839,7.252066382676176,0.037047278351564024,2.340613972901066,126.52349969282938,0.2048068759773516,0.21307999139255487,0.06466407225862737,0.17308276537452286,0.05955483044928638,0.28481146454765705
FSI,1.4181380542068127,313.2816675148539,0.8938237381571256,15.146498729103786,5.561356362927655,6.168913642085014,0.05633188148186454,1.8847265205099881,103.18986660262166,0.09930155788972866,0.047528210099056625,0.037679961645743526,0.39034687927144945,0.27842910819068384,0.146714282903338
PF6,0.6293228384994884,301.3304732343965,0.7582340036745902,24.08605602064903,4.0688184051742375,4.192934938598311,0.07405847182838152,1.2694541281534775,74.62314856184378,0.22710018995949013,0.01631181059654062,0.30164038073935645,0.16545445659551555,0.2042872826523499,0.08520587945674718
PF6,1.7505520547761186,302.93031430065724,0.9131968061228287,20.63626792244829,6.462262635770072,6.996496363433266,0.04687681875135654,2.2239819774404825,104.15101285094741,0.1953891435356042,0.006019716507110466,0.18674960949838815,0.2884558672543815,0.24864313046570244,0.07474253273881319
TFSI,2.134576148359939,329.48701414035986,0.7904456144480665,18.163095429128713,6.73010958134086,7.218165887941398,0.048957154435324245,2.3247980558970376,112.44964572980004,0.020962386190539157,0.2051815293624792,0.009442254089882723,0.13644552272338203,0.4589440640871615,0.16902424354655535
PF6,0.5110091326091679,279.6659922860849,0.7758307144271229,18.483108783643438,4.118346108654417,3.9911414510773877,0.06790735526049797,1.2192407027755843,49.78126696849335,0.02904177114752263,0.20753904773270138,0.45779705045815644,0.12558612030261368,0.1516130702559863,0.028422940103019698
FSI,1.0864527323152688,320.6441893623497,0.7687848519830491,12.560780654748264,4.764091317807575,5.088121007498933,0.0673043751625461,1.5183499735318384,77.31038071773818,0.06405653746105792,0.05611794777870308,0.1861194159476074,0.4455780746637008,0.12127012910656251,0.12685789504236822
PF6,2.495925506571064,301.07038626902465,0.7653260164433606,35.50689428031635,8.117075240168658,7.775491813208523,0.03709099365977652,2.598926207594731,103.91074159670494,0.24400198902602174,0.17709159183238832,0.21885348859993886,0.030581246177880324,0.24653148474623854,0.08294019961753213
FSI,0.3034177577473032,322.7746763721712,0.9233763560890151,27.316300660607403,3.1479608734157876,3.7004219588035108,0.1025345261111632,1.150370876584625,93.3115864704273,0.07416827695454184,0.28087117212155466,0.06133545482924656,0.3664817480472273,0.10508049267575595,0.1120628553716737
BF4,1.7620343474094549,276.08109576226013,0.9889651335472314,19.897392946653405,7.142832471577276,7.3564763342515,0.03865148690814753,2.3900045431717634,81.53403277168617,0.15873446423231513,0.050266063009080195,0.1905081306248824,0.2844152035763726,0.3083002568322399,0.007775881725109857
PF6,1.237795176561711,299.37953945555677,0.9566026374931773,17.211840632388142,5.421246571667096,5.960195326438164,0.055223376302453275,1.807670618405336,109.19995587010624,0.09158265530658442,0.10033484687381204,0.16573030220469376,0.23919989336627656,0.3795114897512067,0.02364081249742662
BF4,1.207948221301419,286.98530710121673,0.8023568203648572,31.08220278668122,5.593096547611981,5.4230137350219785,0.051310629927128204,1.6235299285950944,90.98258781316312,0.16813865267372355,0.2084998978901682,0.05632517369768332,0.0020195812431447273,0.4195281322734849,0.14548856222179538
TFSI,2.0746030938386157,291.28770306856956,0.939509052814459,7.76104161603745,7.449272222604934,7.87277096914566,0.03910284043381478,2.6499855676914534,70.60147342345958,0.040191707819256246,0.001441848813153728,0.34300399839852463,0.061774624426825915,0.2613864629388136,0.29220135760342586
BF4,0.43977549744400274,296.6465643149914,0.7809642202823255,36.175789134984726,3.716404277781645,3.8586223211515684,0.07982085428339417,1.1873506305680785,67.807212945441,0.14414210016752144,0.3326418416413624,0.0998943808564157,0.21546147574339855,0.19576832000854047,0.012091881582761475
TFSI,0.7739608046590567,279.7536593842237,0.8041985364328612,41.59461675314134,4.731701514385283,4.556045365908032,0.05912326856073206,1.365074591841493,113.53179839791531,0.09257851492132962,0.49359880929262023,0.0036104419546812974,0.07592052157349782,0.3333785028726961,0.0009132093851749678
PF6,1.4613147928798516,285.64392822395666,0.7560573385218963,33.189522269196765,6.199996681520445,5.762094432618541,0.04607162598575896,1.737450634967517,96.57317254072004,0.3458068178282197,7.642073054617838e-05,0.31790365511282054,0.03244514698575763,0.26732599917985655,0.03644196016279943
BF4,0.403409169331706,328.5465508749105,0.8010032866385102,8.81505028759039,3.2963255637688906,3.8078301762370197,0.0996705405819391,1.1753500701284514,36.99987372670235,0.04705350591719169,0.0015599831629116005,0.23028566242955414,0.14365533415854542,0.18195337352258087,0.3954921408092163
TFSI,2.3225880347279384,305.36524896519757,0.926099219744363,25.378821745109224,7.633731499089526,8.377367416872843,0.040002094519779534,2.931380531943986,133.21219244651815,0.05105570933674295,0.29074792867690974,0.07499851132444878,0.0723176940976485,0.5079757278921976,0.0029044286720525327
BF4,0.2792832835153544,313.4051384711263,0.9998475091286317,37.11288967744858,3.186372356407155,3.6981017384102315,0.09835797685130286,1.1498371776305845,86.19660974161671,0.18079274243329294,0.2827718851497633,0.2933182137026933,0.020213819932619247,0.01912041282183585,0.20378292595979539
FSI,1.8037492807692694,306.87478239678774,0.8019092930234799,19.95188662021258,6.493644902357758,6.616108276333238,0.04725770919277793,2.0610625592209457,112.35397496730796,0.18293801632237197,0.006226507470960139,0.3917988105585878,0.09203346238852177,0.1643585719826036,0.16264463127695464
PF6,0.22572953209981686,329.23767729892296,0.805620563032185,44.96178714552449,2.9364599241184366,3.4546308818581153,0.11212060978416534,1.0951881515109436,63.83856175104295,0.3914853563996736,0.12155126127261404,0.1794618095831565,0.19059365231354455,0.028325074081689786,0.08858284634932159
FSI,0.5532290939798401,317.2712545519095,0.7869867283261779,13.783852114884944,3.713588188327146,4.088459886715125,0.08543522826499246,1.2432040736147578,66.34510098289093,0.10050584815223161,0.008094691901830518,0.04221509551130886,0.11096017333904414,0.3551293579259446,0.38309483316964027
PF6,2.033703042226123,328.278241341791,0.7751903802803433,42.67866366934304,6.551454809605247,6.941267586701398,0.05010768613720639,2.1995515910512915,148.14343612279893,0.3956128622193389,0.06952732056235748,0.14548587977700456,0.002321915626072283,0.15362902505217196,0.2334229967630549
PF6,1.69686820960128,280.30637817141985,0.982648567719226,19.221074298956363,6.874761270354999,7.168562789432462,0.04077325264808001,2.3018486429209184,100.03536206194096,0.11604491287357345,0.0830285827138932,0.35553535277177334,0.12119949375706773,0.08732050282213866,0.23687115506155368
BF4,0.839899448959196,278.67204964333104,0.9015626548625354,21.786371451039003,4.906233951820325,4.893054942553083,0.05679958444295901,1.4602548693173707,85.34693987800347,0.17288312546956552,0.04653472999934996,0.2025990165853826,0.19703439158262204,0.16809054943132437,0.21285818693175546
TFSI,0.9119500687165432,304.29040836358627,0.8907526900215897,12.17992337089321,4.635607955289678,5.030804942186586,0.06564196353497957,1.5010441837650632,87.21312257091326,0.016318180943368083,0.11626597726037577,0.021710087076538383,0.12238227000667123,0.5650471811631608,0.15827630354988576
PF6,0.7631659185455466,315.5034750376371,0.771120223919268,19.450503594693167,4.167957779194485,4.47123168499099,0.07569737788913312,1.3421144754003835,75.91594388317993,0.14718800243435598,0.046063965514343205,0.1588229360617358,0.028968560688216502,0.4114627107388061,0.2074938245625424
TFSI,1.8058375628507468,288.8805450001067,0.9272361297554045,6.827984771112506,6.90607665001373,7.186094581861647,0.0418299071440993,2.3099339160925028,73.35293528502987,0.03729481060660957,0.00663903751275054,0.07565846192817656,0.19124067200081496,0.6188148983749963,0.0703521195766521
TFSI,1.5126803940765663,290.9068286204655,0.7853223167717751,4.63896491129537,6.198552729770188,5.969854179028626,0.046931411460502476,1.8111659982612844,46.642560643782815,0.009084073745819328,0.011928949893975882,0.03827351995109505,0.28051556107447223,0.6054035360052032,0.05479435932943429
FSI,2.4663384929869108,313.24761919638735,0.9044464840971386,38.148967483830695,7.746988222933243,8.576677946438618,0.0404347612494217,3.050591753336453,159.80347481058,0.22621493260472503,0.23740117722184742,0.21640825865212518,0.023845096809800084,0.11235292870982702,0.1837776060016753
FSI,1.923884448338022,328.59804645809464,0.8652452061753677,21.436971913657086,6.326721567487087,7.1615794903995385,0.05193812355308227,2.2986359874561217,135.19611304132184,0.010932764103048123,0.2732712462308254,0.16518894691010458,0.1578006066914408,0.25154155933875355,0.1412648767258276
TFSI,1.3397300495508488,308.1887846957641,0.7879159271948611,30.0259675941919,5.484025512473059,5.638986610456685,0.056197547585219804,1.6951942263610134,142.3702710990813,0.05498948156394445,0.34873449105375615,0.03439491794878762,0.15882180919411606,0.24375109277491094,0.15930820746448482
FSI,1.2258729542287494,296.3529613632927,0.7954857388191882,19.32488686170513,5.450764604097218,5.437911131732794,0.05436906248722075,1.6283744159198519,105.30496803536586,0.11165161094463061,0.09605275033918892,0.10890886380474069,0.03891830793779859,0.4661003119992583,0.17836815497438274
PF6,0.9762263246842089,307.8246446697518,0.9022019523013985,13.104320737038325,4.7196998530340375,5.20188324004528,0.06522123318326442,1.5532921527440775,84.81453499575343,0.005594553946538866,0.1457361790810128,0.1141309792711823,0.051856805285662416,0.5193888148815643,0.16329266753403912
BF4,0.6720976560699652,298.85600817191346,0.8867033650601277,12.3253758974519,4.195873199125454,4.489878133215656,0.07122617724344102,1.3471289534246826,61.79126963061476,0.058724767104587204,0.06206397639671796,0.39805394640077185,0.16679699489029698,0.21635425025357463,0.09800606495405129
BF4,1.0976351260763892,287.68816420256087,0.7924851478402668,42.7107237636669,5.328451700980569,5.174648837908293,0.05399094903114521,1.5448545562697076,104.43916358583137,0.33022610549431786,0.17649664723944392,0.3611017055941582,0.12214666697514304,0.0008774583889587021,0.009151416307978118
FSI,1.6867821875340487,283.64145074203213,0.9844263581339949,24.55943464178023,6.7655548405367725,7.151282114598592,0.0419243443335282,2.2939068751538167,134.53792868386245,0.06031530252102975,0.257240666353193,0.08451703377819841,0.2634702163526876,0.23673556173315186,0.09772121926173956
TFSI,0.8224045989489459,288.55165067055805,0.7905449837359462,45.617307520868486,4.689102692961332,4.625369575751154,0.06153664561531017,1.384132950594757,131.43476854944242,0.24374335992324886,0.3374523680923788,0.13266793313237124,0.13136735176510583,0.03646394544241161,0.11830504164448359
BF4,1.7844631183743207,326.804986174168,0.8566989054160945,17.39386569899366,6.079178737206245,6.821869000666679,0.05375808152736678,2.1476490959149923,92.72891936642573,0.11063249681820402,0.07342426906826638,0.19200230809580096,0.28310937474716996,0.27612698221794346,0.06470456905261517
TFSI,1.066039085432138,290.29024506288533,0.7932559803358242,14.145175736704134,5.207830307833436,5.11410469947694,0.055741110578476596,1.5262609790465356,86.49901071358326,0.003456544622070507,0.1656636564612841,0.3171335030723014,0.37028534149185327,0.006642353249107549,0.13681860110338326
PF6,0.622721760669049,273.04700315957706,0.8996321222608166,9.629385348734436,4.494980092022795,4.400551247821722,0.060744874853650946,1.323275694864413,46.00762941466333,0.013116127437122304,0.07264647739763673,0.19196494770946265,0.28889682677850953,0.18999475995300238,0.24338086072426626
FSI,2.4591306041892453,327.9689194748328,0.7856428205817785,28.431155055908864,7.406624352414533,7.82999576013553,0.04428048512652273,2.627411528987749,133.5109751627936,0.16543284973451194,0.17433949809774776,0.07715417452181239,0.05185042408616901,0.45492922227386867,0.07629383128589028
PF6,2.4691594744529097,311.30311864650264,0.9276903837554824,59.47030385230354,7.79938667869466,8.726538751021764,0.03991379469579058,3.143408592634773,181.88605838918426,0.2298519043501961,0.5822775036376431,0.03521871553342012,0.02982570847958486,0.03270158120314761,0.09012458679600839
BF4,0.7918605805484613,301.01625086401185,0.7934442219455977,29.509297463137784,4.4253165991054475,4.570743005556658,0.06802140459845529,1.369093170198376,84.50211622957309,0.0051199890787965215,0.38933500558585066,0.06104547093323257,0.0017815882091358295,0.08052893342063336,0.4621890127723512
TFSI,0.26176828693078424,304.5455880835581,0.9249805425344119,35.96099712484889,3.23882516366961,3.605326430158851,0.09402964738562977,1.1286985982145314,89.7142284743295,0.008192400876779955,0.5168374247033044,0.185523849016768,0.014983202750451183,0.2155470904948088,0.05891603215788746
FSI,2.3083646543485448,310.0153791751412,0.9820596620280413,21.928667574305102,7.4921173602835145,8.66737953071752,0.04137887385728428,3.1064354340003937,130.65996608011633,0.1678487239006743,0.04137089278702352,0.02543890342530867,0.26968802719633317,0.072934377079498,0.42271907561116234
BF4,2.018492255181138,306.6421566376436,0.7866090436392449,12.398604263629355,6.955441518728891,6.969410656103145,0.04408665586676984,2.211966925451189,70.64179261858544,0.008228922496331142,0.10131463710485292,0.1659484615450533,0.05130350673912915,0.09688142657586196,0.5763230455387715
TFSI,0.5197116805782102,319.0465328532581,0.9192939904158309,12.141040863242871,3.6254368753563457,4.194419561761151,0.08800223085442603,1.269831116319808,87.94801392626913,0.06868295514159277,0.027923429899259694,0.12418284540184914,0.3540628709329566,0.07982955955728131,0.3453183390670606
PF6,0.5777827906848132,280.5551399136615,0.9885270697675019,43.80627757330266,4.259997638976717,4.42788482259437,0.065858050564801,1.330529475003767,130.18204103917398,0.39390804635959004,0.1049164162666197,0.31869420055070374,0.038705918189921015,0.13009023335713515,0.013685185276030434
PF6,1.4793024412656015,292.695608532031,0.950476708372687,21.613234731663088,6.08519090354862,6.515106287654523,0.04809965918429011,2.01984597303059,112.68690317240798,0.07908381732272679,0.187092909589194,0.24255228294212866,0.13196100795876278,0.3127090216205353,0.04660096056665241
BF4,2.0492026686050555,278.781797898702,0.8271871221257512,31.034810234351582,7.741904377240503,7.237685145239563,0.03600946024575803,2.3338914602822314,87.89821858811095,0.044707343072611955,0.3873176338842504,0.12211157415798979,0.028175309552646816,0.36879820431492827,0.04888993501757283
PF6,0.6341914650864304,316.514443742757,0.9878855482875706,32.7988226489293,3.889105919290354,4.566271458015515,0.08138488647810124,1.3678693244886124,144.58346299813755,0.09051183289600102,0.35216237388342236,0.03394931757521853,0.12864130540299437,0.35628675200293275,0.038448418239430945
PF6,1.311977898099704,303.401439488338,0.830956750615854,40.246961841035834,5.509230761449061,5.72549222771187,0.05507147052386966,1.724778170741338,136.96528599252946,0.38076063436239327,0.06208814989581165,0.19652695029020975,0.1707388233747163,0.11959034062626359,0.0702951014506055
TFSI,1.1684262998901378,278.139802659901,0.8583434791148521,7.56792607022446,5.68918934202468,5.507277738342486,0.04888918015179225,1.6511228104554978,62.237034345049615,0.011053753513193137,0.01810982133144059,0.029232853081910416,0.044532267123298594,0.29187702017348166,0.6051942847766756
TFSI,1.3430529890582938,300.3156889346717,0.7566197753262409,32.30504597323356,5.632994593794656,5.540451127081306,0.053313683145640056,1.6621138990724031,118.17532282941004,0.18914059183996382,0.19735529347150585,0.2949069311152826,0.0875180822029957,0.08107862223448101,0.15000047913577103
BF4,2.3467932207433404,326.40367278129264,0.8865135166870199,39.24164871589739,7.2138762634977205,8.201159777646092,0.04524664145306986,2.8298733429979834,145.039973714603,0.3751663584263181,0.05699502184882304,0.03651889296080792,0.04156620563845266,0.4519274114879165,0.03782610963768177
BF4,0.22867101762712874,297.74003009811,0.9269202275200192,26.790272660099696,3.2400559084482303,3.5298994792154312,0.09189348533208107,1.1117995244897505,47.439314467696455,0.20790142240564063,0.07198387458265333,0.36881018691124046,0.011638078546878662,0.04244326160013936,0.29722317595344755
TFSI,0.8324330098253678,274.4934845987042,0.8106685107387568,15.299270342178446,4.969481412080045,4.68706807091228,0.05523584089306638,1.4013185491146412,75.98920312346694,0.05196804369616126,0.09656685765656398,0.07318073540462439,0.07869243540725271,0.2607683479552775,0.43882357988012005
TFSI,2.090078036558361,281.9832862574433,0.7758775670775147,15.662486097537798,7.742645788301486,7.054111655017625,0.03641949973786704,2.249757271364842,75.39005112545405,0.060459387020737373,0.10806180791842153,0.4283200308386218,0.06981998006652496,0.15848536355963685,0.17485343059605746
BF4,0.2890619828266912,291.7497880771601,0.8738728353171705,48.464313839212764,3.4428787224741613,3.63150853628791,0.08474007120050382,1.1346244410758382,65.37183894433734,0.4731133001995534,0.0687134977948163,0.38459366869461226,0.05803440880171072,0.0050158328104724014,0.010529291698834846
TFSI,1.5458399897749975,306.996650669778,0.8286749784092833,46.23317221926144,5.942906963464544,6.202497300377507,0.05165765719657299,1.8974283323759111,172.8858226701395,0.25604912841955974,0.3350633177039158,0.16579155767652323,0.11194376195990322,0.08360614424805654,0.04754608999204158
TFSI,1.1759737865229263,273.57737222846316,0.978849234272408,24.35223544188936,5.810527587462072,5.877752601155977,0.047083051945022526,1.7781091425717224,143.50073447868536,0.2133434694153189,0.038889348655908464,0.023266778900594767,0.6240478805941525,0.009474229121048899,0.09097829331297645
TFSI,1.7760690938431558,304.29174979217925,0.9861324164631564,17.148213411393836,6.4884056300074295,7.378598268292699,0.046897769212346674,2.4006022746882456,137.38534171307012,0.14433049161793837,0.022784071482081076,0.42112011832824836,0.22936327541852836,0.13346372102256415,0.048938322130639776
PF6,0.3719975287229035,279.27969257104957,0.9229892746124272,9.623125215204187,3.7988821010669507,3.8583743229839205,0.07351628324885663,1.1872917398724216,40.85109525425282,0.03016699670490609,0.038424534176628555,0.33388804635134184,0.01259435241350391,0.19100320739973137,0.3939228629538884
BF4,1.3865674613621688,287.3475065797176,0.8764938759777832,10.123224833794335,5.9916470664861,6.0382947212850056,0.04795801611663307,1.8361278856334748,53.559539253105015,0.01908597970732888,0.06896183488566708,0.0495456912666347,0.2840525436085319,0.2822672172473527,0.29608673328448465
FSI,2.00960943765177,276.26626840881,0.962570921288846,31.798041764550284,7.724311818313039,7.83597901957806,0.03576580993970613,2.6305575079011856,138.5271460691922,0.06092800456686179,0.3630220217614924,0.05283244694689444,0.02316602335209947,0.2523355218509904,0.24771598152166144
TFSI,2.220485957410772,325.6845162863477,0.9554032842528509,50.919162873726854,6.974690118470076,8.303648940868968,0.04669519516342151,2.8884781974954064,223.83247334500257,0.2493093100602867,0.4165197748957232,0.031891404871331845,0.006153798735347865,0.19061389388400604,0.10551181755330431
PF6,0.8072775152339122,283.7079372469828,0.7601079828482509,9.75022021109615,4.738238474534729,4.534045209257993,0.059876247000176894,1.359081415620288,41.342953932876306,0.01621599531341524,0.0672304570490115,0.13917662801080544,0.4956382564831757,0.002764114411994924,0.27897454873159716
TFSI,1.7913232172339828,304.87680703595424,0.7502481160126573,27.96259975709338,6.508787233447067,6.359842172248819,0.046840800920525845,1.958087897261404,111.9330952115396,0.19713712445978082,0.09729523577785511,0.1486152175342671,0.07515911827355505,0.055492401305374875,0.4263009026491671
PF6,2.015983869201508,273.382799697313,0.822049825300141,39.200891840242434,7.828570178463377,7.143097968712505,0.03492116612167531,2.29015521270365,101.9013461248015,0.20821743180374025,0.2791834914325471,0.15336316007487402,0.0008339805194725868,0.16561121077550855,0.19279072539385758
FSI,1.228388765560825,304.4829667637199,0.8523755842160972,21.232800620129257,5.31079688276855,5.617621479223496,0.057332820946635624,1.6879660709855298,111.47115070193945,0.15194532674815567,0.06436046350218055,0.09021587462644606,0.10489106412546019,0.3292859277922861,0.2593013432054715
TFSI,2.1281442599805853,305.0899877977835,0.9249952554555654,34.655425921725595,7.224654477451549,7.921308358517591,0.04222900745634026,2.6758355098305504,179.38334749912426,0.16288911360325103,0.26460619276151587,0.10996375125620543,0.1269840427463917,0.07519315714279383,0.260363742489842
BF4,0.4970135629058675,319.53235313682217,0.9292642416101362,11.389579741055673,3.5738244884239396,4.154642329009182,0.0894090781939144,1.2597691196521006,62.70391077363875,0.03504655073553284,0.06294817003429058,0.3277803224629645,0.00038306382408937807,0.22099833305063943,0.3528435598924832
BF4,1.5043515406242223,301.3038525714861,0.9524841184279271,34.458356486633356,5.963819433623386,6.582177377442891,0.05052196095555253,2.0471231692583314,138.3044542203867,0.22608990737652554,0.1767909630390496,0.2926986393173679,0.0005054590777921707,0.10203370330462637,0.20188132788463847
BF4,1.9373545448182072,307.73747400432717,0.793042665920731,27.89961966064475,6.7592005781068565,6.8410120326406885,0.04552867908685727,2.1558873594484345,91.4317378929226,0.07959805465073079,0.28332589277685966,0.17138196788593296,0.20247669393421472,0.1584385198394603,0.10477887091280158
FSI,0.44974905998957204,281.75111276054395,0.9594043232138718,34.14636657044447,3.9436496726305132,4.078727981288426,0.0714442549793245,1.2407866780703098,113.07120186667325,0.12623125357479847,0.31374260630105355,0.017123508916198776,0.32185875416466797,0.04913144654774859,0.17191243049553254
FSI,0.7250824294513429,306.75408585826153,0.7886111608713465,11.406115156658094,4.201529669757101,4.429520241042599,0.07301009631475376,1.3309647406739038,62.694049323941954,0.0631451960275061,0.033189728330032,0.4119800339551353,0.04784672439610177,0.22940931518637803,0.21442900210484667
BF4,2.494590324522511,279.5233831813544,0.9629912589003977,52.99204413330197,8.761999541363243,9.005671692631712,0.031901780165793585,3.323885196118746,134.13772740663762,0.28681012667635936,0.39936101654633044,0.08588363284191536,0.0443954103009649,0.11175662060872386,0.07179319302570618
FSI,2.329437011418136,308.4934066282945,0.8785798332786708,21.89560400172077,7.572551668375867,8.116490952812278,0.040738369328876305,2.7823563888499656,123.30602660997982,0.13707003801159726,0.10899877693960512,0.16324393801002895,0.03438144034476941,0.4827040599223879,0.0736017467716115
TFSI,2.125563563476474,290.4861227639007,0.9404870446410438,37.431730785677026,7.584982556692961,7.997662485026687,0.038297533394796905,2.7170113205701654,157.38661699632803,0.35583328701753525,0.05382254562043607,0.2554299411591644,0.2546166315420274,0.045457479747976995,0.034840114912859876
TFSI,1.914146695955516,277.2015879393642,0.9414347768787652,17.913313086782768,7.470670425743065,7.505110669050267,0.03710531614193013,2.462118439938479,106.80020308986971,0.08699803151126217,0.11605350194246043,0.20406859673004954,0.0367169698428946,0.49698112614036105,0.059181773832972275
TFSI,0.8729675566529842,318.82131619760577,0.8320177856402353,28.45949716981944,4.3520077531051164,4.815811333555456,0.07325844398372906,1.4378691586116845,141.13817033255515,0.21610981485422145,0.10450201511193591,0.5303003445438117,0.011468260571261112,0.09072359820379233,0.04689596671497739
BF4,0.4990574885411769,301.5689206116925,0.8050120801191519,16.47971482045619,3.7838082878905506,4.004368267373931,0.07969984144725664,1.2224703071900074,49.771412643388224,0.10841324353417216,0.05172182822180286,0.18388993987551694,0.2202713981850035,0.22476040807710965,0.210943182106395
FSI,1.6145560783777584,323.7447022178386,0.9006391913814256,15.545817688845847,5.7888052934231515,6.635331202175275,0.055925996092087496,2.0690017414193744,121.60335487229071,0.03244398468255596,0.15282911218965092,0.23084063375957162,0.19032458423833848,0.31935750269099733,0.07420418243888581
PF6,1.2371051144728387,320.62424313356667,0.9171108926764434,38.07458552221774,5.0715708479347485,5.836406439671947,0.06321990814032138,1.763466171527943,172.10403519906566,0.3872377403137166,0.017380760256830607,0.19500794547670755,0.28346943374378064,0.04175052860835399,0.07515359160061047
FSI,1.5547478880935002,276.5232817810878,0.9555318184760266,47.600102613711464,6.639719456890984,6.71402769195436,0.041646832155551414,2.1018239983664775,156.73935455073885,0.062213174715502965,0.6277098340491181,0.05336512411810594,0.04992921988657653,0.1361228218071694,0.07065982542352711
FSI,0.3191517659717089,316.0850306570752,0.8375108055932448,37.89255018500187,3.243014644654861,3.6682326315636815,0.09746642099752673,1.1429887317901155,88.33633063660596,0.30157799276909525,0.13487747458922986,0.2000859321119671,0.010761766090507392,0.2701057534287077,0.08259108101049253
BF4,0.390753312596798,282.0362116598091,0.8542632208490369,55.998058811588365,3.8026763453962,3.834515458440928,0.0741678191995653,1.1816397490464094,79.95687348389036,0.48770374101208575,0.1687760177785631,0.04921414487642068,0.15730181703444018,0.1072040299517404,0.029800249346749918
PF6,1.1655642904283072,285.03959668296403,0.7821471272813008,8.270966981246714,5.536013850760024,5.279106903550421,0.051488237632178566,1.5774685532876773,47.682075299743225,0.012853460363841447,0.060445243176469654,0.08558940061498244,0.5120796697473011,0.22200556749038938,0.10702665860701602
PF6,1.514486343094135,288.8552501818593,0.7633336604268569,21.971690397534235,6.248202160933454,5.8901460098513265,0.04623013832489466,1.7825219759789603,88.89038276322417,0.06432403521717422,0.21593873555636856,0.0016601336160112841,0.32228312472320336,0.38069021558663435,0.01510375530060827
TFSI,2.390257587365732,308.06272862934003,0.8453525571007257,28.772341331435484,7.711699055134082,8.051525909022583,0.039947452101913465,2.746439050359226,136.5617516756326,0.07331628205861151,0.3036772837661952,0.2332559614252823,0.199921390453604,0.052602033366434084,0.137227048929873
PF6,0.25698911287167264,297.5115144697947,0.970836317675742,24.455080150659576,3.3046629208699345,3.623735910057726,0.09002779454174298,1.1328620089649377,56.817744587925056,0.01894392018227473,0.318424642683616,0.3360931537587497,0.22783504441540323,0.07952780800325676,0.019175430956699588
TFSI,1.2097807581246227,314.84911888844,0.9668994663932982,38.59203882302083,5.102680662070169,5.924340923708943,0.06170268918233754,1.7947543940331754,213.2446166885586,0.2553982849615915,0.20567134312147187,0.021242677407451685,0.06911691770112909,0.2870982965372662,0.1614724802710896
FSI,1.2929769706104728,309.382360363015,0.8787349303931932,34.69518296606972,5.364835850273678,5.840460070673489,0.05766856041778657,1.7648964394560596,151.92618685739504,0.17346615698592627,0.24037347443736887,0.1232062480079318,0.01263041909188931,0.0433835575058279,0.40694014397105577
FSI,1.9409148445892181,326.36787408986595,0.9767256045138828,33.3787991155042,6.400475148708256,7.739353062228433,0.05099119463900013,2.5802095393699727,181.96186285775963,0.19345217167681883,0.20664011886967953,0.16532357874809686,0.18300404000390247,0.07269626619215457,0.17888382450934773
TFSI,0.6346088837052795,321.8202720513907,0.8776891216871288,46.67147035722249,3.8296526012548258,4.39247328438534,0.08403380294754227,1.3211395463661229,190.95218908790807,0.025052731374252294,0.6605586475054054,0.09895772581247088,0.06879938842694593,0.017864942402835333,0.12876656447809032
TFSI,1.376521614266589,298.69204250564235,0.9378280361507857,24.327417554168285,5.7367668740751405,6.227351405566861,0.05206626817196512,1.9068835897753336,138.53462236023356,0.1080674755419723,0.1893627012362435,0.5523093903046211,0.010842094792382075,0.09102211698965429,0.048396221135126746
BF4,0.7719878758120895,276.32961963461327,0.9475074422909789,13.919010118106119,4.7903214579027305,4.828660644225897,0.057684984622220783,1.4415690361675648,65.32098712345119,0.11218943261207584,0.020082999816103647,0.03822264217899736,0.04529922316473516,0.768245558432017,0.01596014379607091
BF4,2.0809766326615877,318.16823071910517,0.8728258831749749,33.81917198568944,6.841584799251093,7.540825668173339,0.0465050481803475,2.479768312998313,132.9159274965869,0.24006570124441226,0.14620880232165648,0.15084813343126977,0.11240944661776851,0.137148867121292,0.21331904926360085
TFSI,1.4070657315011685,325.88791885139034,0.990056501130742,51.117228329112194,5.336877524630148,6.482686437477537,0.061063405961142944,2.0067917196944753,272.5672089499711,0.27057512843558984,0.3939328968026965,0.011079515286009776,0.059119489600763304,0.21838134546046417,0.04691162441447623
PF6,1.4933578371608107,310.2261337793384,0.9122279577739593,44.007849834560425,5.7723289166241285,6.405706925047358,0.053743668848442915,1.9761319729180817,173.4866071706184,0.2654400796929096,0.2766771710090882,0.0809285688833632,0.17700123191059564,0.01800547386435564,0.1819474746396877
TFSI,0.5621294999299407,310.9676745533516,0.9073963541181489,19.00441888409941,3.8041387592187155,4.275185646946715,0.08174456670377013,1.2905095358143646,107.8597748451882,0.16899447165799952,0.019796308870195817,0.0671915287397471,0.6877894886015022,0.03673403387432344,0.01949416825623225
BF4,1.0975948465785494,297.3853871336877,0.8199564795986968,21.07902136512809,5.150221817065256,5.249950016065547,0.05774224833351865,1.5682965074858377,82.91824985605737,0.0944863938666667,0.1404449752871379,0.11534672773298182,0.2541524885187826,0.11597157053888071,0.2795978440555503
FSI,0.8227044165269397,291.6869962146462,0.9839016966174353,28.784795703992227,4.637662303904695,5.023650678088783,0.06289526427335154,1.4988979463035725,133.04689613327278,0.1556684547073212,0.17795413877821248,0.1727521049334948,0.005853851761849643,0.19094467023504605,0.2968267795840756
FSI,1.7768621346071938,275.27668972992876,0.9487568518240387,22.236130678202578,7.200824363999717,7.214525312388156,0.038228496601884286,2.3231059514015153,111.3556808401217,0.13789074835699008,0.10466160808843442,0.17049842362586806,0.22146203262643013,0.17827961750183074,0.18720756980044648
BF4,1.8225334618395284,286.46725190486484,0.8208264597967064,22.294179918481834,7.004823788841441,6.739959223356939,0.04089571137552411,2.1127530174928335,80.59528970244469,0.16793413960572331,0.06307464166229754,0.11085112968477133,0.37767641486988723,0.09196941859620142,0.18849425558111915
TFSI,1.2063336205744604,313.25591436594505,0.7703606203102045,26.587421600036937,5.120283063737218,5.32327979061699,0.061179413416512216,1.591466563546406,113.76023510027956,0.16252885881776089,0.12248157072036286,0.10062435041770885,0.04052420215700788,0.1264951765674602,0.44734584131969923
FSI,1.6262590465788826,299.62141395759437,0.8426570653764083,41.175351377459165,6.262694377986871,6.425946689329992,0.047842253808640586,1.9841474742233198,148.14251677648699,0.41922946336985256,0.025570665938846278,0.1539952336753644,0.1595822547610777,0.20404709759019987,0.03757528466465926
PF6,1.8501984477325084,325.1321569291904,0.9282215728580252,11.36436651017416,6.240275251437204,7.2934852831343635,0.052102214057674595,2.360083634192764,86.836105865876,0.07219875937797349,0.019557712250964688,0.0008525574372315542,0.6880906467928487,0.011492062877606247,0.2078082612633754
BF4,1.72562514255721,302.40398796520884,0.8807919901860949,19.453051813757853,6.419633358130211,6.799792009070321,0.04710611511516093,2.138187273935037,94.70564620666397,0.0032440400953066394,0.2587513576685341,0.20744448476830424,0.3113271485296586,0.1801232544371278,0.039109714501068614
FSI,2.063670084786115,313.17778767441075,0.882586254402713,34.58078245209841,6.909070774780182,7.553417126135766,0.04532849610074732,2.4860209623850227,167.81647327996575,0.18627915078032034,0.24462673091771786,0.2211021393866461,0.18720800104495305,0.10628492948715916,0.05449904838320369
PF6,1.0886600534087272,295.56702270532,0.826227836321229,22.106425585100265,5.1625611370327436,5.248703101043116,0.057252014041077576,1.567905449754478,89.87286431130373,0.12793009391820093,0.10734799128662381,0.09568465309236897,0.17317267012812057,0.1731134841289941,0.3227511074456916
FSI,2.322769865632402,284.819139982508,0.8900143690590576,27.34987115025975,8.194782045973772,8.168246391075535,0.03475615805089584,2.8113063771583438,114.54351305538742,0.07069383713130618,0.2739102200984826,0.17589658384780507,0.04052108149739138,0.142417066239743,0.2965612111852718
TFSI,1.3433085221551755,288.0223307725885,0.8356720450944579,24.468123337486077,5.878942128869517,5.806413449755573,0.04899220377731007,1.7529195111209437,113.64658617063587,0.06419227150168982,0.2564245729166364,0.1424653608159068,0.29879174663028746,0.23069481958213922,0.0074312285533402545
FSI,0.6089732673047484,323.25800712666194,0.8024401651533533,13.636758961053582,3.761929665407348,4.2216615229749985,0.0859287748251027,1.2767685360541037,71.59779872331318,0.0652618869045703,0.0382096555397734,0.0389585798703046,0.04503436300230673,0.186971137449721,0.625564377233324
FSI,1.564682288446214,329.3774422974087,0.9867290571059951,25.58667756314974,5.59859137433602,6.859793697872458,0.05883219907908927,2.16400081926947,201.8271636035003,0.14979385870141163,0.15329886864066963,0.18655082761656958,0.35500001926118596,0.13691249724347232,0.01844392853669074
FSI,0.4078254164132613,301.38415085038395,0.7895419659130141,23.633683378875183,3.5886301494213284,3.80498820256055,0.08398306270123226,1.1746821971621828,63.665779288779895,0.20355733313718158,0.01945361844153602,0.09199029147637913,0.152384262192991,0.1179340512256544,0.4146804435262578
PF6,0.325980446998003,280.9456508378964,0.8733710394408043,20.5309418410124,3.6676686786333117,3.7117547045800596,0.07660060803054478,1.152981205825517,48.4340847767724,0.1429440429211319,0.08106644762332943,0.6282325918459905,0.11807474359223596,0.012721540146639811,0.016960633870672454
PF6,0.7063014845361182,299.6049167773796,0.9976105447313306,28.259533089604112,4.259836683431265,4.76153452183156,0.07033248902304164,1.4223449806248425,140.1875924984823,0.05840766493977187,0.32451585625049295,0.1530797740092226,0.33820002271821026,0.10687793464369907,0.018918747438603487
FSI,1.2423414506128518,292.36076043684494,0.7950884304086208,49.677697149651195,5.5633951242540745,5.4694282849983535,0.05255078129580881,1.6386711795018756,139.61201153943654,0.4688622032776386,0.09089741153572857,0.22885077656458833,0.14233385382795943,0.00886095928492943,0.060194795509155484
FSI,0.5506729706502882,282.2099815891768,0.9030558442605039,37.61894147259215,4.170580141179335,4.243221111055089,0.06766684059196015,1.2822857431191792,114.67257541137218,0.2312088869025786,0.22214944872784334,0.01842125713475657,0.32980085396246195,0.023377189273272172,0.17504236399908743
FSI,0.4017969010900616,314.1123983176615,0.8054242870942058,37.9164430817149,3.4342285439191516,3.80904245654281,0.09146519933096692,1.1756350754261713,91.74076248035945,0.38064343618513513,0.024447291648430743,0.13304781703273338,0.25779312126328013,0.13008067064779974,0.073987663222621
PF6,2.2819285437440437,302.11999750840874,0.8387650176987562,32.84015097884648,7.626914927548363,7.785004588451925,0.03961234658815368,2.6038755144435806,114.01502011739369,0.16838554693508762,0.245448696298783,0.03203869808549629,0.09429042219563182,0.4451192382426584,0.014717398242342881
PF6,1.2174960659721747,315.9495321163998,0.7838204821277974,10.980150421209599,5.101726855242676,5.385745883547517,0.061929919237389455,1.6114738204865033,65.94394668565614,0.01006436241974607,0.09125185721586529,0.11866561501461025,0.20260005077762316,0.22232280406704732,0.3550953105051078
TFSI,2.384086998671825,311.13513351704705,0.8867915677360252,22.315455238524674,7.624948904344803,8.285470617928157,0.040804881110712475,2.8779957265198433,119.95791858148236,0.15501028044488901,0.08755254480339077,0.13505165706561575,0.3572984954047732,0.16183237081192936,0.10325465146940191
TFSI,1.8184136319679056,282.20839140771807,0.8965342387934827,41.727343434758055,7.106866055877379,7.075675203370096,0.0397092599169407,2.2594807735552958,143.48763957584816,0.3842224132910578,0.0788768431209399,0.08512170401825876,0.2510776584093801,0.09848104453085561,0.10222033662950768
FSI,1.1652147634618526,282.9646796726088,0.7572679035421992,27.66023083494827,5.578096854627188,5.2059493527579415,0.05072781757776071,1.5545558386971363,92.69425265478698,0.020128978093475376,0.3546153899904374,0.19848021634574936,0.004617094432642733,0.19322940622034715,0.22892891491734788
BF4,0.912199669062524,303.7880912829827,0.9808058838174041,45.46129970633545,4.6437071352713035,5.236727006582031,0.06541930454131324,1.5641544670056935,156.39067385333718,0.4547045824597112,0.0348849406462401,0.13393450198425338,0.06949497122791354,0.125042159815956,0.18193884386592576
TFSI,0.6288471743475286,285.4984898026162,0.8308018223731957,28.204883878511133,4.298682075769854,4.306118446105404,0.06641535353634777,1.298518097451001,97.6176329122007,0.2637901605048077,0.023677058898042856,0.016071789355067416,0.020789499391511562,0.46605863701322514,0.20961285483734524
PF6,2.287054929165449,278.4425544816754,0.9280002567080129,20.753454499845635,8.310937410743033,8.305968903427157,0.033503146603143706,2.8898187407260325,93.9300428927884,0.041812888577018086,0.22087182157504717,0.11883893801721192,0.22214675573899603,0.2824781926347989,0.11385140345692797
TFSI,1.9660719639577653,288.26890931840387,0.897376582600867,25.481542049903283,7.28423288113288,7.410767350409486,0.03957436754459872,2.4160971010137704,115.2476014288457,0.2328593857610014,0.030693088660448117,0.03810606639775349,0.23914595225584753,0.3656402584855481,0.09355524843940152
FSI,1.3931723413975106,300.31858279088624,0.9496080477000336,13.225590213836647,5.741815633694024,6.307419168060436,0.052303766256192874,1.9376653753304294,107.55650761983242,0.059558687279736865,0.057223229780062286,0.029490144799947632,0.3734718690493582,0.11839348091956395,0.361862588171331
BF4,1.3570053511036586,321.79033560992514,0.927318502785562,44.62422827237936,5.29807048327484,6.145940426143602,0.06073726965803224,1.8760867381985729,168.2268845307366,0.08748141759650138,0.5478442624097956,0.1372718503279939,0.09554748398609866,0.1151796063131698,0.016675379366440743
TFSI,1.7879386501915897,297.8000017983841,0.8539195482780586,36.49411220832459,6.655364098195748,6.816889411301211,0.044745861744681543,2.1455112785172155,158.69265583505637,0.3482645058481223,0.05020587141298739,0.43569086217529496,0.048883648832543855,0.09292620394038224,0.02402890779066921
BF4,1.404699449550713,288.9731162014369,0.965001624515651,22.981468316451036,5.997524208940798,6.388843126931697,0.04818206748888995,1.9694781819161786,103.90440049350579,0.18506461390620174,0.04293945505891727,0.006120655777178486,0.0670991391847245,0.390058881488158,0.3087172545848201
PF6,1.825730099845865,329.75317863564754,0.8237650225784929,11.939296876338954,6.11148702571444,6.759931492304408,0.053956292019960404,2.121209189440214,82.13479847084045,0.07383740366695228,0.005216373485103715,0.06160903413686114,0.22646732226056956,0.1059149631487454,0.526954903301768
TFSI,0.4929880799669251,312.8671514883718,0.8710788971713705,19.317848788291563,3.6376243250095164,4.073578782540551,0.08600864837452761,1.2395095243731877,90.07284980238751,0.11184420875431121,0.09395289566259635,0.14527988902709466,0.2555679708460859,0.2022200123627526,0.19113502334715912
FSI,1.470424737335995,320.6454460005291,0.8199489471678291,12.187354151816772,5.547000446516,6.014183038170453,0.057805195635403706,1.8272947741225796,92.05568221439236,0.012023424671318192,0.07517608972272885,0.010468538879051657,0.07084152941818252,0.0026957068394813876,0.8287947104692374
FSI,0.44337341367477046,308.0223672057755,0.9365453251537814,34.01023230296317,3.58778254237094,4.03809824468645,0.08585313172359182,1.2307449653580325,122.36995822452414,0.06931373222582764,0.3813097606793881,0.05169205406333191,0.018728925732166127,0.1529274494233861,0.3260280778759
PF6,0.4610153461339372,305.35036633324694,0.7963810474079769,8.809649182594523,3.656189029922058,3.91785971056324,0.08351602278609657,1.2015014008516076,38.969998628375365,0.004097191966520297,0.07960580621776878,0.008763963862209158,0.42275001974803117,0.3451034501039508,0.13967956810151969
PF6,0.551470507320077,285.4494459878141,0.9681875646094724,32.70078140257789,4.122393402330791,4.334817218590439,0.06924362090877151,1.3059927032205703,112.26811754449393,0.0599031855669312,0.3926293349313549,0.3341161290710246,0.16278866785354806,0.015040403252982356,0.03552227932415896
FSI,0.3544743571027106,282.79655376118706,0.8460766647759894,20.63004849449988,3.707975140793355,3.7497812045151857,0.07626711156986887,1.1617834030233587,67.54619866674895,0.10289011896050834,0.1239975153732391,0.43755411374540115,0.005701379811271766,0.08969015251486476,0.24016671959471475
PF6,0.8056874250919406,321.7059149728349,0.7551967061189604,25.68182267762462,4.1786802133668015,4.5211312239772505,0.07698744544838798,1.3555757133485429,97.60745882700363,0.11626527682684888,0.193102148111695,0.07330218046406509,0.20718154066053057,0.2564124490388941,0.15373640489796633
TFSI,0.27010609098669364,299.51458374270004,0.9890468537634087,18.296571744966624,3.3110231631033664,3.667868948681806,0.09045982736706983,1.14290559772641,72.65699410854918,0.11060009046535861,0.09302315650882857,0.029906549258351775,0.13583288448094677,0.6231246750159791,0.007512644270535376
FSI,1.1727071289986117,319.48365708775106,0.9482698581737553,43.27005341002167,4.9567841826176435,5.780107057237164,0.06445381628841342,1.7437211322133959,216.8452210040401,0.41539607966277103,0.06570844563395441,0.0679507187107105,0.108171817005469,0.3143126122023616,0.028460326784733432
TFSI,2.170494374204585,289.47888702808706,0.925002538516856,38.35469673970762,7.71361194264253,8.019282014939488,0.037528318663243174,2.72878485756406,156.1713592413219,0.22269373267988568,0.25154780034252827,0.2521932851960625,0.16544850079915233,0.015843564728443088,0.09227311625392838
FSI,0.6976954099708417,329.6738844132029,0.9011871783238977,34.88446823641235,3.8709248937712903,4.571885394602894,0.08516669619286117,1.3694060133440558,171.8854103236908,0.2624073108136305,0.12353927112596087,0.07704261587269745,0.17526441292558817,0.02812214751909013,0.33362424174303296
BF4,1.425993391008618,312.21951878677237,0.8679464300407567,8.087101589623062,5.595929920355701,6.094214682469107,0.0557940365998948,1.8567783879313866,63.15545325105899,0.019421091179297665,0.04517233021466483,0.21315938495172626,0.021426656676523135,0.5333327435435827,0.16748779343420536
PF6,1.3968169277205762,318.4882515725051,0.8146474677622738,6.629349907648228,5.431222140079129,5.844783432737616,0.058640255058296134,1.7664231566787614,57.895016007698025,0.015585515058625906,0.010968473099657037,0.13165031621691237,0.20684986243776338,0.24395630318557623,0.390989530001465
BF4,1.6226425439573573,276.3581743421408,0.8003879242935981,50.384497430162334,6.804856662281955,6.2468587440712815,0.04061190235996334,1.9143377661691277,107.87528431298027,0.34897264850664506,0.26758387496643266,0.07656272526183565,0.11449514759106426,0.08507790301488563,0.10730770065913678
TFSI,0.35552601754737845,300.02120430788545,0.9600627551569529,12.698695810981228,3.4911710080644234,3.853318219841288,0.08593712642974294,1.1860917328111884,69.58562062668824,0.0030514360876794117,0.11566467017413488,0.17260620119494846,0.15816221937974503,0.011398560620434029,0.5391169125430584
BF4,0.7388798818674245,314.6221829032578,0.9874088470441875,14.300837833473201,4.128659110980644,4.823941330647148,0.07620444663655662,1.4402090348303906,91.62557636061584,0.011079829026656968,0.14085227327600944,0.37161874221015023,0.06186764634925101,0.031179675758603632,0.3834018333793287
PF6,0.31949075864352866,323.87144089096176,0.9228885367768547,46.160263649320555,3.1705374793327095,3.7371358968956336,0.10215032719282842,1.158848893661145,103.55316276840162,0.45882205354042804,0.03896448203121523,0.1798997893073172,0.09285729343218994,0.03108402221027182,0.1983723594785778
TFSI,1.9128175767574849,279.73345846590723,0.8688333628458276,32.3766345968059,7.394741872134327,7.154799319312032,0.037828698188915745,2.2955210708476206,123.23883780349847,0.3036917519379342,0.024367501711296483,0.09092175042637893,0.09049192453692752,0.1398969608459323,0.35063011054153065
BF4,1.5582360397471635,282.6727251377863,0.9308987309007053,26.630819663013657,6.492911209864066,6.626399879610939,0.043535590739073766,2.065309255891362,103.04159366564224,0.06115488227636828,0.2934764480977665,0.22949559276529752,0.015507474917146625,0.3560750921032446,0.0442905098401762
TFSI,2.305137572711292,290.2851712344272,0.7885609055237678,36.36277833009807,7.994203446362029,7.5443534292351915,0.036311956930059,2.4815185363821,131.74435458440118,0.012734714965373334,0.5085107806171513,0.04591749967340649,0.036481489645021736,0.21306896217472493,0.1832865529243223
FSI,1.2099243909954647,283.2794996073717,0.9391289669113352,19.64192281235992,5.6746665751902725,5.840687608390993,0.04992002540658052,1.7649767573850743,115.60403406981553,0.10537366299816456,0.10528596693902283,0.448876196643886,0.039065552562839945,0.07254318779440384,0.22885543306168285
FSI,2.3142108285488154,294.409540411336,0.9687558296934885,58.692618987872166,7.899408071985402,8.604763078241158,0.03726982297008242,3.06777522244999,198.71444577236667,0.41662911807324476,0.3080935581709406,0.002964523634886843,0.15282900631437618,0.03585155115590157,0.08363224265065007
FSI,1.4298484500722328,273.79644500685237,0.7505588011868493,10.072063447061417,6.412961678367158,5.682963346412723,0.04269422752523999,1.7101698093240283,53.374002798322124,0.0473357843970699,0.012853992350661397,0.17062170181399203,0.07142006778240657,0.1758465514953009,0.5219219021605691
BF4,0.5176408970981219,286.50105437825545,0.7574580270032463,37.467345050871025,4.029405494157785,3.9802281315303345,0.07110256210094812,1.2165824122295152,67.380083875872,0.11788654957998267,0.3853506162690531,0.13050901116681865,0.20919000581184502,0.07731613713464293,0.07974768003765764
BF4,0.7434672334890209,289.8940868612017,0.8254463584364029,20.521128314608536,4.488832330023675,4.534230801250748,0.06458117959145797,1.3591318634822023,68.07525116056486,0.17356241841089012,0.021485874749331696,0.28138554385055065,0.11576255720311927,0.14175033315889252,0.26605327262721584
BF4,1.4758549053349574,274.15474932101154,0.9605605619802902,53.28868849994127,6.51372209783854,6.544120043174786,0.0420888004128983,2.0316007083987366,125.1843871752789,0.22346642973416397,0.4876928021011231,0.024953185562371284,0.07406012016073592,0.042527263512584484,0.1473001989290213
BF4,0.3033652280711762,319.9966463584368,0.8552279248676539,45.19185695947379,3.173356835530165,3.6486160362007864,0.10083853248888594,1.1385132074946203,76.89468866333536,0.33304392962681467,0.2044016084987032,0.08931012699579619,0.13315719250817096,0.1055069643033749,0.13458017806714012
BF4,0.8408180861787966,309.9302954471421,0.7601247379833419,23.832526131822235,4.403375700146032,4.597816568620782,0.07038470404350546,1.3765265228277004,69.5203822107866,0.2210428739483394,0.005217282570810519,0.030935145237212174,0.11884132181280525,0.30507309138251004,0.3188902850483226
BF4,0.7554248394301262,322.2736717699408,0.8200502263274994,12.664304748906929,4.069817769054144,4.548715776370225,0.07918626583736195,1.3630749705505691,66.66884180281353,0.06728708006254203,0.03618034678861274,0.08858432047878757,0.10223421486471022,0.3174662900478812,0.3882477477574663
PF6,1.3015123379630116,301.15285535980075,0.9640487657871042,36.22313687297002,5.527383546711768,6.136803407674824,0.0544837992179783,1.8726615009621597,159.96727438016694,0.08301831548026084,0.41462371519840235,0.21039109473893639,0.1861924972728652,0.03417711382128884,0.07159726348824648
PF6,1.146808098798393,283.69980757963623,0.9390767786177383,25.85806532371496,5.520398873707687,5.692352137780819,0.051391179164757314,1.7133841117297857,119.67249720405562,0.01026387522487637,0.3400785270122286,0.17194291805072248,0.23005875327295686,0.03634440605730949,0.21131152038190612
FSI,0.886647172129921,316.5016636965289,0.8113164607773249,49.75233578384834,4.410361342591442,4.798378614126678,0.07176320466988283,1.4328646939006466,175.6281381010288,0.26545449330051607,0.36718779001324536,0.09136197530960129,0.03396272495696523,0.028269723427360772,0.21376329299231128
TFSI,1.767195931198881,286.3588980522185,0.8876897230507984,31.243426290055794,6.881390447580248,6.921804166856081,0.04161352276601495,2.1910060751209524,138.79597724571707,0.05973593152536834,0.36187331379839116,0.13836460509495344,0.03388183347250325,0.2489889399564538,0.1571553761523299
TFSI,0.5252919624594845,293.8680227463376,0.7621668637102088,28.72703563894282,3.9419982959745514,4.000900318899815,0.07454798320091276,1.2216227083595992,78.58617321810802,0.09503809708969338,0.2696929940266818,0.10144041557783873,0.053640008968511975,0.290690016302573,0.1894984680347011
BF4,0.3621258623209139,311.94676702752264,0.7504077119074662,11.63671521294865,3.3740463244846737,3.679355099416888,0.09245479671212488,1.1455341329399118,35.66514065549851,0.08386889498397829,0.02088386386960091,0.07356793865996201,0.5420245856897532,0.2566427320724733,0.023011984724232173
BF4,0.7580383476089325,288.6315986168443,0.9533816373951349,33.371676576578864,4.542156891414424,4.806749602629266,0.0635450526075872,1.4352656019128653,111.86340145331059,0.18214745353510312,0.2088921648078973,0.19962153072992783,0.008961133669728996,0.02455738898763206,0.3758203282697106
BF4,2.2155927396142894,282.27673400009184,0.8410486773764652,21.134806377364896,8.024721610499084,7.658553358143743,0.035175891164969164,2.538848601166944,69.35777757413582,0.043682166403265575,0.22014418152415371,0.02702286481128292,0.16406532819862088,0.3645091550636322,0.18057630399904454
FSI,2.1546746609676464,328.93194829240736,0.9180039305748967,37.57095394374071,6.780484708221105,7.94499951969608,0.04851156848618634,2.688544324782035,190.60241411998453,0.3760819866185492,0.020137039892389266,0.17089464325016887,0.03373562485593036,0.2438882563658292,0.15526244901713315
PF6,0.6662600354941715,285.0463682159328,0.9945106851014094,39.52146597876549,4.391593675821947,4.656506810887494,0.06490727267990759,1.3927794601198928,127.68869585282519,0.20574022434373848,0.29349272363059153,0.20884982303190625,0.015514443905966202,0.16713047763754163,0.10927230745025573
PF6,2.1714647695321228,285.41450510755794,0.7765951623277418,12.817903937254608,7.830513227329926,7.215872587959429,0.03644901640819775,2.323732008524434,55.868667523010295,0.0843443408933378,0.030586098924032995,0.4616279117655866,0.1138774721154077,0.16285486232334,0.1467093139782951
PF6,0.512863124008085,304.31113068972286,0.8616491725293769,21.12068689702369,3.779640348384362,4.104770216055995,0.08051325063767063,1.2472661089017696,76.46450025793293,0.09740677265562818,0.15309010581708504,0.2871654359109228,0.17256090054845769,0.2414434959001016,0.04833328916780492
BF4,0.9611177935732733,284.1231606407512,0.816255326451405,48.72240331561561,5.084693518597052,4.9612937958785155,0.05587812905568108,1.4803207084144414,107.20177940697755,0.4237703392196969,0.1349531639509284,0.09873393614456662,0.02477660526207594,0.19257485777978703,0.1251910976429451
PF6,1.7864295216630919,283.02343570901735,0.8052319655532281,17.486690396705832,7.011289718466336,6.596225387627711,0.04036681510444365,2.0528828581125147,67.24627299003096,0.05690421969493909,0.14596030611013225,0.33225709352450894,0.32511812271617446,0.022842904315885558,0.11691735363835978
PF6,2.14215115731626,318.7508186594062,0.7815603591415705,39.96818975389652,6.955236171226711,7.185551069619068,0.045828899380592474,2.309682834266766,111.6456196112369,0.40450572834164844,0.02035455990164139,0.0980934093665943,0.07509456825983168,0.2668155929717847,0.13513614115849962
PF6,2.307796470236485,298.9218496711088,0.7707706936730129,47.875589659464694,7.764830514679253,7.446954715550765,0.03849689302374382,2.4336469703624366,121.65965008543685,0.21551735877516207,0.4167169602670257,0.03214493166015554,0.24608266706673249,0.019757280886337342,0.06978080134458704
PF6,0.28030632119231697,289.03102011183177,0.9150294084705077,22.761243141790306,3.456564747042346,3.641221318177875,0.08361799684474155,1.1368306551743441,54.54481050880989,0.13635227774065944,0.12289875033477714,0.5463193003043216,0.09735309087067556,0.02928390489805007,0.06779267585151606
BF4,1.9481650975501423,315.01764956288025,0.9992273561525101,20.330261573780025,6.631037516667126,7.8666496494340645,0.04750654008080678,2.646743271031677,107.48127937029429,0.16859009443755182,0.04382473620179674,0.04509721686628746,0.3130198479290951,0.42226734681193423,0.007200757753334694
PF6,2.165411796497051,295.79722017084697,0.9171463614552461,25.119313051595288,7.533523293288711,7.964998875523846,0.0392641276405636,2.6993196913768855,109.33570472188698,0.10219022779111869,0.20497810953658377,0.26061571334367284,0.2527194109054641,0.05312841338125114,0.12636812504190928
BF4,1.0592593148865,280.63167695438534,0.8242346844544307,43.65211514676245,5.380601440657911,5.182695667902227,0.05215619109674684,1.5473427943714808,110.50126275522952,0.21958750092371854,0.3447218464675157,0.060352111886215525,0.2452376365279436,0.08435811641008775,0.04574278778451896
TFSI,1.5039371301679576,284.04617892802753,0.8361915484914886,16.993287297787244,6.334775111318455,6.143948794272474,0.044839189069319475,1.8753395921842742,96.25200094811265,0.014372676944806762,0.16714347321012885,0.10873416366430697,0.05617326558943345,0.0829663413460216,0.5706100792453024
BF4,0.36136822881598263,292.18660091323443,0.9510692081943937,29.20289622115697,3.5990906834656187,3.8592154881165674,0.08118345065756541,1.18749149835771,72.69521856270713,0.19898842421427307,0.12240009751479795,0.1781151104433671,0.07378491254069817,0.11138428263797454,0.31532717264888926
PF6,1.9156720186523741,311.86258368079723,0.7623837355167189,20.92259090792925,6.6272103574993775,6.651192974012627,0.04705789719318209,2.075575770191187,88.18830505022625,0.1251031116962054,0.0930306779293194,0.1778449576725296,0.05459404838796703,0.23565365894934728,0.3137735453646313
TFSI,1.2193093706641618,308.1763289280248,0.9672213083479507,10.524089520307816,5.229227804288076,5.948355011936767,0.05893342965003624,1.8033950051365812,102.41990804059657,0.014290958439243462,0.09811842954533236,0.5215935834812612,0.301550441216028,0.016645946012076588,0.04780064130605851
FSI,2.475711785409413,276.71729318427356,0.983028362092793,20.70806239192392,8.813224091792998,9.084237253562097,0.031397964048361905,3.3765262715670783,100.53186205552531,0.14552203381054343,0.07772951150772725,0.04225957204161925,0.5582420358855,0.1163229589640473,0.05992388779056281
PF6,1.5101837092534514,285.2176899060236,0.9273532287653312,50.938703380196145,6.321660143699326,6.501184347012481,0.04511752979797474,2.014229760368457,154.18244948590336,0.1313063031941379,0.5860133631053784,0.07754445855939848,0.07207512994417802,0.08559741819416598,0.04746332700274108
BF4,0.8340304977104822,310.3630080078612,0.8271538356523548,10.022002811039046,4.38316141390905,4.724678813080669,0.07080802614820181,1.411899220042359,63.81511143985009,0.0033498462704239645,0.10075948608229761,0.0033047654761534507,0.04909322437643768,0.6952707268927225,0.14822195090196474
BF4,0.5147131032090789,312.01943118958826,0.8727704566236452,47.09786803068208,3.6925717232849067,4.123065975294903,0.08449922021068185,1.2518384052504616,111.08237630988245,0.3514682844916468,0.20922437006114802,0.10880864943398295,0.11408129896141618,0.08198562079544304,0.1344317762563631
FSI,1.9434040598066968,297.9005644296531,0.8021817208592401,22.623905544690167,6.993571271492574,6.897408032551423,0.04259634353680861,2.180341697542625,100.18605974551932,0.19569731663236212,0.013663521852958976,0.033195488942651244,0.19098039085227944,0.14273753191630345,0.4237257498034447
BF4,1.5317370525174088,302.4977989304323,0.9202416500312898,22.160129411870066,5.999491848134854,6.523920581556712,0.050420570039523264,2.0234098165927987,103.51252602787918,0.11061893242647648,0.14309886546838324,0.3821403221635752,0.16343487663534212,0.0406401777634742,0.16006682554274868
BF4,1.8434698260211888,288.65494412919907,0.9162259197603693,34.10370385652198,6.996800729477968,7.222587092241879,0.04125527584529846,2.3268546464562356,116.83465526156795,0.33272595454411336,0.014738838623965276,0.017028328484636982,0.051578400951844475,0.27494586103694785,0.30898261635849217
FSI,1.5653103400313204,290.06410957119505,0.9205724296649329,27.404636588617265,6.335590793006522,6.6024538572556875,0.04578327721092395,2.0554417152643363,146.91875634146555,0.17472074068167523,0.13732655821231088,0.0630340684802868,0.11053466918688377,0.3342561605215681,0.18012780291727537
PF6,0.8323428915318778,297.45728161124873,0.8487102231751581,9.96424239610132,4.567190650951557,4.766044803075691,0.06512915801955294,1.4236285946615925,57.11398393455589,0.07431053621537569,0.0006967877151108904,0.01690738358778273,0.17781069976090724,0.5934382687274319,0.13683632399339168
BF4,2.052848043099574,280.1435825571437,0.771686442072001,21.290810349617008,7.71002182483501,6.96038750623495,0.03633499215978401,2.2079787433156888,67.85568008731602,0.11175940105380254,0.10917559236842483,0.046553479355964704,0.13297279223188765,0.16345612633268614,0.436082608657234
TFSI,1.9829400356750548,310.74613691074603,0.7788176919514362,38.75036691706322,6.7914649976302375,6.860871954656362,0.04575539107087726,2.164467539304816,139.1748635512589,0.38376239215311625,0.027416105418869928,0.04601588207312362,0.22274509284103883,0.1547758981331811,0.16528462938067023
BF4,1.5442835178364265,302.6008927226944,0.8886048993614946,23.115954495616876,6.0245154472170555,6.4306447498816315,0.05022825410174305,1.9860126793662187,96.02692810966884,0.08099748226449772,0.18823253609095855,0.18238688143335757,0.06081333129406127,0.1475083473831314,0.34006142153399344
TFSI,0.450824904909592,312.6171881051653,0.8484586890462555,37.719765500172564,3.552352120825388,3.956265769522488,0.08800287175149991,1.2107659234083998,100.87141532026382,0.22945422865800544,0.23315169591141366,0.01702880561499293,0.09064775857583335,0.3415843379064842,0.08813317333327046
TFSI,1.3646603598190938,323.6609026828072,0.9480989117125131,24.919330504575164,5.285074250107084,6.234582505004224,0.0612405592364666,1.9096433578807046,187.47282156050986,0.1689163653002061,0.1122255736407367,0.09010736755675909,0.29013929857902493,0.2628515229423159,0.07575987198095735
TFSI,1.769725357804757,285.3526018075542,0.7801443602539968,27.028637794426704,6.9126509780143355,6.45160314272467,0.041279764118732055,1.9943548778441054,109.25348033599987,0.05302883652455617,0.313259663263137,0.11067763473113967,0.25713012658137147,0.25540132020529893,0.010502418694496755
BF4,2.316921087808137,296.2517018797365,0.8474177964957164,24.191899134025494,7.855482081529176,7.908500407212074,0.037712733452262816,2.6689898872316125,86.54946047053632,0.16616653373864912,0.09316283819290976,0.0923027037349388,0.26858477542473774,0.14449420332140697,0.23528894558735766
TFSI,0.8593916585512733,316.1898416863213,0.9074469436812296,28.577368750954182,4.358173840977258,4.94963083494374,0.07255099342604934,1.4768717479687123,153.72722281099576,0.26190846015260855,0.019428317773642824,0.1776195585496377,0.07518413559088304,0.08405295491094952,0.3818065730222785
BF4,0.6320796682763005,321.92553230927416,0.7633377455862955,13.069251865292467,3.8233475255468776,4.206225672532412,0.0841999138603617,1.272833012360816,51.88281733874334,0.025421068456916135,0.09445491286904288,0.04730439334058958,0.06635700233205415,0.2767565238513097,0.48970609915008756
TFSI,0.7239656474986833,315.2837920736563,0.8094774716660826,36.39604910961903,4.089508067168375,4.4650847047758315,0.07709577457612465,1.3404654990052491,128.14777942973095,0.12002366928132953,0.36240485653513815,0.1816904002635887,0.08904444048444228,0.125414791696435,0.12142184173906637
FSI,0.5651217344479554,282.0670900251676,0.8715896058166548,24.19174242870118,4.2063098343135845,4.231385574414794,0.06705808681142894,1.2792540247569617,79.68789519379547,0.13007242979735736,0.15118739448138108,0.23110640337129398,0.2591346044850734,0.10406225603342978,0.1244369118314644
PF6,0.3628410850794155,291.0713690858388,0.9682013829988494,12.542713676402283,3.6165798227899844,3.878258100956733,0.08048249543716524,1.1920227096617673,49.4135821390789,0.006332609418046349,0.11975845601487738,0.04260790822791916,0.005612601543617781,0.4320770454616848,0.39361137933385454
PF6,0.7150491008922892,290.712195263258,0.7901556937023841,12.711385926976916,4.411973671246716,4.412500295867032,0.06589164327018975,1.3264418535868299,55.48052795351555,0.05613345546634983,0.0544882286785419,0.12100297401374871,0.3448092899718695,0.07488006693567603,0.3486859849338141
PF6,1.8186705578619142,293.25551261029193,0.8988749264775295,15.189842268007604,6.828462548943294,7.086893409962439,0.04294605271807096,2.264555929262655,80.53140173633534,0.06133453404205451,0.08562632424298806,0.3708981792473003,0.10750037681158249,0.006496535561797761,0.36814405009427675
BF4,1.9637814966964702,282.49826015262306,0.760964570854479,13.137469742070076,7.43544307891735,6.735920359713989,0.03799346685251697,2.111047082319771,52.444885687648394,0.022521323419262083,0.09225500184678656,0.006860916403588843,0.10950574802786736,0.1752033984493121,0.5936536118531831
TFSI,1.870326003065651,284.2270879896902,0.8228158166785854,48.54579713828112,7.172741814560102,6.847334544169145,0.039626002906271,2.1586152083073755,149.53088682455115,0.27020457012391813,0.35449709591737405,0.07741283136975052,0.01102532074053455,0.2603711757137104,0.02648900613471254
FSI,1.6478881142279063,309.195451204066,0.9022996709289872,33.78595217966406,6.11716499750164,6.717222257989073,0.050545547051672954,2.103167310561958,175.76280403266503,0.1311400129205309,0.29393504651491725,0.06677753223495297,0.10383280362827908,0.12393708365739621,0.2803775210439236
BF4,1.6144718547841834,284.2957600884788,0.9739327095662871,12.049610794195045,6.582927340043672,6.930967370121172,0.04318682941540605,2.1950250834994547,66.74015651023232,0.0879056523619202,0.008512802287476173,0.006994245227401709,0.6702218096701088,0.01743403704966534,0.20893145340342775
BF4,0.7653047559475239,329.9368182790021,0.8074130840598952,49.88515876417638,4.002390761880441,4.544792683113239,0.08243493399529739,1.362005895968197,140.12715180257098,0.4594373259933127,0.10565311877497408,0.013642826528522698,0.08748650091437407,0.23596793590982654,0.09781229187898993
FSI,0.8317767251659085,304.30838439129485,0.8874084526733117,34.28875159327406,4.46344200168205,4.845314241622884,0.06817796316757699,1.4463785032839007,133.24010775761826,0.2868636899464229,0.10045683369029274,0.1243061866155375,0.4269039236325745,0.03520101330604865,0.026268352809123822
PF6,1.3797952361759915,308.543783419053,0.8393720438495302,11.327721717476678,5.562634166616571,5.895403868707218,0.055467207473527305,1.7843974116752013,76.27988296963916,0.024169752442469352,0.06429682311713408,0.039874797616594945,0.2858736225639405,0.050396999129974536,0.5353880051298868
PF6,0.5438770008254795,292.94995626435446,0.929327679676601,8.736731580758251,3.996029893605179,4.263599878016529,0.07331025144060119,1.287522688586132,51.26716972853152,0.04892640840941156,0.017117326819284656,0.04447157555007486,0.054155248910098326,0.7021645143097616,0.13316492600136903
TFSI,1.1575210240831406,326.4295383299907,0.8226175836072244,15.61725964328956,4.828271436513724,5.380492869514582,0.0676079509245012,1.6097816906018048,113.9490738413359,0.10060090997674874,0.04952083920946884,0.022578267140288575,0.5394859479068054,0.09412056952153208,0.19369346624515651
PF6,1.4954891046817118,289.78969627308476,0.7557000618937424,18.489483460634407,6.184518682482319,5.825353022423467,0.04685727558620132,1.7595720120113802,65.67210651906127,0.14680278255895285,0.014632072627076118,0.2671270556980059,0.11207667636793667,0.027014786003392903,0.4323466267446354
FSI,0.5950322359573674,307.8925429154423,0.9383421534876364,18.248491843747118,3.9107106733231247,4.395859574206999,0.07873058598165501,1.322034601703359,101.84338425808544,0.09909215372226997,0.08310869550858566,0.010999917718318597,0.06328405805221902,0.37455190604927946,0.36896326894932746
PF6,0.9057178317075323,297.6040618617714,0.8885745338198995,32.519527129684775,4.725772193806305,5.011994500204727,0.06297469485554498,1.4954077319217862,123.68661747598317,0.21820865247153487,0.14906842423165037,0.1617585876003712,0.03947896987607275,0.1179787441242367,0.31350662169613425
PF6,0.602926413677435,285.51173660405556,0.8694380638382384,22.053568293744032,4.2391703556515505,4.310517934361605,0.06735085232501185,1.2996611632917667,81.83455784782305,0.025837503160921087,0.2647980332210403,0.04329017273207305,0.06373785313738384,0.4867239953419653,0.11561244240661639
TFSI,2.3376784316062307,291.8771599628416,0.9587361031632367,9.017485951041044,8.022029288951435,8.60304177491726,0.03638445453756166,3.0667192898809685,75.8625866864069,0.02784397366216401,0.05308517271451433,0.30435194608795146,0.42774797113954266,0.10943145425672485,0.07753948213910268
PF6,0.6998631449642001,276.5775068420444,0.7509313770194052,16.934525822908867,4.6149569615184785,4.313872987932745,0.05993067955958596,1.300533542512371,53.54294615717293,0.08265068260693824,0.10267995177943055,0.18820746735739818,0.42782576753146845,0.1037528007416962,0.09488332998306832
TFSI,1.0426559562918278,315.53806332591483,0.7810375032276695,45.909389337632234,4.746105225685014,5.035883512069068,0.06648357933959896,1.5025695898788634,153.3850942056474,0.2687211940242658,0.3063916597083321,0.006039252838828325,0.22406704346230885,0.06448113960313355,0.13029971036313168
TFSI,0.641862715773186,273.2441202060773,0.8760525754197166,59.14212646097614,4.537325226382554,4.405763713047483,0.06022140943683797,1.3246559198856194,139.44712900762244,0.42303697704760057,0.3110431342606607,0.21127418055244304,0.01832872351114172,0.022567318582802167,0.013749666045351796
BF4,1.4200927834902546,324.0103192959747,0.8931223939471951,20.528511866589906,5.39172897079688,6.170791666044879,0.06009395521379239,1.8854345657869258,114.90183219087874,0.2016082846481801,0.0010448120885626843,0.18685424792529937,0.01927321691211731,0.5816611110639044,0.009558327361936144
TFSI,0.9923611588583576,315.9386480889901,0.8857185720238286,15.842579892049667,4.636395784082341,5.197381771389841,0.06814315748747543,1.5518943628615605,116.6044324308607,0.11995259198311585,0.026440797453492895,0.18281618026388122,0.23670832396886526,0.2399477043606096,0.1941344019700353
TFSI,0.36781108466831225,277.1712993631147,0.8627971113833831,45.86953409138355,3.8201651304308655,3.793365853466522,0.07255479538180418,1.1719548548886136,84.83440040565104,0.11218296770396502,0.5274233390683929,0.21788323749115174,0.014279320611178868,0.029364065597287697,0.09886706952802383
PF6,0.8735477302858299,279.9923877678831,0.7755925825037807,50.832490531743,4.959982919299601,4.693792850181757,0.05645027257622508,1.4032045286957877,99.64358877215788,0.21916833439143257,0.46373218589532356,0.14312417389886556,0.0710479774720709,0.09519201474077017,0.007735313601537283
FSI,0.7425521846186938,318.61416128570545,0.9788595876318038,22.040455018176434,4.087160622072692,4.817135813077374,0.07795489112050824,1.4382500947148193,149.80745768403247,0.01995215564322082,0.270278843454847,0.41238297526039563,0.165715760144285,0.00129225728926122,0.13037800820799042
PF6,1.4991052352743546,280.9063333800521,0.8233183733521111,37.32818590376162,6.398755940439112,6.085602209474288,0.04390014809047007,1.8535828501251017,112.97556752889605,0.04691405738958312,0.4722076970237322,0.19523446883435383,0.014053221035165483,0.038839690594456105,0.23275086512270923
FSI,1.302400770250907,276.541933495631,0.8145303749123896,28.189802217940073,6.04189242967026,5.6521124691966405,0.04577074761172526,1.6996502487043297,98.59600093115424,0.17273472851990704,0.14096664251548208,0.30056220743767065,0.04007974801071746,0.006774779095423741,0.3388818944207991
BF4,1.696837611491128,306.34891909729265,0.788716102857209,49.34645810891621,6.276826871596844,6.3458078702920435,0.04880633564764174,1.952599524051806,124.5845247464785,0.4606036392654097,0.09339717756831438,0.19932604141340846,0.06941784902856996,0.059353578602723625,0.11790171412157377
FSI,2.0980306493282184,322.00347368688574,0.8454688530422059,4.787798278227997,6.799817161066381,7.434548916837309,0.04735472529034701,2.427616188232437,58.7259313724181,0.010435609672061964,0.01300263684750298,0.12146271879074871,0.7728543707355127,0.061747917362297185,0.02049674659187628
BF4,2.468171045097942,294.56743284390615,0.7999308742552582,21.17934067525309,8.236132411732193,7.935915554791778,0.03576526191156194,2.6836642307266767,76.89757697445359,0.09212085941309926,0.16073382147484402,0.12281767146564468,0.35447560469170525,0.2122840012583282,0.05756804169637869
PF6,1.7367828967760788,316.45690486316886,0.8958733878673941,22.166192544328517,6.16599600670206,6.8898439443123305,0.05132291758204183,2.1770457318704253,114.09835482708677,0.10192319349099499,0.15810016102981994,0.389824122017434,0.05823660040663374,0.1657686704700858,0.1261472525850315
FSI,0.9715256296833004,273.69863770630656,0.90805738427208,23.303857366519903,5.318262726762185,5.205502555108758,0.051463918156773196,1.5544169305247624,120.53526036141982,0.17245882272368548,0.046622702380823645,0.024867574685969198,0.06818301541836912,0.10902565322150902,0.5788422315696435
FSI,1.1109355730024058,275.28178197955805,0.9794856254057174,23.981492546326336,5.616489590444936,5.7203635612693,0.049013138464260975,1.7230099153905307,128.29025042078763,0.07426891284201761,0.20854731813018543,0.13920551014127933,0.01938491487472897,0.17180196360231917,0.3867913804094694
PF6,0.5366966064382768,307.3296667548242,0.9803076256795922,21.16731449332978,3.7938273586496725,4.315319439919504,0.08100781551225127,1.3009098288030345,94.64461037768159,0.16267138039051646,0.06301479962314453,0.4391293193524202,0.30068069838389844,0.008392987893228064,0.026110814356792363
PF6,1.7986457968044498,310.9536612623037,0.957357140040801,63.899775973732794,6.400191522117788,7.304865989937789,0.04858505564836767,2.3654616363919767,219.78225641492818,0.6288789541952584,0.0959531128461462,0.055905837183872334,0.11410738754955975,0.046235411877597825,0.05891929634756564
BF4,1.863841857273657,315.6780386142965,0.9165446630287557,44.18985246129022,6.443353204577514,7.270735767534435,0.04899281920321102,2.3493698740701023,162.00137004589791,0.4624358646736971,0.013338745253388632,0.08870805829689625,0.06643235474200583,0.32255156240326593,0.04653341463074631
BF4,1.1583396452138612,293.7328368348867,0.9547697102701806,25.244656571799673,5.350180427121421,5.764869018638255,0.05490148245204601,1.738415043774633,109.08945028977452,0.17497828313983185,0.10692154031106665,0.08966586243215292,0.15310812777090377,0.364536259842095,0.11078992650394974
FSI,2.0033400875736262,320.20882655691634,0.8289242264595482,5.393599122407538,6.642093759257349,7.15154283106843,0.048209019348850454,2.294026490132874,61.05336631925685,0.01253367172082698,0.012329134387933795,0.4801024668877604,0.15965790805852817,0.1976862020284308,0.1376906169165197
BF4,0.6977189955469107,320.2551805778459,0.8047791685211586,14.85547834192908,3.975968582758033,4.403774282744152,0.08054771407567127,1.3241289626013488,61.12698440061819,0.01739945346603481,0.1641211815665447,0.03926386259530688,0.5186462938553528,0.21094955511638944,0.04961965340037135
FSI,1.247721084236805,326.02036993845195,0.8904694587232527,25.202696692512177,5.014948237582333,5.777643796294845,0.06500971784618535,1.7428622957527418,155.27081516555575,0.1832873304812216,0.09800105140303425,0.2200717143897208,0.43801749045613964,0.016813723199030878,0.04380869007085284
FSI,0.2939218738863266,311.86355336184016,0.8003011245314682,16.71354915128525,3.23213029320087,3.5880650154890588,0.0964885462748449,1.1248087296331626,50.16197075066184,0.11378194445173055,0.044313860733219086,0.2856210714608486,0.26102498355899967,0.0393235383215314,0.2559346014736707
FSI,2.081659712608817,288.2559778984116,0.9436756482528068,23.55248226074722,7.546385323818653,7.911028946844692,0.038197887535452155,2.6703399579153477,114.93036944549866,0.09786676378562074,0.19165020157771478,0.37480144028004714,0.22087683941258046,0.07418605845115087,0.04061869649288605
TFSI,1.0850276604901268,300.89750425772957,0.9463610055835426,12.567385104151203,5.0626872953969935,5.567069669668488,0.05943434518092916,1.6709861045572318,106.36988219828196,0.05096972723228313,0.06917939196579521,0.016968188044753127,0.6117029746462388,0.047967791591508185,0.20321192651942147
PF6,1.0218106606175021,298.2461015974754,0.9145080775960283,13.981486096021552,4.969475585949537,5.336135257271099,0.0600156085766318,1.5955636373367328,84.79252279713313,0.029690467884257464,0.12906332954513416,0.06732411281325988,0.3532896382487699,0.3114016677370896,0.10923078377148893
BF4,2.083014203716933,315.1092869332311,0.9901326159761762,43.658039321114074,6.908718432541846,8.156150756604447,0.04561038201368651,2.8045136897924854,165.0287110539718,0.015428160757376326,0.6159899953409901,0.026658221382635638,0.02582091517110176,0.04618676063186674,0.2699159467160294
TFSI,1.9192635418570918,282.94948586379047,0.9829139654732594,22.043801141660662,7.320038672358505,7.716177346787517,0.038654097133700605,2.568277573504789,130.4636068555439,0.14675790330609095,0.09272941663596325,0.5221412851141437,0.11198275797502272,0.0009528528790562207,0.12543578408972317
PF6,1.9018701953181705,276.14652729286007,0.9524422947619886,16.29655978552601,7.472519354156855,7.528554032920675,0.03695494306605492,2.473689613158757,83.98509053327334,0.09104262251583488,0.0851826603790891,0.059798947149671135,0.6182697911887798,0.11759964265340282,0.02810633611322207
PF6,0.6777806913500377,311.92499538907276,0.7820728560942776,21.629591005030832,4.034956655322268,4.325184702724195,0.07730566200200226,1.3034791261181184,75.70375847894988,0.1061617655549196,0.12663557033694012,0.15405308087300915,0.22276359037069438,0.022161165720021365,0.3682248271444154
PF6,2.2989398597037947,323.1899236524812,0.785794687621512,35.73183719923371,7.183251516963895,7.516236822291464,0.04499214915268372,2.4676033216508015,124.49428569535606,0.19316240918151817,0.23351851104281734,8.406591915310274e-05,0.008806760670641029,0.2095542608167517,0.3548739923691186
BF4,0.7761707830046887,327.9664729524372,0.8265648902342118,21.118512299710808,4.046012358817062,4.603888795143182,0.08105918713711621,1.3781992545148227,90.48762272498165,0.15949680715214104,0.03457111983722819,0.02251083588819429,0.05209559371934796,0.22106523971058767,0.5102604036925008
TFSI,0.5875332544024302,295.80142475971155,0.9464917053626567,17.17645722014859,4.053069098473552,4.39023837979157,0.07298208285447562,1.320549154154742,104.94286937375017,0.02784967354027505,0.1897369321283822,0.004880020402765289,0.0990484661529721,0.6499524505619497,0.02853245721365567
BF4,0.6048996357544879,283.9863447750725,0.786395673025559,18.242625534658018,4.2677034967577185,4.189226140430165,0.06654312910698319,1.268512847469635,55.139611157859946,0.05756315731981616,0.1245191959279347,0.1176867360074965,0.0468166072796025,0.05224985778444825,0.6011644456807019
TFSI,0.6558117708925625,327.41036727175043,0.9526401525295448,19.642880109884754,3.8115876266237896,4.561881563634405,0.08589868562506654,1.3666688911709393,125.0687143495839,0.13616050759176754,0.07389544279935611,0.24314410301524766,0.0664644145049507,0.4095478952117154,0.07078763687696252
BF4,1.0495975140955336,273.0599624359421,0.9904539353500699,30.681347916049283,5.5192961815675865,5.598944970923929,0.04947369256026913,1.6816727695256557,112.42090020497916,0.18206890138223544,0.19236972380023967,0.024233851188815103,0.14433367548949252,0.45566898681926654,0.001324861319950815
PF6,0.8620812211287998,276.66789198397095,0.8375575491419716,14.76096544923952,4.997125353541742,4.8051065868248894,0.055365409592513216,1.4347940465809104,58.81497371484987,0.059389613764581566,0.09958909821416742,0.09113961667882642,0.10628277791656657,0.5189932704422862,0.12460562298357188
TFSI,2.337706081358708,293.73926651845255,0.7752998614816937,32.19135890680116,7.969991182451664,7.531058002655798,0.03685565765307345,2.474928732189603,115.7374709862533,0.10366315876466774,0.3191605633847267,0.08920994828205601,0.11600473752208737,0.267620345948438,0.1043412460980242
FSI,0.24312634949344208,301.57029180299776,0.9656817033157337,30.527651582726566,3.230127276265844,3.5869566682494085,0.09336173655411655,1.124559421536053,81.38925915281813,0.02055909642375233,0.4138740482376779,0.0880064004109358,0.03503029516153761,0.40450169724852747,0.038028462517568896
FSI,1.0844973544011165,291.48737961260747,0.9292396489736185,28.342042843865382,5.227102606320823,5.5193948522912795,0.055764617908997845,1.6551290315260634,151.9791508081758,0.014480600943595708,0.3816139081826669,0.07167098804370828,0.1735316622516703,0.24645083545043156,0.11225200512792721
BF4,1.5446103880964266,273.5378364747761,0.8924599720580021,17.98628736942174,6.694521889162747,6.446257359502592,0.04085995101720195,1.9922237395384836,72.44677513735972,0.14824693133898745,0.02153532431108114,0.22521780832114857,0.33513430143497736,0.08632305219345082,0.1835425824003545
FSI,2.293948381612739,304.2393977610301,0.8891388789302364,64.39790943062931,7.600115938118699,8.099096730877452,0.04003088903356127,2.7726938209740735,201.4879870194947,0.6296180196321364,0.09372479580162008,0.019395629814332103,0.052248893804973766,0.01155654387366719,0.19345611707327057
BF4,1.6423897432178827,285.92996462403727,0.8601130863040667,48.932584384073195,6.607117570767864,6.531602277383191,0.043276052160640927,2.0265208495304243,129.2194453079075,0.3216966698003385,0.2796222309907831,0.02270092261610351,0.14556055391576733,0.081674233006418,0.1487453896705894
TFSI,0.22391563347332324,307.6386440368524,0.9337124134962342,23.966509648038986,3.126609156495741,3.522682016374787,0.09839370021600313,1.110195807893862,67.6963821099492,0.19224538002912522,0.04063278246350657,0.09386789569561865,0.1170456885466161,0.1395785433967903,0.4166297098683433
PF6,1.7379979545398645,287.96663028612886,0.9278514618698931,42.129892456726346,6.775054472175846,7.031509857116744,0.04250395793403072,2.239610510312364,140.0792309197652,0.3206311668381332,0.1776067106927266,0.05129344574311637,0.34185083096081137,0.05291592576231339,0.05570192000289884
PF6,0.7233623982848225,306.0831896622839,0.7703161734868806,12.099971003991325,4.206878971983569,4.393044386727643,0.07275778354944304,1.3212904561623406,55.06155755460714,0.0623230106756452,0.014713121791078624,0.02468350466692009,0.17861598731691672,0.058394284805528746,0.6612700907439106
BF4,2.2973046401341453,318.5695495983363,0.7833152861077577,27.571528309793564,7.277257670900614,7.498784603658393,0.043776043669883004,2.4590053052923784,88.013561682464,0.2349258231847014,0.06389086212245305,0.2689832087197874,0.12822696557408408,0.2511224883052802,0.05285065209369381
PF6,0.7914266854247509,323.8376275049835,0.9142924396060425,22.449140977865948,4.124296887630464,4.808988587465798,0.07851947527740619,1.4359084534194164,112.7343626592101,0.20642894048187688,0.0018577804468447082,0.19595615771012287,0.13540446767787018,0.12700917664352482,0.33334347703976036
FSI,1.5295397553293923,316.0025780709379,0.8425124401334151,23.064568326591278,5.745983852573987,6.221640678859082,0.05499538219714636,1.904706894853989,140.80648056837853,0.20673595919404267,0.03233909786263052,0.38910087420293626,0.0835645706366331,0.2584486551839336,0.029810842919823697
TFSI,0.649137514475157,316.8518076925347,0.973009879008437,26.47168261551725,3.9160016743405333,4.579043036048275,0.08091207155724557,1.3713677606047254,156.377325564894,0.26386023607742204,0.007169117838330188,0.6445380447827771,0.050929533456731284,0.01576275321428338,0.017740314630456135
PF6,2.1644041172540853,276.06177581327785,0.9559186224561411,25.215318102165085,8.097640511374932,8.172485505509814,0.03409163143578526,2.8136908777211054,106.03702275123743,0.12312368717874712,0.17757546139203578,0.3737032121203888,0.13790002909121757,0.06692073900138583,0.12077687121622506
PF6,0.3325339845582302,308.11697279064686,0.9430668508018646,28.49660985561941,3.3519423904773404,3.784004444004815,0.09192191777101778,1.1697626778622183,83.93489394453812,0.031281660624545286,0.3526647075839824,0.017148066872112778,0.16100127373960915,0.21120557088133862,0.22669872029841184
BF4,0.348014847948041,276.9079266156963,0.9722041207524157,47.62994621989673,3.777306512126487,3.8458536731452773,0.07330830202069229,1.1843223264963645,79.94801835313221,0.4989466993551989,0.01690299984363123,0.0832250619552176,0.349600928856636,0.009537435514961617,0.041786874474354606
FSI,2.238720964143374,311.8068877721129,0.9739180211773106,30.667813629975544,7.304755728077148,8.45082672841669,0.04268546401539846,2.9747658966013972,159.7891474697569,0.24168024703064536,0.09840733162553368,0.09307000385344576,0.42518427367908085,0.012406051472982448,0.1292520923383119
BF4,2.0118312533917084,324.12573913449853,0.9200152138575237,18.625167910176263,6.584457509518445,7.627288402086057,0.04922588363064758,2.5230227342455933,108.48098147884753,0.06961213716790444,0.13324385446712556,0.2731368128572622,0.09687945410336808,0.1104871623389617,0.3166405790653779
FSI,1.9472472191723906,315.91449080849634,0.7714772262374896,15.553741375324776,6.611236490004045,6.755642208614452,0.04778447893766133,2.119390276139427,102.73209664682766,0.047372980668281245,0.11393603868686507,0.20274417134496808,0.3004349477727586,0.009293672685286082,0.32621818884184095
PF6,2.343195158077786,299.7894261430125,0.853323124738201,12.952582590430746,7.819344108282188,7.9987565354058985,0.038339459421600074,2.7176058950703568,77.72513266747337,0.014480753628149096,0.10311516985227225,0.03333793364837133,0.010537883114355348,0.2777732265995191,0.5607550331573329
PF6,1.4121507133724633,285.73634315360084,0.7593889558550853,27.08350196165911,6.085505090433565,5.680929139344822,0.046953595290353034,1.709474182935747,87.35116017778066,0.265541451977915,0.012622137973782721,0.4070498403737004,0.2154027458200376,0.049679312496181356,0.049704511358383024
TFSI,2.2222194706712015,319.4359771666044,0.9529435195602893,22.803089959230654,7.105049890169524,8.294124109042045,0.04495900551079491,2.882980981350362,155.65308842978425,0.18781249379909432,0.04429596888544332,0.12496476349794604,0.3732260457809102,0.0944750295322236,0.17522569850438252
TFSI,1.394565069540168,324.71392207838323,0.9148975892178046,21.505552356718177,5.329477660419799,6.18971055032415,0.06092790753021109,1.8925821433518257,154.33149623248275,0.018426133262043953,0.2604453215366793,0.08836485041853873,0.06017487867793853,0.3750009545440731,0.19758786156072622
FSI,2.1097977334111904,276.5654518178058,0.9387380330204947,28.335793167864743,7.952381213617752,7.951368435833798,0.034777690403499754,2.6919711294892896,118.26604622155769,0.09931824680273442,0.2690408571802976,0.2399731002975233,0.1303345107431954,0.24614255592087433,0.015190729055374953
BF4,0.6643866026223031,292.9918352493669,0.8525126283239943,29.42430541317045,4.2638522070350025,4.415994922061972,0.06871528866923544,1.3273692613329389,79.86640334934732,0.006886472628517735,0.41534014462696334,0.27905743794114135,0.15842202711486952,0.11707752878955721,0.023216388898950818
BF4,1.4083899455592475,318.134301062097,0.9177348187304037,17.383136233725626,5.4606895572403475,6.231321228473847,0.058258997829364174,1.908398188995967,105.188939526747,0.13997428576043078,0.03623374650050167,0.028614504099167177,0.04270029640680518,0.72761886655499,0.02485830067810509
FSI,1.2887303303541702,284.3110421880389,0.8442484547426343,24.1825204055597,5.834000208685875,5.720021474953682,0.048733464521435246,1.72289203580033,101.99803832939136,0.21114182606299445,0.0294566361135367,0.3782815049733317,0.010804486178351563,0.12919436295036255,0.2411211837214232
TFSI,2.0062763684218234,329.7071000074007,0.9659000174635386,20.607597063654616,6.471055843791574,7.8446559482383105,0.050951051569695004,2.635126503205713,158.23276124455373,0.11190137104527448,0.1267678728329534,0.2720211235082419,0.41952694933645185,0.06375400061161429,0.0060286826654638815
BF4,0.7806378950021595,307.29338704091515,0.7576667446160075,13.527718258508527,4.312303202790581,4.478658431575447,0.0712596894490302,1.3441094654813974,54.52130250943962,0.10546554399586353,0.019438934941171108,0.5145670165897872,0.011852523537877462,0.2994175353210159,0.049258445614284586
TFSI,1.6653493503099488,289.4967196126935,0.7798582353615593,34.705384579757485,6.5740315827307985,6.24684101398309,0.0440364053578883,1.9143309779056787,126.32639773393865,0.24487793609416122,0.160948791511776,0.18457954512723995,0.2992252211466032,0.009401968152177616,0.10096653796804218
TFSI,0.9165837183061099,285.73942140122415,0.9463015339857977,20.455019666649505,4.952614836006159,5.168411446648696,0.0576946584506958,1.5429285853615597,107.60927406986912,0.0726954367510045,0.16675143335151793,0.04342523723288561,0.017755666379882695,0.4875989883813131,0.21177323790339606
BF4,1.5535816862366396,302.5111678632273,0.9618376556047967,9.352427917545253,6.046340102009183,6.73573341720099,0.050032112444800055,2.110968154905944,71.38226241630227,0.010108823478627066,0.05499444547946534,0.015297316115869477,0.3822919026710273,0.043951567339363375,0.49335594491564744
BF4,0.26282246926387876,280.8871294949354,0.9494561309566573,11.439094878187174,3.5214689019738166,3.6238460119893934,0.07976419423652882,1.1328869552987006,36.162132296356674,0.062206835222030375,0.023584700142914226,0.37959681974360526,0.14261025146438328,0.018535692587234216,0.37346570083983255
BF4,1.4167243801692053,288.53640967758247,0.8160351658953637,40.587612324997295,6.034164957596115,5.890242286498459,0.0478171232813843,1.7825562993572708,113.91294285247727,0.40576657909533964,0.03622025281732711,0.06739637163277293,0.09981849674952917,0.36388377039378844,0.02691452931124288
FSI,1.9177725332136404,290.23355739211013,0.8903733833175467,16.312840071624503,7.12447048883102,7.268834047077228,0.04073756187875396,2.348476475030182,93.16958224348632,0.09309652103879773,0.08421659485524315,0.5947217998724791,0.07289964837655866,0.14983203872160114,0.005233397135320257
TFSI,0.773472177138026,288.24936380689235,0.8881653390259117,26.344883065876694,4.5833808720856615,4.717427946087263,0.0628901179830872,1.4098532052485124,111.95765055541874,0.2147328733381415,0.06803694165273641,0.0069895383324528855,0.3855788865077537,0.20880606584561817,0.11585569432329747
FSI,2.07706588354495,275.1246686156032,0.8160479158088255,27.30073898372132,7.919768772725783,7.237463213161183,0.03473897742609375,2.3337878695047607,94.75856284766031,0.0718673793858284,0.29057712276268666,0.39024902511437276,0.178945148978795,0.05786868043574062,0.010492643322576423
TFSI,1.189521010595808,309.54066869756656,0.8865130615188584,33.48849437568032,5.144026515329471,5.636314782110741,0.06017478093767965,1.6942886147492657,170.59643978122813,0.15270294798943182,0.2752177316020527,0.2053290957707003,0.2881692972410165,0.04322758040774354,0.03535334698905499
TFSI,1.7970809316331666,286.71724810724857,0.9431990421187921,51.43412976689644,6.940456262190266,7.237512533315873,0.04131100856714663,2.3338108901740466,186.76990726078716,0.3412655914476441,0.30142641447722224,0.00964627982357872,0.0368514119865534,0.28404946730667735,0.026760834958324212
BF4,0.9933892131861517,282.13553137043624,0.9164786751506233,31.85703924173213,5.197423181358236,5.276050075024411,0.05428373282790996,1.5765044378567477,104.21492617863228,0.26090862708594104,0.09359560118855956,0.007943344284230313,0.379033991665523,0.16607182243035482,0.09244661334539112
TFSI,1.0694347468736025,327.15196440263566,0.8708156205221043,48.61131320877147,4.642184256780321,5.32820120676659,0.0704737137318066,1.593033788566006,221.9946113259976,0.17444728769467044,0.4906890131851351,0.059786973903860195,0.14727790347396244,0.1193351566957258,0.008463665046646066
BF4,2.1808458866424445,319.67410144171913,0.8638690946104344,38.803538004559044,7.015479382128933,7.7099134039467465,0.04556696471178426,2.565062079308595,133.95194904804734,0.1956259391491694,0.2934392479739323,0.15181025287617939,0.04727463270271165,0.1633913114668486,0.14845861583115885
TFSI,1.948158172888048,313.0846456236499,0.7525343922851749,27.224025237619543,6.670126627086015,6.66514006677426,0.0469383361257757,2.0813735021425757,119.44139661637834,0.021337589504093646,0.356735801730406,0.07059733500651767,0.24910603223141187,0.23165962975853902,0.07056361176903175
TFSI,2.2545531686601588,280.57678490568895,0.9695956852312451,9.1420684829572,8.16735818105288,8.465012561143304,0.034353432124060335,2.9832177869241696,77.11473673167485,0.03337731805178386,0.040583822072866246,0.30661578894274943,0.36759620842018537,0.07627908604951096,0.17554777646290415
PF6,1.2487651538363385,280.09322408628515,0.7551585720081369,66.48520239552492,5.834129597678142,5.357539275861427,0.04800942786697029,1.6024085725469597,132.2120060105212,0.7128920821522902,0.017165599605448997,0.01566816183088474,0.13006788909803327,0.027805056813225867,0.09640121050011714
BF4,1.9922821588876154,329.81002117409497,0.8821727175255223,58.318915184853125,6.44141649628882,7.393842415458755,0.05120147429747989,2.407932470140505,178.52004446342804,0.6174895953756246,0.025900375386013003,0.13665352967326738,0.13740227676068512,0.08073423239489566,0.0018199904095142021
FSI,2.152850991866035,285.8388112538779,0.756916045226578,21.18785664843316,7.775771053130436,7.073818646813387,0.036760188706791014,2.2586419585267072,85.44893175949589,0.19400822706670864,0.008844428970031985,0.23186761192864333,0.1856890652406487,0.18943056887434945,0.1901600979196178
FSI,2.201059525971417,300.7430045124046,0.8065489749886322,17.957928569624578,7.486243816744767,7.438155761403027,0.04017275043055921,2.429368026868672,87.4581301685252,0.02879630325312254,0.19466285320523535,0.21189200299323233,0.029176732970538785,0.42396126453380334,0.1115108430440676
PF6,1.4039736092514867,308.6730673804882,0.8394329188539337,54.64608593927244,5.611491411783503,5.946354162019668,0.055007313516030575,1.8026734849622632,155.30351374447798,0.06921981005406638,0.7267508787358808,0.021124861908999953,0.0033248954597005793,0.04291503254309569,0.13666452129825665
PF6,1.3307020554313895,286.76598177808717,0.8371566058398797,9.634910104310062,5.8771215906666106,5.785015040272734,0.04879361050373655,1.7454336033009326,61.809956222096005,0.03861588040149407,0.018728402534582987,0.0756003269482975,0.077381420457939,0.273287072801443,0.5163868968562434
FSI,0.34967854250828645,303.6396337864288,0.9095867029404476,3.967787921999051,3.4372524919222527,3.7951573814228334,0.08833789036446987,1.1723748481042926,33.346708642704506,0.006180509186224733,0.0034441474141706212,0.15060421954906433,0.4583673470919156,0.3148521316516597,0.06655164510696492
TFSI,1.0457417511146756,307.21832379265874,0.7712094523953611,11.86524872784949,4.876446102077963,5.016214808060287,0.06300045511868697,1.4966704809654467,75.9986481729116,0.04184207123721974,0.08248354437996587,0.1886897845095957,0.06728903628235035,0.5662983155518535,0.05339724803901484
TFSI,2.185248519369949,273.0237642634769,0.7639852184936125,28.35818998015747,8.24618913293895,7.173743918834234,0.03310908346412993,2.304235114305535,89.40799532186041,0.1039002187731767,0.2596370677947555,0.16737143437554244,0.19170743908074464,0.2144634964277332,0.06292034354804756
PF6,0.46828560391162793,289.38728846141,0.9102974575556037,22.193812969586205,3.8762048375275278,4.065697986626613,0.0746573776647981,1.2375573988885837,72.38147122853212,0.14762557087686878,0.07901563752627971,0.33921430183376955,0.07478174822518788,0.013160167679518145,0.34620257385837594
TFSI,1.2235811804125234,283.79046247443245,0.789177114071402,27.8542158280658,5.695300712260427,5.414055661975087,0.04982888117979602,1.6206237927713227,115.36905813315754,0.13631850713539767,0.20291098948557254,0.10371081489512483,0.17197433654492417,0.2734850270370481,0.11160032490193265
BF4,2.0508297537367297,314.09484333812253,0.8396139113581405,17.4035532759962,6.863076731026763,7.30476297766137,0.04576589416786716,2.365412902576406,82.26545309322357,0.109327354661653,0.05059692914411012,0.2097351016342726,0.07352609088359607,0.13262663316890613,0.42418789050746203
TFSI,1.7854747793521535,305.0252759827602,0.8352755098557645,20.663123006548265,6.493160202235137,6.728408391644946,0.04697639769888344,2.107877839985697,122.53950120009777,0.1452227936446477,0.028474264621321528,0.04125086134106035,0.0075520320884128935,0.0004919658948096007,0.777008082409748
BF4,1.1769426950973572,295.3556966288094,0.8570283680912606,29.05113898917748,5.36133604007273,5.521683193290546,0.055089942958472485,1.6558867048187078,105.22284413065776,0.07552454365239689,0.2958813805853564,0.05327681403110418,0.05445250060267807,0.2390395230937937,0.28182523803467063
FSI,1.413977724648875,319.2487142367976,0.9151419483018777,61.21675910032972,5.454184170896625,6.234975824476569,0.05853280788358776,1.9097935837728817,234.9020845306974,0.5625451436527314,0.14916066757880042,0.09272835143432565,0.09062582869938902,0.09394950536579932,0.010990503268954165
PF6,0.6481285603765023,300.7002617147649,0.7610362872230767,24.749413278427365,4.118117375963625,4.233123383080428,0.07301886621053438,1.2796987217782725,71.69271229047746,0.1873608574721943,0.0726655070739774,0.20812113942587554,0.21338498857605126,0.08950142989502899,0.22896607755687245
TFSI,0.5384769301776717,311.6092138595612,0.8489417024764425,51.248510549629074,3.7470360735692827,4.1428388046233025,0.08316151959613621,1.2567986840875862,157.13116252930837,0.4310565746818377,0.17117094642952674,0.0792558803037483,0.06227398654522372,0.2141429765654676,0.04209963547419579
FSI,1.4267924019203788,312.65020861238617,0.7988733237362866,49.381958863072505,5.590196520504886,5.8495659710095325,0.055928303676907,1.7681135622630642,162.90187232999463,0.529602610314829,0.00032510663210531256,0.11391067659673151,0.15986804758993003,0.12228586198796375,0.07400769687844025
PF6,1.316747540366816,290.7611461279067,0.8630615730203838,50.68400691244621,5.761919796370277,5.841085508649264,0.050462546582316505,1.765117219915529,136.08482733123745,0.25976620632622993,0.402523026519125,0.07925548288613991,0.023655306634865866,0.19505467913246097,0.03974529850117839
BF4,1.7380097402723411,320.7755209442356,0.8914787279497888,45.76701846708293,6.090300567055805,6.873496781055824,0.05266989985344944,2.1699396502287964,159.70298225730855,0.33601920153312165,0.20930063659623055,0.13702384128558212,0.131575362156189,0.051098081969597836,0.1349828764592789
FSI,2.416099137336106,308.1266656213422,0.8446593181718234,10.105002767192952,7.764873835738881,8.101951624944615,0.03968212132477254,2.7742774224604108,72.9688589921652,0.043197211287786405,0.021616119537445876,0.3034400124119634,0.07969676699432823,0.07090080981675195,0.4811490799517242
PF6,2.2353060253243084,280.88895954392353,0.7635775689651768,33.41037546769462,8.112856350897193,7.267073851775868,0.03462269605117072,2.3476498650868725,84.61299889437257,0.23664904311402601,0.15765486007885257,0.3587198042473327,0.03066474508265746,0.1957275244360122,0.0205840230411191
PF6,1.261026228981368,285.6136035117972,0.8984296767516327,42.23366822724192,5.742634699861421,5.832358468197652,0.04973563850730214,1.7620390571460773,135.3525139154167,0.017266012668798934,0.6068893925242115,0.06954203792277457,0.27024969059128917,0.010690738607951505,0.025362127684974336
PF6,0.8173688013109579,295.20411961738563,0.7716597980738291,12.688629104332282,4.569387261539487,4.576826610428654,0.06460474954751974,1.370759988395162,52.23100642071404,0.09662667051583164,0.008630366102014212,0.34926754953066935,0.357623566508098,0.009534474480039995,0.1783173728633469
PF6,2.3356147124601496,324.7447170074602,0.9977574512565174,28.14112352572407,7.225301282452334,8.825942456553655,0.044945491449076135,3.2065272287643274,147.2027215239648,0.2514895229247843,0.04504476940355922,0.205385172127904,0.0815253541250949,0.2910846440252733,0.12547053739338426
PF6,1.3994203594841281,282.2242726556542,0.9306322055833103,50.574946489831284,6.136053208498416,6.2558641392122585,0.045994430469536086,1.917788746584001,145.9602136911122,0.25713673578468454,0.40409335006470115,0.060127145002953776,0.20810231179072233,0.033183442806110165,0.03735701455082798
FSI,2.3896729066724167,281.70354052948727,0.922964868493083,39.75583681692354,8.446056170593476,8.513960350120975,0.033353263918642975,3.0125655864763043,137.77917592746132,0.22247036902715447,0.2607488853516536,0.06704081947060335,0.09780872448857435,0.055369824368610085,0.2965613772934042
PF6,0.6238602431402475,321.2527570816322,0.8947609884633875,17.92379179624525,3.814086469213224,4.395514519537943,0.0842279690496636,1.321943370008993,93.2401177433102,0.12558884107267304,0.03080614611621457,0.04819521135353655,0.24846885546856837,0.047629638508281585,0.4993113074807258
TFSI,1.0718082629133854,297.36316514320526,0.8342369328929048,9.824033410983501,5.094034470572779,5.235355094755336,0.05837478463504968,1.5637253494771146,73.2551123000463,0.03159151153145526,0.057785226324820936,0.09120834366708928,0.18647607583490347,0.4921489235198353,0.1407899191218958
TFSI,2.395821297383873,314.44188694561046,0.8737121403975392,55.39613992028464,7.572395580193684,8.233145384368182,0.041524757075298985,2.8480344135144016,202.52855075472604,0.4627256625505263,0.19199146596470756,0.03669500928130308,0.11497962972132204,0.1312768608745463,0.06233137160759477
TFSI,0.954809272592585,326.7375817832054,0.8769914608624906,24.992434066798882,4.417904464734046,5.093398947040058,0.07395759333217604,1.5199535716248278,163.07438041105988,0.16874615036026683,0.10293650698862168,0.2710695203135143,0.0789678662274689,0.14984551443213892,0.22843444167798935
TFSI,0.6730342303262319,304.5436978342197,0.9255137656071457,23.835250106922135,4.1199499891236835,4.557256112229345,0.07391927053439704,1.3654051836742398,125.2601319501378,0.0428778886001651,0.27078296976542476,0.025095607519107513,0.4876663264511649,0.0937942270313508,0.07978298063278673
BF4,2.2141692288328176,289.60923987216916,0.8657052836393089,29.489562805872325,7.808460642776524,7.7920450006803605,0.03708915919811696,2.6075445684052427,90.22851153816113,0.02585023088726359,0.3885411978841212,0.4601208751614146,0.00828992515848169,0.07754367907994088,0.03965409182877793
PF6,2.4453618677835394,284.49347575088717,0.7841629925194942,18.050170086948235,8.48619445729639,7.7939057000855,0.03352427017581255,2.608515120310038,66.5658653815705,0.13951573737485104,0.03767001891261746,0.025380013867603756,0.28086370439024677,0.3620082827626702,0.1545622426920108
FSI,1.480794256261867,319.37966712884327,0.7902717528560463,6.423850992713849,5.588829443141857,5.925574681288078,0.057146075108940604,1.795197307042921,66.92714003192815,0.016853563073080863,0.0267188806204393,0.16613434296482754,0.568916146593255,0.14290074396697486,0.07847632278142223
PF6,0.6872192613545761,274.0263909618431,0.9396385485536463,9.290092159169433,4.631566219234241,4.614344273193307,0.059164951550050214,1.3810842162398262,56.73081035303568,0.045817629327818826,0.009781867680818188,0.2291737576385134,0.29586623275583224,0.014507168515682938,0.4048533440813344
PF6,1.789077316041307,292.4506118653181,0.8819550807017851,41.27686995578108,6.781678490126798,6.94471457162736,0.043123632636239896,2.2010684780955376,139.2906438088037,0.36066253423994776,0.09153899560425412,0.05373604230770241,0.1676283783847246,0.0334571041600661,0.292976945303305
BF4,1.1456522171690922,298.17249882262433,0.7772724909193717,16.656282482902718,5.241674317057501,5.226209881415803,0.05688497239370803,1.560867843139166,67.8069992101114,0.06807821312147797,0.1220846726193052,0.29137814532498046,0.13766474638356327,0.3261607944944579,0.05463342805621527
FSI,1.33826037310515,324.92046797644906,0.9594949245585169,42.23872438300338,5.212946777958369,6.210135089330446,0.06232951952440668,1.900328978695517,233.146533865599,0.41400332017334596,0.04276194605108447,0.2208177115071054,0.046242490149620376,0.13425867321456716,0.14191585890427658
FSI,0.8546959961824598,300.9773992767165,0.8183873283816243,19.164630898339436,4.562086424039746,4.748680932235586,0.06597362945399876,1.418693228718981,90.65319222003602,0.019730108454092673,0.2192009822505821,0.1791361728803263,0.21052329570302855,0.15960661083931635,0.2118028298726539
PF6,1.8993390056459962,313.76206933705004,0.8166514267622944,26.672134458132884,6.554734140313049,6.877744772165201,0.04786800846846627,2.171784010468857,105.58592879756887,0.2097341460025708,0.0861108956829962,0.21503242292792946,0.30501360947124095,0.15610665120014564,0.0280022747151171
BF4,2.481071308781219,305.400932448416,0.7787569006075916,31.160638740554415,7.971455728801829,7.830378506532207,0.03831181440862371,2.6276126631450505,89.82833396547409,0.056224951321794045,0.36307582628744584,0.12239770281360123,0.21517680822949772,0.059717509528064545,0.18340720181959647
FSI,1.8903288541887082,328.51880657538925,0.9721259416974608,10.161107932793643,6.261211538662383,7.5940942937402,0.052468887937552826,2.5063283132034724,110.55180783014322,0.020604614693724963,0.06819046972658117,0.17155254621409913,0.4241767184885874,0.04188645506633904,0.27358919581066826
PF6,2.150122488464102,273.6980029500769,0.8604942845213519,27.79697589225873,8.139807356932728,7.625420280860466,0.03362462905426951,2.522080247859941,81.90178125839597,0.007357707628022195,0.38454336330726563,0.0701859706305201,0.28584726268248223,0.16897934513337592,0.08308635061833403
TFSI,1.9778894087331695,275.3217960939133,0.9856976910319155,22.01976799103271,7.677691952384096,7.874002558261914,0.035859969089853845,2.6506383867653196,114.31707746382529,0.06504013637296854,0.2112501574318365,0.2111121436889913,0.18500331009572724,0.2527567032530488,0.07483754915742766
TFSI,1.2797237922509708,314.7039411420231,0.9128104821956703,22.849853283519117,5.250080871654706,5.920363229704701,0.05994268447198901,1.7933271650580147,162.59154952899215,0.1801240219747333,0.05976485008236182,0.15858819681922648,0.14188537126195466,0.33109888291098927,0.12853867695073445
TFSI,2.4988256298775475,290.25341820618434,0.7565989621956363,35.920434020886916,8.430690118869983,7.726522195683024,0.034428192012006816,2.573596762912322,111.3393729179718,0.1762534017691674,0.27262556768452895,0.13018652822792726,0.007120653845019551,0.23963983933171162,0.17417400914164513
PF6,1.363008546172496,315.34339530598396,0.9730765570579649,31.264227485247297,5.4124537951991485,6.315779158375286,0.05826255654795498,1.9409078580416876,148.5692214817632,0.29445700093522903,0.010096297588595114,0.12702012807496876,0.07277539899819113,0.013917495250726157,0.48173367915228976
PF6,1.859729530568923,288.9587281679002,0.9658729793908045,36.64257592103711,7.025896010684604,7.490656256379169,0.0411276693717737,2.455011023046801,150.85517751733028,0.26665160570189667,0.15803346382251743,0.13864126511121955,0.2742341337094704,0.00828058294876055,0.1541589487061353
PF6,0.7283825112094255,298.79297871988814,0.8381836010650845,10.044165092914959,4.319655714869006,4.526295690495864,0.0691705539613703,1.3569766017851455,53.28801043756022,0.023543441897839027,0.06725929823195309,0.12294924934077399,0.5467977147353377,0.04088229202575699,0.19856800376833922
FSI,2.2661873042655865,312.86080541456425,0.8831200198638053,20.61946786135603,7.338442180286054,8.00328844289532,0.04263313626085814,2.720070199403409,116.97952148587862,0.15482929443346174,0.03078712863086354,0.0675553550116001,0.16886252899124382,0.04248605449694713,0.5354796384358836
BF4,2.087692308777455,307.30025713239064,0.9373329970176851,29.748016996956412,7.087835370320858,7.892157221592855,0.04335600942696268,2.66028017001011,118.64297686248415,0.1246036101756028,0.24703558186478417,0.1721601215941261,0.02556096489755213,0.2766795441143123,0.15396017735362247
TFSI,0.7845502626737155,312.4995869813565,0.8587002711374818,27.142413904527093,4.250907590348278,4.684233808197256,0.07351361570194788,1.4005244332260849,124.2177429821237,0.21774473950948003,0.0827043478757455,0.0006659986024255539,0.36046869295174216,0.30690821126100976,0.0315080097995969
FSI,0.4631097820229339,288.4866575945422,0.7899656939773702,33.44693192492878,3.877056371611791,3.914602100858639,0.07440868275913433,1.2007188512786964,83.08377864823639,0.3190387161791549,0.043737522432038906,0.1309606025874189,0.07640814315920494,0.41512587253210753,0.014729143110074804
FSI,0.7902185156586465,302.04142049285315,0.7779040116680389,39.98195346364146,4.406825649073433,4.5367853835630605,0.06853945323576836,1.3598264437470495,130.46346808889604,0.025311335162005608,0.5400690492801689,0.058339706376259744,0.0666269139027032,0.0011264388624339478,0.3085265564164285
TFSI,0.20660401551806987,297.39108206792713,0.7531338024196188,32.302814183348815,3.195478500633784,3.3890011695057147,0.09306621277813112,1.0809067085846458,45.334468581681385,0.25939600597471046,0.10004974776828877,0.18023981747382162,0.03780736563562948,0.2823300825692297,0.14017698057832004
PF6,2.2259470208643166,306.0265616869989,0.9481167202596525,31.74829896974305,7.411482434473965,8.27614397223405,0.04129087053671461,2.8726323210431652,135.5101504742366,0.10770991980364479,0.3131008296855612,0.07312353469514442,0.23953747220383048,0.262303208374654,0.004225035237164926
BF4,0.9797734663642228,308.8091674432964,0.7749886798028257,51.92031267451558,4.712554862577968,4.898283363008618,0.06552903392075624,1.4617826332431816,116.67641582102587,0.24205867431794048,0.4458876146972257,0.13595973109401466,0.003979760706005522,0.11515995976124097,0.05695425942357292
PF6,1.4077180304692138,302.6924362104826,0.8442292871138879,12.177611271009843,5.72836049343462,5.971091973300977,0.05284102433102875,1.811614423944653,72.64444322662115,0.0020294254767429815,0.13637035908377215,0.050302652959958845,0.3004437026717233,0.36352209542123703,0.14733176438656576
FSI,0.7866765510873643,313.79086643922733,0.9515551451937075,19.695155426855088,4.238572585020435,4.871415299476055,0.07403220309313506,1.4539486467666498,144.05339425227152,0.1514325334624075,0.042947418433979825,0.07463660632795309,0.4878995765390832,0.03708344574425857,0.20600041949231776
FSI,1.7710200991890654,280.82027507724194,0.8589224135119682,35.03835664333887,7.033960626280388,6.802922144934193,0.03992349260927579,2.139526256344957,130.5317391855809,0.25478587930617497,0.1538747482622618,0.1828547970854397,0.22676097840059942,0.09806553539313106,0.0836580615523931
TFSI,1.011461703324077,326.70153961389843,0.9714937782731716,13.24569036181649,4.5318812595728,5.456571879352314,0.0720896071413608,1.634463107607439,139.63492757544336,0.043503195481065085,0.10209888533366178,0.2878112172731262,0.21915441620020396,0.3019168490257641,0.04551543668617873
PF6,0.8427119372547889,292.5464745663122,0.7807901464682223,13.02316269623129,4.66830168780459,4.644952942299215,0.06266657429843422,1.3895647775813635,57.04226859779417,0.013474789709612025,0.13022920181732747,0.0026998462484919042,0.24842057621041697,0.40115726873606733,0.2040183172780844
TFSI,0.5836335917947455,303.3000720268469,0.9014943146370225,28.9499745563082,3.9443156432063544,4.315355912085369,0.0768954869393497,1.300919318237455,127.27399026931093,0.06947149860289809,0.314602176180342,0.12893211285779269,0.02187863249136699,0.35292413199296774,0.11219144787463248
TFSI,1.9017576518325037,320.9128567059818,0.9063036974126664,35.099292033315145,6.421488556382687,7.308924978596571,0.04997483899383549,2.3673826924319235,175.35327960288444,0.08588604869586015,0.39324519498535676,0.06561548446844294,0.13393635242358135,0.2508016713430006,0.07051524808375831
FSI,0.8328007372505819,315.85869756019235,0.8944863928524063,43.54808990459444,4.30751745699596,4.862322318570244,0.07332731688578473,1.4513069041696178,182.93357487235934,0.3486454236838204,0.16511139322847324,0.10627420379741005,0.1223245922405667,0.2506988094709406,0.006945577578789031
BF4,1.5727274872381225,318.17315603105544,0.8329735349627259,34.81425731943618,5.797593235682759,6.27510093644446,0.05488021375366212,1.9251813811767955,133.29756071624254,0.28344412916423484,0.11587203628151509,0.3288838268645817,0.013334094075770556,0.25341022829194304,0.005055685321954603
PF6,1.2475655903982266,312.4395241093378,0.7542065342531121,6.935145724805718,5.219276340516896,5.35230530046921,0.059862613842438364,1.6007320567768817,51.166946215775546,0.031899349633526954,0.004686288687867138,0.1304317917598889,0.20315540684400193,0.40361856292561243,0.22620860014910282
BF4,1.1514186225955547,286.8712494734558,0.7609929170557364,41.88086427566542,5.466734257171936,5.190553540903222,0.05247579925750053,1.54977647085609,99.23697610706637,0.32877964239750584,0.14799660908525067,0.020868455473597756,0.008868574095542993,0.22077240813299204,0.27271431081511077
TFSI,1.1013922563326144,292.86482367995893,0.8957471564696385,47.99300698441146,5.239507097969707,5.466422454419046,0.05589549135136074,1.6376863619628472,187.37449858429503,0.48093288881468566,0.03280670330329375,0.0742983793176462,0.11233300420355258,0.031957238542239495,0.2676717858185824
FSI,1.8626851845193526,294.69778687899355,0.8460360966313107,23.532573132074344,6.891813386733378,6.939747256909315,0.04276055812049144,2.1988828839593553,121.76246380635521,0.17114546536062666,0.0778839799859866,0.11126173635443412,0.14460232059947942,0.28757645540207455,0.20753004229739858
BF4,1.0620471778801286,291.64114845844273,0.9285855253736299,19.928342530846464,5.174026637731615,5.4655040916085005,0.056366379394270645,1.6373855915352975,88.1247942148905,0.1280498236096704,0.07850063387106054,0.02349325647624551,0.3142045375426734,0.22572471975047276,0.23002702874987732
PF6,1.1366794603692814,310.8476479347163,0.8732679020785425,44.688116620768525,5.012137692889697,5.481564219231131,0.06201897612982381,1.6426533714415377,158.54200319903725,0.2804948017169683,0.2759668635975847,0.16112330767356364,0.11751712261036303,0.1176017886691726,0.0472961157323478
PF6,0.9775968370680961,279.0317829041578,0.875451203769017,49.605054079546846,5.222238498264791,5.13959581953012,0.05343145147370664,1.5340620683697765,125.29975443580952,0.34317125933406106,0.2672132558320261,0.05004274401516008,0.276513077823462,0.018844983791433206,0.0442146792038575
FSI,1.5210536919923208,304.8247465496354,0.7537439014841485,22.823569711359237,5.931375574769488,5.8662123604229,0.05139191452422601,1.7740099134895184,106.63388088576724,0.1766891263516443,0.07212502503287782,0.08819017703008684,0.34995252152692546,0.30339024170858947,0.00965290834987598
TFSI,0.5733512290765469,276.1871788473538,0.9090429832713428,22.78743424302635,4.32214780509866,4.303002279355088,0.0639004474862121,1.2977090697997027,86.80849298824772,0.14396593987585293,0.0998146599834219,0.09191768364171701,0.18793235924905483,0.21065062399882198,0.2657187332511314
TFSI,1.160342542635532,284.50365413309356,0.9883752537070427,50.41340286636242,5.535009723516392,5.867134637411173,0.051400750557733146,1.7743371693746834,211.86440815902756,0.47485355175138916,0.0941721414119844,0.058374596326402815,0.30338490467811374,0.0064161563741673925,0.0627986494579424
FSI,0.694549883314748,279.40367178632005,0.8043571073406033,44.90616390664637,4.55216200605519,4.39666533761701,0.061378235531745824,1.3222476682927884,112.32551299266954,0.42540683570733473,0.06734303113974753,0.025286169734694858,0.23326662299480552,0.07364262734873778,0.17505471307467954
BF4,1.6917101567380688,305.1182916886954,0.9202415664636729,6.714786551690514,6.290702619076776,6.891955011597865,0.048503054454269307,2.177965103947132,62.63495315798989,0.030198219069373082,0.01765002910645602,0.6961011908593012,0.059486065666100214,0.18916618004546576,0.007398315253303829
BF4,0.4500491912786263,276.58480081221313,0.9130446513228413,26.252989626404318,4.023579526456182,4.0272875173228,0.06874098026237314,1.228086790419106,65.60244931982956,0.21366996522999,0.05919636810950414,0.22913841593153728,0.028452805480641115,0.22239782759932758,0.24714461764899992
BF4,1.6448437296349436,308.4736613563261,0.8304446534297203,42.6197319868672,6.124627485211306,6.414879202506848,0.05036610995545037,1.9797604261689659,124.49261565977116,0.16155372951956323,0.39348794038805746,0.06280377984526929,0.07664717543013798,0.026096763551284458,0.27941061126568784
FSI,1.0281221932364941,303.0445910828304,0.9239459158687899,12.812735751735657,4.90453984903357,5.374823253637304,0.06178858780045282,1.6079573563583212,92.85664216308827,0.05662808800760455,0.06106769649977042,0.36143760573086503,0.02144613074026548,0.22674343177317735,0.2726770472483171
PF6,1.5864045043345605,310.9964717316082,0.9349684762082336,19.174840456915657,5.953830822094733,6.708095505168906,0.05223468402519884,2.09933179457097,119.0129136122962,0.1261518924409851,0.06455049800805816,0.2381585538092759,0.11194028485348513,0.1661681590181989,0.2930306118699969
PF6,0.9678546576913976,282.63507175275896,0.815129351298133,20.680617736012096,5.128617878339151,4.972316848187163,0.055109403441125034,1.4835878389867752,78.31447931671596,0.09255257370272128,0.14757707136775422,0.16258610684042055,0.4534420349544115,0.028493612747983208,0.11534860038670937
TFSI,1.6811032772011163,313.2846692650626,0.9763867621088648,33.20739260913371,6.109414117392812,7.103517463992499,0.05127900372200609,2.272097679786466,189.6120441460589,0.06910549647714988,0.3805209495636748,0.07791156850623628,0.14322485955977235,0.17724554229033254,0.151991583602834
TFSI,1.9799597077020668,314.2414883821033,0.9285748530482785,22.300206173918237,6.712731233078655,7.596351986552397,0.046812761820941094,2.507460272629451,139.3408551568499,0.14059295702087946,0.09733597442181928,0.1765953842040124,0.14538559713467902,0.18513406076573471,0.2549560264528752
PF6,1.2976069451950267,289.42787802804537,0.8875093631777747,24.61538187366066,5.746198871549525,5.87909578396274,0.05036858008187907,1.7785868718623965,96.42899092813309,0.0548789688194621,0.2653424813839012,0.3168441114417614,0.034023120501589094,0.2253976805495953,0.10351363730369102
PF6,1.4370467456811131,282.8722339380921,0.8994095422399607,31.229939350032918,6.208061273949855,6.231233889276188,0.045565309595940205,1.9083648536937872,114.22027904305199,0.23164092143287918,0.10793069888371713,0.23079920700983447,0.08666950866193023,0.012489712333390373,0.33046995167824866
FSI,2.087636873457009,284.2152094723796,0.9465090794114609,36.89428664455213,7.672616143119483,7.939918138103035,0.03704280315486045,2.685813408770908,155.10729213550596,0.3109417931312006,0.11032090736105536,0.019401695962856923,0.41421917644004747,0.1379624109291085,0.007154016175731266
TFSI,0.33285723356806185,280.29269670930927,0.8144131228369434,34.47861731229668,3.692847225506347,3.677708247622578,0.07590151435817298,1.145156890081175,65.91409273845814,0.038315783297830086,0.4543859813397959,0.03454074958926273,0.32581927694074014,0.1463470806313276,0.0005911282010434402
FSI,1.9067144326381171,315.35963227408797,0.9753935817913924,37.45086155698733,6.538338411363229,7.649492549760589,0.04823238144511033,2.534251963212632,182.00201766606423,0.16786019826797383,0.3114389827726711,0.16027736815665344,0.029811227924013205,0.19335544552784342,0.13725677735084507
PF6,0.3693073557776745,328.6629517668246,0.7513752935099497,40.18204679162254,3.227294500218625,3.693721057107084,0.10183853743268864,1.1488302047725736,84.20103245126262,0.21263011454103808,0.287280244589844,0.2728938741282818,0.019515791534664463,9.187133727933757e-05,0.20758810386889232
TFSI,2.4694375517719465,328.847091497606,0.8343182430723164,41.365938919930166,7.409085447647066,8.150741998927932,0.04438430273496702,2.8014815431131184,184.05412840085597,0.05005455525432772,0.5411539398924659,0.2735830810587245,0.02060638715701154,0.0049273214560474335,0.1096747151814232
TFSI,0.7265476809082723,284.96541510946446,0.7809715507584567,23.443373996419844,4.53111256134245,4.418532672647235,0.0628908267564725,1.3280431387557166,85.45451203050187,0.14078648163273974,0.13260770787325196,0.11301859107335899,0.47295708500996214,0.14031235415795942,0.00031778025272773895
PF6,0.6540117444573168,277.86190480577477,0.8080062384517499,14.541912039554116,4.4838971439544855,4.321113923855559,0.06196884002578165,1.3024183229497648,48.965924426473286,0.08449047427275595,0.04299616212807042,0.2499888595146968,0.15346186859860697,0.10104189617197051,0.36802073931389945
FSI,1.0490281690203678,297.47413991491015,0.7812660057702905,30.8688449677696,5.042157022592824,5.04892511887766,0.058997397062803145,1.5064938899305778,113.86552256909292,0.14071219035271662,0.25238159358960566,0.11010169519212021,0.14660119583032835,0.3390064455955139,0.011196879439715493
FSI,0.8286895980267706,276.5242507597861,0.8441921178241838,45.23431159862778,4.92089266122013,4.748933066942728,0.056193920452477876,1.4187647708831415,132.1590887626865,0.435094558643156,0.07019079373330868,0.05180945206562922,0.31221955306676497,0.11809634392152975,0.012589298569611438
FSI,1.4186079268148486,318.40946718333754,0.8654531836157331,16.2223933806049,5.477213302498826,6.069346866411063,0.05813347949003046,1.8475665101662393,106.71493215247074,0.0892110900435126,0.061018121285655334,0.03668816039088777,0.36526643973889716,0.04611885562811946,0.40169733291292764
TFSI,1.6549394680090561,316.1347393097031,0.9364214480254128,40.625794159342774,6.002832624427458,6.874302032568616,0.0526642602066313,2.1702891478085897,215.02078997397285,0.34816324863126585,0.11675466141434206,0.12459873737155283,0.29795779209954965,0.08541018938554112,0.027115371097748715
PF6,0.8060253737683494,300.29618843929177,0.8338589685319903,17.117624559612103,4.4666773787859215,4.680278716952719,0.0672303287149238,1.3994170308868352,71.76005411087107,0.11585137291211244,0.05343632703740479,0.302453830687067,0.1184616581445083,0.22628267435913346,0.18351413685977386
PF6,0.3029698269733553,309.56082055726586,0.8920473896421562,22.73345041589985,3.2744190105188022,3.675658608229793,0.09453915933264104,1.1446875545500408,65.15944002715197,0.007800724505048057,0.3000170994400381,0.04544911464037309,0.40629431100816704,0.12638989387010513,0.11404885653626869
BF4,1.0802342502745486,312.3314427971448,0.8074718711365992,15.570788675362953,4.87121471918522,5.180646928337578,0.06411777365654427,1.546708903767445,71.6647434851757,0.08725944833309031,0.06828961831276027,0.25225226765271413,0.08384159114928684,0.3158725859377418,0.19248448861440662
PF6,2.1578957602011593,290.3619920256983,0.862635071096875,16.928492681709365,7.661015505167418,7.65369140630193,0.037901240616188124,2.5363810491467786,78.62746595307958,0.14400983673637305,0.00257446353364139,0.2078055472255508,0.3202316879559912,0.02876577376007297,0.2966126907883707
FSI,0.559316050365464,297.05509794767374,0.9282201805231547,20.841379931770344,3.973784860178884,4.2979211130993225,0.07475369412281206,1.2963909645572744,100.74902130627588,0.09226736218923527,0.1485752683352751,0.5224055243793386,0.056406768148899146,0.035226486058780836,0.14511859088847107
PF6,1.5820498209692866,304.83342688413313,0.9336758722248963,30.513731400614862,6.061766478202642,6.692804366241849,0.05028788686932698,2.0929213670161118,127.28126940569193,0.019846420289122334,0.39980781686277606,0.16167930664920346,0.013433833621790781,0.1597656420124426,0.24546698056466473
FSI,1.5486092053542717,298.60981858453073,0.8926806732297923,45.442115367170565,6.114325995097798,6.456033770013763,0.048837732699228524,1.9961229097066187,167.5298020392113,0.3334620922689954,0.21294697659245304,0.3032955189862193,0.07663697759868243,0.018446507747603893,0.055211926806045794
TFSI,1.3586263044061229,304.0841781701535,0.9338613339445828,51.89163104531708,5.597102951512221,6.171921432412252,0.0543288520515772,1.8858606340329318,217.05717552667176,0.48438377475290206,0.10898501992221545,0.2876810029248258,0.02153388651004757,0.09454025456836214,0.00287606132164706
FSI,1.203757475487086,312.32658168788817,0.8392069181644934,4.7557710773669255,5.129509285212377,5.52550400305247,0.06088819891374013,1.6571525540312944,52.05116143038975,0.00021395640027686115,0.017462392690401087,0.21576686039251955,0.48746120435449414,0.11766203139630078,0.16143355476600754
BF4,0.8229851697793149,304.57016143445577,0.8731769617918095,11.480796905919302,4.440827998589889,4.796529225369047,0.06858409322116663,1.43233480713213,65.472127818861,0.04891340966173561,0.0649317862914422,0.31642532320860445,0.04029389405112918,0.46001589755156375,0.06941968923552476
BF4,0.21297081509178906,328.9856778543265,0.9016264580932623,34.41588082285745,2.913104707060534,3.480050304221112,0.11293300822897276,1.100770138615158,61.853982490185764,0.09387127089148722,0.3675649487752185,0.1809100672940187,0.10313879043218396,0.13838846448074235,0.11612645812634925
FSI,1.7151081880242751,307.28183353082505,0.9538164260763283,32.01820983393088,6.296994123809392,7.089745905588903,0.04879817695382153,2.2658482250312284,164.05285804980937,0.31593589833799096,0.00421735532539714,0.16865865985404346,0.19353043439638845,0.01451170236611632,0.30314594972006353
FSI,0.5119405161414055,310.579294100903,0.7762695647371924,55.80904133628298,3.7032437122619726,3.993509604091056,0.08386682547317377,1.2198183092597732,123.77645173855744,0.5925308508234345,0.004942499391695595,0.0667869414038022,0.034412607244644434,0.07117078918498307,0.23015631195144023
TFSI,1.0598616810480277,307.53338703389994,0.9454863187615706,9.512851923368622,4.90153260703648,5.505211798026374,0.0627422913789077,1.6504407271433486,103.5482247245723,0.05653604126713427,0.01629700688210684,0.4682951501253205,0.1278874713034077,0.1832573366670942,0.14772699375493661
TFSI,2.4705536494293336,323.1085221139049,0.7992386674163728,17.145072916649607,7.532368645328577,7.936405016376393,0.04289600487282181,2.6839269536951362,103.42684554002797,0.0427983901908885,0.16613885744362555,0.3082485463160902,0.3308339453064384,0.1175712014961134,0.034409059246844
TFSI,0.31237778554351286,298.5532635762378,0.977010390511377,13.394546354570801,3.414090575103332,3.7629908556023666,0.0874473763975057,1.1648568117800076,69.11964115073545,0.09357392479364479,0.033660602901722285,0.38974892890109347,0.08182739967702245,0.34507656500782946,0.05611257871868757
BF4,0.9368716071662049,308.84784827745614,0.9782282709705437,39.21989123528261,4.62132084735626,5.291185730998977,0.0668310767589617,1.5812839540810657,139.8379093486026,0.37993190510690966,0.051309424320236934,0.32567669326472387,0.00830059471606348,0.22760241449088367,0.00717896810118217
PF6,1.1025587554992242,310.43501292805274,0.9030396543405088,41.460445807180655,4.946824493505672,5.489135693640302,0.06275440200791446,1.645142717360741,148.87385595986203,0.3486535506864569,0.10331969940208204,0.010012477141221797,0.03736965152300042,0.08657769879740806,0.4140669224498308
PF6,0.4684526895547064,305.7334737854164,0.7968076565224629,11.466887174828436,3.6675635511083016,3.9331667243893262,0.08336146586826744,1.205185316660414,49.256417404973725,0.04112449495826514,0.053231643786339884,0.11805823743838877,0.2537794909605157,0.14847535438431023,0.38533077847218017
TFSI,0.3822370247160073,324.7474216118639,0.910769919422399,17.856639207275627,3.289063237048715,3.870324960502139,0.09873553598904368,1.190132912544647,81.52324369682822,0.036227875703308626,0.16774124549713915,0.06786611981227808,0.23341923844472076,0.17569872409399437,0.3190467964485589
FSI,0.49074701037622953,295.4904905864337,0.8467057114019323,35.0740240718228,3.84368631644744,4.0387957413474425,0.07687684848839155,1.2309166654345511,98.38160456119869,0.15697062350305774,0.28744683287258493,0.173046219391439,0.22837206138048693,0.011730389778116542,0.14243387307431468
TFSI,1.2547427949155372,291.64012360364137,0.7618705194445573,17.385198135782456,5.60527177488668,5.38987886232904,0.05202961342753758,1.6128064085878728,88.31288309228323,0.04038047830758041,0.16254196498153994,0.17758315025630267,0.01658245863169465,0.39493988333832264,0.20797206448455957
BF4,1.1806124628660215,285.05796393807844,0.9714096925501989,60.30019790543646,5.570123647496999,5.867145973934038,0.05117623628807102,1.7743411923420223,180.14877015727606,0.5607518518754359,0.13485954660567567,0.09216000946202983,0.1608158050887871,0.014190636941876575,0.03722215002619498
BF4,2.2744083245600697,304.16856149149095,0.8212632432403544,27.302042714795235,7.55994749717707,7.669719892702658,0.04023421612452591,2.544524965468401,91.95888961201985,0.14748415974204104,0.1772910156537036,0.36246208426602095,0.05249636045391721,0.1396002156377478,0.12066616424656944
PF6,0.5625870992979264,327.3179512994143,0.8938507833341847,21.584229322203612,3.626078006068509,4.257172298502896,0.09026776333868813,1.2858686210876555,101.75014625584664,0.20448043068751715,0.012314779247479864,0.3462453628543207,0.38782034228250534,0.03987923128465301,0.009259853643523792
PF6,1.9712128396059039,324.13526110552925,0.955843147842664,46.898798242988086,6.502286824381982,7.710425714191959,0.04984942526529305,2.5653249142902377,187.4138188039953,0.2719414052581602,0.32386387062486094,0.06250769102387768,0.09873910591403211,0.19546483803757395,0.04748308914149527
PF6,1.433341730550822,319.8991353558478,0.8870912105950003,26.165299337618837,5.483343134017017,6.178762127376654,0.05834016357125082,1.8884425192877046,131.97803112138146,0.14342084452470544,0.1621780369142577,0.2902187512805272,0.11097780773334631,0.13609353973013652,0.1571110198170267
PF6,2.3734927041569778,276.57416148198104,0.7797653218455748,40.36262528908811,8.57623383553841,7.626918255887723,0.03224890631315417,2.5228359637042415,97.7842700671277,0.036446390309611214,0.5418106925836598,0.04061394111380296,0.11677438672746199,0.11608247339770777,0.14827211586775646
BF4,1.8981335549905192,321.7597203093092,0.9745589574424295,11.390421845556,6.39834247413818,7.624607646095132,0.05028798030268744,2.52167037515045,87.3713606182904,0.0748196118336703,0.01246578344675964,0.17290623100148356,0.4627463974554625,0.01259619499441701,0.2644657812682071
TFSI,0.231460881829459,327.68580486047404,0.8939015618378909,19.254837996266946,2.9606127509789246,3.5172581094293225,0.11068175152326995,1.1089921411189025,60.61961641859328,0.12484605519159475,0.07239679066492799,0.10195301682944677,0.1484855426995561,0.3216154372745738,0.23070315733990063
TFSI,0.6740097115107345,323.02518341796514,0.8653702679268989,55.152272710399494,3.8961465804555226,4.45816991158844,0.08290888875648982,1.338612971944566,188.31042863267575,0.5420436432506947,0.07872946627280593,0.00733548108149608,0.13207421458128685,0.20317804080511706,0.036639154008599475
PF6,2.4830991273489342,282.2067501109078,0.8998444919305368,13.493038286979095,8.646422119805983,8.586007681656152,0.03263855803020177,3.0562893100159334,64.82785777309346,0.028831676809580056,0.12110979258684625,0.08184051568165887,0.20574245192435434,0.4287550228246796,0.13372054017288076
FSI,1.022830892399496,285.75333923347506,0.9790866805951857,49.33600223388845,5.195220614269967,5.503600258124085,0.055003119299415766,1.6499088626424088,191.49756324188198,0.3724735726217927,0.2241751735001188,0.021864785659323784,0.006286727846197981,0.3508859660862858,0.02431377428628085
FSI,1.0496758549353062,299.943139986829,0.8722873470594974,32.777733690856856,5.00188178364705,5.289047416934821,0.05996605936738668,1.5806078423216114,155.9143973368416,0.26961666410737,0.07738961033977246,0.20117611500680138,0.0046572751582945136,0.08071484913155211,0.3664454862562097
TFSI,0.46106867900967324,310.22810605057464,0.8705276800636061,15.776087181556518,3.6002559922957404,4.003432618720706,0.08616834656047735,1.2222415680533152,83.25159148998468,0.05389904887312933,0.11726970182207702,0.0963451871726922,0.1869829734901976,0.33521921719784276,0.21028387144406108
BF4,1.9970003897436581,307.09056336937374,0.7943334158241829,33.660408637919645,6.8998424326464995,6.965710352468261,0.04450689510189094,2.2103305411868415,108.41397715977004,0.08059655122047786,0.3765025571541571,0.12553595540885604,0.00036691622413566273,0.32864580586082776,0.08835221413154558
BF4,2.2891754446648904,301.66496577931696,0.9790966026055938,26.480990293300554,7.654019760844846,8.60330975159886,0.039412619147199505,3.0668836561373007,106.81685150321074,0.11288724706407338,0.20828057163702177,0.09379425766090956,0.11010966752125903,0.2837032541953335,0.19122500192140265
BF4,0.24980161257368472,326.98257058781144,0.9999942551044235,38.561266433878544,3.003172965730586,3.6245004437237642,0.10887903371501813,1.1330352444380012,88.89134228612666,0.23251783424130987,0.2389485553886119,0.33022074327903933,0.06241891441141412,0.012125041014496669,0.12376891166512807
PF6,1.3535440978297588,314.7465396955341,0.7970563429740832,32.631392042559376,5.402587305351444,5.697127271675855,0.058258482816884255,1.715021221056406,116.05232472720562,0.12535138997438686,0.3008442866832515,0.07677649030507999,0.264091820901271,0.2056490705784366,0.027286941557574114
PF6,1.5873293940671425,304.0751826316071,0.7648407200647309,38.372635950405275,6.087988993523738,6.035135391845566,0.04994673659152066,1.8349680655207143,110.16519276399589,0.24064731290579153,0.22423316685766728,0.1641165877277431,0.11481965501843042,0.12320599614397904,0.13297728134638875
BF4,1.0091360017761084,299.3400035363249,0.7917177798771062,51.6803242863019,4.923618499739419,4.9973772873006,0.06079675010404794,1.4910423773233947,111.50519536388998,0.10430720849005738,0.637060907692683,0.19042231208840918,0.03966157444467869,0.0027456176984016283,0.025802379585770193
TFSI,0.4003974177084984,295.3029173012642,0.7613856083302799,42.533720732167176,3.646539180881086,3.762142078639646,0.08098169323109052,1.1646590878374936,86.26357027628835,0.09755914365609553,0.498791486184107,0.19499383342331988,0.1192946456266103,0.057798329997549754,0.0315625611123175
TFSI,1.6913340954311413,328.6392264122676,0.8876969390826839,36.855153523378064,5.862492296012922,6.75348024870101,0.056057937446804824,2.1184740668708826,192.0699736815538,0.03240944130821962,0.49924025072761025,0.03195084881489314,0.03886845709870258,0.3606803691275658,0.036850632923008685
FSI,0.8861584598053207,285.60620089481637,0.920769150289445,27.716832087908415,4.8854573984516385,5.039868430141871,0.05846048334907891,1.5037675905517744,129.14916843830295,0.22151749213549848,0.059947315438951106,0.03422078526339016,0.007403036194733742,0.2533979643541152,0.42351340661331144
PF6,1.2119944155966467,289.8585973130473,0.970966666702959,16.906687897289498,5.5445508798548495,5.942015444436192,0.05227810215723649,1.8011099052241706,96.73841961984569,0.061378284423507595,0.13822237126408998,0.2444822460300086,0.27823894040803443,0.26574048386398935,0.011937674010370236
BF4,1.0263401957913514,273.4967377476238,0.9952959430477046,35.09554012858748,5.4538983540346075,5.553780582644797,0.05014701778321561,1.666550825297568,117.53271512411882,0.01841619085735563,0.4914741133380833,0.12060879666710164,0.16073675770096282,0.194289294772025,0.01447484666447154
TFSI,1.4752573099785253,294.5113309700843,0.7864299404333447,8.746463621809669,6.037897330567403,5.9004662960256695,0.048777134629152105,1.7862050030415428,70.22310036877627,0.0026152303113648008,0.07148519957917623,0.06335309848863244,0.5828057951295315,0.02001241601168971,0.2597282604796054
PF6,1.6172564878135034,323.6135252136607,0.8248195930305176,47.13261384723484,5.7964392391141075,6.334862095260745,0.05582971059714236,1.948329656434785,155.62585246251956,0.3262936242152611,0.25025640254796955,0.024985837200176227,0.07344398891220398,0.25816205349759347,0.06685809362679568
TFSI,0.3499242533048506,291.39046485760025,0.9741405849800769,23.656301996735078,3.5835686054873155,3.8521885420327595,0.08131293047143302,1.1858237827801612,89.34066012478702,0.11709142786437401,0.1526628182668414,0.07727663586153899,0.13376491230859758,0.26736468725998846,0.2518395184386595
BF4,1.7751133072122387,314.3938858351655,0.9611389973403822,33.14630119253309,6.284096183825499,7.265326560648853,0.0500300881206079,2.346829602863189,135.94475200575022,0.13624347413602397,0.29223455771879026,0.06525217545009744,0.06006275850725605,0.38624844987611134,0.05995858431172091
BF4,0.31254749970943924,320.78376814785986,0.8772185435225064,13.753268131657743,3.1847804851701444,3.6854311561917883,0.10072398070811535,1.1469270451957587,49.051742075964796,0.02802961964171278,0.09693319348086489,0.09113698017121101,0.047563840737642256,0.1790407977392914,0.5572955682292776
TFSI,1.5170303047103504,294.2575308710291,0.7577305042702284,18.280165425698943,6.135835257419752,5.87375034445348,0.047957208517813196,1.7766864222101713,90.30190396526847,0.10461627517453982,0.0647310127262012,0.007638416024046984,0.0009734814760550944,0.2925783465515806,0.5294624680475762
PF6,1.8105897174063492,319.72760225261084,0.8056113543479186,44.06469341602894,6.257387616595008,6.6465790860203615,0.05109601991167559,2.0736613587903863,150.3416803827388,0.3707010302886879,0.1333114392504862,0.08420985519736623,0.0009193240938401349,0.2675478471657852,0.1433105040038343
BF4,1.4673798731773597,297.0943796232728,0.9978715741987726,5.286533950015538,5.967360536894113,6.660641659987718,0.04978656439248838,2.079501771312022,57.18936487965362,0.016403361324349393,0.010378212432627895,0.4168153847043313,0.47751297681684135,0.026214983603990452,0.052675081117859346
TFSI,2.4814376412013823,282.910734783733,0.983837173832532,11.600486478780098,8.619742261163934,9.10332648990308,0.03282125221520617,3.3894419725676426,84.15570282101989,0.015571696618400254,0.11335817529208424,0.30608052790567003,0.27136572585991586,0.2308359698387385,0.06278790448519103
FSI,2.492915016081903,311.1786054253154,0.8629213739514362,13.277845253297262,7.852231306822783,8.377974127053907,0.03962932232458985,2.9317362532081805,86.543959352423,0.05270318088268741,0.07536168509324627,0.06457174967663955,0.5020968504338884,0.05951713675333472,0.24574939716020366
FSI,1.1747156899867306,296.2761891389018,0.8061977754670178,31.35882830118705,5.339539640167405,5.367632940183762,0.05548721595961652,1.6056466747266267,110.75191412827843,0.07535346875693978,0.3517018668523299,0.19774911115184932,0.303516348851355,0.06897542816790353,0.0027037762196226696
PF6,1.414953441917515,304.4951155561682,0.9105744216314323,13.983863774776433,5.7103511256783825,6.221051030023614,0.05332336118297709,1.9044822864577653,95.65045732065744,0.08922364798520387,0.0516405278644143,0.12681575868063025,0.04280577066423642,0.6536969012984442,0.035817393507071
FSI,1.179781826719492,286.43895685951566,0.8184221797396461,26.49784390676246,5.540038720176969,5.41389903560247,0.05170342146099039,1.620573027081244,109.63250583357838,0.16364105918132707,0.12973175679164023,0.10964893575327325,0.0541145273498016,0.2414374524943889,0.30142626842956877
TFSI,0.3305963783036573,295.75569533654215,0.9641537855959877,36.23328933458978,3.486887103065558,3.7968643741144863,0.0848194067070664,1.172775163493467,108.26273596244991,0.1269092998722286,0.34992772509509407,0.14579187715470526,0.21866150197358414,0.03861795749735467,0.1200916384070333
FSI,0.754128605203277,319.92980919383245,0.8491684868658504,29.203146646976368,4.095019529267438,4.600955616456803,0.07812656494243021,1.3773909906804422,137.42540840621305,0.11713138289137728,0.25272470576074885,0.023434943792244325,0.1821587512761879,0.32711962048034904,0.09743059579909254
PF6,2.2949581027989674,317.84638448702896,0.89569547555274,33.61545329167056,7.288042276600295,8.138958973150338,0.043612039066724104,2.7948873302952832,134.04856163589622,0.30526501663128636,0.06114932600307544,0.19760547474878895,0.25221937449652226,0.11492199126077318,0.06883881685955381
FSI,1.1763195652097735,324.8130115192865,0.7801097484528771,35.83096208762089,4.888278986506408,5.294145900289985,0.06644731456938105,1.5822204048992556,152.10136513897785,0.09933913252485986,0.3851222369178968,0.06507068811491203,0.20107772579815067,0.16740000928570087,0.0819902073584796
TFSI,1.6601035088531666,273.2202412934774,0.9318892630886498,17.21712784789053,6.980080015314054,6.867581588790149,0.039142852330351745,2.1673740460850026,100.20001980897274,0.1344213387469519,0.038289328844129084,0.05069989775810655,0.6098791125242145,0.12537508280954496,0.041335239317052984
BF4,1.1834938167645521,284.42751332316175,0.9684099366089508,42.35239211193321,5.589750989636022,5.865267930175113,0.050883753829199165,1.7736748594096003,130.66606884610934,0.4425686247010615,0.004198652447028786,0.1140623829714711,0.03321516128826932,0.25372873610500607,0.15222644248716327
FSI,2.41980911604402,312.5088679753025,0.9616535515476288,27.773444892063207,7.667333147577881,8.81754507627765,0.04075848302926871,3.2011464627618635,149.1496844413379,0.19480918840179443,0.1133993526368512,0.05904717345925573,0.2879496622863303,0.14860267724634216,0.19619194596942607
FSI,0.7594078305478089,322.93184834291185,0.8448877767686696,39.47786152262905,4.07017134497344,4.604035984030642,0.07934109426172552,1.3782398262349844,152.6274993996522,0.3579431376057636,0.06688252218384558,0.021946325245494946,0.08873374281381143,0.17290540170576435,0.2915888704453201
PF6,1.9963768373705713,292.3472391903405,0.9862698463428505,26.354620031036827,7.246893975218577,7.922415691589747,0.04034103992552518,2.6764281836880017,120.91563116723476,0.05845966036086768,0.272824476015975,0.2611224136290777,0.045509622578459794,0.038009092839707666,0.3240747345759121
FSI,1.7164536588577806,328.4500590534363,0.8639242150052959,55.04541555376383,5.915668457981469,6.707214699554191,0.055522053236483994,2.098962006496706,217.67423794757917,0.4095737039595612,0.25964620065110444,0.010708635384783788,0.01502712378698028,0.21971530527278674,0.08532903094478354
PF6,0.5371509993477503,318.8480223535913,0.7964321107473871,30.019569211385082,3.6633070610133,4.069510760501493,0.08703830092402776,1.2385014640973824,82.36919672005797,0.22273923541405066,0.10970611754336006,0.11064268508311609,0.3488096234049168,0.007853040739725379,0.20024929781483114
BF4,1.9051311577846912,291.6507333902946,0.969056777709876,10.729689379040725,7.060487753724023,7.615450652193796,0.04130744837514444,2.517056417389081,69.28707535778842,0.013986509071516367,0.07801304194545451,0.35795265282577765,0.03697816617325014,0.10882680834822378,0.4042428216357776
TFSI,0.6944915875661021,313.0815686496223,0.8867498353505738,28.42106945607249,4.055498995378025,4.539600752316499,0.07719927165718334,1.3605923419313604,130.57100196682353,0.09297418714103525,0.27873374785816596,0.0580204357331725,0.17499107908947217,0.3657626143527535,0.029517935825400736
PF6,1.9047428091771854,307.9337888718327,0.7597301326966434,14.842467499315381,6.685886616084666,6.617726267922901,0.04605728552605374,2.061729623522885,72.38992175120862,0.10580785749866627,0.024002258809422812,0.5129593415590954,0.045351733437127416,0.03655616949424701,0.2753226392014409
TFSI,1.7966992372823798,274.90541382457855,0.7608329383651251,65.6399166933328,7.25869219293968,6.417469900149831,0.03787258179813315,1.980786484100546,145.37203951954888,0.5564170191620947,0.2262393625230372,0.10228744320427172,0.0019157348461994583,0.06145324984277353,0.051687190421623494
FSI,0.8287398455411399,274.6763473495208,0.832353054027942,18.340729236991976,4.957060036390179,4.724510353577032,0.05541113993639365,1.4118516512753454,79.99842745798877,0.13831675779405694,0.027704876314672017,0.05750473862315757,0.11970008613016536,0.2656772489500056,0.3910962921879424
PF6,1.4316364162789896,324.91415446185107,0.7757847131825681,14.568820736917713,5.401109897903953,5.7766041164617885,0.06015692341086095,1.7424999296723809,81.92094360773869,0.03583924589147867,0.11988780288664573,0.25291247282420554,0.04657814055610053,0.28870983035171766,0.2560725074898519
FSI,1.6343485377998739,326.87443449520487,0.915672059775818,41.981503655033485,5.777315495158451,6.741318229997018,0.056578948262239546,2.1133273446166587,202.5620086679537,0.30086389457862567,0.20149131323378267,0.037891581146451025,0.3577438665547156,0.026035418328286573,0.07597392615813857
BF4,0.5242708829123192,296.4229830691334,0.968343438140165,13.725383645711355,3.9052167581401322,4.269185673190238,0.07590436112189211,1.2889618599320776,64.52673264127108,0.08950959969254234,0.03891897524301101,0.2961225906415638,0.1366299966269585,0.2995379798521352,0.1392808579437892
FSI,2.0714365762111617,305.82739875039766,0.961386160638501,31.933936310656495,7.086554860214188,7.978626142524526,0.04315600524979978,2.7066865959251554,154.316534178192,0.3009586907653705,0.03759121766318598,0.21339979764127695,0.1445359463129382,0.1942921684183253,0.10922217919890305
FSI,0.3610081890599478,282.7267284848136,0.9057147925054831,25.83286933182636,3.7240505232429846,3.817426142618027,0.07591914414700501,1.1776079600507625,73.28216875448857,0.11875529256801391,0.18155285983548067,0.0005575840438123284,0.1346052823387862,0.25594094374751347,0.30858803746639346
PF6,1.3814434318995963,307.0450096342026,0.8127267448659371,26.60859844355234,5.592600739566334,5.80684005906047,0.05490200783723597,1.7530690798564297,109.83737328093208,0.11898314631824752,0.19593872085792957,0.1641719092154622,0.16398352086912318,0.08868439337082314,0.2682383093684144
PF6,0.33464265842418417,320.7477321844321,0.9194660910762752,15.763543097713455,3.2301541600855064,3.7692314426216442,0.099297964211077,1.166311597522637,67.85970066268936,0.04266013331499963,0.14448729018835904,0.14304322745235845,0.09149253798993767,0.5306888860904592,0.047627924963886
BF4,0.5697680205859661,319.4054761636408,0.8775718172940906,18.498438327348765,3.7240451802313133,4.250030893154207,0.0857684213551355,1.2840333502312915,72.73856324064549,0.03412688564416834,0.16781308843828413,0.03173049297343914,0.18607144058225628,0.07093095336074462,0.5093271390011076
BF4,1.9938372992608604,324.2732197001746,0.959720690491072,17.584519834502192,6.54537836153478,7.783817273933718,0.04954231853208529,2.6032572640118765,118.31538600560158,0.02972962244320435,0.1924914341935544,0.4901346695472155,0.168297654857062,0.09947319038286598,0.019873428576097866
BF4,0.6645743088651748,326.8623857583112,0.9867853667040549,16.637726394215573,3.8349990968261345,4.639480507689038,0.08523141140471825,1.3880447490823737,98.04513173474751,0.03633630642304878,0.15375273050001878,0.11251963995594434,0.05093621545867221,0.4025711381301274,0.2438839695321884
FSI,0.979946220101447,280.71356162906994,0.8697837731157281,45.392281083188486,5.194181018288537,5.13085330192583,0.05404385419774299,1.531382099092657,133.97813599066686,0.44766860190637514,0.05400585736331446,0.23262281904585438,0.057666381453216835,0.17659160640064692,0.031444733830592174
TFSI,2.075288278377189,320.8848092409436,0.8969758270045435,37.175118384044254,6.775598839884095,7.653708549425536,0.04735888543933228,2.536389745460454,189.5039139847969,0.20683012855150698,0.2477106553963786,0.0040203023928648,0.2178679687615392,0.12185486433697947,0.20171608056073084
FSI,1.8327038852055004,291.86826225531536,0.9063957436346097,50.58256022749462,6.893124957869192,7.152887502232195,0.04234193693560111,2.294643515352796,184.33378831929494,0.4130537548362608,0.1743823835742062,0.03476908472899759,0.0001067557440201963,0.17070770762505008,0.2069803134914651
TFSI,2.4128670449290266,306.72903319408846,0.8977867967342288,49.08818715402558,7.792522320612202,8.415600438031039,0.0393619704344961,2.953881557304781,193.5794153372188,0.3694643031339078,0.2092009143462109,0.058338495582465455,0.03088750482775439,0.09557290748864905,0.23653587462101242
BF4,0.39205210547963487,320.71529926410733,0.7925842675943976,21.929238278074244,3.3474948586713023,3.7768358272010447,0.09580755544204379,1.1680867634703151,57.55106490861288,0.16319111172710762,0.0719046607323011,0.000211014846947187,0.5982642540222026,0.09669978045609987,0.06972917821534154
TFSI,1.1044213170823194,315.8262283643517,0.9772185141309323,12.308866613249348,4.869741537317393,5.698152396134279,0.0648548235967225,1.7153728791445886,128.7979926901726,0.009693645811674966,0.13002071385074748,0.012263526435238608,0.05239557776215554,0.6675900642957929,0.1280364718443906
FSI,1.6865273200965416,286.2832355741192,0.8860272786804216,30.639415862475435,6.699262280060091,6.735773029613307,0.04273354641244936,2.1109848790803802,130.7387299203712,0.17990800570942997,0.1857743243891123,0.18798644269611492,0.08860907598424002,0.23477767761330998,0.12294447360779276
BF4,1.2329900841349373,329.12755428708954,0.8721717878417423,11.577851065613704,4.942249903086705,5.688447915177771,0.06659468071040507,1.7120467473392211,81.73583920432375,0.06945829975674397,0.030238820875359448,0.34013518266286125,0.1817164495644637,0.21120980579220636,0.16724144134836527
FSI,1.5281157776226468,280.1774799847269,0.9546653809106644,20.242745803626313,6.484269959959371,6.647098077299301,0.04320879323575887,2.073876612393805,112.657070727767,0.09128547307824564,0.14472443703837695,0.4707483615257451,0.027357244918555613,0.17925460931921589,0.08662987411986076
PF6,2.1756271581229423,277.414796931984,0.8822492327793401,41.03833909221185,8.081311159542306,7.798613477669655,0.03432794400007927,2.6109723387345527,111.3104485071158,0.418834495770869,0.017653947525279885,0.07463579447722715,0.0064026504016573135,0.3457258763831732,0.1367472354417934
PF6,0.26009236719647566,287.8177021433198,0.9599737944635749,15.098610316650156,3.425864008095569,3.624204641621535,0.0840131719949144,1.1329682155793077,42.93800213054883,0.10589779473756412,0.034917787027365685,0.04813950312670987,0.051739657791770914,0.5610187958964242,0.198286461420165
BF4,1.1134207267190763,314.34805709009925,0.8440681629215209,8.664129764534541,4.910239034868055,5.349507468401288,0.0640188909048796,1.5998365914402903,57.9497224500373,0.04763223988332068,0.017946249623316438,0.05663312979169401,0.6145151006442282,0.1587023541366429,0.10457092592079778
TFSI,1.6002057055918573,298.0868307055332,0.9124355100751979,49.399322564430676,6.238038430277709,6.650211273017371,0.04778534695437309,2.075168291234881,201.42726487601593,0.5101209685647414,0.025958659204989794,0.21551913993581726,0.05703559672875685,0.08963050926979992,0.10173512629589493
PF6,0.9439658761547045,289.1079764483378,0.8148230023390366,39.61983591393966,4.954230430208004,4.9229127732849385,0.058355779070251995,1.469000965816766,107.73287716721286,0.3483205742613654,0.08550320880715857,0.06680665856500799,0.25138337260487736,0.0060897666003752364,0.2418964191612154
FSI,0.413263676655643,302.23090194845287,0.880140218547319,41.90453912737378,3.5903753174129363,3.9093249567234154,0.08417808034794172,1.1994522465130477,115.37982760441243,0.07157243160654403,0.5208752606865678,0.2177008064440133,0.060768082617550324,0.036063396198434836,0.09302002244688995
TFSI,1.100483154684302,304.52072185753866,0.8081281582240847,50.459546295062715,5.036100067941032,5.223328562379138,0.06046756771098861,1.5599686306098373,182.69096996500372,0.11738777144608412,0.5946019945385782,0.052296073829363285,0.11149722217472359,0.031869232224024165,0.09234770578722667
FSI,1.5622406070906438,303.7598249298768,0.7688775950340642,23.146479344234656,6.040340347435324,6.0029295021110265,0.050288528039459005,1.823186693373892,105.5440786176251,0.09678133198669578,0.16439985806031554,0.05681648083850781,0.0349294105168989,0.26908954464938273,0.37798337394819936
TFSI,0.27806092426520673,295.7483864870133,0.9821509095557082,22.942167537463934,3.371075354554,3.6827444741974342,0.0877311704371976,1.1463109250942283,88.18774101615932,0.20216167893459586,0.033019754533382704,0.09689816056673535,0.3105715655771676,0.27136100921493933,0.0859878311731793
TFSI,2.279020444546188,302.5914694353785,0.9061855594468002,18.29719497875349,7.608853741208916,8.163038541329456,0.03976833827105499,2.808379729336654,110.96015243756344,0.04254556105969128,0.1707103383234649,0.2655164563545223,0.2720866398465396,0.007886824554717627,0.24125417986106432
BF4,1.0524297264840001,295.67240883918964,0.8337616828311895,5.753169389655007,5.080744753110775,5.1936889495371705,0.058194698456000775,1.550748612135732,42.48405837629449,0.022855753072220347,0.011495790529168447,0.45830214374428646,0.050900450090517656,0.4238847189101357,0.032561143653671486
BF4,1.5201564470718185,296.6215901582183,0.9529918305221209,45.2932315087062,6.093056689729692,6.62174168793744,0.04868190224755276,2.0633860306298586,143.7604172748258,0.39316264272895896,0.11170892628071709,0.18515041216498018,0.017013740472546286,0.015527683454416734,0.2774365948983807
FSI,2.383535015664667,310.36664140616534,0.8077151653211315,30.06132118529171,7.642014007941384,7.813043448065731,0.04061319975122269,2.6185184732572906,113.31254888029282,0.19503277514462397,0.16047727821862126,0.15935392116474037,0.04679410699258377,0.3857176271497046,0.05262429132972623
FSI,1.737370407562106,294.25390187785297,0.7647850805014565,16.250747470781405,6.624518393273891,6.321787417520584,0.04441891235091436,1.9432415553843645,82.5448811512118,0.09012167732491404,0.07850297862563535,0.285496992236935,0.05823380176849113,0.3420750548773656,0.14556949516665885
PF6,0.3202951754176781,295.4954598079351,0.784597607162417,46.1434187392612,3.467258018691465,3.628257070545942,0.08522453714576868,1.1338868424294728,64.14319116056954,0.18711739908704403,0.4220116593179169,0.035796185675744566,0.17789557548700521,0.010152367463203246,0.16702681296908595
FSI,1.5050144222616988,293.90261342859895,0.7708730945040144,29.874001496342757,6.116716350303877,5.9004378124051176,0.04804908329842661,1.7861948275534194,113.30108958964186,0.08263893153310752,0.3040860619509942,0.052445868896228716,0.26809564628538646,0.09054592081891391,0.20218757051536923
BF4,1.3212899293009397,281.9470295754842,0.9936948570144131,51.4519244065442,5.961331084909165,6.282397518428203,0.04729598567159272,1.9279928808679125,148.50009028521362,0.3049542345852881,0.35367561562665273,0.04712764842540529,0.06205739232761127,0.22321809753988725,0.008967011495155403
FSI,1.286750203044965,306.812831651578,0.8483359981000789,18.963234796528436,5.395337156749407,5.728991294514073,0.05686629449426793,1.725985615992901,111.30143968108231,0.04416543606231058,0.19127632782462745,0.3648025665817919,0.11617524869719555,0.21121096216422647,0.07236945866984816
TFSI,2.382999381976201,299.1700461726222,0.7521512388917958,14.397985750947884,7.922360619188364,7.480939843579459,0.037762740242853504,2.450244875426908,70.57509998436224,0.012916887243227811,0.14090039522688097,0.36130451477082615,0.022564215667374578,0.09166515660560376,0.3706488304860868
PF6,1.1041605509211352,285.4929259602339,0.8660017160335254,42.212134149032465,5.386278959516394,5.390512329685565,0.053003739335822815,1.6130107535746343,126.72664107050322,0.11482270073971114,0.4645829786203504,0.08166981867744792,0.001046264893137727,0.22742592851713792,0.11045230855221483
FSI,0.27150951480583907,290.57337398446936,0.8011804856352608,25.03746766314469,3.4178129487451407,3.5438203123168406,0.08501734247661334,1.1148992727197269,48.93241566939673,0.10651441977890808,0.20088525523542716,0.19213337380666926,0.32108532562749387,0.09944897943934251,0.07993264611215908
PF6,0.34574635411667637,326.50055147505867,0.966733458713068,57.659909552839714,3.199621744647428,3.8356114218816195,0.10204348436537966,1.1818987842276858,130.11521026425322,0.49877557216806967,0.17579796600799102,0.08296045117360003,0.14411907077146613,0.010476424038422518,0.08787051584045043
FSI,1.5445523796873706,285.1241739114741,0.92123410928089,29.41967574417191,6.402583247604631,6.557235839347435,0.04453267734053225,2.0369369163595903,129.02132832558078,0.1889407470435915,0.1569379050825045,0.2915081149159971,0.13699748589064598,0.15816034123143766,0.0674554058358232
TFSI,1.0160252966505792,320.4229896295483,0.8776645462616784,25.709754013130034,4.623473134006252,5.229323452438044,0.06930352580028964,1.5618401204103705,150.32800494214933,0.06060224404562538,0.2722160796624726,0.28305210409877773,0.015022293977181418,0.2250656196408253,0.14404165857511753
TFSI,1.4085548994838573,318.37867473125726,0.9186672953139434,5.802957189917308,5.457077108701913,6.234983299525096,0.058342344883411536,1.9097964389349593,71.82895770058886,0.017231600149083936,0.02053424252848417,0.371122996029639,0.31263268340377065,0.25884651521656954,0.019631962672452565
PF6,1.47341050728553,328.93964797143036,0.7799076138102607,22.07945617359628,5.423616326281733,5.872810182250059,0.0606495054558812,1.776352378932343,105.67366698471015,0.20305278057963047,0.009669615869451552,0.049608305969086934,0.3236769854281267,0.21009537085980223,0.20389694129390218
TFSI,1.5258304453565108,314.2201538611265,0.9591011332343503,23.326988919806976,5.7693015592239805,6.658564273162257,0.05446415837957892,2.0786379648538142,161.88576469161939,0.015872872907170266,0.3011600150431749,0.15021277834364993,0.14700759996715831,0.305910963067463,0.07983577067138367
BF4,1.0874613533915025,328.48118213672007,0.8956827391702449,30.59758822239331,4.6609357089771715,5.435050909368707,0.0704753728964874,1.6274431797152038,128.20563679526217,0.1806092207650557,0.18918234575196197,0.5763666587594561,0.010541760166717946,0.006040791346994822,0.03725922320981357
TFSI,1.458853968100713,316.1348788843177,0.9956611880841645,32.6427603901899,5.5976347668554345,6.631310687801134,0.056476510535522446,2.0673387198808815,196.40316439259476,0.21820762182276046,0.15605189418075904,0.31635634581417044,0.04523513818396131,0.02862407899781491,0.23552492100053363
TFSI,0.6346277946338961,313.6168242679119,0.9700387368714608,19.624043295946382,3.9242220480416528,4.539033860725463,0.0799182157453143,1.3604380890045005,122.53523165942173,0.162496689677186,0.029364182641805573,0.25915913477356334,0.1385463786417355,0.240356638562892,0.17007697570281768
FSI,0.4151193480082351,288.96788809499014,0.960708843952475,54.00968456050592,3.7619253582058723,3.9970220723182415,0.07681382818100463,1.2206755249296435,132.33967575346156,0.3952739939564414,0.25931863418965695,0.011114941080133531,0.006004668756650952,0.18993564407615873,0.13835211794095842
TFSI,1.562514646731174,273.45016110922023,0.7562883189070031,22.03049241902976,6.739781337472541,5.954278938609724,0.04057255679629596,1.8055329073186341,83.19870439535812,0.16711980511543112,0.052652693770410305,0.035336771999876046,0.4018115269403804,0.04871142929740352,0.2943677728764985
BF4,1.9575137189466472,290.54414443408723,0.8303732507634635,13.779999833663267,7.205883715881026,7.063667575539511,0.0403204042543398,2.2540610830788324,64.27810982677887,0.027974700098033392,0.12709799800032892,0.14919302356265482,0.14671542689326322,0.41812593794501185,0.13089291350070761
TFSI,2.366375975163912,278.1832848013878,0.7882370344577195,10.595464273575349,8.505853284043939,7.6631629526879905,0.0327049239519837,2.5411902929581793,57.511600009820086,0.06750988178013409,0.0007095215744749838,0.11328887856746507,0.22295410327381107,0.18707812752069292,0.4084594872834218
TFSI,1.707696172756272,310.52860958095897,0.9609213910504882,30.27182033938474,6.217461177085288,7.10240445454138,0.04994459969053367,2.2715919628370354,181.44624216493588,0.013317066213439494,0.4017979473469915,0.08485062012362399,0.08017314382509094,0.12764870253626207,0.2922125199545921
PF6,2.0443054455860987,296.7412620145256,0.7563899416588573,38.65528181705296,7.242986003288164,6.865730191799384,0.040969465063139886,2.1665716606902046,108.81849018687913,0.29212379991246185,0.14486350694568012,0.11977484428941701,0.1252932159448835,0.017362196403438588,0.30058243650411903
BF4,2.10199608461034,304.38714847664295,0.9434124436448701,40.148589369054804,7.185027945913839,7.957623156785475,0.042364086927420996,2.6953407422936406,134.43860623924857,0.3639249867993217,0.08321865587778456,0.1567242075084173,0.2759314465141386,0.04029184108414591,0.07990886221619178
PF6,1.1296643247047016,323.5938000649238,0.9012784261662313,25.679933169145222,4.810995878608361,5.54535521166498,0.06726129230410549,1.6637449282418995,133.2929981886334,0.22357157223433513,0.02155505153441187,0.04574011330777178,0.18788321492093074,0.06737659363322239,0.45387345436932813
PF6,1.5770984019447338,311.8216718302369,0.8198413982371242,53.240524290635655,5.919166777380078,6.232426397519761,0.05267999425558581,1.9088200561388515,162.5014629269073,0.42876522130017836,0.20580066322206345,0.006409413964244733,0.0036315919857427426,0.29871412324191715,0.05667898628585346
PF6,2.4080534932851703,295.45964047047966,0.8905568886553917,24.478136740759936,8.078084098587007,8.361271566739472,0.03657545983238284,2.9219590923430014,94.62240288769254,0.056882351234144174,0.2650331612367229,0.3326877568227389,0.09270656486496824,0.21908693405032217,0.03360323179110377
PF6,0.5132315663459257,320.537997772919,0.9552166728557285,34.09771008887358,3.596392182749943,4.225618373023723,0.08912765390559353,1.277779332287083,125.65164146167515,0.31266032876390226,0.05665959799302719,0.19947120715961694,0.14517049039098232,0.18590790160499449,0.1001304740874769
PF6,1.9002411832901147,286.1483348363877,0.777845772379822,19.25420820506825,7.190370884585318,6.695236427310615,0.039796046605861606,2.0939396371608945,79.54695657473778,0.1503681232026877,0.02695343268208284,0.3493299242023979,0.01249801741847656,0.0987507841661379,0.3620997183282172
TFSI,1.3599012227758793,315.5183396835415,0.887770025519804,17.984216564635055,5.4031665831955475,6.018198858120387,0.05839507903843624,1.8287629810107728,117.3809203778033,0.13567097313527174,0.05158907727536938,0.007615101440794315,0.0660175086998876,0.7095299352024836,0.029577404246193272
PF6,0.5348745680521221,311.6274027645008,0.9342554780813833,35.908492520330334,3.73927864157005,4.249273738222771,0.08333890908799846,1.2838389225162021,118.59050410591641,0.1052212510696447,0.372118606555096,0.028666357745218897,0.25180302854078923,0.07597979652717224,0.16621095956207899
FSI,2.2655421918840264,298.948437082414,0.923577233324054,36.59603498251,7.671926462714815,8.231007973897906,0.03896654100313509,2.8468171899885384,154.22431243959005,0.32986902652745054,0.07844928507328298,0.050753231684401795,0.06170833272822303,0.44980693651491754,0.029413187471723994
FSI,0.2519278427732606,287.8207569402151,0.9054323967593166,24.514777650334096,3.407303903393078,3.570259076231494,0.08447170111641526,1.1208101984360785,57.65832572563046,0.06965289242188394,0.23688729143272444,0.10419018739087095,0.13544801754709912,0.2586560968795218,0.1951655143279
BF4,1.2072064711116837,300.71210572886355,0.9093506776240472,26.33663983533104,5.330864967259973,5.74443505634386,0.05640962725105894,1.7313249999202933,111.69875411162347,0.09992453126100816,0.2300831331983585,0.0010707075244823392,0.519429027429447,0.05677671934978386,0.09271588123692003
TFSI,1.1819022039917904,296.39833256939636,0.8840846590968356,11.5215344198427,5.35313110381247,5.612254017754702,0.055369152524268106,1.6861550246622548,86.76200044717261,0.0007559728297746648,0.12061531410429378,0.010664151481848985,0.3279713606801953,0.2932627578659629,0.24673044303792432
PF6,0.5553842705388607,314.56800691238976,0.9107025635721794,64.48688877333029,3.7483612994579176,4.264474697368513,0.08392147442080414,1.2877479782471515,150.12005468134743,0.6364017226758218,0.09322733990403748,0.03839731736777593,0.06898917407231275,0.07833882878017062,0.08464561719988146
BF4,2.3530218748602643,307.2598679285202,0.799032504910696,16.087916730164846,7.65226416849907,7.700352406948148,0.0401528046030312,2.560161855735726,67.98970358564937,0.050922128034109095,0.11247214155630063,0.2622519501285323,0.0583606107219983,0.10971647669121198,0.4062766928678477
TFSI,1.3890493746070798,273.297330300699,0.909276018322243,5.4766797934483815,6.327978160842674,6.157573211489319,0.043188728430172865,1.8804566425063918,60.07413193769594,0.01241287820346196,0.004536635788284604,0.5709826277911262,0.008079689206972385,0.13210507703843283,0.27188309197172195
BF4,2.4761074488712893,276.2717501717719,0.8298483720393421,14.58509079402652,8.829584101134783,8.136984338600818,0.031289327674705006,2.7937837720051775,56.75396448182866,0.03180626726306873,0.1358930329643782,0.13748798372434792,0.5888985287801536,0.011877747313119424,0.09403643995493202
FSI,2.453247060368167,279.8213933581881,0.8359549711002026,29.829230492235865,8.655361182282743,8.12701018862932,0.0323292566843974,2.788216203361929,113.20889276282149,0.2460771550644062,0.061055872641465586,0.053573200432161246,0.16842976344919727,0.07785794033454078,0.39300606807822913
BF4,2.481894759583681,325.6496103174443,0.7689747102473393,26.57436220615691,7.500788049967786,7.771285759038127,0.04341538624316185,2.5967408820005806,93.92241661274565,0.040891479018944486,0.321876528413334,0.524842392288791,0.022216271039223023,0.07233391202834992,0.017839417211357622
BF4,0.4928669108652886,314.5514043420328,0.9443587900043658,29.46305106097438,3.618744132393932,4.163607998944834,0.08692280880713871,1.2620300809739697,97.39075955744885,0.2295032934477597,0.09644673328634394,0.4549270309443095,0.02439290003366764,0.06847707053256835,0.12625297175535108
BF4,0.7663410581725276,280.2635533734967,0.9452726108956448,18.6258417913251,4.704699886901014,4.811003032238191,0.05957097373071894,1.4364870816285717,77.36413840342347,0.035401494141661924,0.1932847052036615,0.037011656500900776,0.4115330495648698,0.18031139065906948,0.1424577039298365
PF6,1.326323535419188,281.5341568098982,0.8396264068122545,31.259450663433366,5.982328709558601,5.784040660786347,0.047060964129246395,1.7450934935020288,105.6853478939643,0.13651899612466437,0.22543147476440975,0.05502729043558832,0.006604314064907995,0.0035019814021919164,0.5729159432082377
PF6,1.1660684001212493,280.3317845499135,0.7597164088839721,26.501676066319234,5.635909463614345,5.214703243632986,0.04974029238044838,1.557279905053499,75.8553332820107,0.008080021772379556,0.3609682248217545,0.17393146870478696,0.12038664046970103,0.22617660740871737,0.11045703682266075
PF6,0.6485763957375188,276.19889192988336,0.8828357763175765,35.452815871127406,4.500257370590859,4.43146611458047,0.06137402134705464,1.3314828192926558,92.09708266828,0.36417989465212036,0.009649622603368041,0.37070454807819647,0.21377943000918442,0.0009533828581433179,0.04073312179898728
BF4,0.48948752257323713,293.7045761829284,0.8058384742535676,25.67412961362257,3.8646902472151896,3.9861196958914404,0.07599692534079942,1.2180167718422028,59.60097349438771,0.04851221899127843,0.29581504940650666,0.5179875559802256,0.08351491134583644,0.026018548132252024,0.02815171614390072
TFSI,1.6709342545377013,273.4847696391048,0.9150128352763046,32.693346174501315,6.998621414093271,6.8223157245121016,0.03907694865282794,2.1478409856995886,137.00071835616114,0.06133586082691977,0.37786876183347445,0.09698122110243093,0.18062241239889384,0.05912324437202254,0.22406849946625848
BF4,1.4543723361153873,314.1935762547932,0.8534786385981884,19.019628120057785,5.621236587010223,6.103189303606569,0.055894031747541845,1.8601141572759905,90.79305588294675,0.10840558702566,0.08267949837076233,0.016960231220724747,0.03180611591689104,0.3932751894361227,0.3668733780298393
PF6,1.5697404151312018,278.79208024516413,0.8174797882566891,39.71453844383069,6.616536314450279,6.208077655448555,0.04213565330795392,1.8995471793111012,114.79310488755644,0.2268874194332116,0.2695294527197621,0.07863498753097557,0.021575615156360955,0.3249222093533344,0.07845031580635539
FSI,0.43667684071436264,328.20454115567674,0.9198087281871179,15.863755127933597,3.365850938408798,4.004147923715617,0.09751012363929433,1.2224164356611076,90.64426067979909,0.11769693683847889,0.04257273706726677,0.13882068066290254,0.3962529078715599,0.2943059938490293,0.010350743710762661
PF6,0.5613343762984427,327.62178176793986,0.8130510722481219,25.430079032126955,3.620493271272543,4.140983791347949,0.09049092408692319,1.2563324949229566,98.44483103125619,0.08314353906427126,0.21997845495372836,0.08475093561324602,0.22382476189016737,0.01657790209224233,0.37172440638634463
TFSI,2.1666608395841886,291.8554985094889,0.9360850647531636,18.047323107272323,7.640217705558187,8.070447130800773,0.038199892955558944,2.7568519368606563,114.07085821277481,0.023624508811894374,0.20167371309464643,0.14285047574558285,0.05397390736036479,0.4406510068586631,0.13722638812884858
BF4,0.49397343262090765,285.11224949765517,0.9454823139469289,35.873253752741334,3.9957835609389565,4.167607860256808,0.07135327656001907,1.2630400739623822,89.6061721725089,0.19378892029713604,0.24544280274283048,0.04358269669502012,0.2829368010031928,0.04265476274196497,0.19159401651985555
TFSI,2.4139515455842813,327.0841212525814,0.8283096826258598,12.28229805348546,7.334534257921624,7.998748596492799,0.04459507717198484,2.7176015801063746,103.80944820640026,0.002458046434363535,0.13900077201389593,0.402046006159176,0.10748567854643651,0.23078175861805758,0.1182277382280704
TFSI,2.2233953361125134,322.9231832775791,0.930334906096565,46.066313425088374,7.035737776890198,8.17125572809444,0.045897558083853346,2.812998920120923,224.99999187561164,0.1483381580705788,0.4807973452212643,0.02492933655401487,0.06646068154119983,0.18689421385107383,0.09258026476186823
FSI,1.0972523386481547,277.65173759563606,0.9120292012560471,26.662664399912757,5.532236376670698,5.501815434984016,0.050187974390697845,1.6493200086452757,128.0853888956039,0.09074610902152579,0.24648210261975886,0.039297468055083155,0.422904071790998,0.08103011162229624,0.11954013689033788
FSI,1.572855513389771,319.13303282204,0.8978693352675923,43.6675301033706,5.781436942207805,6.530546835698103,0.05519960452948744,2.0260931197603362,193.88103310326187,0.4412986882678208,0.026781582916694847,0.09082589040091209,0.08402199983978774,0.20127628154067748,0.15579555703410694
PF6,0.6237413706466708,323.2799828720574,0.989187092113547,35.614180848363226,3.7915760790210356,4.542492281652246,0.08526269185544776,1.3613794080260326,157.35027786154367,0.3106386821064246,0.07400624162553254,0.04484012763339957,0.1208810956927441,0.20187128591697984,0.2477625670249194
BF4,0.40776287096461294,296.1542044984811,0.8508800355758293,15.842867394600999,3.6521325648418923,3.8673932153821804,0.08109075977949945,1.1894352838199043,49.45670931356412,0.07166372079508221,0.09893384104915415,0.2732820585418202,0.44053139356267074,0.0025564093259218728,0.11303257672535084
PF6,2.223225217812996,312.35360778559595,0.7929991695915358,33.17563489550317,7.2600738154535795,7.407539378851668,0.043023475480473666,2.414537785865824,106.64701260669868,0.08761887104494269,0.3444486754082064,0.025773686001912734,0.2359691417739846,0.02023208839855395,0.28595753737239976
PF6,1.5765744597676437,317.2845484430942,0.7590151388741011,57.961603875503904,5.82084534338067,5.9916097063147475,0.05450832821110817,1.8190637420181566,158.77545311611962,0.32567520401506306,0.4291843952994846,0.015386506570872918,0.1311177957913164,0.08996431712098289,0.00867178120228
TFSI,0.8964162443980892,291.2078884535968,0.793759972024203,26.33021233772552,4.810725526537857,4.778848332688671,0.06053304992088603,1.4272787603413803,101.26417322513382,0.07999536233149884,0.2509717522864481,0.18617801932004652,0.26946061131037263,0.019520158370799297,0.19387409638083447
BF4,1.2186386514683412,286.3736434057643,0.8421338669053721,27.142264435740927,5.62997912171884,5.565642199803456,0.05086584465313861,1.6705091161872954,89.48698011769454,0.18771438198491364,0.105782985855246,0.2940391309178901,0.022041221336823846,0.08800124899394221,0.3024210309111842
FSI,2.195310301648574,315.59992300517916,0.852569747103546,46.50305170183463,7.130925261850082,7.679137871725835,0.04425792045439254,2.5493223387558497,185.34383814052168,0.3951776006456861,0.14332228727044174,0.20901664983661689,0.048481357685880765,0.1409523191511856,0.06304978541018894
BF4,1.0063796539141119,307.7993679150826,0.8203134035478947,25.406526428497894,4.784009131429306,5.063866797909093,0.06433920995111525,1.5110025328781507,90.97880826947387,0.1356393518128827,0.15781842660278736,0.29303065683250856,0.07710695882109003,0.13448613034199833,0.20191847558873305
PF6,2.347300614880637,280.8845443156903,0.7792963807086496,38.14679177042431,8.373690256636996,7.57310718402917,0.033543698860017054,2.495830243574384,96.16781735941011,0.3557921240425228,0.058054146795290786,0.38148294532953797,0.05874081239216582,0.004405909689370677,0.14152406175111182
BF4,0.8787898241145848,301.56536987617875,0.8324128680674203,32.02864896348017,4.605352872130931,4.828789894799214,0.06548149039807284,1.4416063013740976,92.02375612632977,0.2443353904591505,0.1253670983446141,0.014527111406711984,0.19898455268676765,0.39813424128717656,0.01865160581557914
FSI,0.7606686419687774,294.3883175705115,0.9265872226837111,57.92664521114287,4.456599141605244,4.762064610861099,0.06605671908478498,1.4224957825126334,178.38536414425454,0.456025080598592,0.2366970634005668,0.09738036414455162,0.07152195749291308,0.00089363093089791,0.13748190343247868
TFSI,1.0974163655120759,320.16391833591376,0.7641342255430197,24.487783558358146,4.793168952864858,5.096433511397014,0.06679587585673422,1.5208763310003106,126.65800169932741,0.15903128850059778,0.11891448483086971,0.0874116973471971,0.4550870396200443,0.10790219487572919,0.07165329482556189
BF4,1.668987877188843,320.1150483001859,0.899222138948882,4.113747367799079,5.961108496022502,6.751977122013764,0.05370059084040827,2.117837295609235,43.89975961022216,0.005622033399825935,0.0010292462938321946,0.678255342519108,0.11768910289888065,0.060972900621467256,0.1364313742668859
TFSI,1.0404907638698009,297.40709792945916,0.983348515165432,46.129307964805804,5.024575186660493,5.557912619236786,0.059190496087914296,1.66792864433753,228.16140211114646,0.4777093838453838,0.019440564860223438,0.15072096276032024,0.25716940577396463,0.008080481515656372,0.08687920124445137
BF4,0.2683495907197966,273.5061710161876,0.9263633052348661,43.26296673860125,3.637686083770519,3.621473034544036,0.07518685359806916,1.1323494198261328,63.14313450326432,0.14877154202425713,0.4317584668392909,0.1580357000525453,0.12094785557684196,0.008914861517006115,0.13157157399005842
FSI,2.4406980182739595,321.13886548060276,0.9126587680204636,24.490572410447026,7.514596777991041,8.568811116169748,0.04273534229024279,3.045795829688914,134.94293565638895,0.23734579663208072,0.005709610038511696,0.017099096866715287,0.09768132712550226,0.5021811886699811,0.13998298066720902
TFSI,1.95014027005316,320.13798562104495,0.7558056387892607,25.78416556526263,6.534834433550169,6.6848175313404745,0.04898945625576073,2.08958087224045,112.92008393674001,0.23286674794989976,0.030169235824483984,0.2410324730279744,0.15898676959528857,0.17293231286966892,0.16401246073268452
BF4,1.489542768512958,293.54760481671235,0.7611017509069542,25.68017829754158,6.089879090940074,5.834234022915011,0.04820253414446663,1.762700141261429,72.44687838099729,0.17964145657079422,0.1022298893642888,0.3741142999302828,0.1432939461314167,0.029524381435666654,0.17119602656755079
BF4,1.1399677970691033,329.5593859343228,0.8482467261877347,15.223939766448256,4.751416030457711,5.417434879558277,0.06936024625538334,1.621719451059647,79.81543552441319,0.047481971175277644,0.12953526910702448,0.2897422717753773,0.47271638917626496,0.04372264210314786,0.016801456662907794
BF4,2.120131255130193,321.8496081627689,0.9791750976904913,24.88849328422723,6.8477525746247006,8.189949322146926,0.04700076479915869,2.8235356166968244,118.10628692105233,0.12108733801895405,0.1447887703222537,0.033785221930984786,0.04589283025523872,0.08447304754233935,0.5699727919302293
TFSI,0.9982579335162114,285.3255830602637,0.8304219772148337,27.978561721130053,5.147146798991811,5.072438317302316,0.05543373721459652,1.513595071945874,111.01914464210645,0.19280535614038877,0.12358664426622498,0.275653648982948,0.079434998037208,0.19037670190847508,0.13814265066475506
PF6,1.2734358885848973,293.55519695204845,0.7793542220521033,12.72369275373907,5.6093350532331945,5.481144090703278,0.052333332590436835,1.6425153521316609,65.19952624850977,0.08915994125141512,0.024883850718246472,0.238133414238364,0.5064944758343874,0.038545412519816837,0.10278290543777026
TFSI,1.7229747711046626,303.8661019385253,0.7828784816889065,5.163706985371521,6.383371858119721,6.372199681976774,0.04760275739725301,1.9629333005545166,50.02853099143016,0.003982244076988469,0.018494062591237082,0.08510650272361993,0.3548893407054408,0.360681158994221,0.17684669090849264
PF6,1.3964494973570896,300.3810908917146,0.9291607579364611,27.322793189183084,5.747739727532183,6.243815183460759,0.05226073293696,1.9131728401533217,133.68235176450884,0.1274996801759645,0.2110111773242205,0.06757888537775089,0.2798577321714075,0.2662255875046035,0.04782693744605299
PF6,1.3446337028865267,300.04795890374515,0.8584159506173106,6.443273567459757,5.6414547289864965,5.885637545738531,0.05318627434198158,1.7809154131291125,59.82232102943083,0.013258198853856047,0.028954351478328304,0.4914584800330125,0.10484083664954177,0.2326385643227665,0.12884956866249495
PF6,1.0021018812112823,322.01466738157757,0.9896194535233639,21.50317764206366,4.573848532337736,5.47924879014761,0.07040343927108425,1.6418928580685312,139.72903322677186,0.020188181832420604,0.2640081112115053,0.14095009533575145,0.2599957540674524,0.2145681986800729,0.10028965887279728
PF6,0.2594835258040457,312.6401629469887,0.8739978385338109,22.080994107024082,3.152493155052249,3.566970101719671,0.09917235266504712,1.1200731776318682,54.09201115982607,0.0185717180811412,0.2612208067271941,0.06364192246292308,0.20701762069947674,0.14057652219185246,0.30897140983741245
FSI,1.8516295061139352,286.5909196476851,0.8628792650573331,23.830810363753947,7.0679628186918455,6.9943317684851625,0.040547881617284454,2.223019381787877,117.3396816242269,0.033941723965081064,0.2882014987451704,0.447779096337637,0.05261087164314295,0.16726662329689615,0.010200186012072517
BF4,2.3031801579550577,299.30878653806565,0.7768858252187348,8.850382046116643,7.744700755985224,7.473270044100827,0.038646914318381534,2.4464891793333283,46.02291125193829,0.031960572321650886,0.04076599381339264,0.409058243627508,0.10267126613713864,0.2734008735269614,0.14214305057334842
PF6,1.608042611613626,280.1026084303297,0.7906332970542265,35.123004546252176,6.672732983333061,6.1784300795594245,0.0419771942216122,1.8883171128085472,104.12200226899081,0.09439488454936444,0.38342871148220686,0.3395038192118886,0.1353559076854136,0.013786492076838922,0.03353018499428753
BF4,1.9788171531461076,275.06280592437275,0.8567553704752445,27.491457479774642,7.687781979523754,7.238405557866155,0.03577921520888558,2.334227757484341,78.12719260169511,0.16015855369742382,0.1630454442871571,0.014115411344121542,0.043837105352828185,0.48870383546421403,0.1301396498542553
TFSI,1.7159108478332648,299.4517637044088,0.8231365835013025,34.54935864543698,6.4615642595618645,6.531072482195742,0.04634354030624676,2.0263061327075493,145.9718214524544,0.1467851196184099,0.29290564200194846,0.14371836352540968,0.19010078181542353,0.07553521732919939,0.1509548757096092
BF4,1.3477647260994932,282.2639964222301,0.9905949709089797,35.15624695632578,6.015518877573921,6.337722399106692,0.046922634965791694,1.9494445382563514,132.70174487914497,0.13475040161672902,0.32289748011704983,0.017379902706787978,0.39242576786497874,0.03258564361441828,0.09996080408003608
BF4,2.3745915242058344,294.70615322216514,0.7837190170948078,33.905800377580945,8.02499610689993,7.652531338380645,0.03672352600505007,2.535792642550326,84.08726544125888,0.004228335876761745,0.47182155606800646,0.11023323884098485,0.04089002270042569,0.06383501710722202,0.3089918294065992
BF4,0.9539709189044872,292.016317741075,0.9218342382231097,9.215247413560434,4.92565369110698,5.198507638288294,0.059284784528862794,1.5522438475060119,59.08801696899281,0.001288523954205018,0.08805073508344967,0.49781728985503204,0.21395862019602893,0.04348091714924472,0.1554039137620396
FSI,1.0295091535637888,311.94694338704744,0.9469362907757888,49.76649416836915,4.770821856585299,5.43719894798854,0.06538641616988031,1.6281424920797674,208.80153147705877,0.5287728882576161,0.0036973597632515708,0.17647572048651072,0.1490905008412929,0.014143237295598274,0.12782029335573036
FSI,1.2829446352781002,293.77507840728885,0.9060194916323354,27.565396775969695,5.6261669003559165,5.905932115617741,0.052215848482686206,1.7881586855548193,127.07119933075373,0.24478566476005326,0.015060883625478808,0.01407804708589706,0.02736563530989427,0.13620724401206047,0.5625025252066161
PF6,2.270025526608154,295.341175940215,0.857470772555389,16.856026922202727,7.776443271055864,7.866201355052868,0.037978953313976195,2.646505977642191,93.71410634426526,0.10227910423442958,0.05855300946286325,0.1259063183021665,0.3543033670485848,0.04094685838372287,0.318011342568233
PF6,2.1616490347516795,324.72478205964666,0.9681212257886433,11.773154657031261,6.875136381548822,8.231845783121583,0.04723175862098216,2.847294247895753,92.00201979771833,0.04610049181505271,0.07362534759175571,0.30869537036285355,0.054342209400677265,0.4488075729663076,0.06842900786335313
TFSI,0.9210720946847502,325.77419472137126,0.9874362856823781,47.55154323345116,4.362131436704542,5.273750020052994,0.074682342668584,1.5757793952593653,230.62624092157424,0.35870039685017113,0.21037955421426485,0.22733139044842807,0.04397964203942101,0.08392761883603374,0.0756813976116811
FSI,0.3829206157058501,296.09871857854796,0.9665479020975272,28.18579877496762,3.598086799326457,3.925277794450957,0.08229337842377124,1.2032852914659626,96.34688970735824,0.23282403963841206,0.07170424467360358,0.41644193587472894,0.0008032782594586082,0.1554788976962719,0.12274760385752502
PF6,2.0125321634750595,293.99913792860076,0.8112176611383052,21.607625815941955,7.241086289676267,7.081504086549628,0.040601523882923485,2.2621163594041005,81.1915662018576,0.06938197923776684,0.19638535925225054,0.04004125797530494,0.19101736620163356,0.390415820041382,0.11275821729166212
PF6,0.7216939082483171,304.9321450461284,0.8135069315382972,25.426799629561973,4.218902014568565,4.467757492022425,0.07227760777404817,1.341182246377553,95.53883866116061,0.0013903352954332759,0.34368613110485985,0.18307990209339298,0.16214708239900108,0.06896026724835227,0.2407362818589606
FSI,0.8496559981092195,280.73158081452414,0.9195478044759035,44.241282231429,4.890362442405662,4.953248269052788,0.05740506641802749,1.477940631830941,156.30244375617178,0.4298041618206768,0.03882481208515109,0.08007038957571484,0.09792415978974371,0.00977259057042082,0.3436038861582927
PF6,0.30850147998476357,294.5710419176056,0.9032128198901068,23.47793464330579,3.4521984684000797,3.696606229193274,0.08532853618179273,1.1494933106393441,60.95392683761089,0.14640950258975272,0.09989996891632136,0.027134351088144156,0.010372995144078478,0.33214989098040354,0.3840332912812997
PF6,2.123088457072607,284.413213883776,0.9075636660397839,27.753730184365345,7.748416822516128,7.817094858568908,0.03670597754334789,2.6206410717420003,100.42360401427008,0.17309953677949672,0.1563796078616619,0.37389067565396444,0.23393328037636393,0.06018004092128587,0.0025168584072270414
FSI,0.9981443648905477,314.43242542116565,0.9215164074115674,12.588162368894732,4.669545159852456,5.299516023030096,0.06733684216710752,1.5839206613496404,110.24161094237134,0.09029100871844441,0.02223915650411126,0.23844779769271965,0.012372850529846068,0.5272521991807546,0.10939698737412414
FSI,1.3793563506798687,316.4928772078693,0.8156419281169754,23.923641711422114,5.427530064428505,5.8126521835723075,0.05831250558741854,1.755108075870701,119.0470396806219,0.062060618112558516,0.22333796085206908,0.04048044706887626,0.0466447054393378,0.21772408295746087,0.4097521855696976
FSI,2.4279598625678602,305.69808704284867,0.8043290779960981,36.84458177689772,7.850483104277717,7.88219679417685,0.03894003502488582,2.6549859395328284,138.96317611430186,0.1882005841335142,0.27755553197085964,0.10879320349149967,0.3385003464964276,0.023296233482643938,0.06365410042505497
PF6,1.3001460874187176,302.3337005941777,0.971670526479617,14.558665123785692,5.502971060439457,6.158284083156399,0.05494008550538041,1.8807240141823025,99.57245602241566,0.08049790615292818,0.05933511663899522,0.3636672792654524,0.11032282342579047,0.16940291275169633,0.21677396176513744
PF6,1.9051167085532055,311.1637391088424,0.8912581343521382,19.985104931117675,6.619398849182408,7.24487690847054,0.047007854670560546,2.3372508346433896,115.69507391882846,0.18684130006622196,0.009766538766259276,0.21245627930409053,0.07288666752886427,0.4662318814447457,0.05181733288981836
PF6,1.6041373073815315,300.92889205113096,0.7816653384777604,35.53607582495409,6.1875507369614775,6.13474632834797,0.04863457365343693,1.8718912167746276,102.67044590146422,0.19327025615112586,0.23396489067144724,0.18428471997344842,0.042419164609534654,0.05402630680005652,0.2920346617943874
FSI,1.4904127676480985,295.8942293538353,0.9342063159241059,36.820734836310585,6.042638824018592,6.4808825521769515,0.0489677172459323,2.006067845863964,165.53322320143099,0.17052117662279015,0.2995556682400338,0.12116650436058773,0.14466920937088404,0.15823323060413985,0.10585421080156449
BF4,0.5176524507252075,298.1146687788031,0.9221667708623388,6.79690435104615,3.8683691008846104,4.193404722285601,0.07706469083072524,1.2695734075251737,44.986505088193056,0.012073586136569255,0.0036987400246512284,0.22033740153836004,0.10448179634317448,0.05734889167822273,0.6020595842790223
FSI,0.8426725434319908,316.00039642410775,0.8794367532404899,47.74005771222011,4.326090833070161,4.852693014101839,0.07304525231150708,1.448514578636469,174.2687685189207,0.44346840487058287,0.08909025438179792,0.10434258679663863,0.04650696248952715,0.15794881984776835,0.158642971613685
PF6,1.4111702567113713,287.1012800979728,0.8369702999699545,47.4194906685415,6.0529747247345504,5.952768982670985,0.047431435476638875,1.804987734614255,135.3099944078767,0.2314701510785084,0.3801696926059466,0.08044696221922018,0.11373501302407406,0.02374585849110634,0.1704323225811445
TFSI,0.611648534257929,306.4472727615039,0.9933457991796195,35.66847798514339,3.9641049251790186,4.518946255198713,0.07730554022801622,1.3549834646403394,169.5705788558035,0.015294287633405703,0.4951117853859823,0.15293811475809732,0.13199859002539385,0.04968546957311997,0.15497175262400073
BF4,1.4792291422220087,285.8735345755304,0.9175912161343105,12.661125904646996,6.235699355823732,6.393319168882014,0.045844662845803075,1.9712420647122184,65.6651570404921,0.07507331696459721,0.04002508690845326,0.5903648893400912,0.05894953742130519,0.07756231157554246,0.1580248577900106
PF6,0.9394402301325864,314.00232673254976,0.9915452995305893,5.669550327171409,4.553559752937614,5.328743860944753,0.0689575505251642,1.5932066912367362,62.945216073098315,0.009010393089640441,0.0191848288670998,0.19536372301382846,0.4704569177057384,0.13385150866977413,0.17213262865391882
FSI,2.2807526099158855,295.6103381387294,0.9867174378845583,31.301517391869304,7.792930587640983,8.626145929261805,0.03793314143045823,3.0809228719441615,147.26023681976397,0.08994275705317753,0.32080614657075346,0.15406373415409155,0.14750347361691676,0.1413081571102531,0.14637573149480768
FSI,1.66401499267037,308.97525729662124,0.8016759998990075,59.97105744080446,6.155462108447368,6.335002207739896,0.05019529839564816,1.9483842542594385,191.90534424365885,0.5598533163256569,0.12001960141389567,0.07716740388676754,0.027265380513812873,0.018934640500153175,0.19675965735971382
FSI,0.7756591642060693,319.0211723744899,0.793973141668046,13.79922253034834,4.1500818923192675,4.539631358670759,0.07687105475314014,1.3606006705110951,83.60704038897082,0.06446195659049099,0.079609405224116,0.6304813430281535,0.019166217878004595,0.138893486702808,0.067387590576427
TFSI,0.27310223892982727,302.1269666300118,0.7714497369573468,38.12466186681415,3.2889411503842783,3.5267116259621942,0.09186146933480747,1.1110908996667312,60.927046353857186,0.16103806511997132,0.3361317396914368,0.12478355427197281,0.1205873948546589,0.18344238476196856,0.0740168612999915
PF6,1.3357668936236455,325.28699902041166,0.8387143353369247,14.773528615149,5.202509370431163,5.800817105876561,0.06252501934339681,1.7509586206321104,98.36569170553057,0.022354276769301518,0.13172545597944946,0.04559943770202798,0.3513629205238314,0.05088521645743893,0.3980726925679507
TFSI,1.405051001377583,307.07316715212727,0.8187593899224175,23.858414141740468,5.642268325636462,5.875996751744479,0.054423708591967504,1.7774848338190412,121.03609087754315,0.03242941017776881,0.2829980662454428,0.05141161193222544,0.31791324321328884,0.18928746780777864,0.1259602006234955
FSI,0.536031631005722,274.1706838996433,0.8408410209641899,21.99620208549349,4.26764235302686,4.126793459709878,0.06424406293212118,1.2527719948304121,71.29154689945922,0.19702287017172723,0.029785991563834546,0.41416041493304806,0.06431217441001937,0.27939477315324546,0.015323775768125396
TFSI,1.702415901443058,304.73211290307717,0.8114406165810177,45.19320712069624,6.3214680656505715,6.45352352186071,0.048205908775988696,1.9951210084602673,169.00995966345943,0.18437012886838874,0.4085497961138043,0.11852428057057467,0.08057223018530511,0.011502822683987012,0.19648074157794024
BF4,1.4766908735048463,281.25804023616456,0.9205954079026184,46.64161694581581,6.3381147273056895,6.398587092600669,0.044375662533285565,1.9733200297417077,150.07051877833467,0.4350177444177519,0.09402719071173589,0.20011354308709356,0.05436252852241976,0.21450554871646185,0.001973444544536932
PF6,2.164489242895785,291.5876937065567,0.8820120071875523,24.720735008413687,7.642573348937556,7.772763754155942,0.03815307755562362,2.597508589530954,98.24755797493053,0.017312367422644304,0.32053651391390825,0.017889034421116765,0.06611661556030195,0.47429904283708973,0.10384642584493883
FSI,0.617132710043294,292.71729022991525,0.9317809163292873,6.927079117072772,4.162600767104733,4.437581205152292,0.07032076978007014,1.3331122431039302,59.41222995153519,0.02284738191941867,0.020399354073936782,0.6434462294987563,0.12079135351482671,0.030447482425362007,0.16206819856769972
PF6,1.3656371177908917,303.09808890820483,0.9953429775537015,24.91368057552215,5.630187522267625,6.398193287699602,0.053834457148974044,1.9731646152422702,128.52248781384796,0.21045741093586315,0.03267780757219627,0.18772222115472917,0.06874698351777152,0.11904537909449178,0.3813501977249481
TFSI,0.3633057747718819,306.93362507457925,0.9311179582682568,56.559438382253774,3.429971035968703,3.8457013280816548,0.08948577753453073,1.1842862419140623,139.05268989181144,0.39870121565817734,0.30453853029035394,0.11779218487421018,0.020099225219837456,0.1536830460524484,0.005185797904972424
FSI,1.0300468669584228,327.1082168778796,0.9153026447425296,20.34938873371691,4.563911892643488,5.357011553839502,0.07167277208071023,1.6022394562133875,139.44821218268973,0.10738326195713753,0.12556890505397045,0.171760599377771,0.2547376311469217,0.2746671591476954,0.06588244331650384
TFSI,1.6040197597954877,289.8374171820783,0.9310260208340154,22.577813382698057,6.42790030135425,6.733460335753815,0.04509052779194699,2.1100086925063875,128.07419705590294,0.06525861470934495,0.20939775556836604,0.3620045442679866,0.007442821896919905,0.13116164754423973,0.2247346160131428
FSI,0.6604744971137188,299.0880780348524,0.9624299539746646,38.83575629242242,4.167253125162374,4.58915109964649,0.07177103695211666,1.374142939336023,150.41725611970355,0.3850720119003912,0.029967854569847664,0.1844755286360042,0.17793823932828243,0.10413874127662812,0.1184076242888464
BF4,1.1105357664505424,293.5756683236116,0.9398787361197032,60.171543012245166,5.246851140221162,5.609422381468154,0.05595273440733387,1.6852003794580543,164.3782209983922,0.4527573823641891,0.28265015706296726,0.09584774368294158,0.10410751638262038,0.003212553062236249,0.061424647445045326
PF6,2.4232912340484574,325.8901058474181,0.8835931267562966,51.71387975839904,7.377982444502766,8.353008696335003,0.04417062636008769,2.91713432622132,169.2031573310984,0.5489999943207227,0.014013832708446639,0.12816242392562655,0.05135880565051038,0.22712048583755273,0.03034445755714091
TFSI,2.4030915616895228,289.5246253045124,0.78522271544222,28.57049928991292,8.236796976389803,7.717405203815331,0.03515014709412097,2.5689083464851237,105.64038620359908,0.21297844166084764,0.11152065668372822,0.26286176507019265,0.1919841246748271,0.18174020431719823,0.038914807593206036
PF6,1.8923886147245406,276.3082655052262,0.8874273330964665,52.894762207516,7.445304124721888,7.198393453867789,0.0371117500207619,2.315622826257243,137.78677272728373,0.15498193200563895,0.5791894705572892,0.017862081354022306,0.014643591674651409,0.10872030319131504,0.12460262121708317
FSI,0.8435096668576794,290.50045574235514,0.7817765826080303,41.7643081931891,4.703933107307051,4.648590261882086,0.061756927472266576,1.3905760035874168,118.58448049808685,0.3820604755614849,0.06691190163514356,0.20201029598474923,0.007915123455700982,0.012754621855286523,0.3283475815076349
BF4,2.0365933541678185,273.0983047226102,0.8719485337293793,20.326708523042917,7.886982059946587,7.43951147242407,0.034626464552204105,2.430026820379637,71.66393596121284,0.12596572277416615,0.08952672581154283,0.13509696977303584,0.4077778921341346,0.04495992148979587,0.19667276801732483
TFSI,0.7525795856831412,287.28998146175155,0.9017945035217116,6.057039455801423,4.5518496608616,4.696680334579259,0.06311499782867866,1.4040151089636705,55.592521452121254,0.02441271512800383,0.0025497291862535097,0.375489285028568,0.048720039501512644,0.3477337592582746,0.20109447189738744
PF6,0.6149964319320922,308.4659232993567,0.9148781001728332,25.281484974376422,3.9458734716212396,4.406616918147759,0.0781743067834908,1.3248819798100102,104.99942426198396,0.12187387879723705,0.1883106554882255,0.5562257859429673,0.07047722809291128,0.05951714052353275,0.003595311155126192
BF4,2.127458083269463,280.5950224684226,0.9891698603308708,12.551429380075946,7.8706162015653645,8.261043537718592,0.03565095988451525,2.863969809146524,69.21361882805682,0.03873110000771907,0.09052537797966774,0.32978169723525097,0.2558171183832103,0.14280852777055644,0.14233617862359557
BF4,0.3759280010771776,286.94718295452225,0.9706309390316323,14.633837652508015,3.700336454431139,3.9122183717345633,0.07754624112920977,1.200146550011532,54.27404842580628,0.12363984297450421,0.0032823914695046985,0.07428642197356411,0.3451309173040989,0.27993426085275486,0.17372616542557331
PF6,0.3956368032427827,294.313843323531,0.9360943253015729,30.50197209202653,3.648455463518369,3.9258834159900595,0.080668065231009,1.2034310473911165,82.20782100165677,0.16720771579407326,0.20345325224277364,0.2757596659342032,0.05015548600796068,0.21217752663590117,0.09124635338508806
TFSI,2.0734117672384618,283.31910203307564,0.8791929148577763,41.15701628194793,7.665464108035653,7.557322338346991,0.03696046293349338,2.4879634087367317,143.7380452407593,0.274141372721564,0.217740489865613,0.07032482324925614,0.014847827434873772,0.22035558199014654,0.2025899047385465
TFSI,0.744637428438981,279.8875736811904,0.7587888278817859,36.059674954494966,4.660756105452383,4.412556403805304,0.060051967395110865,1.3264567384538741,94.52558111663255,0.20220908958687864,0.21513745790100008,0.03487520845451496,0.015241053295661151,0.02447600696037476,0.5080611838015704
PF6,0.3117264970086725,307.6298812673872,0.9221060663797538,46.26267801628041,3.3129738849961963,3.7186122348575177,0.09285611415791174,1.1545636114225584,102.23032665640615,0.015870114402423717,0.6646127360978729,0.0027568436173417733,0.1323972521818699,0.02234918189559853,0.1620138718048932
BF4,1.0775851799867089,308.88741815590294,0.7638702200289744,35.1050244960849,4.918066283016026,5.057838071341023,0.06280668058960692,1.5091817465781394,95.34590743521746,0.24777104298333624,0.15632279152515255,0.08980065619198917,0.021221956160884823,0.268086418456155,0.21679713468248232
PF6,2.2977053359742987,303.42559220174724,0.8621865584687911,12.159739560954067,7.628320717406889,7.952626639997645,0.03977619759868871,2.6926486245852455,71.71240576339375,0.07487155022074017,0.009446963809351169,0.0012289859467963392,0.06049044865009791,0.34691765459017243,0.5070443967828419
BF4,1.8327715616883233,313.51387522867986,0.9623881955645457,57.41037454956981,6.421045445625523,7.4095942903381,0.048825986030400705,2.4155303220953837,184.41879745661092,0.2388921509221412,0.5406389845871469,0.07134672349321407,0.06406771114094889,0.0568382341947926,0.028216195661756566
PF6,0.6245448003966849,309.44830537721725,0.8025172867648511,21.621601958567407,3.953849111986558,4.253019996693608,0.0782650770458307,1.2848012014534804,78.53515343426835,0.12416280020605162,0.12385806388485997,0.22736443840535558,0.30627276135139647,0.17654494365004894,0.041796992502287494
FSI,0.5640875097668205,279.02876082433863,0.7737633445376773,28.47345344529971,4.252882654512717,4.0911755954227615,0.06560932513109956,1.2438794930480142,76.30278988786662,0.2425774458804977,0.05882807910165007,0.004662423499585763,0.07673427953279967,0.42508088476019384,0.19211688722527295
FSI,2.3294744547861823,276.3075705781486,0.8558825487234796,10.503400618686051,8.480920714789741,7.984391333871589,0.03257990256839688,2.7098093091114976,62.59067234049404,0.06414946680328981,0.030144474855092453,0.3292561500767891,0.1200585312258272,0.42350095858629544,0.032890418452705926
BF4,0.6655651012303683,293.38764220249027,0.9571007207938387,37.70736438196658,4.260587561070061,4.592532095307024,0.068860840904489,1.3750724478299934,108.49762343405155,0.028336289118026638,0.5194968463885749,0.013859350127726846,0.10724042184123642,0.30844978090818304,0.022617311616252227
FSI,0.7183833029855684,322.36187308961263,0.9370794827258916,28.120507004778062,3.9936282120817013,4.682955634901584,0.08071904943840019,1.40016645639758,150.25379867499274,0.11161407986790593,0.24894725235973458,0.1625446126975498,0.043900799031295464,0.4189134694127398,0.014079786630774341
FSI,2.097852963383231,310.3641247620827,0.9491734033777202,42.75186318070058,7.041225599642765,7.978065592601244,0.044078139575279195,2.706383166341477,198.3173773042731,0.4086600391771822,0.057314167142540916,0.23171848271078307,0.003997257988394381,0.1381683666073696,0.1601416863737298
PF6,1.829647679139822,304.20340722900016,0.946923361916549,28.534914130356725,6.605178068550374,7.331340328634728,0.04605529238907607,2.378019660097239,139.2802739193074,0.24035389681376695,0.05550928389009772,0.02266672902908089,0.25031948899832496,0.14279159521720955,0.28835900605152
FSI,1.4978065370825775,296.53369348721344,0.7769898212487256,21.669998304164125,6.04570944586226,5.909451083782411,0.04904861805592789,1.7894176232165786,96.3798034789615,0.031103059586883655,0.25000073658056743,0.5071295598226095,0.03991357296677823,0.058590101425275085,0.11326296961788591
FSI,1.7283783823435794,274.91321509164635,0.9485498051632497,30.958021976461612,7.095699557350119,7.098632444550938,0.03874363801196684,2.269878915565816,132.51659432934738,0.0204452705585478,0.39142233072980126,0.0443055506795314,0.010566235672958618,0.07468082711095463,0.4585797852482061
FSI,0.8273792381222411,316.7449792940759,0.926529667595133,51.66553521471673,4.284902329364848,4.916478526181286,0.07392116667943446,1.4671117985724413,204.11403044606567,0.3284511016047881,0.32012787883660593,0.07598834784153644,0.1438292013828934,0.07053947458475857,0.061063995749417524
PF6,0.7544641544807196,309.00935306425043,0.8872169840149531,28.51595921182189,4.23370552066545,4.6734335292144396,0.07298791839817916,1.397502487266803,115.12625169328003,0.11963983750151858,0.20846129184838721,0.10436624421522477,0.038252554890878795,0.009155237703407537,0.5201248338405832
TFSI,1.2266072890382695,292.12561909315303,0.8649138108735087,28.920223090592184,5.532841433819283,5.652273962018283,0.052798480236130804,1.6997051458537682,128.30852346720482,0.22881393762676366,0.09183094273226869,0.2574177125952282,0.11985377482821953,0.2156498153751139,0.08643381684240599
FSI,0.6132024216743349,303.3920582225372,0.9306929919908697,42.36476746093552,4.006719164626083,4.4267579913103345,0.07572081939285367,1.3302296523426382,169.03055204176013,0.03379269888434332,0.5662206610861034,0.010241264468000475,0.0019787529108238463,0.07034048738041458,0.3174261352703144
FSI,0.4894852550511523,289.019702620072,0.7529839538438323,16.12762978543031,3.929205357075684,3.9214363567416832,0.07355678218742306,1.2023611774053484,56.33158164688005,0.08989474129463745,0.08187022451930895,0.05781773245259776,0.2521504660108562,0.4422471221443678,0.07601971357823181
FSI,0.9701858049686845,289.62906370932086,0.8366739404440799,14.142289460635656,5.004087044858096,5.029322951015152,0.057878502334791825,1.5005993428476967,67.62491304654715,0.026234103216964923,0.13770007341134552,0.18407137033970686,0.10736323142109949,0.4465757276157785,0.09805549399510466
BF4,1.857675289334395,313.5405524040562,0.800673757770831,31.89722901420387,6.4723899611738025,6.7184796365734645,0.04844277836856325,2.10369627257686,104.5043480876115,0.20876174044635296,0.16365302886043,0.16349939240455336,0.11721729854365864,0.19735865020557303,0.1495098895394322
PF6,1.8677629275350163,302.02341862312954,0.7609820358933462,10.99007322451608,6.734695793084635,6.5533350879042835,0.044845888797717524,2.0353484191502162,60.989484849686534,0.018053331633554836,0.06988888479913372,0.14996438289055922,0.14905046968006178,0.1110131353035415,0.502029795693149
BF4,0.917190671033677,329.79679446216073,0.8036430738044893,37.435973501423256,4.305697754325365,4.842734825335766,0.07659543546243057,1.4456325332634254,120.37749750661087,0.04877055051267286,0.47874578983571286,0.03165716638126186,0.29201703015868535,0.025977979105109513,0.12283148400655755
FSI,1.869797601440515,279.29999279684387,0.9998665276016723,19.924157066162284,7.306310748811303,7.673870087675659,0.03822722607880926,2.5466378971990262,121.19378266494441,0.15536225352164412,0.04114015618505394,0.1084894305118402,0.2949499837559541,0.18711204840937165,0.2129461276161361
BF4,1.7150242801823812,291.93194950792486,0.8678205875733873,45.622137744455785,6.628499247106737,6.72083344632625,0.044041937492163064,2.1046868458813344,126.926211346338,0.3998153732922405,0.12078942779462881,0.2791314260624467,0.0025835200152092373,0.10931848116934559,0.08836177166612924
FSI,1.149083724354656,320.8498441050992,0.7932538523715655,39.289465590207676,4.888864894940314,5.2787877276044926,0.0656286992993322,1.5773678584981135,155.65039827291824,0.1626107632540186,0.3417692932016619,0.25623900526086824,0.0006019846758448422,0.011417862851573885,0.22736109075603253
FSI,1.5162263994452314,325.6850095418248,0.849096286872685,37.1355678519078,5.5593208716077065,6.218555514568216,0.058583596281543575,1.9035319906292079,172.78178747838442,0.1858442984017687,0.28889349855013,0.26476372349611793,0.14167730272568904,0.1007572640510409,0.01806391277525332
BF4,0.5891537115246461,315.49751257205355,0.8892567353468578,17.489902387629215,3.8077600552862654,4.309772265319728,0.08285645838793133,1.2994673543249813,73.46975240360798,0.1364672687332809,0.017577201799005796,0.3320922598238158,0.10790619435641334,0.0403536863436406,0.3656033889438436
PF6,2.061255412218783,312.72732015586377,0.9573684162980722,17.261112036569177,6.913569156284823,7.933452073954316,0.045233845657214125,2.6823423253209655,106.14127141761804,0.07885386060247589,0.09549129325663717,0.12481831213483982,0.11543098614791285,0.22234939062770276,0.36305615723043144
TFSI,1.7189572115656744,275.06367436699634,0.9926082292725807,24.428978330873065,7.069033664732601,7.265627684918843,0.038911071500378994,2.3469709445894797,132.20738405240218,0.19060813806637675,0.055334713264090424,0.10108962609081239,0.10913047688474779,0.19745397617954652,0.34638306951442605
BF4,0.9518273159089083,326.9944511635291,0.9651564040389111,46.092123617600976,4.408748327350567,5.296655573721626,0.07416945284332802,1.583014775546304,172.08391024056849,0.30362336339904983,0.2671639256752542,0.08517004679107877,0.1223054203226459,0.1860383668164551,0.03569887699551621
PF6,2.368531260614188,303.9302722454201,0.8626114475359759,38.22983909742261,7.767848050886131,8.107805448131536,0.0391267015336054,2.777527350440077,122.74242338066098,0.0816167524605415,0.4430974339157454,0.04512615583703183,0.27015070621482207,0.0033856513687547667,0.1566233002031046
PF6,2.3853309368644697,280.05768828258755,0.8457872180898968,11.488391362303416,8.488942788321795,8.043706043285917,0.03299087946120473,2.7421470505947245,56.9765463391718,0.07799894234780672,0.02946612280293633,0.17221567732777038,0.078973091751242,0.6404704845392837,0.0008756812309610179
PF6,1.7670844445952678,293.6445966731747,0.7615737903953438,14.791052300050882,6.704578020101922,6.3644129960476725,0.04379762541248059,1.9598787306472836,66.2609475186277,0.02786350833974856,0.14000784310311112,0.5404466919707792,0.0722828020783367,0.05341719246223541,0.16598196204578888
BF4,1.1592033449456665,311.53005668503863,0.8690251146917626,35.051119191155024,5.048754212589774,5.518442049481207,0.0617043420153421,1.6548136592573222,127.43823919376177,0.27946414448887835,0.12256696311482501,0.28919868123442705,0.2649448360282674,0.010336288194924744,0.03348908693867746
FSI,0.9311300177264799,315.43554277803554,0.7866163678197678,11.593998290003142,4.516627038098138,4.831105281279899,0.06983874030716054,1.4422740311155415,81.21820161808971,0.012919384232617407,0.08654553681410587,0.08784146810200269,0.24201338661502322,0.06651553693213454,0.5041646873041165
BF4,0.537382101417418,301.71214106212096,0.8294772896891308,35.92488149504665,3.8648919844647582,4.114365622527924,0.07806483137818004,1.2496620121917608,83.16112327721534,0.3632435868728101,0.006850699342442748,0.07488730018819728,0.2753721946175553,0.06285637314342316,0.21678984583557132
BF4,1.7201513401144388,322.7631538225576,0.9024028433087476,11.7853069775658,6.0191345199022175,6.880673650601556,0.05362285105198164,2.1730565614185093,87.51242723460224,0.0952376916106757,0.005736891101346169,0.19423795626017756,0.08340556700088923,0.5604234990362447,0.0609583949906667
BF4,2.3817375233771276,279.77254482584823,0.8262036026931636,8.564091435623588,8.489815615496713,7.91950030620919,0.032953901179569915,2.674868074644344,39.22486333514515,0.039159850297108834,0.02375555271868674,0.2537199937519593,0.09041805015050944,0.4104625753924428,0.18248397768929286
PF6,1.6981917802929505,316.85508278131084,0.8553121521971319,34.20828327242077,6.0790810955443435,6.631210166114606,0.05212220034596173,2.067297157823722,147.3317339335408,3.0786473794527706e-05,0.4872708756907735,0.002318378185801258,0.11993856119725455,0.14660075389256613,0.24384064455981003
TFSI,1.159935934034545,273.15780311854303,0.8912538589803342,59.86319632699226,5.781845236257615,5.584493443445616,0.047244053058630206,1.6768192389498493,163.6843643223865,0.2512098779563804,0.5644685199255013,0.07614226220488671,0.05169293115456623,0.05144413804097913,0.005042270717686206
TFSI,1.850713613045607,310.79169782555243,0.92684566595289,41.621554813051326,6.512774014966514,7.288314727928337,0.047720325795328616,2.3576443071333815,201.01995985390948,0.09868292057688158,0.4701745298083384,6.592531174963055e-06,0.027405705979273675,0.18416981361194254,0.21956043749238893
BF4,0.9698279832193288,288.6816733681172,0.9453620770296324,33.83360264551682,5.02031711497455,5.292096491444211,0.05750267697373945,1.5815720144912837,123.26636524580564,0.32800786666663806,0.027616032689617383,0.05398789064219955,0.03447123229499624,0.3977561562737451,0.1581608214328037
TFSI,0.9213372574113243,317.7766632992008,0.7618419406341183,44.63179549288179,4.464954076499466,4.754783410411899,0.07117131729792356,1.4204257946919425,148.07904770987764,0.37667456637521807,0.12769054889279452,0.06457790217584383,0.001824706145299172,0.19510940319113346,0.23412287321971098
FSI,0.9050744012003393,323.62803771198855,0.8526882174918353,37.877007398045706,4.3565124331062846,4.929365694642518,0.07428603560330826,1.4708980592742622,165.10084098696626,0.2610490622427547,0.1856457654218899,0.11777262779451578,0.22253784983664054,0.05429004340653806,0.15870465129766106
PF6,1.1760097401959526,299.96841261906656,0.8228681070166846,23.004144651182603,5.276218122905001,5.419252271870567,0.056852921094533666,1.6223090182932611,98.9685239460538,0.1158471317590646,0.15243430899889787,0.5647326684122068,0.022131666986847348,0.030425161347322496,0.11442906249566089
TFSI,1.9116019000428415,299.74052386226043,0.7615798877918419,46.946730843669386,6.881254307232987,6.639593901343248,0.043558995276079066,2.070766399933666,162.37975832437016,0.16929121846957848,0.4685423063281519,0.26548417331790514,0.02414789221859796,0.030880153664907033,0.04165425600085939
PF6,2.2477698899718255,323.8278726483265,0.8747548713747606,41.086796820482526,7.06674608978487,7.91561915245591,0.04582418393614374,2.672792565432108,154.02080124321947,0.1612456613391438,0.3818542606872435,0.15517851565133142,0.1576842030207788,0.050340179022361715,0.09369718027914076
PF6,2.4709544443053915,286.9649201635006,0.8932444234498127,31.54126325304177,8.467714215106547,8.517915694935805,0.03388930151321714,3.0149496764761374,99.87814206991736,0.2853294759308403,0.05063618813750604,0.23871289020971798,0.24079260954751244,0.04474225668165614,0.1397865794927671
BF4,0.5038469314378109,274.51448392176076,0.8721327907658656,32.58640299009428,4.184999489964582,4.098553576084189,0.06559486675686164,1.245716311684935,65.91977254010357,0.07289693319654665,0.3735729311405001,0.2804967178274593,0.20204136437518122,0.04893603482945474,0.02205601863085802
TFSI,2.056767977045483,302.98137971143626,0.8059904628825161,40.758800608750924,7.120568568456244,7.144338434652062,0.042550166717532686,2.2907234550968005,136.0401422436319,0.13485617333918323,0.4178735078900779,0.14204421952148205,0.03620373192160966,0.22994043266340056,0.03908193466424657
FSI,1.0920620692769543,321.1756947669865,0.8889032550328954,18.20984596429755,4.768140547413585,5.42684382019561,0.06735868869075262,1.6247740566275832,126.87658310616199,0.15264219028427575,0.0010092395732761588,0.1321473160275252,0.16730939473235115,0.09762346667826456,0.44926839270430724
BF4,2.4441090862933876,274.0360595406308,0.9880593037808115,51.65223126914908,8.83165387118206,9.0373118054185,0.031028849583294736,3.344985507830629,124.4536578162229,0.3147464030245972,0.33759575979829815,0.1050519941701952,0.0745901113365189,0.08347931238659205,0.08453641928379875
PF6,1.3321551882107947,304.9299464297461,0.9356302733568721,30.238874418769395,5.5251664353100995,6.116011807248603,0.05518927800636144,1.86489054329223,147.23596044168502,0.22072171829936793,0.12824401695898494,0.06256014528164405,0.13295066017059562,0.41550969403368004,0.04001376525572734
TFSI,0.6445397769007545,311.73952797228617,0.7692795208730405,37.053101349490944,3.9676511310801774,4.239578126894572,0.07857029705316261,1.2813518140590834,108.12987048544002,0.16015920038153328,0.3212933815287212,0.09882939381585873,0.10764156708169238,0.2526499678841803,0.05942648930801418
TFSI,0.45615700189104147,286.93660600066727,0.9314800060991173,42.65586414570012,3.8830737021141677,4.062252817259056,0.07389419516926567,1.2367049736289992,127.34729135845703,0.39557180976533196,0.0843716328261133,0.1533912151425014,0.32054243844309077,0.041736530718005434,0.004386373104956951
TFSI,2.07912675735543,316.5153125042409,0.8270559363920783,39.42528818221036,6.871537810688746,7.298885317956052,0.04606178721914302,2.3626339178682856,163.52865936513467,0.11378069924753446,0.4271700496161424,0.00892905022461535,0.2467021016022034,0.1846663058240644,0.018751793485439885
TFSI,1.505970234786953,309.8608565981188,0.8601445750445322,24.117458462701045,5.80548118291925,6.238380319076345,0.05337384565292953,1.9110944029743475,146.22195549368112,0.20117186362473582,0.04109018764276379,0.03060404472006967,0.15974161879611146,0.29889384191155943,0.26849844330475975
BF4,0.6828286729838412,284.4553036383313,0.9455082331607005,29.421107644108364,4.439262456154993,4.614050330361044,0.06407715390738768,1.3810030266651359,90.9723892371189,0.11503903307071449,0.2612756094835165,0.49728566264660046,0.039870145202986915,0.0340454839376778,0.05248406565850365
BF4,0.9122462339533994,328.04317614310145,0.8678711808167526,52.791832304778836,4.316814810255675,4.9792805406419305,0.0759919502137902,1.4856555284159418,144.7641755316326,0.4784341182775596,0.11104712612168738,0.014958505735025428,0.032079169911912654,0.055335986527157786,0.3081450934266572
FSI,1.3170927666146566,279.3526842842021,0.9461852119773622,32.13059834259188,6.010703355328271,6.115534246432848,0.04647587275066005,1.8647124320684296,149.0693669059094,0.31474356676996723,0.014448806774945307,0.1650793576081625,0.10159981399469882,0.19210397655027933,0.2120244783019467
PF6,2.4913997126771585,286.15801193856254,0.9782149003723142,18.68465791765632,8.539377215513547,9.092810804310247,0.033510407693279703,3.3823210021572834,90.61538144625949,0.1749570353705519,0.0024968924172311916,0.15436745641306152,0.47908817377398233,0.11036166953539907,0.07872877248977406
FSI,2.150038969913159,277.77691098101036,0.7617430917585953,20.208631285780204,8.009647175420737,7.094443330857788,0.03468029301383292,2.2679779558412574,76.21977150653257,0.17255895558904097,0.0354046400587988,0.29480194687478234,0.33661019698098554,0.1531153245901662,0.007508935906226266
BF4,1.4123126291789236,282.9460406953725,0.8490138006695833,25.249223909413985,6.149215026365307,5.997682282582124,0.0460133593446019,1.8212743648257106,86.24549751166549,0.19519508831002527,0.07107432719257456,0.3563763909028504,0.13393946212640523,0.036749757196373974,0.20666497427177058
FSI,0.6591145868348904,299.67298963108334,0.8137994935787514,30.301944179826428,4.156142000310439,4.340967792441504,0.07210364554644658,1.3076002126424293,97.35048876765617,0.302501437528158,0.0025411585856183355,0.13445988796805652,0.06554271597516154,0.28455519936188073,0.21039960058112475
FSI,1.1976973971652876,284.22780005042324,0.9740362252860301,25.634121935598515,5.626545120009895,5.91650162942445,0.05051551067094676,1.7919426772240594,145.89965555068974,0.15025690716570592,0.1449601164495928,0.44144466755771683,0.10581085509835929,0.01985716212565413,0.13767029160297078
BF4,2.485024872620199,309.2730819321436,0.8133056561333084,62.73288995843667,7.882360784158962,8.052711961334905,0.03923609821992469,2.7470906117120224,127.9601980525851,0.5334527831607679,0.21460070659211106,0.08429378192060248,0.09687591158189535,0.06363832172464594,0.0071384950199772455
PF6,1.973787302425636,293.85796236324666,0.7630591246245332,31.485037616046537,7.158601784017139,6.765291027959812,0.041049631091275005,2.1234841477510824,92.35697621348199,0.06341395464874122,0.3583573264301582,0.10750162888908277,0.0976371745536924,0.18570643683471072,0.18738347864361468
FSI,1.4635657986366841,317.61458985569595,0.7906971153698472,59.48054120884663,5.582635653654999,5.893093137839982,0.05689330444621636,1.783572949765119,186.00713840356772,0.5672144903139612,0.10960439553306252,0.19167234240979153,0.04801041137581505,0.0030193375138228944,0.08047902285354669
TFSI,2.2848773684262143,315.71753224257253,0.754789309469563,33.144833217067976,7.31371629670346,7.311502527842636,0.043167866982327045,2.368603416147244,136.41783857961002,0.29805587287255986,0.035601653448621616,0.017877302501218134,0.1312868696881854,0.03760888702609421,0.47956941446332085
BF4,0.35034863615112755,292.64502332803374,0.9292702657634966,34.068423084487755,3.5687332832297742,3.813921425565092,0.0820024922297315,1.1767828127354814,75.61403804380026,0.09947588188537738,0.355642839312159,0.1516238010006489,0.011221400123264063,0.2819059552599664,0.10013012241858431
FSI,1.2889052239879057,282.13564137634535,0.9432328909709896,16.68636182772494,5.882064208029224,6.039344501524308,0.04796541339878955,1.8365134322602155,107.89078026495922,0.037658164775002834,0.14292869942847095,0.18732626014743564,0.15841040478609478,0.10020887497501978,0.37346759588797596
FSI,2.334764440868856,274.78643936321174,0.9423008203832691,31.969826826609015,8.544656747073924,8.500126120081019,0.03215886225708376,3.00424180203461,117.17025169917987,0.1937250444628822,0.188674635467377,0.27568085394934005,0.14820431629379724,0.08992797043428376,0.10378717939231974
FSI,1.6466442396999208,297.5459475924017,0.7936039380635659,21.440490608999983,6.351284010058154,6.266958383038858,0.046848156549320695,1.9220487541850357,106.9283631302334,0.19935580843258793,0.018035307284467637,0.4328938608405278,0.12070605459861737,0.22352078304911727,0.005488185794681909
FSI,1.7582519538180896,317.1003374740351,0.8552710399028022,47.19656917898391,6.198382676578808,6.7594549423828285,0.051158560873020884,2.121007026659856,189.9098030181746,0.4860551086604716,0.02574070680299393,0.33527380015946734,0.030580351135846832,0.04545891724451565,0.07689111599670459
BF4,1.7729690272560543,307.6978445982407,0.9930134496610764,14.683724465488918,6.411404604392287,7.401455224744444,0.04799226746467457,2.4116014887191835,94.4799719032256,0.012499371103778608,0.16342978269340908,0.16860544247388706,0.4534576255774232,0.0874545490380659,0.11455322911343611
FSI,0.7239080192209284,299.9325433832892,0.7677079491593348,23.976680954241566,4.293476159557541,4.3893748520402385,0.06985774049673503,1.320321107679433,85.91075235078637,0.00521596282810475,0.31028372381502767,0.19639196592243197,0.11276609368089553,0.06616730775003014,0.30917494600351003
TFSI,1.0587389939561913,326.2428287196442,0.9872726228078449,20.654552322241553,4.632600515277545,5.613160058580171,0.07042325960197726,1.6864605974056393,172.01111925321462,0.1240998365206835,0.10949592897111987,0.254598920648535,0.3360895863628036,0.15201979698957963,0.023695930507278376
TFSI,1.757978659057055,327.69543736916046,0.9444084345600746,15.7026723193267,6.011107298711343,7.150624683475231,0.054514987187038164,2.2936052778274343,154.26373626523934,0.09848841253083565,0.05391427224939535,0.022416304494250694,0.2873754210053416,0.3334745288961943,0.20433106082398236
PF6,0.3465916214222233,321.7413521076646,0.9018154251748642,28.133031705015533,3.2451240029956123,3.7814041760873196,0.09914608865814106,1.169154496746844,82.16560826073975,0.253791260906186,0.042200108822463715,0.0893475934591993,0.2765854517645059,0.2234391359126156,0.11463644913502964
FSI,1.459899617205407,290.6351682376998,0.9245138070965229,43.376763514403436,6.08599354556639,6.374243382703318,0.04775476116786647,1.9637357941915272,169.07974928792132,0.29536113884395915,0.22006204512548935,0.09105936846918865,0.016048217333557643,0.12474389312684787,0.2527253371009574
BF4,0.810287950595368,286.1902705318075,0.9312086450816177,31.832717011253024,4.701849155394753,4.886367861499684,0.06086759933662309,1.4583032061672974,102.39255434816316,0.2264600408127748,0.1412043479505599,0.16428199603307886,0.016650419927609766,0.3454248937618638,0.10597830151411299
PF6,1.2994675657175518,280.5258173189804,0.9254570234532631,16.619622942099728,5.942686328830733,6.006503463607558,0.04720522029877622,1.8244903590521007,79.52218004451517,0.07421221009389212,0.11553250938238604,0.05971537430446362,0.2819329204185726,0.44727369503175046,0.021333290768934983
FSI,0.43596521620683515,284.16815555338707,0.9489011053622509,47.856622173861936,3.876402841013624,4.034219688895396,0.07330717864170204,1.2297906329464967,120.21095462483609,0.40798973248526044,0.13333286258850596,0.1640357302127623,0.027456263822913357,0.006204717859872027,0.26098069303068605
PF6,1.3472965683437395,320.3699246927075,0.9535544150578248,27.5920770226464,5.300202667676689,6.211801477841073,0.060444844240859885,1.9009624215211405,148.35357996467013,0.1466310526291646,0.17130491586117355,0.07657673440867979,0.3116532493324148,0.004507350025378017,0.2893266977431893
FSI,1.374080230469238,276.94939293478507,0.806123012717974,18.352549758096732,6.201661802757696,5.769194237755176,0.044657287311545085,1.739919499587017,81.83713067077919,0.11799906893384807,0.05036361887778569,0.01983750099498192,0.04226422623310211,0.2881734241827161,0.4813621607775661
TFSI,0.5271732849872832,311.17001064479734,0.7953221556221182,9.05396695797298,3.7284168214787567,4.048181483506198,0.08345901908075336,1.2332294487623596,55.435830926523394,0.011122431336414417,0.07805015503487614,0.2345798299420282,0.4141851373947381,0.1939673761098995,0.06809507018204371
PF6,1.3442727724207446,283.0304047937016,0.9036699719343755,39.27751194822233,5.990168108115559,6.036947346313998,0.04724915890261047,1.835633161742993,133.340585558727,0.3817082670419355,0.042782264674562705,0.3037330182076572,0.1261191011495191,0.04440194539534363,0.10125540353098186
