source_row_number,original_row_index,doi,anion_name,composition_summary,criterion_name,features_used,salt_conc_x_weighted_permittivity,salt_conc_x_weighted_viscosity,cluster_id,row_status,valid_feature_position,best_k,best_candidate_k,best_silhouette_score,one_cluster_fallback_used
0,23,10.1016/j.electacta.2008.04.023,PF6,EC:0.300+EMC:0.700,saltconc_weightedperm_weightedvisc,"salt_conc_x_weighted_permittivity, salt_conc_x_weighted_viscosity",5.80149254087,0.2069798069749999,3,clustered,0,5,5,0.7972778726861223,False
1,24,10.1016/j.electacta.2008.04.023,PF6,EC:0.300+EMC:0.700,saltconc_weightedperm_weightedvisc,"salt_conc_x_weighted_permittivity, salt_conc_x_weighted_viscosity",14.32716417015,0.511150131375,3,clustered,1,5,5,0.7972778726861223,False
2,25,10.1016/j.electacta.2008.04.023,PF6,EC:0.300+EMC:0.700,saltconc_weightedperm_weightedvisc,"salt_conc_x_weighted_permittivity, salt_conc_x_weighted_viscosity",22.95373133612,0.8189201051,5,clustered,2,5,5,0.7972778726861223,False
3,26,10.1016/j.electacta.2008.04.023,PF6,EC:0.300+EMC:0.700,saltconc_weightedperm_weightedvisc,"salt_conc_x_weighted_permittivity, salt_conc_x_weighted_viscosity",28.75522387699,1.025899912075,5,clustered,3,5,5,0.7972778726861223,False
4,27,10.1016/j.electacta.2008.04.023,PF6,EC:0.300+EMC:0.700,saltconc_weightedperm_weightedvisc,"salt_conc_x_weighted_permittivity, salt_conc_x_weighted_viscosity",34.50626866388,1.2310798949,5,clustered,4,5,5,0.7972778726861223,False
5,28,10.1016/j.electacta.2008.04.023,PF6,EC:0.300+EMC:0.700,saltconc_weightedperm_weightedvisc,"salt_conc_x_weighted_permittivity, salt_conc_x_weighted_viscosity",45.95791045495,1.6396400353749998,1,clustered,5,5,5,0.7972778726861223,False
6,29,10.1016/j.electacta.2008.04.023,PF6,EC:0.300+EMC:0.700,saltconc_weightedperm_weightedvisc,"salt_conc_x_weighted_permittivity, salt_conc_x_weighted_viscosity",57.40955224602,2.04820017585,2,clustered,6,5,5,0.7972778726861223,False
7,30,10.1016/j.electacta.2008.04.023,PF6,EC:0.300+EMC:0.700,saltconc_weightedperm_weightedvisc,"salt_conc_x_weighted_permittivity, salt_conc_x_weighted_viscosity",63.21104478689,2.255179982825,2,clustered,7,5,5,0.7972778726861223,False
8,31,10.1016/j.jpowsour.2010.12.040,FSI,EC:0.300+EMC:0.700,saltconc_weightedperm_weightedvisc,"salt_conc_x_weighted_permittivity, salt_conc_x_weighted_viscosity",28.73,1.025,5,clustered,8,5,5,0.7972778726861223,False
9,32,10.1016/j.jpowsour.2010.12.040,FSI,EC:0.300+EMC:0.700,saltconc_weightedperm_weightedvisc,"salt_conc_x_weighted_permittivity, salt_conc_x_weighted_viscosity",28.73,1.025,5,clustered,9,5,5,0.7972778726861223,False
10,33,10.1016/j.jpowsour.2010.12.040,FSI,EC:0.300+EMC:0.700,saltconc_weightedperm_weightedvisc,"salt_conc_x_weighted_permittivity, salt_conc_x_weighted_viscosity",28.73,1.025,5,clustered,10,5,5,0.7972778726861223,False
11,34,10.1016/j.jpowsour.2010.12.040,FSI,EC:0.300+EMC:0.700,saltconc_weightedperm_weightedvisc,"salt_conc_x_weighted_permittivity, salt_conc_x_weighted_viscosity",28.73,1.025,5,clustered,11,5,5,0.7972778726861223,False
12,35,10.1016/j.jpowsour.2010.12.040,FSI,EC:0.300+EMC:0.700,saltconc_weightedperm_weightedvisc,"salt_conc_x_weighted_permittivity, salt_conc_x_weighted_viscosity",28.73,1.025,5,clustered,12,5,5,0.7972778726861223,False
13,36,10.1016/j.jpowsour.2010.12.040,FSI,EC:0.300+EMC:0.700,saltconc_weightedperm_weightedvisc,"salt_conc_x_weighted_permittivity, salt_conc_x_weighted_viscosity",28.73,1.025,5,clustered,13,5,5,0.7972778726861223,False
14,37,10.1016/j.jpowsour.2010.12.040,FSI,EC:0.300+EMC:0.700,saltconc_weightedperm_weightedvisc,"salt_conc_x_weighted_permittivity, salt_conc_x_weighted_viscosity",28.73,1.025,5,clustered,14,5,5,0.7972778726861223,False
15,38,10.1016/j.jpowsour.2010.12.040,FSI,EC:0.300+EMC:0.700,saltconc_weightedperm_weightedvisc,"salt_conc_x_weighted_permittivity, salt_conc_x_weighted_viscosity",28.73,1.025,5,clustered,15,5,5,0.7972778726861223,False
16,39,10.1016/j.jpowsour.2010.12.040,FSI,EC:0.300+EMC:0.700,saltconc_weightedperm_weightedvisc,"salt_conc_x_weighted_permittivity, salt_conc_x_weighted_viscosity",28.73,1.025,5,clustered,16,5,5,0.7972778726861223,False
17,40,10.1016/j.jpowsour.2010.12.040,FSI,EC:0.300+EMC:0.700,saltconc_weightedperm_weightedvisc,"salt_conc_x_weighted_permittivity, salt_conc_x_weighted_viscosity",28.73,1.025,5,clustered,17,5,5,0.7972778726861223,False
18,41,10.1016/j.jpowsour.2010.12.040,FSI,EC:0.300+EMC:0.700,saltconc_weightedperm_weightedvisc,"salt_conc_x_weighted_permittivity, salt_conc_x_weighted_viscosity",28.73,1.025,5,clustered,18,5,5,0.7972778726861223,False
19,42,10.1016/j.jpowsour.2010.12.040,FSI,EC:0.300+EMC:0.700,saltconc_weightedperm_weightedvisc,"salt_conc_x_weighted_permittivity, salt_conc_x_weighted_viscosity",28.73,1.025,5,clustered,19,5,5,0.7972778726861223,False
20,43,10.1016/j.jpowsour.2010.12.040,FSI,EC:0.300+EMC:0.700,saltconc_weightedperm_weightedvisc,"salt_conc_x_weighted_permittivity, salt_conc_x_weighted_viscosity",28.73,1.025,5,clustered,20,5,5,0.7972778726861223,False
21,44,10.1016/j.jpowsour.2010.12.040,FSI,EC:0.300+EMC:0.700,saltconc_weightedperm_weightedvisc,"salt_conc_x_weighted_permittivity, salt_conc_x_weighted_viscosity",28.73,1.025,5,clustered,21,5,5,0.7972778726861223,False
22,45,10.1016/j.jpowsour.2010.12.040,FSI,EC:0.300+EMC:0.700,saltconc_weightedperm_weightedvisc,"salt_conc_x_weighted_permittivity, salt_conc_x_weighted_viscosity",28.73,1.025,5,clustered,22,5,5,0.7972778726861223,False
23,46,10.1016/j.jpowsour.2010.12.040,FSI,EC:0.300+EMC:0.700,saltconc_weightedperm_weightedvisc,"salt_conc_x_weighted_permittivity, salt_conc_x_weighted_viscosity",28.73,1.025,5,clustered,23,5,5,0.7972778726861223,False
24,47,10.1016/j.jpowsour.2010.12.040,FSI,EC:0.300+EMC:0.700,saltconc_weightedperm_weightedvisc,"salt_conc_x_weighted_permittivity, salt_conc_x_weighted_viscosity",28.73,1.025,5,clustered,24,5,5,0.7972778726861223,False
25,48,10.1016/j.jpowsour.2010.12.040,FSI,EC:0.300+EMC:0.700,saltconc_weightedperm_weightedvisc,"salt_conc_x_weighted_permittivity, salt_conc_x_weighted_viscosity",28.73,1.025,5,clustered,25,5,5,0.7972778726861223,False
26,49,10.1016/j.jpowsour.2010.12.040,FSI,EC:0.300+EMC:0.700,saltconc_weightedperm_weightedvisc,"salt_conc_x_weighted_permittivity, salt_conc_x_weighted_viscosity",28.73,1.025,5,clustered,26,5,5,0.7972778726861223,False
27,50,10.1016/j.jpowsour.2010.12.040,PF6,EC:0.300+EMC:0.700,saltconc_weightedperm_weightedvisc,"salt_conc_x_weighted_permittivity, salt_conc_x_weighted_viscosity",28.73,1.025,5,clustered,27,5,5,0.7972778726861223,False
28,51,10.1016/j.jpowsour.2010.12.040,PF6,EC:0.300+EMC:0.700,saltconc_weightedperm_weightedvisc,"salt_conc_x_weighted_permittivity, salt_conc_x_weighted_viscosity",28.73,1.025,5,clustered,28,5,5,0.7972778726861223,False
29,52,10.1016/j.jpowsour.2010.12.040,PF6,EC:0.300+EMC:0.700,saltconc_weightedperm_weightedvisc,"salt_conc_x_weighted_permittivity, salt_conc_x_weighted_viscosity",28.73,1.025,5,clustered,29,5,5,0.7972778726861223,False
30,53,10.1016/j.jpowsour.2010.12.040,PF6,EC:0.300+EMC:0.700,saltconc_weightedperm_weightedvisc,"salt_conc_x_weighted_permittivity, salt_conc_x_weighted_viscosity",28.73,1.025,5,clustered,30,5,5,0.7972778726861223,False
31,54,10.1016/j.jpowsour.2010.12.040,PF6,EC:0.300+EMC:0.700,saltconc_weightedperm_weightedvisc,"salt_conc_x_weighted_permittivity, salt_conc_x_weighted_viscosity",28.73,1.025,5,clustered,31,5,5,0.7972778726861223,False
32,55,10.1016/j.jpowsour.2010.12.040,PF6,EC:0.300+EMC:0.700,saltconc_weightedperm_weightedvisc,"salt_conc_x_weighted_permittivity, salt_conc_x_weighted_viscosity",28.73,1.025,5,clustered,32,5,5,0.7972778726861223,False
33,56,10.1016/j.jpowsour.2010.12.040,PF6,EC:0.300+EMC:0.700,saltconc_weightedperm_weightedvisc,"salt_conc_x_weighted_permittivity, salt_conc_x_weighted_viscosity",28.73,1.025,5,clustered,33,5,5,0.7972778726861223,False
34,57,10.1016/j.jpowsour.2010.12.040,PF6,EC:0.300+EMC:0.700,saltconc_weightedperm_weightedvisc,"salt_conc_x_weighted_permittivity, salt_conc_x_weighted_viscosity",28.73,1.025,5,clustered,34,5,5,0.7972778726861223,False
35,58,10.1016/j.jpowsour.2010.12.040,PF6,EC:0.300+EMC:0.700,saltconc_weightedperm_weightedvisc,"salt_conc_x_weighted_permittivity, salt_conc_x_weighted_viscosity",28.73,1.025,5,clustered,35,5,5,0.7972778726861223,False
36,59,10.1016/j.jpowsour.2010.12.040,PF6,EC:0.300+EMC:0.700,saltconc_weightedperm_weightedvisc,"salt_conc_x_weighted_permittivity, salt_conc_x_weighted_viscosity",28.73,1.025,5,clustered,36,5,5,0.7972778726861223,False
37,60,10.1016/j.jpowsour.2010.12.040,BF4,EC:0.300+EMC:0.700,saltconc_weightedperm_weightedvisc,"salt_conc_x_weighted_permittivity, salt_conc_x_weighted_viscosity",28.73,1.025,5,clustered,37,5,5,0.7972778726861223,False
38,61,10.1016/j.jpowsour.2010.12.040,BF4,EC:0.300+EMC:0.700,saltconc_weightedperm_weightedvisc,"salt_conc_x_weighted_permittivity, salt_conc_x_weighted_viscosity",28.73,1.025,5,clustered,38,5,5,0.7972778726861223,False
39,62,10.1016/j.jpowsour.2010.12.040,BF4,EC:0.300+EMC:0.700,saltconc_weightedperm_weightedvisc,"salt_conc_x_weighted_permittivity, salt_conc_x_weighted_viscosity",28.73,1.025,5,clustered,39,5,5,0.7972778726861223,False
40,63,10.1016/j.jpowsour.2010.12.040,BF4,EC:0.300+EMC:0.700,saltconc_weightedperm_weightedvisc,"salt_conc_x_weighted_permittivity, salt_conc_x_weighted_viscosity",28.73,1.025,5,clustered,40,5,5,0.7972778726861223,False
41,64,10.1016/j.jpowsour.2010.12.040,BF4,EC:0.300+EMC:0.700,saltconc_weightedperm_weightedvisc,"salt_conc_x_weighted_permittivity, salt_conc_x_weighted_viscosity",28.73,1.025,5,clustered,41,5,5,0.7972778726861223,False
42,65,10.1016/j.jpowsour.2010.12.040,BF4,EC:0.300+EMC:0.700,saltconc_weightedperm_weightedvisc,"salt_conc_x_weighted_permittivity, salt_conc_x_weighted_viscosity",28.73,1.025,5,clustered,42,5,5,0.7972778726861223,False
43,66,10.1016/j.jpowsour.2010.12.040,BF4,EC:0.300+EMC:0.700,saltconc_weightedperm_weightedvisc,"salt_conc_x_weighted_permittivity, salt_conc_x_weighted_viscosity",28.73,1.025,5,clustered,43,5,5,0.7972778726861223,False
44,67,10.1016/j.jpowsour.2010.12.040,BF4,EC:0.300+EMC:0.700,saltconc_weightedperm_weightedvisc,"salt_conc_x_weighted_permittivity, salt_conc_x_weighted_viscosity",28.73,1.025,5,clustered,44,5,5,0.7972778726861223,False
45,68,10.1016/j.jpowsour.2010.12.040,BF4,EC:0.300+EMC:0.700,saltconc_weightedperm_weightedvisc,"salt_conc_x_weighted_permittivity, salt_conc_x_weighted_viscosity",28.73,1.025,5,clustered,45,5,5,0.7972778726861223,False
46,69,10.1016/j.jpowsour.2010.12.040,BF4,EC:0.300+EMC:0.700,saltconc_weightedperm_weightedvisc,"salt_conc_x_weighted_permittivity, salt_conc_x_weighted_viscosity",28.73,1.025,5,clustered,46,5,5,0.7972778726861223,False
47,70,10.1016/j.jpowsour.2010.12.040,BF4,EC:0.300+EMC:0.700,saltconc_weightedperm_weightedvisc,"salt_conc_x_weighted_permittivity, salt_conc_x_weighted_viscosity",28.73,1.025,5,clustered,47,5,5,0.7972778726861223,False
48,71,10.1016/j.jpowsour.2010.12.040,BF4,EC:0.300+EMC:0.700,saltconc_weightedperm_weightedvisc,"salt_conc_x_weighted_permittivity, salt_conc_x_weighted_viscosity",28.73,1.025,5,clustered,48,5,5,0.7972778726861223,False
49,72,10.1016/j.jpowsour.2010.12.040,BF4,EC:0.300+EMC:0.700,saltconc_weightedperm_weightedvisc,"salt_conc_x_weighted_permittivity, salt_conc_x_weighted_viscosity",28.73,1.025,5,clustered,49,5,5,0.7972778726861223,False
50,73,10.1016/j.jpowsour.2010.12.040,BF4,EC:0.300+EMC:0.700,saltconc_weightedperm_weightedvisc,"salt_conc_x_weighted_permittivity, salt_conc_x_weighted_viscosity",28.73,1.025,5,clustered,50,5,5,0.7972778726861223,False
51,74,10.1016/j.jpowsour.2010.12.040,BF4,EC:0.300+EMC:0.700,saltconc_weightedperm_weightedvisc,"salt_conc_x_weighted_permittivity, salt_conc_x_weighted_viscosity",28.73,1.025,5,clustered,51,5,5,0.7972778726861223,False
52,75,10.1016/j.jpowsour.2010.12.040,BF4,EC:0.300+EMC:0.700,saltconc_weightedperm_weightedvisc,"salt_conc_x_weighted_permittivity, salt_conc_x_weighted_viscosity",28.73,1.025,5,clustered,52,5,5,0.7972778726861223,False
53,76,10.1016/j.jpowsour.2010.12.040,BF4,EC:0.300+EMC:0.700,saltconc_weightedperm_weightedvisc,"salt_conc_x_weighted_permittivity, salt_conc_x_weighted_viscosity",28.73,1.025,5,clustered,53,5,5,0.7972778726861223,False
54,77,10.1016/j.jpowsour.2010.12.040,BF4,EC:0.300+EMC:0.700,saltconc_weightedperm_weightedvisc,"salt_conc_x_weighted_permittivity, salt_conc_x_weighted_viscosity",28.73,1.025,5,clustered,54,5,5,0.7972778726861223,False
55,78,10.1016/j.jpowsour.2010.12.040,BF4,EC:0.300+EMC:0.700,saltconc_weightedperm_weightedvisc,"salt_conc_x_weighted_permittivity, salt_conc_x_weighted_viscosity",28.73,1.025,5,clustered,55,5,5,0.7972778726861223,False
56,79,10.1016/j.jpowsour.2010.12.040,BF4,EC:0.300+EMC:0.700,saltconc_weightedperm_weightedvisc,"salt_conc_x_weighted_permittivity, salt_conc_x_weighted_viscosity",28.73,1.025,5,clustered,56,5,5,0.7972778726861223,False
57,106,10.1016/j.jpowsour.2011.06.030,PF6,EC:0.500+DMC:0.500,saltconc_weightedperm_weightedvisc,"salt_conc_x_weighted_permittivity, salt_conc_x_weighted_viscosity",46.05,1.245,1,clustered,57,5,5,0.7972778726861223,False
58,107,10.1016/j.jpowsour.2011.06.030,PF6,EC:0.500+DMC:0.500,saltconc_weightedperm_weightedvisc,"salt_conc_x_weighted_permittivity, salt_conc_x_weighted_viscosity",46.05,1.245,1,clustered,58,5,5,0.7972778726861223,False
59,108,10.1016/j.jpowsour.2011.06.030,PF6,EC:0.500+DMC:0.500,saltconc_weightedperm_weightedvisc,"salt_conc_x_weighted_permittivity, salt_conc_x_weighted_viscosity",46.05,1.245,1,clustered,59,5,5,0.7972778726861223,False
60,109,10.1016/j.jpowsour.2011.06.030,PF6,EC:0.500+DMC:0.500,saltconc_weightedperm_weightedvisc,"salt_conc_x_weighted_permittivity, salt_conc_x_weighted_viscosity",46.05,1.245,1,clustered,60,5,5,0.7972778726861223,False
61,110,10.1016/j.jpowsour.2011.06.030,PF6,EC:0.500+DMC:0.500,saltconc_weightedperm_weightedvisc,"salt_conc_x_weighted_permittivity, salt_conc_x_weighted_viscosity",46.05,1.245,1,clustered,61,5,5,0.7972778726861223,False
62,111,10.1016/j.jpowsour.2011.06.030,PF6,EC:0.500+DMC:0.500,saltconc_weightedperm_weightedvisc,"salt_conc_x_weighted_permittivity, salt_conc_x_weighted_viscosity",46.05,1.245,1,clustered,62,5,5,0.7972778726861223,False
63,112,10.1016/j.jpowsour.2011.06.030,PF6,EC:0.500+DMC:0.500,saltconc_weightedperm_weightedvisc,"salt_conc_x_weighted_permittivity, salt_conc_x_weighted_viscosity",46.05,1.245,1,clustered,63,5,5,0.7972778726861223,False
64,113,10.1016/j.jpowsour.2011.06.030,PF6,EC:0.500+DMC:0.500,saltconc_weightedperm_weightedvisc,"salt_conc_x_weighted_permittivity, salt_conc_x_weighted_viscosity",46.05,1.245,1,clustered,64,5,5,0.7972778726861223,False
65,114,10.1016/j.jpowsour.2011.06.030,PF6,EC:0.500+DMC:0.500,saltconc_weightedperm_weightedvisc,"salt_conc_x_weighted_permittivity, salt_conc_x_weighted_viscosity",46.05,1.245,1,clustered,65,5,5,0.7972778726861223,False
66,115,10.1016/j.jpowsour.2011.06.030,PF6,EC:0.500+DMC:0.500,saltconc_weightedperm_weightedvisc,"salt_conc_x_weighted_permittivity, salt_conc_x_weighted_viscosity",46.05,1.245,1,clustered,66,5,5,0.7972778726861223,False
67,116,10.1016/j.jpowsour.2011.06.030,PF6,EC:0.500+DMC:0.500,saltconc_weightedperm_weightedvisc,"salt_conc_x_weighted_permittivity, salt_conc_x_weighted_viscosity",46.05,1.245,1,clustered,67,5,5,0.7972778726861223,False
68,117,10.1016/j.jpowsour.2011.06.030,PF6,EC:0.500+DMC:0.500,saltconc_weightedperm_weightedvisc,"salt_conc_x_weighted_permittivity, salt_conc_x_weighted_viscosity",46.05,1.245,1,clustered,68,5,5,0.7972778726861223,False
69,118,10.1016/j.jpowsour.2011.06.030,PF6,EC:0.500+DMC:0.500,saltconc_weightedperm_weightedvisc,"salt_conc_x_weighted_permittivity, salt_conc_x_weighted_viscosity",46.05,1.245,1,clustered,69,5,5,0.7972778726861223,False
70,119,10.1016/j.jpowsour.2011.07.071,TFSI,EC:0.100+DMC:0.900,saltconc_weightedperm_weightedvisc,"salt_conc_x_weighted_permittivity, salt_conc_x_weighted_viscosity",11.69,0.7210000000000001,3,clustered,70,5,5,0.7972778726861223,False
71,120,10.1016/j.jpowsour.2011.07.071,TFSI,EC:0.200+DMC:0.800,saltconc_weightedperm_weightedvisc,"salt_conc_x_weighted_permittivity, salt_conc_x_weighted_viscosity",20.28,0.852,5,clustered,71,5,5,0.7972778726861223,False
72,121,10.1016/j.jpowsour.2011.07.071,TFSI,EC:0.250+DMC:0.750,saltconc_weightedperm_weightedvisc,"salt_conc_x_weighted_permittivity, salt_conc_x_weighted_viscosity",24.575,0.9175,5,clustered,72,5,5,0.7972778726861223,False
73,122,10.1016/j.jpowsour.2011.07.071,TFSI,EC:0.300+DMC:0.700,saltconc_weightedperm_weightedvisc,"salt_conc_x_weighted_permittivity, salt_conc_x_weighted_viscosity",28.87,0.983,5,clustered,73,5,5,0.7972778726861223,False
74,123,10.1016/j.jpowsour.2011.07.071,TFSI,EC:0.400+DMC:0.600,saltconc_weightedperm_weightedvisc,"salt_conc_x_weighted_permittivity, salt_conc_x_weighted_viscosity",37.46,1.114,5,clustered,74,5,5,0.7972778726861223,False
75,124,10.1016/j.jpowsour.2011.07.071,TFSI,EC:0.500+DMC:0.500,saltconc_weightedperm_weightedvisc,"salt_conc_x_weighted_permittivity, salt_conc_x_weighted_viscosity",46.05,1.245,1,clustered,75,5,5,0.7972778726861223,False
76,125,10.1016/j.jpowsour.2011.07.071,TFSI,EC:0.600+DMC:0.400,saltconc_weightedperm_weightedvisc,"salt_conc_x_weighted_permittivity, salt_conc_x_weighted_viscosity",54.64,1.376,1,clustered,76,5,5,0.7972778726861223,False
77,126,10.1016/j.jpowsour.2011.07.071,TFSI,EC:0.700+DMC:0.300,saltconc_weightedperm_weightedvisc,"salt_conc_x_weighted_permittivity, salt_conc_x_weighted_viscosity",63.23,1.507,1,clustered,77,5,5,0.7972778726861223,False
78,127,10.1016/j.jpowsour.2011.07.071,TFSI,EC:0.800+DMC:0.200,saltconc_weightedperm_weightedvisc,"salt_conc_x_weighted_permittivity, salt_conc_x_weighted_viscosity",71.82000000000001,1.638,2,clustered,78,5,5,0.7972778726861223,False
79,128,10.1016/j.jpowsour.2011.07.071,TFSI,EC:1.000,saltconc_weightedperm_weightedvisc,"salt_conc_x_weighted_permittivity, salt_conc_x_weighted_viscosity",89.0,1.9,2,clustered,79,5,5,0.7972778726861223,False
80,129,10.1016/j.jpowsour.2011.07.071,TFSI,DMC:1.000,saltconc_weightedperm_weightedvisc,"salt_conc_x_weighted_permittivity, salt_conc_x_weighted_viscosity",3.1,0.59,3,clustered,80,5,5,0.7972778726861223,False
81,130,10.1016/j.jpowsour.2011.07.071,PF6,EC:0.500+DMC:0.500,saltconc_weightedperm_weightedvisc,"salt_conc_x_weighted_permittivity, salt_conc_x_weighted_viscosity",46.05,1.245,1,clustered,81,5,5,0.7972778726861223,False
82,131,10.1016/j.jpowsour.2011.07.071,PF6,EC:0.500+DMC:0.500,saltconc_weightedperm_weightedvisc,"salt_conc_x_weighted_permittivity, salt_conc_x_weighted_viscosity",46.05,1.245,1,clustered,82,5,5,0.7972778726861223,False
83,132,10.1016/j.jpowsour.2011.07.071,PF6,EC:0.500+DMC:0.500,saltconc_weightedperm_weightedvisc,"salt_conc_x_weighted_permittivity, salt_conc_x_weighted_viscosity",46.05,1.245,1,clustered,83,5,5,0.7972778726861223,False
84,133,10.1016/j.jpowsour.2011.07.071,PF6,EC:0.500+DMC:0.500,saltconc_weightedperm_weightedvisc,"salt_conc_x_weighted_permittivity, salt_conc_x_weighted_viscosity",46.05,1.245,1,clustered,84,5,5,0.7972778726861223,False
85,134,10.1016/j.jpowsour.2011.07.071,PF6,EC:0.500+DMC:0.500,saltconc_weightedperm_weightedvisc,"salt_conc_x_weighted_permittivity, salt_conc_x_weighted_viscosity",46.05,1.245,1,clustered,85,5,5,0.7972778726861223,False
86,135,10.1016/j.jpowsour.2011.07.071,PF6,EC:0.500+DMC:0.500,saltconc_weightedperm_weightedvisc,"salt_conc_x_weighted_permittivity, salt_conc_x_weighted_viscosity",46.05,1.245,1,clustered,86,5,5,0.7972778726861223,False
87,136,10.1016/j.jpowsour.2011.07.071,PF6,EC:0.500+DMC:0.500,saltconc_weightedperm_weightedvisc,"salt_conc_x_weighted_permittivity, salt_conc_x_weighted_viscosity",46.05,1.245,1,clustered,87,5,5,0.7972778726861223,False
88,137,10.1016/j.jpowsour.2011.07.071,PF6,EC:0.500+DMC:0.500,saltconc_weightedperm_weightedvisc,"salt_conc_x_weighted_permittivity, salt_conc_x_weighted_viscosity",46.05,1.245,1,clustered,88,5,5,0.7972778726861223,False
89,138,10.1016/j.jpowsour.2011.07.071,PF6,EC:0.500+DMC:0.500,saltconc_weightedperm_weightedvisc,"salt_conc_x_weighted_permittivity, salt_conc_x_weighted_viscosity",46.05,1.245,1,clustered,89,5,5,0.7972778726861223,False
90,139,10.1016/j.jpowsour.2011.07.071,PF6,EC:0.500+DMC:0.500,saltconc_weightedperm_weightedvisc,"salt_conc_x_weighted_permittivity, salt_conc_x_weighted_viscosity",46.05,1.245,1,clustered,90,5,5,0.7972778726861223,False
91,140,10.1016/j.jpowsour.2011.07.071,PF6,EC:0.500+DMC:0.500,saltconc_weightedperm_weightedvisc,"salt_conc_x_weighted_permittivity, salt_conc_x_weighted_viscosity",46.05,1.245,1,clustered,91,5,5,0.7972778726861223,False
92,141,10.1016/j.jpowsour.2011.07.071,PF6,EC:0.500+DMC:0.500,saltconc_weightedperm_weightedvisc,"salt_conc_x_weighted_permittivity, salt_conc_x_weighted_viscosity",46.05,1.245,1,clustered,92,5,5,0.7972778726861223,False
93,142,10.1016/j.jpowsour.2011.07.071,PF6,EC:0.500+DMC:0.500,saltconc_weightedperm_weightedvisc,"salt_conc_x_weighted_permittivity, salt_conc_x_weighted_viscosity",46.05,1.245,1,clustered,93,5,5,0.7972778726861223,False
94,143,10.1016/j.jpowsour.2011.07.071,PF6,EC:0.500+DMC:0.500,saltconc_weightedperm_weightedvisc,"salt_conc_x_weighted_permittivity, salt_conc_x_weighted_viscosity",46.05,1.245,1,clustered,94,5,5,0.7972778726861223,False
95,144,10.1016/j.jpowsour.2011.07.071,PF6,EC:0.500+DMC:0.500,saltconc_weightedperm_weightedvisc,"salt_conc_x_weighted_permittivity, salt_conc_x_weighted_viscosity",46.05,1.245,1,clustered,95,5,5,0.7972778726861223,False
96,145,10.1016/j.jpowsour.2011.07.071,PF6,EC:0.500+DMC:0.500,saltconc_weightedperm_weightedvisc,"salt_conc_x_weighted_permittivity, salt_conc_x_weighted_viscosity",46.05,1.245,1,clustered,96,5,5,0.7972778726861223,False
97,146,10.1016/j.jpowsour.2011.07.071,PF6,EC:0.500+DMC:0.500,saltconc_weightedperm_weightedvisc,"salt_conc_x_weighted_permittivity, salt_conc_x_weighted_viscosity",46.05,1.245,1,clustered,97,5,5,0.7972778726861223,False
98,147,10.1016/j.jpowsour.2011.07.071,PF6,EC:0.500+DMC:0.500,saltconc_weightedperm_weightedvisc,"salt_conc_x_weighted_permittivity, salt_conc_x_weighted_viscosity",46.05,1.245,1,clustered,98,5,5,0.7972778726861223,False
99,148,10.1016/j.jpowsour.2011.07.071,PF6,EC:0.500+DMC:0.500,saltconc_weightedperm_weightedvisc,"salt_conc_x_weighted_permittivity, salt_conc_x_weighted_viscosity",46.05,1.245,1,clustered,99,5,5,0.7972778726861223,False
100,149,10.1016/j.jpowsour.2011.07.071,PF6,EC:0.500+DMC:0.500,saltconc_weightedperm_weightedvisc,"salt_conc_x_weighted_permittivity, salt_conc_x_weighted_viscosity",46.05,1.245,1,clustered,100,5,5,0.7972778726861223,False
101,150,10.1016/j.jpowsour.2011.07.071,PF6,EC:0.500+DMC:0.500,saltconc_weightedperm_weightedvisc,"salt_conc_x_weighted_permittivity, salt_conc_x_weighted_viscosity",46.05,1.245,1,clustered,101,5,5,0.7972778726861223,False
102,151,10.1016/j.jpowsour.2011.07.071,PF6,EC:0.500+DMC:0.500,saltconc_weightedperm_weightedvisc,"salt_conc_x_weighted_permittivity, salt_conc_x_weighted_viscosity",46.05,1.245,1,clustered,102,5,5,0.7972778726861223,False
103,152,10.1016/j.jpowsour.2011.07.071,PF6,EC:0.500+DMC:0.500,saltconc_weightedperm_weightedvisc,"salt_conc_x_weighted_permittivity, salt_conc_x_weighted_viscosity",46.05,1.245,1,clustered,103,5,5,0.7972778726861223,False
104,153,10.1016/j.jpowsour.2011.07.071,PF6,EC:0.500+DMC:0.500,saltconc_weightedperm_weightedvisc,"salt_conc_x_weighted_permittivity, salt_conc_x_weighted_viscosity",46.05,1.245,1,clustered,104,5,5,0.7972778726861223,False
105,154,10.1016/j.jpowsour.2011.07.071,PF6,EC:0.500+DMC:0.500,saltconc_weightedperm_weightedvisc,"salt_conc_x_weighted_permittivity, salt_conc_x_weighted_viscosity",46.05,1.245,1,clustered,105,5,5,0.7972778726861223,False
106,155,10.1016/j.jpowsour.2011.07.071,PF6,EC:0.500+DMC:0.500,saltconc_weightedperm_weightedvisc,"salt_conc_x_weighted_permittivity, salt_conc_x_weighted_viscosity",46.05,1.245,1,clustered,106,5,5,0.7972778726861223,False
107,156,10.1016/j.jpowsour.2011.07.071,PF6,EC:0.500+DMC:0.500,saltconc_weightedperm_weightedvisc,"salt_conc_x_weighted_permittivity, salt_conc_x_weighted_viscosity",46.05,1.245,1,clustered,107,5,5,0.7972778726861223,False
108,157,10.1016/j.jpowsour.2011.07.071,PF6,EC:0.500+DMC:0.500,saltconc_weightedperm_weightedvisc,"salt_conc_x_weighted_permittivity, salt_conc_x_weighted_viscosity",46.05,1.245,1,clustered,108,5,5,0.7972778726861223,False
109,158,10.1016/j.jpowsour.2011.07.071,PF6,EC:0.500+DMC:0.500,saltconc_weightedperm_weightedvisc,"salt_conc_x_weighted_permittivity, salt_conc_x_weighted_viscosity",46.05,1.245,1,clustered,109,5,5,0.7972778726861223,False
110,159,10.1016/j.jpowsour.2011.07.071,PF6,EC:0.500+DMC:0.500,saltconc_weightedperm_weightedvisc,"salt_conc_x_weighted_permittivity, salt_conc_x_weighted_viscosity",46.05,1.245,1,clustered,110,5,5,0.7972778726861223,False
111,160,10.1016/j.jpowsour.2011.07.071,PF6,EC:0.500+DMC:0.500,saltconc_weightedperm_weightedvisc,"salt_conc_x_weighted_permittivity, salt_conc_x_weighted_viscosity",46.05,1.245,1,clustered,111,5,5,0.7972778726861223,False
112,161,10.1016/j.jpowsour.2011.07.071,PF6,EC:0.500+DMC:0.500,saltconc_weightedperm_weightedvisc,"salt_conc_x_weighted_permittivity, salt_conc_x_weighted_viscosity",46.05,1.245,1,clustered,112,5,5,0.7972778726861223,False
113,162,10.1016/j.jpowsour.2011.07.071,PF6,EC:0.500+DMC:0.500,saltconc_weightedperm_weightedvisc,"salt_conc_x_weighted_permittivity, salt_conc_x_weighted_viscosity",46.05,1.245,1,clustered,113,5,5,0.7972778726861223,False
114,163,10.1016/j.jpowsour.2011.07.071,PF6,EC:0.500+DMC:0.500,saltconc_weightedperm_weightedvisc,"salt_conc_x_weighted_permittivity, salt_conc_x_weighted_viscosity",46.05,1.245,1,clustered,114,5,5,0.7972778726861223,False
115,164,10.1016/j.jpowsour.2011.07.071,PF6,EC:0.500+DMC:0.500,saltconc_weightedperm_weightedvisc,"salt_conc_x_weighted_permittivity, salt_conc_x_weighted_viscosity",46.05,1.245,1,clustered,115,5,5,0.7972778726861223,False
116,165,10.1016/j.jpowsour.2011.07.071,PF6,EC:0.500+DMC:0.500,saltconc_weightedperm_weightedvisc,"salt_conc_x_weighted_permittivity, salt_conc_x_weighted_viscosity",46.05,1.245,1,clustered,116,5,5,0.7972778726861223,False
117,166,10.1016/j.jpowsour.2011.07.071,PF6,EC:0.500+DMC:0.500,saltconc_weightedperm_weightedvisc,"salt_conc_x_weighted_permittivity, salt_conc_x_weighted_viscosity",46.05,1.245,1,clustered,117,5,5,0.7972778726861223,False
118,167,10.1016/j.jpowsour.2011.07.071,PF6,EC:0.500+DMC:0.500,saltconc_weightedperm_weightedvisc,"salt_conc_x_weighted_permittivity, salt_conc_x_weighted_viscosity",46.05,1.245,1,clustered,118,5,5,0.7972778726861223,False
119,168,10.1016/j.jpowsour.2011.07.071,PF6,EC:0.500+DMC:0.500,saltconc_weightedperm_weightedvisc,"salt_conc_x_weighted_permittivity, salt_conc_x_weighted_viscosity",46.05,1.245,1,clustered,119,5,5,0.7972778726861223,False
120,169,10.1016/j.jpowsour.2011.07.071,PF6,EC:0.500+DMC:0.500,saltconc_weightedperm_weightedvisc,"salt_conc_x_weighted_permittivity, salt_conc_x_weighted_viscosity",46.05,1.245,1,clustered,120,5,5,0.7972778726861223,False
121,170,10.1016/j.jpowsour.2011.07.071,PF6,EC:0.500+DMC:0.500,saltconc_weightedperm_weightedvisc,"salt_conc_x_weighted_permittivity, salt_conc_x_weighted_viscosity",46.05,1.245,1,clustered,121,5,5,0.7972778726861223,False
122,171,10.1016/j.jpowsour.2011.07.071,PF6,EC:0.500+DMC:0.500,saltconc_weightedperm_weightedvisc,"salt_conc_x_weighted_permittivity, salt_conc_x_weighted_viscosity",46.05,1.245,1,clustered,122,5,5,0.7972778726861223,False
123,172,10.1016/j.jpowsour.2011.07.071,PF6,EC:0.500+DMC:0.500,saltconc_weightedperm_weightedvisc,"salt_conc_x_weighted_permittivity, salt_conc_x_weighted_viscosity",46.05,1.245,1,clustered,123,5,5,0.7972778726861223,False
124,173,10.1016/j.jpowsour.2011.07.071,PF6,EC:0.500+DMC:0.500,saltconc_weightedperm_weightedvisc,"salt_conc_x_weighted_permittivity, salt_conc_x_weighted_viscosity",46.05,1.245,1,clustered,124,5,5,0.7972778726861223,False
125,174,10.1016/j.jpowsour.2011.07.071,PF6,EC:0.500+DMC:0.500,saltconc_weightedperm_weightedvisc,"salt_conc_x_weighted_permittivity, salt_conc_x_weighted_viscosity",46.05,1.245,1,clustered,125,5,5,0.7972778726861223,False
126,175,10.1016/j.jpowsour.2011.07.071,PF6,EC:0.500+DMC:0.500,saltconc_weightedperm_weightedvisc,"salt_conc_x_weighted_permittivity, salt_conc_x_weighted_viscosity",46.05,1.245,1,clustered,126,5,5,0.7972778726861223,False
127,176,10.1016/j.jpowsour.2011.07.071,PF6,EC:0.500+DMC:0.500,saltconc_weightedperm_weightedvisc,"salt_conc_x_weighted_permittivity, salt_conc_x_weighted_viscosity",46.05,1.245,1,clustered,127,5,5,0.7972778726861223,False
128,177,10.1016/j.jpowsour.2011.07.071,PF6,EC:0.500+DMC:0.500,saltconc_weightedperm_weightedvisc,"salt_conc_x_weighted_permittivity, salt_conc_x_weighted_viscosity",46.05,1.245,1,clustered,128,5,5,0.7972778726861223,False
129,178,10.1016/j.jpowsour.2011.07.071,PF6,EC:0.500+DMC:0.500,saltconc_weightedperm_weightedvisc,"salt_conc_x_weighted_permittivity, salt_conc_x_weighted_viscosity",46.05,1.245,1,clustered,129,5,5,0.7972778726861223,False
130,179,10.1016/j.jpowsour.2011.07.071,PF6,EC:0.500+DMC:0.500,saltconc_weightedperm_weightedvisc,"salt_conc_x_weighted_permittivity, salt_conc_x_weighted_viscosity",46.05,1.245,1,clustered,130,5,5,0.7972778726861223,False
131,180,10.1016/j.jpowsour.2011.07.071,PF6,EC:0.500+DMC:0.500,saltconc_weightedperm_weightedvisc,"salt_conc_x_weighted_permittivity, salt_conc_x_weighted_viscosity",46.05,1.245,1,clustered,131,5,5,0.7972778726861223,False
132,181,10.1016/j.jpowsour.2011.07.071,PF6,EC:0.500+DMC:0.500,saltconc_weightedperm_weightedvisc,"salt_conc_x_weighted_permittivity, salt_conc_x_weighted_viscosity",46.05,1.245,1,clustered,132,5,5,0.7972778726861223,False
133,182,10.1016/j.jpowsour.2011.07.071,PF6,EC:0.500+DMC:0.500,saltconc_weightedperm_weightedvisc,"salt_conc_x_weighted_permittivity, salt_conc_x_weighted_viscosity",46.05,1.245,1,clustered,133,5,5,0.7972778726861223,False
134,183,10.1016/j.jpowsour.2011.07.071,PF6,EC:0.500+DMC:0.500,saltconc_weightedperm_weightedvisc,"salt_conc_x_weighted_permittivity, salt_conc_x_weighted_viscosity",46.05,1.245,1,clustered,134,5,5,0.7972778726861223,False
135,184,10.1016/j.jpowsour.2011.07.071,PF6,EC:0.500+DMC:0.500,saltconc_weightedperm_weightedvisc,"salt_conc_x_weighted_permittivity, salt_conc_x_weighted_viscosity",46.05,1.245,1,clustered,135,5,5,0.7972778726861223,False
136,185,10.1016/j.jpowsour.2011.07.071,PF6,EC:0.500+DMC:0.500,saltconc_weightedperm_weightedvisc,"salt_conc_x_weighted_permittivity, salt_conc_x_weighted_viscosity",46.05,1.245,1,clustered,136,5,5,0.7972778726861223,False
137,186,10.1016/j.jpowsour.2011.07.071,PF6,EC:0.500+DMC:0.500,saltconc_weightedperm_weightedvisc,"salt_conc_x_weighted_permittivity, salt_conc_x_weighted_viscosity",46.05,1.245,1,clustered,137,5,5,0.7972778726861223,False
138,187,10.1016/j.jpowsour.2011.07.071,PF6,EC:0.500+DMC:0.500,saltconc_weightedperm_weightedvisc,"salt_conc_x_weighted_permittivity, salt_conc_x_weighted_viscosity",46.05,1.245,1,clustered,138,5,5,0.7972778726861223,False
139,188,10.1016/j.jpowsour.2011.07.071,PF6,EC:0.500+DMC:0.500,saltconc_weightedperm_weightedvisc,"salt_conc_x_weighted_permittivity, salt_conc_x_weighted_viscosity",46.05,1.245,1,clustered,139,5,5,0.7972778726861223,False
140,189,10.1016/j.jpowsour.2011.07.071,PF6,EC:0.500+DMC:0.500,saltconc_weightedperm_weightedvisc,"salt_conc_x_weighted_permittivity, salt_conc_x_weighted_viscosity",46.05,1.245,1,clustered,140,5,5,0.7972778726861223,False
141,190,10.1016/j.jpowsour.2011.07.071,PF6,EC:0.500+DMC:0.500,saltconc_weightedperm_weightedvisc,"salt_conc_x_weighted_permittivity, salt_conc_x_weighted_viscosity",46.05,1.245,1,clustered,141,5,5,0.7972778726861223,False
142,191,10.1016/j.jpowsour.2011.07.071,PF6,EC:0.500+DMC:0.500,saltconc_weightedperm_weightedvisc,"salt_conc_x_weighted_permittivity, salt_conc_x_weighted_viscosity",46.05,1.245,1,clustered,142,5,5,0.7972778726861223,False
143,192,10.1016/j.jpowsour.2011.07.071,PF6,EC:0.500+DMC:0.500,saltconc_weightedperm_weightedvisc,"salt_conc_x_weighted_permittivity, salt_conc_x_weighted_viscosity",46.05,1.245,1,clustered,143,5,5,0.7972778726861223,False
144,193,10.1016/j.jpowsour.2011.07.071,TFSI,EC:0.500+DMC:0.500,saltconc_weightedperm_weightedvisc,"salt_conc_x_weighted_permittivity, salt_conc_x_weighted_viscosity",46.05,1.245,1,clustered,144,5,5,0.7972778726861223,False
145,194,10.1016/j.jpowsour.2011.07.071,TFSI,EC:0.500+DMC:0.500,saltconc_weightedperm_weightedvisc,"salt_conc_x_weighted_permittivity, salt_conc_x_weighted_viscosity",46.05,1.245,1,clustered,145,5,5,0.7972778726861223,False
146,195,10.1016/j.jpowsour.2011.07.071,TFSI,EC:0.500+DMC:0.500,saltconc_weightedperm_weightedvisc,"salt_conc_x_weighted_permittivity, salt_conc_x_weighted_viscosity",46.05,1.245,1,clustered,146,5,5,0.7972778726861223,False
147,196,10.1016/j.jpowsour.2011.07.071,TFSI,EC:0.500+DMC:0.500,saltconc_weightedperm_weightedvisc,"salt_conc_x_weighted_permittivity, salt_conc_x_weighted_viscosity",46.05,1.245,1,clustered,147,5,5,0.7972778726861223,False
148,197,10.1016/j.jpowsour.2011.07.071,TFSI,EC:0.500+DMC:0.500,saltconc_weightedperm_weightedvisc,"salt_conc_x_weighted_permittivity, salt_conc_x_weighted_viscosity",46.05,1.245,1,clustered,148,5,5,0.7972778726861223,False
149,198,10.1016/j.jpowsour.2011.07.071,TFSI,EC:0.500+DMC:0.500,saltconc_weightedperm_weightedvisc,"salt_conc_x_weighted_permittivity, salt_conc_x_weighted_viscosity",46.05,1.245,1,clustered,149,5,5,0.7972778726861223,False
150,199,10.1016/j.jpowsour.2011.07.071,TFSI,EC:0.500+DMC:0.500,saltconc_weightedperm_weightedvisc,"salt_conc_x_weighted_permittivity, salt_conc_x_weighted_viscosity",46.05,1.245,1,clustered,150,5,5,0.7972778726861223,False
151,200,10.1016/j.jpowsour.2011.07.071,TFSI,EC:0.500+DMC:0.500,saltconc_weightedperm_weightedvisc,"salt_conc_x_weighted_permittivity, salt_conc_x_weighted_viscosity",46.05,1.245,1,clustered,151,5,5,0.7972778726861223,False
152,201,10.1016/j.jpowsour.2011.07.071,TFSI,EC:0.500+DMC:0.500,saltconc_weightedperm_weightedvisc,"salt_conc_x_weighted_permittivity, salt_conc_x_weighted_viscosity",46.05,1.245,1,clustered,152,5,5,0.7972778726861223,False
153,202,10.1016/j.jpowsour.2011.07.071,TFSI,EC:0.500+DMC:0.500,saltconc_weightedperm_weightedvisc,"salt_conc_x_weighted_permittivity, salt_conc_x_weighted_viscosity",46.05,1.245,1,clustered,153,5,5,0.7972778726861223,False
154,203,10.1016/j.jpowsour.2011.07.071,TFSI,EC:0.500+DMC:0.500,saltconc_weightedperm_weightedvisc,"salt_conc_x_weighted_permittivity, salt_conc_x_weighted_viscosity",46.05,1.245,1,clustered,154,5,5,0.7972778726861223,False
155,204,10.1016/j.jpowsour.2011.07.071,TFSI,EC:0.500+DMC:0.500,saltconc_weightedperm_weightedvisc,"salt_conc_x_weighted_permittivity, salt_conc_x_weighted_viscosity",46.05,1.245,1,clustered,155,5,5,0.7972778726861223,False
156,205,10.1016/j.jpowsour.2011.07.071,TFSI,EC:0.500+DMC:0.500,saltconc_weightedperm_weightedvisc,"salt_conc_x_weighted_permittivity, salt_conc_x_weighted_viscosity",46.05,1.245,1,clustered,156,5,5,0.7972778726861223,False
157,206,10.1016/j.jpowsour.2011.07.071,TFSI,EC:0.500+DMC:0.500,saltconc_weightedperm_weightedvisc,"salt_conc_x_weighted_permittivity, salt_conc_x_weighted_viscosity",46.05,1.245,1,clustered,157,5,5,0.7972778726861223,False
158,207,10.1016/j.jpowsour.2011.07.071,TFSI,EC:0.500+DMC:0.500,saltconc_weightedperm_weightedvisc,"salt_conc_x_weighted_permittivity, salt_conc_x_weighted_viscosity",46.05,1.245,1,clustered,158,5,5,0.7972778726861223,False
159,208,10.1016/j.jpowsour.2011.07.071,TFSI,EC:0.500+DMC:0.500,saltconc_weightedperm_weightedvisc,"salt_conc_x_weighted_permittivity, salt_conc_x_weighted_viscosity",46.05,1.245,1,clustered,159,5,5,0.7972778726861223,False
160,209,10.1016/j.jpowsour.2011.07.071,TFSI,EC:0.500+DMC:0.500,saltconc_weightedperm_weightedvisc,"salt_conc_x_weighted_permittivity, salt_conc_x_weighted_viscosity",46.05,1.245,1,clustered,160,5,5,0.7972778726861223,False
161,210,10.1016/j.jpowsour.2011.07.071,TFSI,EC:0.500+DMC:0.500,saltconc_weightedperm_weightedvisc,"salt_conc_x_weighted_permittivity, salt_conc_x_weighted_viscosity",46.05,1.245,1,clustered,161,5,5,0.7972778726861223,False
162,211,10.1016/j.jpowsour.2011.07.071,TFSI,EC:0.500+DMC:0.500,saltconc_weightedperm_weightedvisc,"salt_conc_x_weighted_permittivity, salt_conc_x_weighted_viscosity",46.05,1.245,1,clustered,162,5,5,0.7972778726861223,False
163,212,10.1016/j.jpowsour.2011.07.071,TFSI,EC:0.500+DMC:0.500,saltconc_weightedperm_weightedvisc,"salt_conc_x_weighted_permittivity, salt_conc_x_weighted_viscosity",46.05,1.245,1,clustered,163,5,5,0.7972778726861223,False
164,213,10.1016/j.jpowsour.2011.07.071,TFSI,EC:0.500+DMC:0.500,saltconc_weightedperm_weightedvisc,"salt_conc_x_weighted_permittivity, salt_conc_x_weighted_viscosity",46.05,1.245,1,clustered,164,5,5,0.7972778726861223,False
165,214,10.1016/j.jpowsour.2011.07.071,TFSI,EC:0.500+DMC:0.500,saltconc_weightedperm_weightedvisc,"salt_conc_x_weighted_permittivity, salt_conc_x_weighted_viscosity",46.05,1.245,1,clustered,165,5,5,0.7972778726861223,False
166,215,10.1016/j.jpowsour.2011.07.071,TFSI,EC:0.500+DMC:0.500,saltconc_weightedperm_weightedvisc,"salt_conc_x_weighted_permittivity, salt_conc_x_weighted_viscosity",46.05,1.245,1,clustered,166,5,5,0.7972778726861223,False
167,216,10.1016/j.jpowsour.2011.07.071,TFSI,EC:0.500+DMC:0.500,saltconc_weightedperm_weightedvisc,"salt_conc_x_weighted_permittivity, salt_conc_x_weighted_viscosity",46.05,1.245,1,clustered,167,5,5,0.7972778726861223,False
168,217,10.1016/j.jpowsour.2011.07.071,TFSI,EC:0.500+DMC:0.500,saltconc_weightedperm_weightedvisc,"salt_conc_x_weighted_permittivity, salt_conc_x_weighted_viscosity",46.05,1.245,1,clustered,168,5,5,0.7972778726861223,False
169,218,10.1016/j.jpowsour.2011.07.071,TFSI,EC:0.500+DMC:0.500,saltconc_weightedperm_weightedvisc,"salt_conc_x_weighted_permittivity, salt_conc_x_weighted_viscosity",46.05,1.245,1,clustered,169,5,5,0.7972778726861223,False
170,219,10.1016/j.jpowsour.2011.07.071,TFSI,EC:0.500+DMC:0.500,saltconc_weightedperm_weightedvisc,"salt_conc_x_weighted_permittivity, salt_conc_x_weighted_viscosity",46.05,1.245,1,clustered,170,5,5,0.7972778726861223,False
171,220,10.1016/j.jpowsour.2011.07.071,TFSI,EC:0.500+DMC:0.500,saltconc_weightedperm_weightedvisc,"salt_conc_x_weighted_permittivity, salt_conc_x_weighted_viscosity",46.05,1.245,1,clustered,171,5,5,0.7972778726861223,False
172,221,10.1016/j.jpowsour.2011.07.071,TFSI,EC:0.500+DMC:0.500,saltconc_weightedperm_weightedvisc,"salt_conc_x_weighted_permittivity, salt_conc_x_weighted_viscosity",46.05,1.245,1,clustered,172,5,5,0.7972778726861223,False
173,222,10.1016/j.jpowsour.2011.07.071,TFSI,EC:0.500+DMC:0.500,saltconc_weightedperm_weightedvisc,"salt_conc_x_weighted_permittivity, salt_conc_x_weighted_viscosity",46.05,1.245,1,clustered,173,5,5,0.7972778726861223,False
174,223,10.1016/j.jpowsour.2011.07.071,TFSI,EC:0.500+DMC:0.500,saltconc_weightedperm_weightedvisc,"salt_conc_x_weighted_permittivity, salt_conc_x_weighted_viscosity",46.05,1.245,1,clustered,174,5,5,0.7972778726861223,False
175,224,10.1016/j.jpowsour.2011.07.071,TFSI,EC:0.500+DMC:0.500,saltconc_weightedperm_weightedvisc,"salt_conc_x_weighted_permittivity, salt_conc_x_weighted_viscosity",46.05,1.245,1,clustered,175,5,5,0.7972778726861223,False
176,225,10.1016/j.jpowsour.2011.07.071,TFSI,EC:0.500+DMC:0.500,saltconc_weightedperm_weightedvisc,"salt_conc_x_weighted_permittivity, salt_conc_x_weighted_viscosity",46.05,1.245,1,clustered,176,5,5,0.7972778726861223,False
177,226,10.1016/j.jpowsour.2011.07.071,TFSI,EC:0.500+DMC:0.500,saltconc_weightedperm_weightedvisc,"salt_conc_x_weighted_permittivity, salt_conc_x_weighted_viscosity",46.05,1.245,1,clustered,177,5,5,0.7972778726861223,False
178,227,10.1016/j.jpowsour.2011.07.071,TFSI,EC:0.500+DMC:0.500,saltconc_weightedperm_weightedvisc,"salt_conc_x_weighted_permittivity, salt_conc_x_weighted_viscosity",46.05,1.245,1,clustered,178,5,5,0.7972778726861223,False
179,228,10.1016/j.jpowsour.2011.07.071,TFSI,EC:0.500+DMC:0.500,saltconc_weightedperm_weightedvisc,"salt_conc_x_weighted_permittivity, salt_conc_x_weighted_viscosity",46.05,1.245,1,clustered,179,5,5,0.7972778726861223,False
180,229,10.1016/j.jpowsour.2011.07.071,TFSI,EC:0.500+DMC:0.500,saltconc_weightedperm_weightedvisc,"salt_conc_x_weighted_permittivity, salt_conc_x_weighted_viscosity",46.05,1.245,1,clustered,180,5,5,0.7972778726861223,False
181,230,10.1016/j.jpowsour.2011.07.071,TFSI,EC:0.500+DMC:0.500,saltconc_weightedperm_weightedvisc,"salt_conc_x_weighted_permittivity, salt_conc_x_weighted_viscosity",46.05,1.245,1,clustered,181,5,5,0.7972778726861223,False
182,231,10.1016/j.jpowsour.2011.07.071,TFSI,EC:0.500+DMC:0.500,saltconc_weightedperm_weightedvisc,"salt_conc_x_weighted_permittivity, salt_conc_x_weighted_viscosity",46.05,1.245,1,clustered,182,5,5,0.7972778726861223,False
183,232,10.1016/j.jpowsour.2011.07.071,TFSI,EC:0.500+DMC:0.500,saltconc_weightedperm_weightedvisc,"salt_conc_x_weighted_permittivity, salt_conc_x_weighted_viscosity",46.05,1.245,1,clustered,183,5,5,0.7972778726861223,False
184,233,10.1016/j.jpowsour.2011.07.071,TFSI,EC:0.500+DMC:0.500,saltconc_weightedperm_weightedvisc,"salt_conc_x_weighted_permittivity, salt_conc_x_weighted_viscosity",46.05,1.245,1,clustered,184,5,5,0.7972778726861223,False
185,234,10.1016/j.jpowsour.2011.07.071,TFSI,EC:0.500+DMC:0.500,saltconc_weightedperm_weightedvisc,"salt_conc_x_weighted_permittivity, salt_conc_x_weighted_viscosity",46.05,1.245,1,clustered,185,5,5,0.7972778726861223,False
186,235,10.1016/j.jpowsour.2011.07.071,TFSI,EC:0.500+DMC:0.500,saltconc_weightedperm_weightedvisc,"salt_conc_x_weighted_permittivity, salt_conc_x_weighted_viscosity",46.05,1.245,1,clustered,186,5,5,0.7972778726861223,False
187,236,10.1016/j.jpowsour.2011.07.071,TFSI,EC:0.500+DMC:0.500,saltconc_weightedperm_weightedvisc,"salt_conc_x_weighted_permittivity, salt_conc_x_weighted_viscosity",46.05,1.245,1,clustered,187,5,5,0.7972778726861223,False
188,237,10.1016/j.jpowsour.2011.07.071,TFSI,EC:0.500+DMC:0.500,saltconc_weightedperm_weightedvisc,"salt_conc_x_weighted_permittivity, salt_conc_x_weighted_viscosity",46.05,1.245,1,clustered,188,5,5,0.7972778726861223,False
189,238,10.1016/j.jpowsour.2011.07.071,TFSI,EC:0.500+DMC:0.500,saltconc_weightedperm_weightedvisc,"salt_conc_x_weighted_permittivity, salt_conc_x_weighted_viscosity",46.05,1.245,1,clustered,189,5,5,0.7972778726861223,False
190,239,10.1016/j.jpowsour.2011.07.071,TFSI,EC:0.500+DMC:0.500,saltconc_weightedperm_weightedvisc,"salt_conc_x_weighted_permittivity, salt_conc_x_weighted_viscosity",46.05,1.245,1,clustered,190,5,5,0.7972778726861223,False
191,240,10.1016/j.jpowsour.2011.07.071,TFSI,EC:0.500+DMC:0.500,saltconc_weightedperm_weightedvisc,"salt_conc_x_weighted_permittivity, salt_conc_x_weighted_viscosity",46.05,1.245,1,clustered,191,5,5,0.7972778726861223,False
192,241,10.1016/j.jpowsour.2011.07.071,TFSI,EC:0.500+DMC:0.500,saltconc_weightedperm_weightedvisc,"salt_conc_x_weighted_permittivity, salt_conc_x_weighted_viscosity",46.05,1.245,1,clustered,192,5,5,0.7972778726861223,False
193,242,10.1016/j.jpowsour.2011.07.071,TFSI,EC:0.500+DMC:0.500,saltconc_weightedperm_weightedvisc,"salt_conc_x_weighted_permittivity, salt_conc_x_weighted_viscosity",46.05,1.245,1,clustered,193,5,5,0.7972778726861223,False
194,243,10.1016/j.jpowsour.2011.07.071,TFSI,EC:0.500+DMC:0.500,saltconc_weightedperm_weightedvisc,"salt_conc_x_weighted_permittivity, salt_conc_x_weighted_viscosity",46.05,1.245,1,clustered,194,5,5,0.7972778726861223,False
195,244,10.1016/j.jpowsour.2011.07.071,TFSI,EC:0.500+DMC:0.500,saltconc_weightedperm_weightedvisc,"salt_conc_x_weighted_permittivity, salt_conc_x_weighted_viscosity",46.05,1.245,1,clustered,195,5,5,0.7972778726861223,False
196,245,10.1016/j.jpowsour.2011.07.071,TFSI,EC:0.500+DMC:0.500,saltconc_weightedperm_weightedvisc,"salt_conc_x_weighted_permittivity, salt_conc_x_weighted_viscosity",46.05,1.245,1,clustered,196,5,5,0.7972778726861223,False
197,246,10.1016/j.jpowsour.2011.07.071,TFSI,EC:0.500+DMC:0.500,saltconc_weightedperm_weightedvisc,"salt_conc_x_weighted_permittivity, salt_conc_x_weighted_viscosity",46.05,1.245,1,clustered,197,5,5,0.7972778726861223,False
198,247,10.1016/j.jpowsour.2011.07.071,TFSI,EC:0.500+DMC:0.500,saltconc_weightedperm_weightedvisc,"salt_conc_x_weighted_permittivity, salt_conc_x_weighted_viscosity",46.05,1.245,1,clustered,198,5,5,0.7972778726861223,False
199,248,10.1016/j.jpowsour.2011.07.071,TFSI,EC:0.500+DMC:0.500,saltconc_weightedperm_weightedvisc,"salt_conc_x_weighted_permittivity, salt_conc_x_weighted_viscosity",46.05,1.245,1,clustered,199,5,5,0.7972778726861223,False
200,249,10.1016/j.jpowsour.2011.07.071,TFSI,EC:0.500+DMC:0.500,saltconc_weightedperm_weightedvisc,"salt_conc_x_weighted_permittivity, salt_conc_x_weighted_viscosity",46.05,1.245,1,clustered,200,5,5,0.7972778726861223,False
201,3593,10.1149/1.1344281,TFSI,PC:1.000,saltconc_weightedperm_weightedvisc,"salt_conc_x_weighted_permittivity, salt_conc_x_weighted_viscosity",64.9,2.53,2,clustered,201,5,5,0.7972778726861223,False
202,3594,10.1149/1.1344281,TFSI,PC:1.000,saltconc_weightedperm_weightedvisc,"salt_conc_x_weighted_permittivity, salt_conc_x_weighted_viscosity",64.9,2.53,2,clustered,202,5,5,0.7972778726861223,False
203,3595,10.1149/1.1344281,TFSI,PC:1.000,saltconc_weightedperm_weightedvisc,"salt_conc_x_weighted_permittivity, salt_conc_x_weighted_viscosity",64.9,2.53,2,clustered,203,5,5,0.7972778726861223,False
204,3596,10.1149/1.1344281,TFSI,PC:1.000,saltconc_weightedperm_weightedvisc,"salt_conc_x_weighted_permittivity, salt_conc_x_weighted_viscosity",64.9,2.53,2,clustered,204,5,5,0.7972778726861223,False
205,3597,10.1149/1.1344281,TFSI,PC:1.000,saltconc_weightedperm_weightedvisc,"salt_conc_x_weighted_permittivity, salt_conc_x_weighted_viscosity",64.9,2.53,2,clustered,205,5,5,0.7972778726861223,False
206,3598,10.1149/1.1344281,TFSI,PC:1.000,saltconc_weightedperm_weightedvisc,"salt_conc_x_weighted_permittivity, salt_conc_x_weighted_viscosity",64.9,2.53,2,clustered,206,5,5,0.7972778726861223,False
207,3599,10.1149/1.1344281,TFSI,PC:1.000,saltconc_weightedperm_weightedvisc,"salt_conc_x_weighted_permittivity, salt_conc_x_weighted_viscosity",64.9,2.53,2,clustered,207,5,5,0.7972778726861223,False
208,3600,10.1149/1.1344281,TFSI,PC:1.000,saltconc_weightedperm_weightedvisc,"salt_conc_x_weighted_permittivity, salt_conc_x_weighted_viscosity",64.9,2.53,2,clustered,208,5,5,0.7972778726861223,False
209,3601,10.1149/1.1344281,TFSI,PC:1.000,saltconc_weightedperm_weightedvisc,"salt_conc_x_weighted_permittivity, salt_conc_x_weighted_viscosity",64.9,2.53,2,clustered,209,5,5,0.7972778726861223,False
210,3602,10.1149/1.1344281,TFSI,PC:1.000,saltconc_weightedperm_weightedvisc,"salt_conc_x_weighted_permittivity, salt_conc_x_weighted_viscosity",64.9,2.53,2,clustered,210,5,5,0.7972778726861223,False
211,3603,10.1149/1.1344281,TFSI,PC:1.000,saltconc_weightedperm_weightedvisc,"salt_conc_x_weighted_permittivity, salt_conc_x_weighted_viscosity",64.9,2.53,2,clustered,211,5,5,0.7972778726861223,False
212,3604,10.1149/1.1344281,TFSI,PC:1.000,saltconc_weightedperm_weightedvisc,"salt_conc_x_weighted_permittivity, salt_conc_x_weighted_viscosity",64.9,2.53,2,clustered,212,5,5,0.7972778726861223,False
213,3605,10.1149/1.1344281,TFSI,PC:1.000,saltconc_weightedperm_weightedvisc,"salt_conc_x_weighted_permittivity, salt_conc_x_weighted_viscosity",64.9,2.53,2,clustered,213,5,5,0.7972778726861223,False
214,3606,10.1149/1.1344281,TFSI,PC:1.000,saltconc_weightedperm_weightedvisc,"salt_conc_x_weighted_permittivity, salt_conc_x_weighted_viscosity",64.9,2.53,2,clustered,214,5,5,0.7972778726861223,False
215,3607,10.1149/1.1344281,TFSI,PC:1.000,saltconc_weightedperm_weightedvisc,"salt_conc_x_weighted_permittivity, salt_conc_x_weighted_viscosity",64.9,2.53,2,clustered,215,5,5,0.7972778726861223,False
216,3608,10.1149/1.1344281,TFSI,PC:1.000,saltconc_weightedperm_weightedvisc,"salt_conc_x_weighted_permittivity, salt_conc_x_weighted_viscosity",64.9,2.53,2,clustered,216,5,5,0.7972778726861223,False
217,3609,10.1149/1.1344281,TFSI,PC:1.000,saltconc_weightedperm_weightedvisc,"salt_conc_x_weighted_permittivity, salt_conc_x_weighted_viscosity",64.9,2.53,2,clustered,217,5,5,0.7972778726861223,False
218,3610,10.1149/1.1344281,TFSI,PC:1.000,saltconc_weightedperm_weightedvisc,"salt_conc_x_weighted_permittivity, salt_conc_x_weighted_viscosity",64.9,2.53,2,clustered,218,5,5,0.7972778726861223,False
219,3611,10.1149/1.1344281,TFSI,PC:1.000,saltconc_weightedperm_weightedvisc,"salt_conc_x_weighted_permittivity, salt_conc_x_weighted_viscosity",64.9,2.53,2,clustered,219,5,5,0.7972778726861223,False
220,3612,10.1149/1.1344281,TFSI,PC:1.000,saltconc_weightedperm_weightedvisc,"salt_conc_x_weighted_permittivity, salt_conc_x_weighted_viscosity",64.9,2.53,2,clustered,220,5,5,0.7972778726861223,False
221,3613,10.1149/1.1344281,TFSI,PC:1.000,saltconc_weightedperm_weightedvisc,"salt_conc_x_weighted_permittivity, salt_conc_x_weighted_viscosity",64.9,2.53,2,clustered,221,5,5,0.7972778726861223,False
222,3614,10.1149/1.1344281,TFSI,PC:1.000,saltconc_weightedperm_weightedvisc,"salt_conc_x_weighted_permittivity, salt_conc_x_weighted_viscosity",64.9,2.53,2,clustered,222,5,5,0.7972778726861223,False
223,3615,10.1149/1.1344281,TFSI,PC:1.000,saltconc_weightedperm_weightedvisc,"salt_conc_x_weighted_permittivity, salt_conc_x_weighted_viscosity",64.9,2.53,2,clustered,223,5,5,0.7972778726861223,False
224,3616,10.1149/1.1344281,TFSI,PC:1.000,saltconc_weightedperm_weightedvisc,"salt_conc_x_weighted_permittivity, salt_conc_x_weighted_viscosity",64.9,2.53,2,clustered,224,5,5,0.7972778726861223,False
225,3617,10.1149/1.1344281,TFSI,PC:1.000,saltconc_weightedperm_weightedvisc,"salt_conc_x_weighted_permittivity, salt_conc_x_weighted_viscosity",64.9,2.53,2,clustered,225,5,5,0.7972778726861223,False
226,3618,10.1149/1.1344281,TFSI,PC:1.000,saltconc_weightedperm_weightedvisc,"salt_conc_x_weighted_permittivity, salt_conc_x_weighted_viscosity",64.9,2.53,2,clustered,226,5,5,0.7972778726861223,False
227,3619,10.1149/1.1344281,TFSI,PC:1.000,saltconc_weightedperm_weightedvisc,"salt_conc_x_weighted_permittivity, salt_conc_x_weighted_viscosity",64.9,2.53,2,clustered,227,5,5,0.7972778726861223,False
228,3620,10.1149/1.1344281,TFSI,PC:1.000,saltconc_weightedperm_weightedvisc,"salt_conc_x_weighted_permittivity, salt_conc_x_weighted_viscosity",64.9,2.53,2,clustered,228,5,5,0.7972778726861223,False
229,3621,10.1149/1.1344281,TFSI,PC:1.000,saltconc_weightedperm_weightedvisc,"salt_conc_x_weighted_permittivity, salt_conc_x_weighted_viscosity",64.9,2.53,2,clustered,229,5,5,0.7972778726861223,False
230,3622,10.1149/1.1344281,TFSI,PC:1.000,saltconc_weightedperm_weightedvisc,"salt_conc_x_weighted_permittivity, salt_conc_x_weighted_viscosity",64.9,2.53,2,clustered,230,5,5,0.7972778726861223,False
231,3623,10.1149/1.1344281,TFSI,PC:1.000,saltconc_weightedperm_weightedvisc,"salt_conc_x_weighted_permittivity, salt_conc_x_weighted_viscosity",64.9,2.53,2,clustered,231,5,5,0.7972778726861223,False
232,3624,10.1149/1.1344281,TFSI,PC:1.000,saltconc_weightedperm_weightedvisc,"salt_conc_x_weighted_permittivity, salt_conc_x_weighted_viscosity",64.9,2.53,2,clustered,232,5,5,0.7972778726861223,False
233,3625,10.1149/1.1344281,TFSI,PC:1.000,saltconc_weightedperm_weightedvisc,"salt_conc_x_weighted_permittivity, salt_conc_x_weighted_viscosity",64.9,2.53,2,clustered,233,5,5,0.7972778726861223,False
234,3724,10.1149/1.1344281,ClO4,PC:1.000,saltconc_weightedperm_weightedvisc,"salt_conc_x_weighted_permittivity, salt_conc_x_weighted_viscosity",64.9,2.53,2,clustered,234,5,5,0.7972778726861223,False
235,3725,10.1149/1.1344281,ClO4,PC:1.000,saltconc_weightedperm_weightedvisc,"salt_conc_x_weighted_permittivity, salt_conc_x_weighted_viscosity",64.9,2.53,2,clustered,235,5,5,0.7972778726861223,False
236,3726,10.1149/1.1344281,ClO4,PC:1.000,saltconc_weightedperm_weightedvisc,"salt_conc_x_weighted_permittivity, salt_conc_x_weighted_viscosity",64.9,2.53,2,clustered,236,5,5,0.7972778726861223,False
237,3727,10.1149/1.1344281,ClO4,PC:1.000,saltconc_weightedperm_weightedvisc,"salt_conc_x_weighted_permittivity, salt_conc_x_weighted_viscosity",64.9,2.53,2,clustered,237,5,5,0.7972778726861223,False
238,3728,10.1149/1.1344281,ClO4,PC:1.000,saltconc_weightedperm_weightedvisc,"salt_conc_x_weighted_permittivity, salt_conc_x_weighted_viscosity",64.9,2.53,2,clustered,238,5,5,0.7972778726861223,False
239,3729,10.1149/1.1344281,ClO4,PC:1.000,saltconc_weightedperm_weightedvisc,"salt_conc_x_weighted_permittivity, salt_conc_x_weighted_viscosity",64.9,2.53,2,clustered,239,5,5,0.7972778726861223,False
240,3730,10.1149/1.1344281,ClO4,PC:1.000,saltconc_weightedperm_weightedvisc,"salt_conc_x_weighted_permittivity, salt_conc_x_weighted_viscosity",64.9,2.53,2,clustered,240,5,5,0.7972778726861223,False
241,3731,10.1149/1.1344281,ClO4,PC:1.000,saltconc_weightedperm_weightedvisc,"salt_conc_x_weighted_permittivity, salt_conc_x_weighted_viscosity",64.9,2.53,2,clustered,241,5,5,0.7972778726861223,False
242,3732,10.1149/1.1344281,ClO4,PC:1.000,saltconc_weightedperm_weightedvisc,"salt_conc_x_weighted_permittivity, salt_conc_x_weighted_viscosity",64.9,2.53,2,clustered,242,5,5,0.7972778726861223,False
243,3733,10.1149/1.1344281,ClO4,PC:1.000,saltconc_weightedperm_weightedvisc,"salt_conc_x_weighted_permittivity, salt_conc_x_weighted_viscosity",64.9,2.53,2,clustered,243,5,5,0.7972778726861223,False
244,3734,10.1149/1.1344281,ClO4,PC:1.000,saltconc_weightedperm_weightedvisc,"salt_conc_x_weighted_permittivity, salt_conc_x_weighted_viscosity",64.9,2.53,2,clustered,244,5,5,0.7972778726861223,False
245,3735,10.1149/1.1344281,ClO4,PC:1.000,saltconc_weightedperm_weightedvisc,"salt_conc_x_weighted_permittivity, salt_conc_x_weighted_viscosity",64.9,2.53,2,clustered,245,5,5,0.7972778726861223,False
246,3736,10.1149/1.1344281,ClO4,PC:1.000,saltconc_weightedperm_weightedvisc,"salt_conc_x_weighted_permittivity, salt_conc_x_weighted_viscosity",64.9,2.53,2,clustered,246,5,5,0.7972778726861223,False
247,3737,10.1149/1.1344281,ClO4,PC:1.000,saltconc_weightedperm_weightedvisc,"salt_conc_x_weighted_permittivity, salt_conc_x_weighted_viscosity",64.9,2.53,2,clustered,247,5,5,0.7972778726861223,False
248,3738,10.1149/1.1344281,ClO4,PC:1.000,saltconc_weightedperm_weightedvisc,"salt_conc_x_weighted_permittivity, salt_conc_x_weighted_viscosity",64.9,2.53,2,clustered,248,5,5,0.7972778726861223,False
249,3739,10.1149/1.1344281,ClO4,PC:1.000,saltconc_weightedperm_weightedvisc,"salt_conc_x_weighted_permittivity, salt_conc_x_weighted_viscosity",64.9,2.53,2,clustered,249,5,5,0.7972778726861223,False
250,3740,10.1149/1.1344281,ClO4,PC:1.000,saltconc_weightedperm_weightedvisc,"salt_conc_x_weighted_permittivity, salt_conc_x_weighted_viscosity",64.9,2.53,2,clustered,250,5,5,0.7972778726861223,False
251,3741,10.1149/1.1344281,ClO4,PC:1.000,saltconc_weightedperm_weightedvisc,"salt_conc_x_weighted_permittivity, salt_conc_x_weighted_viscosity",64.9,2.53,2,clustered,251,5,5,0.7972778726861223,False
252,3742,10.1149/1.1344281,ClO4,PC:1.000,saltconc_weightedperm_weightedvisc,"salt_conc_x_weighted_permittivity, salt_conc_x_weighted_viscosity",64.9,2.53,2,clustered,252,5,5,0.7972778726861223,False
253,3743,10.1149/1.1344281,ClO4,PC:1.000,saltconc_weightedperm_weightedvisc,"salt_conc_x_weighted_permittivity, salt_conc_x_weighted_viscosity",64.9,2.53,2,clustered,253,5,5,0.7972778726861223,False
254,3744,10.1149/1.1344281,ClO4,PC:1.000,saltconc_weightedperm_weightedvisc,"salt_conc_x_weighted_permittivity, salt_conc_x_weighted_viscosity",64.9,2.53,2,clustered,254,5,5,0.7972778726861223,False
255,3745,10.1149/1.1344281,ClO4,PC:1.000,saltconc_weightedperm_weightedvisc,"salt_conc_x_weighted_permittivity, salt_conc_x_weighted_viscosity",64.9,2.53,2,clustered,255,5,5,0.7972778726861223,False
256,3746,10.1149/1.1344281,ClO4,PC:1.000,saltconc_weightedperm_weightedvisc,"salt_conc_x_weighted_permittivity, salt_conc_x_weighted_viscosity",64.9,2.53,2,clustered,256,5,5,0.7972778726861223,False
257,3747,10.1149/1.1344281,ClO4,PC:1.000,saltconc_weightedperm_weightedvisc,"salt_conc_x_weighted_permittivity, salt_conc_x_weighted_viscosity",64.9,2.53,2,clustered,257,5,5,0.7972778726861223,False
258,3748,10.1149/1.1344281,ClO4,PC:1.000,saltconc_weightedperm_weightedvisc,"salt_conc_x_weighted_permittivity, salt_conc_x_weighted_viscosity",64.9,2.53,2,clustered,258,5,5,0.7972778726861223,False
259,3749,10.1149/1.1344281,ClO4,PC:1.000,saltconc_weightedperm_weightedvisc,"salt_conc_x_weighted_permittivity, salt_conc_x_weighted_viscosity",64.9,2.53,2,clustered,259,5,5,0.7972778726861223,False
260,3750,10.1149/1.1344281,ClO4,PC:1.000,saltconc_weightedperm_weightedvisc,"salt_conc_x_weighted_permittivity, salt_conc_x_weighted_viscosity",64.9,2.53,2,clustered,260,5,5,0.7972778726861223,False
261,3751,10.1149/1.1344281,ClO4,PC:1.000,saltconc_weightedperm_weightedvisc,"salt_conc_x_weighted_permittivity, salt_conc_x_weighted_viscosity",64.9,2.53,2,clustered,261,5,5,0.7972778726861223,False
262,3752,10.1149/1.1344281,ClO4,PC:1.000,saltconc_weightedperm_weightedvisc,"salt_conc_x_weighted_permittivity, salt_conc_x_weighted_viscosity",64.9,2.53,2,clustered,262,5,5,0.7972778726861223,False
263,3753,10.1149/1.1344281,ClO4,PC:1.000,saltconc_weightedperm_weightedvisc,"salt_conc_x_weighted_permittivity, salt_conc_x_weighted_viscosity",64.9,2.53,2,clustered,263,5,5,0.7972778726861223,False
264,3754,10.1149/1.1344281,ClO4,PC:1.000,saltconc_weightedperm_weightedvisc,"salt_conc_x_weighted_permittivity, salt_conc_x_weighted_viscosity",64.9,2.53,2,clustered,264,5,5,0.7972778726861223,False
265,3755,10.1149/1.1344281,ClO4,PC:1.000,saltconc_weightedperm_weightedvisc,"salt_conc_x_weighted_permittivity, salt_conc_x_weighted_viscosity",64.9,2.53,2,clustered,265,5,5,0.7972778726861223,False
266,3756,10.1149/1.1344281,ClO4,PC:1.000,saltconc_weightedperm_weightedvisc,"salt_conc_x_weighted_permittivity, salt_conc_x_weighted_viscosity",64.9,2.53,2,clustered,266,5,5,0.7972778726861223,False
267,3757,10.1149/1.1344281,ClO4,PC:1.000,saltconc_weightedperm_weightedvisc,"salt_conc_x_weighted_permittivity, salt_conc_x_weighted_viscosity",64.9,2.53,2,clustered,267,5,5,0.7972778726861223,False
268,3758,10.1149/1.1344281,ClO4,PC:1.000,saltconc_weightedperm_weightedvisc,"salt_conc_x_weighted_permittivity, salt_conc_x_weighted_viscosity",64.9,2.53,2,clustered,268,5,5,0.7972778726861223,False
269,3759,10.1149/1.1344281,ClO4,PC:1.000,saltconc_weightedperm_weightedvisc,"salt_conc_x_weighted_permittivity, salt_conc_x_weighted_viscosity",64.9,2.53,2,clustered,269,5,5,0.7972778726861223,False
270,3760,10.1149/1.1344281,ClO4,PC:1.000,saltconc_weightedperm_weightedvisc,"salt_conc_x_weighted_permittivity, salt_conc_x_weighted_viscosity",64.9,2.53,2,clustered,270,5,5,0.7972778726861223,False
271,3786,10.1149/1.1344281,ClO4,DME:1.000,saltconc_weightedperm_weightedvisc,"salt_conc_x_weighted_permittivity, salt_conc_x_weighted_viscosity",3.6,0.195,3,clustered,271,5,5,0.7972778726861223,False
272,3787,10.1149/1.1344281,ClO4,DME:1.000,saltconc_weightedperm_weightedvisc,"salt_conc_x_weighted_permittivity, salt_conc_x_weighted_viscosity",3.6,0.195,3,clustered,272,5,5,0.7972778726861223,False
273,3788,10.1149/1.1344281,ClO4,DME:1.000,saltconc_weightedperm_weightedvisc,"salt_conc_x_weighted_permittivity, salt_conc_x_weighted_viscosity",3.6,0.195,3,clustered,273,5,5,0.7972778726861223,False
274,3789,10.1149/1.1344281,ClO4,DME:1.000,saltconc_weightedperm_weightedvisc,"salt_conc_x_weighted_permittivity, salt_conc_x_weighted_viscosity",3.6,0.195,3,clustered,274,5,5,0.7972778726861223,False
275,3790,10.1149/1.1344281,ClO4,DME:1.000,saltconc_weightedperm_weightedvisc,"salt_conc_x_weighted_permittivity, salt_conc_x_weighted_viscosity",3.6,0.195,3,clustered,275,5,5,0.7972778726861223,False
276,3791,10.1149/1.1344281,ClO4,DME:1.000,saltconc_weightedperm_weightedvisc,"salt_conc_x_weighted_permittivity, salt_conc_x_weighted_viscosity",3.6,0.195,3,clustered,276,5,5,0.7972778726861223,False
277,3792,10.1149/1.1344281,ClO4,DME:1.000,saltconc_weightedperm_weightedvisc,"salt_conc_x_weighted_permittivity, salt_conc_x_weighted_viscosity",3.6,0.195,3,clustered,277,5,5,0.7972778726861223,False
278,3793,10.1149/1.1344281,ClO4,DME:1.000,saltconc_weightedperm_weightedvisc,"salt_conc_x_weighted_permittivity, salt_conc_x_weighted_viscosity",3.6,0.195,3,clustered,278,5,5,0.7972778726861223,False
279,3794,10.1149/1.1344281,ClO4,DME:1.000,saltconc_weightedperm_weightedvisc,"salt_conc_x_weighted_permittivity, salt_conc_x_weighted_viscosity",3.6,0.195,3,clustered,279,5,5,0.7972778726861223,False
280,3795,10.1149/1.1344281,ClO4,DME:1.000,saltconc_weightedperm_weightedvisc,"salt_conc_x_weighted_permittivity, salt_conc_x_weighted_viscosity",3.6,0.195,3,clustered,280,5,5,0.7972778726861223,False
281,3796,10.1149/1.1344281,ClO4,DME:1.000,saltconc_weightedperm_weightedvisc,"salt_conc_x_weighted_permittivity, salt_conc_x_weighted_viscosity",3.6,0.195,3,clustered,281,5,5,0.7972778726861223,False
282,3797,10.1149/1.1344281,ClO4,DME:1.000,saltconc_weightedperm_weightedvisc,"salt_conc_x_weighted_permittivity, salt_conc_x_weighted_viscosity",3.6,0.195,3,clustered,282,5,5,0.7972778726861223,False
283,3798,10.1149/1.1344281,ClO4,DME:1.000,saltconc_weightedperm_weightedvisc,"salt_conc_x_weighted_permittivity, salt_conc_x_weighted_viscosity",3.6,0.195,3,clustered,283,5,5,0.7972778726861223,False
284,3799,10.1149/1.1344281,ClO4,DME:1.000,saltconc_weightedperm_weightedvisc,"salt_conc_x_weighted_permittivity, salt_conc_x_weighted_viscosity",3.6,0.195,3,clustered,284,5,5,0.7972778726861223,False
285,3800,10.1149/1.1344281,ClO4,DME:1.000,saltconc_weightedperm_weightedvisc,"salt_conc_x_weighted_permittivity, salt_conc_x_weighted_viscosity",3.6,0.195,3,clustered,285,5,5,0.7972778726861223,False
286,3801,10.1149/1.1344281,ClO4,DME:1.000,saltconc_weightedperm_weightedvisc,"salt_conc_x_weighted_permittivity, salt_conc_x_weighted_viscosity",3.6,0.195,3,clustered,286,5,5,0.7972778726861223,False
287,3802,10.1149/1.1344281,ClO4,DME:1.000,saltconc_weightedperm_weightedvisc,"salt_conc_x_weighted_permittivity, salt_conc_x_weighted_viscosity",3.6,0.195,3,clustered,287,5,5,0.7972778726861223,False
288,3803,10.1149/1.1344281,ClO4,DME:1.000,saltconc_weightedperm_weightedvisc,"salt_conc_x_weighted_permittivity, salt_conc_x_weighted_viscosity",3.6,0.195,3,clustered,288,5,5,0.7972778726861223,False
289,3804,10.1149/1.1344281,ClO4,DME:1.000,saltconc_weightedperm_weightedvisc,"salt_conc_x_weighted_permittivity, salt_conc_x_weighted_viscosity",3.6,0.195,3,clustered,289,5,5,0.7972778726861223,False
290,3805,10.1149/1.1344281,ClO4,DME:1.000,saltconc_weightedperm_weightedvisc,"salt_conc_x_weighted_permittivity, salt_conc_x_weighted_viscosity",3.6,0.195,3,clustered,290,5,5,0.7972778726861223,False
291,3806,10.1149/1.1344281,ClO4,DME:1.000,saltconc_weightedperm_weightedvisc,"salt_conc_x_weighted_permittivity, salt_conc_x_weighted_viscosity",3.6,0.195,3,clustered,291,5,5,0.7972778726861223,False
292,3807,10.1149/1.1344281,ClO4,DME:1.000,saltconc_weightedperm_weightedvisc,"salt_conc_x_weighted_permittivity, salt_conc_x_weighted_viscosity",3.6,0.195,3,clustered,292,5,5,0.7972778726861223,False
293,3808,10.1149/1.1344281,ClO4,DME:1.000,saltconc_weightedperm_weightedvisc,"salt_conc_x_weighted_permittivity, salt_conc_x_weighted_viscosity",3.6,0.195,3,clustered,293,5,5,0.7972778726861223,False
294,3809,10.1149/1.1344281,ClO4,DME:1.000,saltconc_weightedperm_weightedvisc,"salt_conc_x_weighted_permittivity, salt_conc_x_weighted_viscosity",3.6,0.195,3,clustered,294,5,5,0.7972778726861223,False
295,3810,10.1149/1.1344281,ClO4,DME:1.000,saltconc_weightedperm_weightedvisc,"salt_conc_x_weighted_permittivity, salt_conc_x_weighted_viscosity",3.6,0.195,3,clustered,295,5,5,0.7972778726861223,False
296,3811,10.1149/1.1344281,ClO4,DME:1.000,saltconc_weightedperm_weightedvisc,"salt_conc_x_weighted_permittivity, salt_conc_x_weighted_viscosity",3.6,0.195,3,clustered,296,5,5,0.7972778726861223,False
297,3812,10.1149/1.1344281,ClO4,DME:1.000,saltconc_weightedperm_weightedvisc,"salt_conc_x_weighted_permittivity, salt_conc_x_weighted_viscosity",3.6,0.195,3,clustered,297,5,5,0.7972778726861223,False
298,3813,10.1149/1.1344281,TFSI,DME:1.000,saltconc_weightedperm_weightedvisc,"salt_conc_x_weighted_permittivity, salt_conc_x_weighted_viscosity",3.6,0.195,3,clustered,298,5,5,0.7972778726861223,False
299,3814,10.1149/1.1344281,TFSI,DME:1.000,saltconc_weightedperm_weightedvisc,"salt_conc_x_weighted_permittivity, salt_conc_x_weighted_viscosity",3.6,0.195,3,clustered,299,5,5,0.7972778726861223,False
300,3815,10.1149/1.1344281,TFSI,DME:1.000,saltconc_weightedperm_weightedvisc,"salt_conc_x_weighted_permittivity, salt_conc_x_weighted_viscosity",3.6,0.195,3,clustered,300,5,5,0.7972778726861223,False
301,3816,10.1149/1.1344281,TFSI,DME:1.000,saltconc_weightedperm_weightedvisc,"salt_conc_x_weighted_permittivity, salt_conc_x_weighted_viscosity",3.6,0.195,3,clustered,301,5,5,0.7972778726861223,False
302,3817,10.1149/1.1344281,TFSI,DME:1.000,saltconc_weightedperm_weightedvisc,"salt_conc_x_weighted_permittivity, salt_conc_x_weighted_viscosity",3.6,0.195,3,clustered,302,5,5,0.7972778726861223,False
303,3818,10.1149/1.1344281,TFSI,DME:1.000,saltconc_weightedperm_weightedvisc,"salt_conc_x_weighted_permittivity, salt_conc_x_weighted_viscosity",3.6,0.195,3,clustered,303,5,5,0.7972778726861223,False
304,3819,10.1149/1.1344281,TFSI,DME:1.000,saltconc_weightedperm_weightedvisc,"salt_conc_x_weighted_permittivity, salt_conc_x_weighted_viscosity",3.6,0.195,3,clustered,304,5,5,0.7972778726861223,False
305,3820,10.1149/1.1344281,TFSI,DME:1.000,saltconc_weightedperm_weightedvisc,"salt_conc_x_weighted_permittivity, salt_conc_x_weighted_viscosity",3.6,0.195,3,clustered,305,5,5,0.7972778726861223,False
306,3821,10.1149/1.1344281,TFSI,DME:1.000,saltconc_weightedperm_weightedvisc,"salt_conc_x_weighted_permittivity, salt_conc_x_weighted_viscosity",3.6,0.195,3,clustered,306,5,5,0.7972778726861223,False
307,3822,10.1149/1.1344281,TFSI,DME:1.000,saltconc_weightedperm_weightedvisc,"salt_conc_x_weighted_permittivity, salt_conc_x_weighted_viscosity",3.6,0.195,3,clustered,307,5,5,0.7972778726861223,False
308,3823,10.1149/1.1344281,TFSI,DME:1.000,saltconc_weightedperm_weightedvisc,"salt_conc_x_weighted_permittivity, salt_conc_x_weighted_viscosity",3.6,0.195,3,clustered,308,5,5,0.7972778726861223,False
309,3824,10.1149/1.1344281,TFSI,DME:1.000,saltconc_weightedperm_weightedvisc,"salt_conc_x_weighted_permittivity, salt_conc_x_weighted_viscosity",3.6,0.195,3,clustered,309,5,5,0.7972778726861223,False
310,3825,10.1149/1.1344281,TFSI,DME:1.000,saltconc_weightedperm_weightedvisc,"salt_conc_x_weighted_permittivity, salt_conc_x_weighted_viscosity",3.6,0.195,3,clustered,310,5,5,0.7972778726861223,False
311,3826,10.1149/1.1344281,TFSI,DME:1.000,saltconc_weightedperm_weightedvisc,"salt_conc_x_weighted_permittivity, salt_conc_x_weighted_viscosity",3.6,0.195,3,clustered,311,5,5,0.7972778726861223,False
312,3827,10.1149/1.1344281,TFSI,DME:1.000,saltconc_weightedperm_weightedvisc,"salt_conc_x_weighted_permittivity, salt_conc_x_weighted_viscosity",3.6,0.195,3,clustered,312,5,5,0.7972778726861223,False
313,3828,10.1149/1.1344281,TFSI,DME:1.000,saltconc_weightedperm_weightedvisc,"salt_conc_x_weighted_permittivity, salt_conc_x_weighted_viscosity",3.6,0.195,3,clustered,313,5,5,0.7972778726861223,False
314,3829,10.1149/1.1344281,TFSI,DME:1.000,saltconc_weightedperm_weightedvisc,"salt_conc_x_weighted_permittivity, salt_conc_x_weighted_viscosity",3.6,0.195,3,clustered,314,5,5,0.7972778726861223,False
315,3830,10.1149/1.1344281,TFSI,DME:1.000,saltconc_weightedperm_weightedvisc,"salt_conc_x_weighted_permittivity, salt_conc_x_weighted_viscosity",3.6,0.195,3,clustered,315,5,5,0.7972778726861223,False
316,3831,10.1149/1.1344281,TFSI,DME:1.000,saltconc_weightedperm_weightedvisc,"salt_conc_x_weighted_permittivity, salt_conc_x_weighted_viscosity",3.6,0.195,3,clustered,316,5,5,0.7972778726861223,False
317,3832,10.1149/1.1344281,TFSI,DME:1.000,saltconc_weightedperm_weightedvisc,"salt_conc_x_weighted_permittivity, salt_conc_x_weighted_viscosity",3.6,0.195,3,clustered,317,5,5,0.7972778726861223,False
318,3833,10.1149/1.1344281,TFSI,DME:1.000,saltconc_weightedperm_weightedvisc,"salt_conc_x_weighted_permittivity, salt_conc_x_weighted_viscosity",3.6,0.195,3,clustered,318,5,5,0.7972778726861223,False
319,3834,10.1149/1.1344281,TFSI,DME:1.000,saltconc_weightedperm_weightedvisc,"salt_conc_x_weighted_permittivity, salt_conc_x_weighted_viscosity",3.6,0.195,3,clustered,319,5,5,0.7972778726861223,False
320,3835,10.1149/1.1344281,TFSI,DME:1.000,saltconc_weightedperm_weightedvisc,"salt_conc_x_weighted_permittivity, salt_conc_x_weighted_viscosity",3.6,0.195,3,clustered,320,5,5,0.7972778726861223,False
321,3836,10.1149/1.1344281,TFSI,DME:1.000,saltconc_weightedperm_weightedvisc,"salt_conc_x_weighted_permittivity, salt_conc_x_weighted_viscosity",3.6,0.195,3,clustered,321,5,5,0.7972778726861223,False
322,3837,10.1149/1.1344281,TFSI,DME:1.000,saltconc_weightedperm_weightedvisc,"salt_conc_x_weighted_permittivity, salt_conc_x_weighted_viscosity",3.6,0.195,3,clustered,322,5,5,0.7972778726861223,False
323,3838,10.1149/1.1344281,TFSI,DME:1.000,saltconc_weightedperm_weightedvisc,"salt_conc_x_weighted_permittivity, salt_conc_x_weighted_viscosity",3.6,0.195,3,clustered,323,5,5,0.7972778726861223,False
324,4363,10.1149/1.1466857,PF6,EC:0.300+EMC:0.700,saltconc_weightedperm_weightedvisc,"salt_conc_x_weighted_permittivity, salt_conc_x_weighted_viscosity",28.73,1.025,5,clustered,324,5,5,0.7972778726861223,False
325,4364,10.1149/1.1466857,PF6,EC:0.300+EMC:0.700,saltconc_weightedperm_weightedvisc,"salt_conc_x_weighted_permittivity, salt_conc_x_weighted_viscosity",28.73,1.025,5,clustered,325,5,5,0.7972778726861223,False
326,4365,10.1149/1.1466857,PF6,EC:0.300+EMC:0.700,saltconc_weightedperm_weightedvisc,"salt_conc_x_weighted_permittivity, salt_conc_x_weighted_viscosity",28.73,1.025,5,clustered,326,5,5,0.7972778726861223,False
327,4366,10.1149/1.1466857,PF6,EC:0.300+EMC:0.700,saltconc_weightedperm_weightedvisc,"salt_conc_x_weighted_permittivity, salt_conc_x_weighted_viscosity",28.73,1.025,5,clustered,327,5,5,0.7972778726861223,False
328,4367,10.1149/1.1466857,PF6,EC:0.300+EMC:0.700,saltconc_weightedperm_weightedvisc,"salt_conc_x_weighted_permittivity, salt_conc_x_weighted_viscosity",28.73,1.025,5,clustered,328,5,5,0.7972778726861223,False
329,4368,10.1149/1.1466857,PF6,EC:0.300+EMC:0.700,saltconc_weightedperm_weightedvisc,"salt_conc_x_weighted_permittivity, salt_conc_x_weighted_viscosity",28.73,1.025,5,clustered,329,5,5,0.7972778726861223,False
330,4369,10.1149/1.1466857,PF6,EC:0.300+EMC:0.700,saltconc_weightedperm_weightedvisc,"salt_conc_x_weighted_permittivity, salt_conc_x_weighted_viscosity",28.73,1.025,5,clustered,330,5,5,0.7972778726861223,False
331,4370,10.1149/1.1466857,PF6,EC:0.300+EMC:0.700,saltconc_weightedperm_weightedvisc,"salt_conc_x_weighted_permittivity, salt_conc_x_weighted_viscosity",28.73,1.025,5,clustered,331,5,5,0.7972778726861223,False
332,4371,10.1149/1.1466857,PF6,EC:0.300+EMC:0.700,saltconc_weightedperm_weightedvisc,"salt_conc_x_weighted_permittivity, salt_conc_x_weighted_viscosity",28.73,1.025,5,clustered,332,5,5,0.7972778726861223,False
333,4372,10.1149/1.1466857,PF6,EC:0.300+EMC:0.700,saltconc_weightedperm_weightedvisc,"salt_conc_x_weighted_permittivity, salt_conc_x_weighted_viscosity",28.73,1.025,5,clustered,333,5,5,0.7972778726861223,False
334,4373,10.1149/1.1466857,PF6,EC:0.300+EMC:0.700,saltconc_weightedperm_weightedvisc,"salt_conc_x_weighted_permittivity, salt_conc_x_weighted_viscosity",28.73,1.025,5,clustered,334,5,5,0.7972778726861223,False
335,4374,10.1149/1.1466857,PF6,EC:0.300+EMC:0.700,saltconc_weightedperm_weightedvisc,"salt_conc_x_weighted_permittivity, salt_conc_x_weighted_viscosity",28.73,1.025,5,clustered,335,5,5,0.7972778726861223,False
336,4375,10.1149/1.1466857,BF4,EC:0.300+EMC:0.700,saltconc_weightedperm_weightedvisc,"salt_conc_x_weighted_permittivity, salt_conc_x_weighted_viscosity",28.73,1.025,5,clustered,336,5,5,0.7972778726861223,False
337,4376,10.1149/1.1466857,BF4,EC:0.300+EMC:0.700,saltconc_weightedperm_weightedvisc,"salt_conc_x_weighted_permittivity, salt_conc_x_weighted_viscosity",28.73,1.025,5,clustered,337,5,5,0.7972778726861223,False
338,4377,10.1149/1.1466857,BF4,EC:0.300+EMC:0.700,saltconc_weightedperm_weightedvisc,"salt_conc_x_weighted_permittivity, salt_conc_x_weighted_viscosity",28.73,1.025,5,clustered,338,5,5,0.7972778726861223,False
339,4378,10.1149/1.1466857,BF4,EC:0.300+EMC:0.700,saltconc_weightedperm_weightedvisc,"salt_conc_x_weighted_permittivity, salt_conc_x_weighted_viscosity",28.73,1.025,5,clustered,339,5,5,0.7972778726861223,False
340,4379,10.1149/1.1466857,BF4,EC:0.300+EMC:0.700,saltconc_weightedperm_weightedvisc,"salt_conc_x_weighted_permittivity, salt_conc_x_weighted_viscosity",28.73,1.025,5,clustered,340,5,5,0.7972778726861223,False
341,4380,10.1149/1.1466857,BF4,EC:0.300+EMC:0.700,saltconc_weightedperm_weightedvisc,"salt_conc_x_weighted_permittivity, salt_conc_x_weighted_viscosity",28.73,1.025,5,clustered,341,5,5,0.7972778726861223,False
342,4381,10.1149/1.1466857,BF4,EC:0.300+EMC:0.700,saltconc_weightedperm_weightedvisc,"salt_conc_x_weighted_permittivity, salt_conc_x_weighted_viscosity",28.73,1.025,5,clustered,342,5,5,0.7972778726861223,False
343,4382,10.1149/1.1466857,BF4,EC:0.300+EMC:0.700,saltconc_weightedperm_weightedvisc,"salt_conc_x_weighted_permittivity, salt_conc_x_weighted_viscosity",28.73,1.025,5,clustered,343,5,5,0.7972778726861223,False
344,4383,10.1149/1.1466857,BF4,EC:0.300+EMC:0.700,saltconc_weightedperm_weightedvisc,"salt_conc_x_weighted_permittivity, salt_conc_x_weighted_viscosity",28.73,1.025,5,clustered,344,5,5,0.7972778726861223,False
345,4384,10.1149/1.1466857,BF4,EC:0.300+EMC:0.700,saltconc_weightedperm_weightedvisc,"salt_conc_x_weighted_permittivity, salt_conc_x_weighted_viscosity",28.73,1.025,5,clustered,345,5,5,0.7972778726861223,False
346,4385,10.1149/1.1466857,BF4,EC:0.300+EMC:0.700,saltconc_weightedperm_weightedvisc,"salt_conc_x_weighted_permittivity, salt_conc_x_weighted_viscosity",28.73,1.025,5,clustered,346,5,5,0.7972778726861223,False
347,4386,10.1149/1.1466857,BF4,EC:0.300+EMC:0.700,saltconc_weightedperm_weightedvisc,"salt_conc_x_weighted_permittivity, salt_conc_x_weighted_viscosity",28.73,1.025,5,clustered,347,5,5,0.7972778726861223,False
348,10873,10.1149/1.1872737,PF6,EC:0.270+PC:0.100+DMC:0.630,saltconc_weightedperm_weightedvisc,"salt_conc_x_weighted_permittivity, salt_conc_x_weighted_viscosity",12.621085032864,0.4421829963936,3,clustered,348,5,5,0.7972778726861223,False
349,10874,10.1149/1.1872737,PF6,EC:0.270+PC:0.100+DMC:0.630,saltconc_weightedperm_weightedvisc,"salt_conc_x_weighted_permittivity, salt_conc_x_weighted_viscosity",12.708731445879,0.4452537112670999,3,clustered,349,5,5,0.7972778726861223,False
350,10875,10.1149/1.1872737,PF6,EC:0.270+PC:0.100+DMC:0.630,saltconc_weightedperm_weightedvisc,"salt_conc_x_weighted_permittivity, salt_conc_x_weighted_viscosity",31.202126865154,1.0931746292146,5,clustered,350,5,5,0.7972778726861223,False
351,10877,10.1149/1.1872737,PF6,EC:0.270+PC:0.100+DMC:0.630,saltconc_weightedperm_weightedvisc,"salt_conc_x_weighted_permittivity, salt_conc_x_weighted_viscosity",56.269004039906,1.9713991899794,2,clustered,351,5,5,0.7972778726861223,False
352,10878,10.1149/1.1872737,PF6,EC:0.270+PC:0.100+DMC:0.630,saltconc_weightedperm_weightedvisc,"salt_conc_x_weighted_permittivity, salt_conc_x_weighted_viscosity",72.746531700052,2.5486936567348,2,clustered,352,5,5,0.7972778726861223,False
353,10881,10.1149/1.1872737,PF6,EC:0.270+PC:0.100+DMC:0.630,saltconc_weightedperm_weightedvisc,"salt_conc_x_weighted_permittivity, salt_conc_x_weighted_viscosity",108.155686909494,3.7892626180806,4,clustered,353,5,5,0.7972778726861223,False
354,10884,10.1149/1.1872737,PF6,EC:0.270+PC:0.100+DMC:0.630,saltconc_weightedperm_weightedvisc,"salt_conc_x_weighted_permittivity, salt_conc_x_weighted_viscosity",12.621085032864,0.4421829963936,3,clustered,354,5,5,0.7972778726861223,False
355,10885,10.1149/1.1872737,PF6,EC:0.270+PC:0.100+DMC:0.630,saltconc_weightedperm_weightedvisc,"salt_conc_x_weighted_permittivity, salt_conc_x_weighted_viscosity",31.202126865154,1.0931746292146,5,clustered,355,5,5,0.7972778726861223,False
356,10886,10.1149/1.1872737,PF6,EC:0.270+PC:0.100+DMC:0.630,saltconc_weightedperm_weightedvisc,"salt_conc_x_weighted_permittivity, salt_conc_x_weighted_viscosity",56.444296898409,1.9775406208641,2,clustered,356,5,5,0.7972778726861223,False
357,10887,10.1149/1.1872737,PF6,EC:0.270+PC:0.100+DMC:0.630,saltconc_weightedperm_weightedvisc,"salt_conc_x_weighted_permittivity, salt_conc_x_weighted_viscosity",56.35665048539399,1.9744699059906,2,clustered,357,5,5,0.7972778726861223,False
358,10888,10.1149/1.1872737,PF6,EC:0.270+PC:0.100+DMC:0.630,saltconc_weightedperm_weightedvisc,"salt_conc_x_weighted_permittivity, salt_conc_x_weighted_viscosity",72.571238874022,2.5425522269878,2,clustered,358,5,5,0.7972778726861223,False
359,10889,10.1149/1.1872737,PF6,EC:0.270+PC:0.100+DMC:0.630,saltconc_weightedperm_weightedvisc,"salt_conc_x_weighted_permittivity, salt_conc_x_weighted_viscosity",108.243333322509,3.7923333329541,4,clustered,359,5,5,0.7972778726861223,False
360,10891,10.1149/1.1872737,PF6,EC:0.270+PC:0.100+DMC:0.630,saltconc_weightedperm_weightedvisc,"salt_conc_x_weighted_permittivity, salt_conc_x_weighted_viscosity",12.796377858894,0.4483244261406,3,clustered,360,5,5,0.7972778726861223,False
361,10893,10.1149/1.1872737,PF6,EC:0.270+PC:0.100+DMC:0.630,saltconc_weightedperm_weightedvisc,"salt_conc_x_weighted_permittivity, salt_conc_x_weighted_viscosity",31.026834006651,1.0870331983299,5,clustered,361,5,5,0.7972778726861223,False
362,10894,10.1149/1.1872737,PF6,EC:0.270+PC:0.100+DMC:0.630,saltconc_weightedperm_weightedvisc,"salt_conc_x_weighted_permittivity, salt_conc_x_weighted_viscosity",56.35665048539399,1.9744699059906,2,clustered,362,5,5,0.7972778726861223,False
363,10895,10.1149/1.1872737,PF6,EC:0.270+PC:0.100+DMC:0.630,saltconc_weightedperm_weightedvisc,"salt_conc_x_weighted_permittivity, salt_conc_x_weighted_viscosity",72.658885287037,2.5456229418612994,2,clustered,363,5,5,0.7972778726861223,False
364,10897,10.1149/1.1872737,PF6,EC:0.270+PC:0.100+DMC:0.630,saltconc_weightedperm_weightedvisc,"salt_conc_x_weighted_permittivity, salt_conc_x_weighted_viscosity",108.243333322509,3.7923333329541,4,clustered,364,5,5,0.7972778726861223,False
365,10899,10.1149/1.1872737,PF6,EC:0.270+PC:0.100+DMC:0.630,saltconc_weightedperm_weightedvisc,"salt_conc_x_weighted_permittivity, salt_conc_x_weighted_viscosity",12.708731445879,0.4452537112670999,3,clustered,365,5,5,0.7972778726861223,False
366,10900,10.1149/1.1872737,PF6,EC:0.270+PC:0.100+DMC:0.630,saltconc_weightedperm_weightedvisc,"salt_conc_x_weighted_permittivity, salt_conc_x_weighted_viscosity",31.026834006651,1.0870331983299,5,clustered,366,5,5,0.7972778726861223,False
367,10901,10.1149/1.1872737,PF6,EC:0.270+PC:0.100+DMC:0.630,saltconc_weightedperm_weightedvisc,"salt_conc_x_weighted_permittivity, salt_conc_x_weighted_viscosity",56.444296898409,1.9775406208641,2,clustered,367,5,5,0.7972778726861223,False
368,10902,10.1149/1.1872737,PF6,EC:0.270+PC:0.100+DMC:0.630,saltconc_weightedperm_weightedvisc,"salt_conc_x_weighted_permittivity, salt_conc_x_weighted_viscosity",72.571238874022,2.5425522269878,2,clustered,368,5,5,0.7972778726861223,False
369,10903,10.1149/1.1872737,PF6,EC:0.270+PC:0.100+DMC:0.630,saltconc_weightedperm_weightedvisc,"salt_conc_x_weighted_permittivity, salt_conc_x_weighted_viscosity",108.068040496479,3.7861919032071,4,clustered,369,5,5,0.7972778726861223,False
370,11883,10.1149/2.0571912jes,PF6,EC:0.500+DMC:0.500,saltconc_weightedperm_weightedvisc,"salt_conc_x_weighted_permittivity, salt_conc_x_weighted_viscosity",23.16315,0.626235,5,clustered,370,5,5,0.7972778726861223,False
371,11884,10.1149/2.0571912jes,PF6,EC:0.500+DMC:0.500,saltconc_weightedperm_weightedvisc,"salt_conc_x_weighted_permittivity, salt_conc_x_weighted_viscosity",46.18814999999999,1.2487349999999997,1,clustered,371,5,5,0.7972778726861223,False
372,11885,10.1149/2.0571912jes,PF6,EC:0.500+DMC:0.500,saltconc_weightedperm_weightedvisc,"salt_conc_x_weighted_permittivity, salt_conc_x_weighted_viscosity",69.21314999999998,1.871235,2,clustered,372,5,5,0.7972778726861223,False
373,11886,10.1149/2.0571912jes,PF6,EC:0.500+DMC:0.500,saltconc_weightedperm_weightedvisc,"salt_conc_x_weighted_permittivity, salt_conc_x_weighted_viscosity",92.1,2.49,2,clustered,373,5,5,0.7972778726861223,False
374,11887,10.1149/2.0571912jes,PF6,EC:0.500+DMC:0.500,saltconc_weightedperm_weightedvisc,"salt_conc_x_weighted_permittivity, salt_conc_x_weighted_viscosity",138.14999999999998,3.735,4,clustered,374,5,5,0.7972778726861223,False
375,11888,10.1149/2.0571912jes,PF6,EC:0.500+DMC:0.500,saltconc_weightedperm_weightedvisc,"salt_conc_x_weighted_permittivity, salt_conc_x_weighted_viscosity",23.2092,0.6274799999999999,5,clustered,375,5,5,0.7972778726861223,False
376,11889,10.1149/2.0571912jes,PF6,EC:0.500+DMC:0.500,saltconc_weightedperm_weightedvisc,"salt_conc_x_weighted_permittivity, salt_conc_x_weighted_viscosity",46.2342,1.24998,1,clustered,376,5,5,0.7972778726861223,False
377,11890,10.1149/2.0571912jes,PF6,EC:0.500+DMC:0.500,saltconc_weightedperm_weightedvisc,"salt_conc_x_weighted_permittivity, salt_conc_x_weighted_viscosity",69.21314999999998,1.871235,2,clustered,377,5,5,0.7972778726861223,False
378,11891,10.1149/2.0571912jes,PF6,EC:0.500+DMC:0.500,saltconc_weightedperm_weightedvisc,"salt_conc_x_weighted_permittivity, salt_conc_x_weighted_viscosity",92.23815,2.493735,2,clustered,378,5,5,0.7972778726861223,False
379,11892,10.1149/2.0571912jes,PF6,EC:0.500+DMC:0.500,saltconc_weightedperm_weightedvisc,"salt_conc_x_weighted_permittivity, salt_conc_x_weighted_viscosity",138.14999999999998,3.735,4,clustered,379,5,5,0.7972778726861223,False
380,11893,10.1149/2.0571912jes,PF6,EC:0.500+DMC:0.500,saltconc_weightedperm_weightedvisc,"salt_conc_x_weighted_permittivity, salt_conc_x_weighted_viscosity",23.1171,0.6249899999999999,5,clustered,380,5,5,0.7972778726861223,False
381,11894,10.1149/2.0571912jes,PF6,EC:0.500+DMC:0.500,saltconc_weightedperm_weightedvisc,"salt_conc_x_weighted_permittivity, salt_conc_x_weighted_viscosity",46.2342,1.24998,1,clustered,381,5,5,0.7972778726861223,False
382,11895,10.1149/2.0571912jes,PF6,EC:0.500+DMC:0.500,saltconc_weightedperm_weightedvisc,"salt_conc_x_weighted_permittivity, salt_conc_x_weighted_viscosity",69.25919999999999,1.87248,2,clustered,382,5,5,0.7972778726861223,False
383,11896,10.1149/2.0571912jes,PF6,EC:0.500+DMC:0.500,saltconc_weightedperm_weightedvisc,"salt_conc_x_weighted_permittivity, salt_conc_x_weighted_viscosity",92.14605,2.491245,2,clustered,383,5,5,0.7972778726861223,False
384,11897,10.1149/2.0571912jes,PF6,EC:0.500+DMC:0.500,saltconc_weightedperm_weightedvisc,"salt_conc_x_weighted_permittivity, salt_conc_x_weighted_viscosity",138.0579,3.73251,4,clustered,384,5,5,0.7972778726861223,False
385,11898,10.1149/2.0571912jes,PF6,EC:0.500+DMC:0.500,saltconc_weightedperm_weightedvisc,"salt_conc_x_weighted_permittivity, salt_conc_x_weighted_viscosity",23.2092,0.6274799999999999,5,clustered,385,5,5,0.7972778726861223,False
386,11899,10.1149/2.0571912jes,PF6,EC:0.500+DMC:0.500,saltconc_weightedperm_weightedvisc,"salt_conc_x_weighted_permittivity, salt_conc_x_weighted_viscosity",46.28025,1.2512249999999998,1,clustered,386,5,5,0.7972778726861223,False
387,11900,10.1149/2.0571912jes,PF6,EC:0.500+DMC:0.500,saltconc_weightedperm_weightedvisc,"salt_conc_x_weighted_permittivity, salt_conc_x_weighted_viscosity",69.25919999999999,1.87248,2,clustered,387,5,5,0.7972778726861223,False
388,11901,10.1149/2.0571912jes,PF6,EC:0.500+DMC:0.500,saltconc_weightedperm_weightedvisc,"salt_conc_x_weighted_permittivity, salt_conc_x_weighted_viscosity",92.3763,2.4974699999999994,2,clustered,388,5,5,0.7972778726861223,False
389,11902,10.1149/2.0571912jes,PF6,EC:0.500+DMC:0.500,saltconc_weightedperm_weightedvisc,"salt_conc_x_weighted_permittivity, salt_conc_x_weighted_viscosity",138.38025,3.741225,4,clustered,389,5,5,0.7972778726861223,False
390,11903,10.1149/2.0571912jes,PF6,EC:0.500+DMC:0.500,saltconc_weightedperm_weightedvisc,"salt_conc_x_weighted_permittivity, salt_conc_x_weighted_viscosity",23.25525,0.628725,5,clustered,390,5,5,0.7972778726861223,False
391,11904,10.1149/2.0571912jes,PF6,EC:0.500+DMC:0.500,saltconc_weightedperm_weightedvisc,"salt_conc_x_weighted_permittivity, salt_conc_x_weighted_viscosity",46.37234999999999,1.2537149999999997,1,clustered,391,5,5,0.7972778726861223,False
392,11905,10.1149/2.0571912jes,PF6,EC:0.500+DMC:0.500,saltconc_weightedperm_weightedvisc,"salt_conc_x_weighted_permittivity, salt_conc_x_weighted_viscosity",69.30524999999999,1.873725,2,clustered,392,5,5,0.7972778726861223,False
393,11906,10.1149/2.0571912jes,PF6,EC:0.500+DMC:0.500,saltconc_weightedperm_weightedvisc,"salt_conc_x_weighted_permittivity, salt_conc_x_weighted_viscosity",92.3763,2.4974699999999994,2,clustered,393,5,5,0.7972778726861223,False
394,11907,10.1149/2.0571912jes,PF6,EC:0.500+DMC:0.500,saltconc_weightedperm_weightedvisc,"salt_conc_x_weighted_permittivity, salt_conc_x_weighted_viscosity",138.19605,3.736245,4,clustered,394,5,5,0.7972778726861223,False
395,11908,10.1149/2.0571912jes,PF6,EC:0.500+DMC:0.500,saltconc_weightedperm_weightedvisc,"salt_conc_x_weighted_permittivity, salt_conc_x_weighted_viscosity",23.25525,0.628725,5,clustered,395,5,5,0.7972778726861223,False
396,11909,10.1149/2.0571912jes,PF6,EC:0.500+DMC:0.500,saltconc_weightedperm_weightedvisc,"salt_conc_x_weighted_permittivity, salt_conc_x_weighted_viscosity",46.4184,1.25496,1,clustered,396,5,5,0.7972778726861223,False
397,11910,10.1149/2.0571912jes,PF6,EC:0.500+DMC:0.500,saltconc_weightedperm_weightedvisc,"salt_conc_x_weighted_permittivity, salt_conc_x_weighted_viscosity",69.21314999999998,1.871235,2,clustered,397,5,5,0.7972778726861223,False
398,11911,10.1149/2.0571912jes,PF6,EC:0.500+DMC:0.500,saltconc_weightedperm_weightedvisc,"salt_conc_x_weighted_permittivity, salt_conc_x_weighted_viscosity",92.19209999999998,2.49249,2,clustered,398,5,5,0.7972778726861223,False
399,11912,10.1149/2.0571912jes,PF6,EC:0.500+DMC:0.500,saltconc_weightedperm_weightedvisc,"salt_conc_x_weighted_permittivity, salt_conc_x_weighted_viscosity",138.19605,3.736245,4,clustered,399,5,5,0.7972778726861223,False
400,11913,10.1149/2.0571912jes,PF6,EC:0.500+DMC:0.500,saltconc_weightedperm_weightedvisc,"salt_conc_x_weighted_permittivity, salt_conc_x_weighted_viscosity",23.07105,0.623745,5,clustered,400,5,5,0.7972778726861223,False
401,11914,10.1149/2.0571912jes,PF6,EC:0.500+DMC:0.500,saltconc_weightedperm_weightedvisc,"salt_conc_x_weighted_permittivity, salt_conc_x_weighted_viscosity",46.4184,1.25496,1,clustered,401,5,5,0.7972778726861223,False
402,11915,10.1149/2.0571912jes,PF6,EC:0.500+DMC:0.500,saltconc_weightedperm_weightedvisc,"salt_conc_x_weighted_permittivity, salt_conc_x_weighted_viscosity",69.12105,1.868745,2,clustered,402,5,5,0.7972778726861223,False
403,11916,10.1149/2.0571912jes,PF6,EC:0.500+DMC:0.500,saltconc_weightedperm_weightedvisc,"salt_conc_x_weighted_permittivity, salt_conc_x_weighted_viscosity",92.33025,2.4962249999999995,2,clustered,403,5,5,0.7972778726861223,False
404,11917,10.1149/2.0571912jes,PF6,EC:0.500+DMC:0.500,saltconc_weightedperm_weightedvisc,"salt_conc_x_weighted_permittivity, salt_conc_x_weighted_viscosity",138.14999999999998,3.735,4,clustered,404,5,5,0.7972778726861223,False
405,11918,10.1149/2.0571912jes,PF6,EC:0.300+EMC:0.700,saltconc_weightedperm_weightedvisc,"salt_conc_x_weighted_permittivity, salt_conc_x_weighted_viscosity",3.1890300000000003,0.1137749999999999,3,clustered,405,5,5,0.7972778726861223,False
406,11919,10.1149/2.0571912jes,PF6,EC:0.300+EMC:0.700,saltconc_weightedperm_weightedvisc,"salt_conc_x_weighted_permittivity, salt_conc_x_weighted_viscosity",14.33627,0.5114749999999999,3,clustered,406,5,5,0.7972778726861223,False
407,11920,10.1149/2.0571912jes,PF6,EC:0.300+EMC:0.700,saltconc_weightedperm_weightedvisc,"salt_conc_x_weighted_permittivity, salt_conc_x_weighted_viscosity",28.58635,1.019875,5,clustered,407,5,5,0.7972778726861223,False
408,11921,10.1149/2.0571912jes,PF6,EC:0.300+EMC:0.700,saltconc_weightedperm_weightedvisc,"salt_conc_x_weighted_permittivity, salt_conc_x_weighted_viscosity",43.095,1.5375,1,clustered,408,5,5,0.7972778726861223,False
409,11922,10.1149/2.0571912jes,PF6,EC:0.300+EMC:0.700,saltconc_weightedperm_weightedvisc,"salt_conc_x_weighted_permittivity, salt_conc_x_weighted_viscosity",57.373810000000006,2.046925,2,clustered,409,5,5,0.7972778726861223,False
410,11923,10.1149/2.0571912jes,PF6,EC:0.300+EMC:0.700,saltconc_weightedperm_weightedvisc,"salt_conc_x_weighted_permittivity, salt_conc_x_weighted_viscosity",86.24745999999999,3.0770499999999994,2,clustered,410,5,5,0.7972778726861223,False
411,11924,10.1149/2.0571912jes,PF6,EC:0.300+EMC:0.700,saltconc_weightedperm_weightedvisc,"salt_conc_x_weighted_permittivity, salt_conc_x_weighted_viscosity",2.98792,0.1065999999999999,3,clustered,411,5,5,0.7972778726861223,False
412,11925,10.1149/2.0571912jes,PF6,EC:0.300+EMC:0.700,saltconc_weightedperm_weightedvisc,"salt_conc_x_weighted_permittivity, salt_conc_x_weighted_viscosity",14.02024,0.5002,3,clustered,412,5,5,0.7972778726861223,False
413,11926,10.1149/2.0571912jes,PF6,EC:0.300+EMC:0.700,saltconc_weightedperm_weightedvisc,"salt_conc_x_weighted_permittivity, salt_conc_x_weighted_viscosity",28.61508,1.0209,5,clustered,413,5,5,0.7972778726861223,False
414,11927,10.1149/2.0571912jes,PF6,EC:0.300+EMC:0.700,saltconc_weightedperm_weightedvisc,"salt_conc_x_weighted_permittivity, salt_conc_x_weighted_viscosity",42.98008,1.5334,1,clustered,414,5,5,0.7972778726861223,False
415,11928,10.1149/2.0571912jes,PF6,EC:0.300+EMC:0.700,saltconc_weightedperm_weightedvisc,"salt_conc_x_weighted_permittivity, salt_conc_x_weighted_viscosity",57.431270000000005,2.048975,2,clustered,415,5,5,0.7972778726861223,False
416,11929,10.1149/2.0571912jes,PF6,EC:0.300+EMC:0.700,saltconc_weightedperm_weightedvisc,"salt_conc_x_weighted_permittivity, salt_conc_x_weighted_viscosity",86.13254,3.07295,2,clustered,416,5,5,0.7972778726861223,False
417,11930,10.1149/2.0571912jes,PF6,EC:0.300+EMC:0.700,saltconc_weightedperm_weightedvisc,"salt_conc_x_weighted_permittivity, salt_conc_x_weighted_viscosity",2.93046,0.1045499999999999,3,clustered,417,5,5,0.7972778726861223,False
418,11931,10.1149/2.0571912jes,PF6,EC:0.300+EMC:0.700,saltconc_weightedperm_weightedvisc,"salt_conc_x_weighted_permittivity, salt_conc_x_weighted_viscosity",14.27881,0.5094249999999999,3,clustered,418,5,5,0.7972778726861223,False
419,11932,10.1149/2.0571912jes,PF6,EC:0.300+EMC:0.700,saltconc_weightedperm_weightedvisc,"salt_conc_x_weighted_permittivity, salt_conc_x_weighted_viscosity",28.55762,1.0188499999999998,5,clustered,419,5,5,0.7972778726861223,False
420,11933,10.1149/2.0571912jes,PF6,EC:0.300+EMC:0.700,saltconc_weightedperm_weightedvisc,"salt_conc_x_weighted_permittivity, salt_conc_x_weighted_viscosity",43.03754,1.5354499999999998,1,clustered,420,5,5,0.7972778726861223,False
421,11934,10.1149/2.0571912jes,PF6,EC:0.300+EMC:0.700,saltconc_weightedperm_weightedvisc,"salt_conc_x_weighted_permittivity, salt_conc_x_weighted_viscosity",57.373810000000006,2.046925,2,clustered,421,5,5,0.7972778726861223,False
422,11935,10.1149/2.0571912jes,PF6,EC:0.300+EMC:0.700,saltconc_weightedperm_weightedvisc,"salt_conc_x_weighted_permittivity, salt_conc_x_weighted_viscosity",86.19,3.075,2,clustered,422,5,5,0.7972778726861223,False
423,11936,10.1149/2.0571912jes,PF6,EC:0.300+EMC:0.700,saltconc_weightedperm_weightedvisc,"salt_conc_x_weighted_permittivity, salt_conc_x_weighted_viscosity",2.93046,0.1045499999999999,3,clustered,423,5,5,0.7972778726861223,False
424,11937,10.1149/2.0571912jes,PF6,EC:0.300+EMC:0.700,saltconc_weightedperm_weightedvisc,"salt_conc_x_weighted_permittivity, salt_conc_x_weighted_viscosity",14.27881,0.5094249999999999,3,clustered,424,5,5,0.7972778726861223,False
425,11938,10.1149/2.0571912jes,PF6,EC:0.300+EMC:0.700,saltconc_weightedperm_weightedvisc,"salt_conc_x_weighted_permittivity, salt_conc_x_weighted_viscosity",28.67254,1.0229499999999998,5,clustered,425,5,5,0.7972778726861223,False
426,11939,10.1149/2.0571912jes,PF6,EC:0.300+EMC:0.700,saltconc_weightedperm_weightedvisc,"salt_conc_x_weighted_permittivity, salt_conc_x_weighted_viscosity",43.06627,1.536475,1,clustered,426,5,5,0.7972778726861223,False
427,11940,10.1149/2.0571912jes,PF6,EC:0.300+EMC:0.700,saltconc_weightedperm_weightedvisc,"salt_conc_x_weighted_permittivity, salt_conc_x_weighted_viscosity",57.54619,2.053075,2,clustered,427,5,5,0.7972778726861223,False
428,11941,10.1149/2.0571912jes,PF6,EC:0.300+EMC:0.700,saltconc_weightedperm_weightedvisc,"salt_conc_x_weighted_permittivity, salt_conc_x_weighted_viscosity",86.19,3.075,2,clustered,428,5,5,0.7972778726861223,False
429,11942,10.1149/2.0571912jes,PF6,EC:0.300+EMC:0.700,saltconc_weightedperm_weightedvisc,"salt_conc_x_weighted_permittivity, salt_conc_x_weighted_viscosity",2.93046,0.1045499999999999,3,clustered,429,5,5,0.7972778726861223,False
430,11943,10.1149/2.0571912jes,PF6,EC:0.300+EMC:0.700,saltconc_weightedperm_weightedvisc,"salt_conc_x_weighted_permittivity, salt_conc_x_weighted_viscosity",14.33627,0.5114749999999999,3,clustered,430,5,5,0.7972778726861223,False
431,11944,10.1149/2.0571912jes,PF6,EC:0.300+EMC:0.700,saltconc_weightedperm_weightedvisc,"salt_conc_x_weighted_permittivity, salt_conc_x_weighted_viscosity",28.61508,1.0209,5,clustered,431,5,5,0.7972778726861223,False
432,11945,10.1149/2.0571912jes,PF6,EC:0.300+EMC:0.700,saltconc_weightedperm_weightedvisc,"salt_conc_x_weighted_permittivity, salt_conc_x_weighted_viscosity",43.12373,1.5385249999999997,1,clustered,432,5,5,0.7972778726861223,False
433,11946,10.1149/2.0571912jes,PF6,EC:0.300+EMC:0.700,saltconc_weightedperm_weightedvisc,"salt_conc_x_weighted_permittivity, salt_conc_x_weighted_viscosity",57.57492,2.0541,2,clustered,433,5,5,0.7972778726861223,False
434,11947,10.1149/2.0571912jes,PF6,EC:0.300+EMC:0.700,saltconc_weightedperm_weightedvisc,"salt_conc_x_weighted_permittivity, salt_conc_x_weighted_viscosity",86.07508,3.0708999999999995,2,clustered,434,5,5,0.7972778726861223,False
435,11948,10.1149/2.0571912jes,PF6,EC:0.300+EMC:0.700,saltconc_weightedperm_weightedvisc,"salt_conc_x_weighted_permittivity, salt_conc_x_weighted_viscosity",2.93046,0.1045499999999999,3,clustered,435,5,5,0.7972778726861223,False
436,11949,10.1149/2.0571912jes,PF6,EC:0.300+EMC:0.700,saltconc_weightedperm_weightedvisc,"salt_conc_x_weighted_permittivity, salt_conc_x_weighted_viscosity",14.27881,0.5094249999999999,3,clustered,436,5,5,0.7972778726861223,False
437,11950,10.1149/2.0571912jes,PF6,EC:0.300+EMC:0.700,saltconc_weightedperm_weightedvisc,"salt_conc_x_weighted_permittivity, salt_conc_x_weighted_viscosity",28.61508,1.0209,5,clustered,437,5,5,0.7972778726861223,False
438,11951,10.1149/2.0571912jes,PF6,EC:0.300+EMC:0.700,saltconc_weightedperm_weightedvisc,"salt_conc_x_weighted_permittivity, salt_conc_x_weighted_viscosity",42.86516,1.5293,1,clustered,438,5,5,0.7972778726861223,False
439,11952,10.1149/2.0571912jes,PF6,EC:0.300+EMC:0.700,saltconc_weightedperm_weightedvisc,"salt_conc_x_weighted_permittivity, salt_conc_x_weighted_viscosity",57.51745999999999,2.0520499999999995,2,clustered,439,5,5,0.7972778726861223,False
440,11953,10.1149/2.0571912jes,PF6,EC:0.300+EMC:0.700,saltconc_weightedperm_weightedvisc,"salt_conc_x_weighted_permittivity, salt_conc_x_weighted_viscosity",86.07508,3.0708999999999995,2,clustered,440,5,5,0.7972778726861223,False
441,11954,10.1149/2.0571912jes,PF6,EC:0.300+EMC:0.700,saltconc_weightedperm_weightedvisc,"salt_conc_x_weighted_permittivity, salt_conc_x_weighted_viscosity",2.75808,0.0983999999999999,3,clustered,441,5,5,0.7972778726861223,False
442,11955,10.1149/2.0571912jes,PF6,EC:0.300+EMC:0.700,saltconc_weightedperm_weightedvisc,"salt_conc_x_weighted_permittivity, salt_conc_x_weighted_viscosity",14.27881,0.5094249999999999,3,clustered,442,5,5,0.7972778726861223,False
443,11956,10.1149/2.0571912jes,PF6,EC:0.300+EMC:0.700,saltconc_weightedperm_weightedvisc,"salt_conc_x_weighted_permittivity, salt_conc_x_weighted_viscosity",28.70127,1.023975,5,clustered,443,5,5,0.7972778726861223,False
444,11957,10.1149/2.0571912jes,PF6,EC:0.300+EMC:0.700,saltconc_weightedperm_weightedvisc,"salt_conc_x_weighted_permittivity, salt_conc_x_weighted_viscosity",43.00881,1.534425,1,clustered,444,5,5,0.7972778726861223,False
445,11958,10.1149/2.0571912jes,PF6,EC:0.300+EMC:0.700,saltconc_weightedperm_weightedvisc,"salt_conc_x_weighted_permittivity, salt_conc_x_weighted_viscosity",57.25889,2.042825,2,clustered,445,5,5,0.7972778726861223,False
446,11959,10.1149/2.0571912jes,PF6,EC:0.300+EMC:0.700,saltconc_weightedperm_weightedvisc,"salt_conc_x_weighted_permittivity, salt_conc_x_weighted_viscosity",86.07508,3.0708999999999995,2,clustered,446,5,5,0.7972778726861223,False
447,12002,10.1149/2.0641503jes,PF6,EC:0.500+DEC:0.500,saltconc_weightedperm_weightedvisc,"salt_conc_x_weighted_permittivity, salt_conc_x_weighted_viscosity",23.0562500085,0.6304050928249999,5,clustered,447,5,5,0.7972778726861223,False
448,12003,10.1149/2.0641503jes,PF6,EC:0.500+DEC:0.500,saltconc_weightedperm_weightedvisc,"salt_conc_x_weighted_permittivity, salt_conc_x_weighted_viscosity",23.0562500085,0.6304050928249999,5,clustered,448,5,5,0.7972778726861223,False
449,12004,10.1149/2.0641503jes,PF6,EC:0.500+DEC:0.500,saltconc_weightedperm_weightedvisc,"salt_conc_x_weighted_permittivity, salt_conc_x_weighted_viscosity",22.95,0.6275,5,clustered,449,5,5,0.7972778726861223,False
450,12005,10.1149/2.0641503jes,PF6,EC:0.500+DEC:0.500,saltconc_weightedperm_weightedvisc,"salt_conc_x_weighted_permittivity, salt_conc_x_weighted_viscosity",36.7625000034,1.00516203713,5,clustered,450,5,5,0.7972778726861223,False
451,12006,10.1149/2.0641503jes,PF6,EC:0.500+DEC:0.500,saltconc_weightedperm_weightedvisc,"salt_conc_x_weighted_permittivity, salt_conc_x_weighted_viscosity",36.7625000034,1.00516203713,5,clustered,451,5,5,0.7972778726861223,False
452,12007,10.1149/2.0641503jes,PF6,EC:0.500+DEC:0.500,saltconc_weightedperm_weightedvisc,"salt_conc_x_weighted_permittivity, salt_conc_x_weighted_viscosity",36.7625000034,1.00516203713,5,clustered,452,5,5,0.7972778726861223,False
453,12008,10.1149/2.0641503jes,PF6,EC:0.500+DEC:0.500,saltconc_weightedperm_weightedvisc,"salt_conc_x_weighted_permittivity, salt_conc_x_weighted_viscosity",45.9,1.255,1,clustered,453,5,5,0.7972778726861223,False
454,12009,10.1149/2.0641503jes,PF6,EC:0.500+DEC:0.500,saltconc_weightedperm_weightedvisc,"salt_conc_x_weighted_permittivity, salt_conc_x_weighted_viscosity",45.9,1.255,1,clustered,454,5,5,0.7972778726861223,False
455,12010,10.1149/2.0641503jes,PF6,EC:0.500+DEC:0.500,saltconc_weightedperm_weightedvisc,"salt_conc_x_weighted_permittivity, salt_conc_x_weighted_viscosity",45.9,1.255,1,clustered,455,5,5,0.7972778726861223,False
456,12011,10.1149/2.0641503jes,PF6,EC:0.500+DEC:0.500,saltconc_weightedperm_weightedvisc,"salt_conc_x_weighted_permittivity, salt_conc_x_weighted_viscosity",55.1437500051,1.5077430556949998,1,clustered,456,5,5,0.7972778726861223,False
457,12012,10.1149/2.0641503jes,PF6,EC:0.500+DEC:0.500,saltconc_weightedperm_weightedvisc,"salt_conc_x_weighted_permittivity, salt_conc_x_weighted_viscosity",55.1437500051,1.5077430556949998,1,clustered,457,5,5,0.7972778726861223,False
458,12013,10.1149/2.0641503jes,PF6,EC:0.500+DEC:0.500,saltconc_weightedperm_weightedvisc,"salt_conc_x_weighted_permittivity, salt_conc_x_weighted_viscosity",55.1437500051,1.5077430556949998,1,clustered,458,5,5,0.7972778726861223,False
459,12014,10.1149/2.0641503jes,PF6,EC:0.500+DEC:0.500,saltconc_weightedperm_weightedvisc,"salt_conc_x_weighted_permittivity, salt_conc_x_weighted_viscosity",68.85,1.8825,2,clustered,459,5,5,0.7972778726861223,False
460,12015,10.1149/2.0641503jes,PF6,EC:0.500+DEC:0.500,saltconc_weightedperm_weightedvisc,"salt_conc_x_weighted_permittivity, salt_conc_x_weighted_viscosity",68.85,1.8825,2,clustered,460,5,5,0.7972778726861223,False
461,12016,10.1149/2.0641503jes,PF6,EC:0.500+DEC:0.500,saltconc_weightedperm_weightedvisc,"salt_conc_x_weighted_permittivity, salt_conc_x_weighted_viscosity",68.9562500085,1.885405092825,2,clustered,461,5,5,0.7972778726861223,False
462,13615,10.1016/0378-7753(91)80004-H,PF6,EC:0.150+PC:0.850,saltconc_weightedperm_weightedvisc,"salt_conc_x_weighted_permittivity, salt_conc_x_weighted_viscosity",68.515,2.4355,2,clustered,462,5,5,0.7972778726861223,False
463,13616,10.1016/0378-7753(91)80004-H,PF6,EC:0.500+PC:0.500,saltconc_weightedperm_weightedvisc,"salt_conc_x_weighted_permittivity, salt_conc_x_weighted_viscosity",76.95,2.215,2,clustered,463,5,5,0.7972778726861223,False
464,13618,10.1016/0378-7753(91)80004-H,PF6,EC:0.150+PC:0.850,saltconc_weightedperm_weightedvisc,"salt_conc_x_weighted_permittivity, salt_conc_x_weighted_viscosity",68.515,2.4355,2,clustered,464,5,5,0.7972778726861223,False
465,13619,10.1016/0378-7753(91)80004-H,PF6,EC:0.500+PC:0.500,saltconc_weightedperm_weightedvisc,"salt_conc_x_weighted_permittivity, salt_conc_x_weighted_viscosity",76.95,2.215,2,clustered,465,5,5,0.7972778726861223,False
466,13621,10.1016/0378-7753(91)80004-H,PF6,EC:0.150+PC:0.850,saltconc_weightedperm_weightedvisc,"salt_conc_x_weighted_permittivity, salt_conc_x_weighted_viscosity",68.515,2.4355,2,clustered,466,5,5,0.7972778726861223,False
467,13622,10.1016/0378-7753(91)80004-H,PF6,EC:0.500+PC:0.500,saltconc_weightedperm_weightedvisc,"salt_conc_x_weighted_permittivity, salt_conc_x_weighted_viscosity",76.95,2.215,2,clustered,467,5,5,0.7972778726861223,False
468,13624,10.1016/0378-7753(91)80004-H,PF6,EC:0.150+PC:0.850,saltconc_weightedperm_weightedvisc,"salt_conc_x_weighted_permittivity, salt_conc_x_weighted_viscosity",68.515,2.4355,2,clustered,468,5,5,0.7972778726861223,False
469,13625,10.1016/0378-7753(91)80004-H,PF6,EC:0.500+PC:0.500,saltconc_weightedperm_weightedvisc,"salt_conc_x_weighted_permittivity, salt_conc_x_weighted_viscosity",76.95,2.215,2,clustered,469,5,5,0.7972778726861223,False
470,13627,10.1016/0378-7753(91)80004-H,PF6,EC:0.150+PC:0.850,saltconc_weightedperm_weightedvisc,"salt_conc_x_weighted_permittivity, salt_conc_x_weighted_viscosity",68.515,2.4355,2,clustered,470,5,5,0.7972778726861223,False
471,13628,10.1016/0378-7753(91)80004-H,PF6,EC:0.500+PC:0.500,saltconc_weightedperm_weightedvisc,"salt_conc_x_weighted_permittivity, salt_conc_x_weighted_viscosity",76.95,2.215,2,clustered,471,5,5,0.7972778726861223,False
472,13630,10.1016/0378-7753(91)80004-H,PF6,EC:0.150+PC:0.850,saltconc_weightedperm_weightedvisc,"salt_conc_x_weighted_permittivity, salt_conc_x_weighted_viscosity",68.515,2.4355,2,clustered,472,5,5,0.7972778726861223,False
473,13631,10.1016/0378-7753(91)80004-H,PF6,EC:0.500+PC:0.500,saltconc_weightedperm_weightedvisc,"salt_conc_x_weighted_permittivity, salt_conc_x_weighted_viscosity",76.95,2.215,2,clustered,473,5,5,0.7972778726861223,False
474,13633,10.1016/0378-7753(91)80004-H,PF6,EC:0.150+PC:0.850,saltconc_weightedperm_weightedvisc,"salt_conc_x_weighted_permittivity, salt_conc_x_weighted_viscosity",68.515,2.4355,2,clustered,474,5,5,0.7972778726861223,False
475,13634,10.1016/0378-7753(91)80004-H,PF6,EC:0.500+PC:0.500,saltconc_weightedperm_weightedvisc,"salt_conc_x_weighted_permittivity, salt_conc_x_weighted_viscosity",76.95,2.215,2,clustered,475,5,5,0.7972778726861223,False
476,13636,10.1016/0378-7753(91)80004-H,PF6,EC:0.150+PC:0.850,saltconc_weightedperm_weightedvisc,"salt_conc_x_weighted_permittivity, salt_conc_x_weighted_viscosity",68.515,2.4355,2,clustered,476,5,5,0.7972778726861223,False
477,13637,10.1016/0378-7753(91)80004-H,PF6,EC:0.500+PC:0.500,saltconc_weightedperm_weightedvisc,"salt_conc_x_weighted_permittivity, salt_conc_x_weighted_viscosity",76.95,2.215,2,clustered,477,5,5,0.7972778726861223,False
478,13639,10.1016/0378-7753(91)80004-H,PF6,EC:0.150+PC:0.850,saltconc_weightedperm_weightedvisc,"salt_conc_x_weighted_permittivity, salt_conc_x_weighted_viscosity",68.515,2.4355,2,clustered,478,5,5,0.7972778726861223,False
479,13640,10.1016/0378-7753(91)80004-H,PF6,EC:0.500+PC:0.500,saltconc_weightedperm_weightedvisc,"salt_conc_x_weighted_permittivity, salt_conc_x_weighted_viscosity",76.95,2.215,2,clustered,479,5,5,0.7972778726861223,False
480,13642,10.1016/0378-7753(91)80004-H,PF6,EC:0.150+PC:0.850,saltconc_weightedperm_weightedvisc,"salt_conc_x_weighted_permittivity, salt_conc_x_weighted_viscosity",68.515,2.4355,2,clustered,480,5,5,0.7972778726861223,False
481,13643,10.1016/0378-7753(91)80004-H,PF6,EC:0.500+PC:0.500,saltconc_weightedperm_weightedvisc,"salt_conc_x_weighted_permittivity, salt_conc_x_weighted_viscosity",76.95,2.215,2,clustered,481,5,5,0.7972778726861223,False
482,13645,10.1016/0378-7753(91)80004-H,PF6,EC:0.150+PC:0.850,saltconc_weightedperm_weightedvisc,"salt_conc_x_weighted_permittivity, salt_conc_x_weighted_viscosity",68.515,2.4355,2,clustered,482,5,5,0.7972778726861223,False
483,13646,10.1016/0378-7753(91)80004-H,PF6,EC:0.500+PC:0.500,saltconc_weightedperm_weightedvisc,"salt_conc_x_weighted_permittivity, salt_conc_x_weighted_viscosity",76.95,2.215,2,clustered,483,5,5,0.7972778726861223,False
484,13793,10.1016/0378-7753(91)80004-H,BF4,EC:0.500+PC:0.500,saltconc_weightedperm_weightedvisc,"salt_conc_x_weighted_permittivity, salt_conc_x_weighted_viscosity",76.95,2.215,2,clustered,484,5,5,0.7972778726861223,False
485,13796,10.1016/0378-7753(91)80004-H,BF4,EC:0.500+PC:0.500,saltconc_weightedperm_weightedvisc,"salt_conc_x_weighted_permittivity, salt_conc_x_weighted_viscosity",76.95,2.215,2,clustered,485,5,5,0.7972778726861223,False
486,13799,10.1016/0378-7753(91)80004-H,BF4,EC:0.500+PC:0.500,saltconc_weightedperm_weightedvisc,"salt_conc_x_weighted_permittivity, salt_conc_x_weighted_viscosity",76.95,2.215,2,clustered,486,5,5,0.7972778726861223,False
487,13802,10.1016/0378-7753(91)80004-H,BF4,EC:0.500+PC:0.500,saltconc_weightedperm_weightedvisc,"salt_conc_x_weighted_permittivity, salt_conc_x_weighted_viscosity",76.95,2.215,2,clustered,487,5,5,0.7972778726861223,False
488,13805,10.1016/0378-7753(91)80004-H,BF4,EC:0.500+PC:0.500,saltconc_weightedperm_weightedvisc,"salt_conc_x_weighted_permittivity, salt_conc_x_weighted_viscosity",76.95,2.215,2,clustered,488,5,5,0.7972778726861223,False
489,13808,10.1016/0378-7753(91)80004-H,BF4,EC:0.500+PC:0.500,saltconc_weightedperm_weightedvisc,"salt_conc_x_weighted_permittivity, salt_conc_x_weighted_viscosity",76.95,2.215,2,clustered,489,5,5,0.7972778726861223,False
490,13811,10.1016/0378-7753(91)80004-H,BF4,EC:0.500+PC:0.500,saltconc_weightedperm_weightedvisc,"salt_conc_x_weighted_permittivity, salt_conc_x_weighted_viscosity",76.95,2.215,2,clustered,490,5,5,0.7972778726861223,False
491,13814,10.1016/0378-7753(91)80004-H,BF4,EC:0.500+PC:0.500,saltconc_weightedperm_weightedvisc,"salt_conc_x_weighted_permittivity, salt_conc_x_weighted_viscosity",76.95,2.215,2,clustered,491,5,5,0.7972778726861223,False
492,13817,10.1016/0378-7753(91)80004-H,BF4,EC:0.500+PC:0.500,saltconc_weightedperm_weightedvisc,"salt_conc_x_weighted_permittivity, salt_conc_x_weighted_viscosity",76.95,2.215,2,clustered,492,5,5,0.7972778726861223,False
493,13820,10.1016/0378-7753(91)80004-H,BF4,EC:0.500+PC:0.500,saltconc_weightedperm_weightedvisc,"salt_conc_x_weighted_permittivity, salt_conc_x_weighted_viscosity",76.95,2.215,2,clustered,493,5,5,0.7972778726861223,False
494,13823,10.1016/0378-7753(91)80004-H,BF4,EC:0.500+PC:0.500,saltconc_weightedperm_weightedvisc,"salt_conc_x_weighted_permittivity, salt_conc_x_weighted_viscosity",76.95,2.215,2,clustered,494,5,5,0.7972778726861223,False
