source_row_number,original_row_index,doi,anion_name,composition_summary,criterion_name,features_used,weighted_permittivity,cluster_id,row_status,valid_feature_position,best_k,best_candidate_k,best_silhouette_score,one_cluster_fallback_used,weighted_viscosity_mPa_s_25C,salt_conc_x_weighted_permittivity,salt_conc_x_weighted_viscosity
0,23,10.1016/j.electacta.2008.04.023,PF6,EC:0.300+EMC:0.700,weighted_permittivity,weighted_permittivity,28.73,4,clustered,0,6,6,0.9620744113090066,False,,,
1,24,10.1016/j.electacta.2008.04.023,PF6,EC:0.300+EMC:0.700,weighted_permittivity,weighted_permittivity,28.73,4,clustered,1,6,6,0.9620744113090066,False,,,
2,25,10.1016/j.electacta.2008.04.023,PF6,EC:0.300+EMC:0.700,weighted_permittivity,weighted_permittivity,28.73,4,clustered,2,6,6,0.9620744113090066,False,,,
3,26,10.1016/j.electacta.2008.04.023,PF6,EC:0.300+EMC:0.700,weighted_permittivity,weighted_permittivity,28.73,4,clustered,3,6,6,0.9620744113090066,False,,,
4,27,10.1016/j.electacta.2008.04.023,PF6,EC:0.300+EMC:0.700,weighted_permittivity,weighted_permittivity,28.73,4,clustered,4,6,6,0.9620744113090066,False,,,
5,28,10.1016/j.electacta.2008.04.023,PF6,EC:0.300+EMC:0.700,weighted_permittivity,weighted_permittivity,28.73,4,clustered,5,6,6,0.9620744113090066,False,,,
6,29,10.1016/j.electacta.2008.04.023,PF6,EC:0.300+EMC:0.700,weighted_permittivity,weighted_permittivity,28.73,4,clustered,6,6,6,0.9620744113090066,False,,,
7,30,10.1016/j.electacta.2008.04.023,PF6,EC:0.300+EMC:0.700,weighted_permittivity,weighted_permittivity,28.73,4,clustered,7,6,6,0.9620744113090066,False,,,
8,31,10.1016/j.jpowsour.2010.12.040,FSI,EC:0.300+EMC:0.700,weighted_permittivity,weighted_permittivity,28.73,4,clustered,8,6,6,0.9620744113090066,False,,,
9,32,10.1016/j.jpowsour.2010.12.040,FSI,EC:0.300+EMC:0.700,weighted_permittivity,weighted_permittivity,28.73,4,clustered,9,6,6,0.9620744113090066,False,,,
10,33,10.1016/j.jpowsour.2010.12.040,FSI,EC:0.300+EMC:0.700,weighted_permittivity,weighted_permittivity,28.73,4,clustered,10,6,6,0.9620744113090066,False,,,
11,34,10.1016/j.jpowsour.2010.12.040,FSI,EC:0.300+EMC:0.700,weighted_permittivity,weighted_permittivity,28.73,4,clustered,11,6,6,0.9620744113090066,False,,,
12,35,10.1016/j.jpowsour.2010.12.040,FSI,EC:0.300+EMC:0.700,weighted_permittivity,weighted_permittivity,28.73,4,clustered,12,6,6,0.9620744113090066,False,,,
13,36,10.1016/j.jpowsour.2010.12.040,FSI,EC:0.300+EMC:0.700,weighted_permittivity,weighted_permittivity,28.73,4,clustered,13,6,6,0.9620744113090066,False,,,
14,37,10.1016/j.jpowsour.2010.12.040,FSI,EC:0.300+EMC:0.700,weighted_permittivity,weighted_permittivity,28.73,4,clustered,14,6,6,0.9620744113090066,False,,,
15,38,10.1016/j.jpowsour.2010.12.040,FSI,EC:0.300+EMC:0.700,weighted_permittivity,weighted_permittivity,28.73,4,clustered,15,6,6,0.9620744113090066,False,,,
16,39,10.1016/j.jpowsour.2010.12.040,FSI,EC:0.300+EMC:0.700,weighted_permittivity,weighted_permittivity,28.73,4,clustered,16,6,6,0.9620744113090066,False,,,
17,40,10.1016/j.jpowsour.2010.12.040,FSI,EC:0.300+EMC:0.700,weighted_permittivity,weighted_permittivity,28.73,4,clustered,17,6,6,0.9620744113090066,False,,,
18,41,10.1016/j.jpowsour.2010.12.040,FSI,EC:0.300+EMC:0.700,weighted_permittivity,weighted_permittivity,28.73,4,clustered,18,6,6,0.9620744113090066,False,,,
19,42,10.1016/j.jpowsour.2010.12.040,FSI,EC:0.300+EMC:0.700,weighted_permittivity,weighted_permittivity,28.73,4,clustered,19,6,6,0.9620744113090066,False,,,
20,43,10.1016/j.jpowsour.2010.12.040,FSI,EC:0.300+EMC:0.700,weighted_permittivity,weighted_permittivity,28.73,4,clustered,20,6,6,0.9620744113090066,False,,,
21,44,10.1016/j.jpowsour.2010.12.040,FSI,EC:0.300+EMC:0.700,weighted_permittivity,weighted_permittivity,28.73,4,clustered,21,6,6,0.9620744113090066,False,,,
22,45,10.1016/j.jpowsour.2010.12.040,FSI,EC:0.300+EMC:0.700,weighted_permittivity,weighted_permittivity,28.73,4,clustered,22,6,6,0.9620744113090066,False,,,
23,46,10.1016/j.jpowsour.2010.12.040,FSI,EC:0.300+EMC:0.700,weighted_permittivity,weighted_permittivity,28.73,4,clustered,23,6,6,0.9620744113090066,False,,,
24,47,10.1016/j.jpowsour.2010.12.040,FSI,EC:0.300+EMC:0.700,weighted_permittivity,weighted_permittivity,28.73,4,clustered,24,6,6,0.9620744113090066,False,,,
25,48,10.1016/j.jpowsour.2010.12.040,FSI,EC:0.300+EMC:0.700,weighted_permittivity,weighted_permittivity,28.73,4,clustered,25,6,6,0.9620744113090066,False,,,
26,49,10.1016/j.jpowsour.2010.12.040,FSI,EC:0.300+EMC:0.700,weighted_permittivity,weighted_permittivity,28.73,4,clustered,26,6,6,0.9620744113090066,False,,,
27,50,10.1016/j.jpowsour.2010.12.040,PF6,EC:0.300+EMC:0.700,weighted_permittivity,weighted_permittivity,28.73,4,clustered,27,6,6,0.9620744113090066,False,,,
28,51,10.1016/j.jpowsour.2010.12.040,PF6,EC:0.300+EMC:0.700,weighted_permittivity,weighted_permittivity,28.73,4,clustered,28,6,6,0.9620744113090066,False,,,
29,52,10.1016/j.jpowsour.2010.12.040,PF6,EC:0.300+EMC:0.700,weighted_permittivity,weighted_permittivity,28.73,4,clustered,29,6,6,0.9620744113090066,False,,,
30,53,10.1016/j.jpowsour.2010.12.040,PF6,EC:0.300+EMC:0.700,weighted_permittivity,weighted_permittivity,28.73,4,clustered,30,6,6,0.9620744113090066,False,,,
31,54,10.1016/j.jpowsour.2010.12.040,PF6,EC:0.300+EMC:0.700,weighted_permittivity,weighted_permittivity,28.73,4,clustered,31,6,6,0.9620744113090066,False,,,
32,55,10.1016/j.jpowsour.2010.12.040,PF6,EC:0.300+EMC:0.700,weighted_permittivity,weighted_permittivity,28.73,4,clustered,32,6,6,0.9620744113090066,False,,,
33,56,10.1016/j.jpowsour.2010.12.040,PF6,EC:0.300+EMC:0.700,weighted_permittivity,weighted_permittivity,28.73,4,clustered,33,6,6,0.9620744113090066,False,,,
34,57,10.1016/j.jpowsour.2010.12.040,PF6,EC:0.300+EMC:0.700,weighted_permittivity,weighted_permittivity,28.73,4,clustered,34,6,6,0.9620744113090066,False,,,
35,58,10.1016/j.jpowsour.2010.12.040,PF6,EC:0.300+EMC:0.700,weighted_permittivity,weighted_permittivity,28.73,4,clustered,35,6,6,0.9620744113090066,False,,,
36,59,10.1016/j.jpowsour.2010.12.040,PF6,EC:0.300+EMC:0.700,weighted_permittivity,weighted_permittivity,28.73,4,clustered,36,6,6,0.9620744113090066,False,,,
37,60,10.1016/j.jpowsour.2010.12.040,BF4,EC:0.300+EMC:0.700,weighted_permittivity,weighted_permittivity,28.73,4,clustered,37,6,6,0.9620744113090066,False,,,
38,61,10.1016/j.jpowsour.2010.12.040,BF4,EC:0.300+EMC:0.700,weighted_permittivity,weighted_permittivity,28.73,4,clustered,38,6,6,0.9620744113090066,False,,,
39,62,10.1016/j.jpowsour.2010.12.040,BF4,EC:0.300+EMC:0.700,weighted_permittivity,weighted_permittivity,28.73,4,clustered,39,6,6,0.9620744113090066,False,,,
40,63,10.1016/j.jpowsour.2010.12.040,BF4,EC:0.300+EMC:0.700,weighted_permittivity,weighted_permittivity,28.73,4,clustered,40,6,6,0.9620744113090066,False,,,
41,64,10.1016/j.jpowsour.2010.12.040,BF4,EC:0.300+EMC:0.700,weighted_permittivity,weighted_permittivity,28.73,4,clustered,41,6,6,0.9620744113090066,False,,,
42,65,10.1016/j.jpowsour.2010.12.040,BF4,EC:0.300+EMC:0.700,weighted_permittivity,weighted_permittivity,28.73,4,clustered,42,6,6,0.9620744113090066,False,,,
43,66,10.1016/j.jpowsour.2010.12.040,BF4,EC:0.300+EMC:0.700,weighted_permittivity,weighted_permittivity,28.73,4,clustered,43,6,6,0.9620744113090066,False,,,
44,67,10.1016/j.jpowsour.2010.12.040,BF4,EC:0.300+EMC:0.700,weighted_permittivity,weighted_permittivity,28.73,4,clustered,44,6,6,0.9620744113090066,False,,,
45,68,10.1016/j.jpowsour.2010.12.040,BF4,EC:0.300+EMC:0.700,weighted_permittivity,weighted_permittivity,28.73,4,clustered,45,6,6,0.9620744113090066,False,,,
46,69,10.1016/j.jpowsour.2010.12.040,BF4,EC:0.300+EMC:0.700,weighted_permittivity,weighted_permittivity,28.73,4,clustered,46,6,6,0.9620744113090066,False,,,
47,70,10.1016/j.jpowsour.2010.12.040,BF4,EC:0.300+EMC:0.700,weighted_permittivity,weighted_permittivity,28.73,4,clustered,47,6,6,0.9620744113090066,False,,,
48,71,10.1016/j.jpowsour.2010.12.040,BF4,EC:0.300+EMC:0.700,weighted_permittivity,weighted_permittivity,28.73,4,clustered,48,6,6,0.9620744113090066,False,,,
49,72,10.1016/j.jpowsour.2010.12.040,BF4,EC:0.300+EMC:0.700,weighted_permittivity,weighted_permittivity,28.73,4,clustered,49,6,6,0.9620744113090066,False,,,
50,73,10.1016/j.jpowsour.2010.12.040,BF4,EC:0.300+EMC:0.700,weighted_permittivity,weighted_permittivity,28.73,4,clustered,50,6,6,0.9620744113090066,False,,,
51,74,10.1016/j.jpowsour.2010.12.040,BF4,EC:0.300+EMC:0.700,weighted_permittivity,weighted_permittivity,28.73,4,clustered,51,6,6,0.9620744113090066,False,,,
52,75,10.1016/j.jpowsour.2010.12.040,BF4,EC:0.300+EMC:0.700,weighted_permittivity,weighted_permittivity,28.73,4,clustered,52,6,6,0.9620744113090066,False,,,
53,76,10.1016/j.jpowsour.2010.12.040,BF4,EC:0.300+EMC:0.700,weighted_permittivity,weighted_permittivity,28.73,4,clustered,53,6,6,0.9620744113090066,False,,,
54,77,10.1016/j.jpowsour.2010.12.040,BF4,EC:0.300+EMC:0.700,weighted_permittivity,weighted_permittivity,28.73,4,clustered,54,6,6,0.9620744113090066,False,,,
55,78,10.1016/j.jpowsour.2010.12.040,BF4,EC:0.300+EMC:0.700,weighted_permittivity,weighted_permittivity,28.73,4,clustered,55,6,6,0.9620744113090066,False,,,
56,79,10.1016/j.jpowsour.2010.12.040,BF4,EC:0.300+EMC:0.700,weighted_permittivity,weighted_permittivity,28.73,4,clustered,56,6,6,0.9620744113090066,False,,,
57,106,10.1016/j.jpowsour.2011.06.030,PF6,EC:0.500+DMC:0.500,weighted_permittivity,weighted_permittivity,46.05,1,clustered,57,6,6,0.9620744113090066,False,,,
58,107,10.1016/j.jpowsour.2011.06.030,PF6,EC:0.500+DMC:0.500,weighted_permittivity,weighted_permittivity,46.05,1,clustered,58,6,6,0.9620744113090066,False,,,
59,108,10.1016/j.jpowsour.2011.06.030,PF6,EC:0.500+DMC:0.500,weighted_permittivity,weighted_permittivity,46.05,1,clustered,59,6,6,0.9620744113090066,False,,,
60,109,10.1016/j.jpowsour.2011.06.030,PF6,EC:0.500+DMC:0.500,weighted_permittivity,weighted_permittivity,46.05,1,clustered,60,6,6,0.9620744113090066,False,,,
61,110,10.1016/j.jpowsour.2011.06.030,PF6,EC:0.500+DMC:0.500,weighted_permittivity,weighted_permittivity,46.05,1,clustered,61,6,6,0.9620744113090066,False,,,
62,111,10.1016/j.jpowsour.2011.06.030,PF6,EC:0.500+DMC:0.500,weighted_permittivity,weighted_permittivity,46.05,1,clustered,62,6,6,0.9620744113090066,False,,,
63,112,10.1016/j.jpowsour.2011.06.030,PF6,EC:0.500+DMC:0.500,weighted_permittivity,weighted_permittivity,46.05,1,clustered,63,6,6,0.9620744113090066,False,,,
64,113,10.1016/j.jpowsour.2011.06.030,PF6,EC:0.500+DMC:0.500,weighted_permittivity,weighted_permittivity,46.05,1,clustered,64,6,6,0.9620744113090066,False,,,
65,114,10.1016/j.jpowsour.2011.06.030,PF6,EC:0.500+DMC:0.500,weighted_permittivity,weighted_permittivity,46.05,1,clustered,65,6,6,0.9620744113090066,False,,,
66,115,10.1016/j.jpowsour.2011.06.030,PF6,EC:0.500+DMC:0.500,weighted_permittivity,weighted_permittivity,46.05,1,clustered,66,6,6,0.9620744113090066,False,,,
67,116,10.1016/j.jpowsour.2011.06.030,PF6,EC:0.500+DMC:0.500,weighted_permittivity,weighted_permittivity,46.05,1,clustered,67,6,6,0.9620744113090066,False,,,
68,117,10.1016/j.jpowsour.2011.06.030,PF6,EC:0.500+DMC:0.500,weighted_permittivity,weighted_permittivity,46.05,1,clustered,68,6,6,0.9620744113090066,False,,,
69,118,10.1016/j.jpowsour.2011.06.030,PF6,EC:0.500+DMC:0.500,weighted_permittivity,weighted_permittivity,46.05,1,clustered,69,6,6,0.9620744113090066,False,,,
70,119,10.1016/j.jpowsour.2011.07.071,TFSI,EC:0.100+DMC:0.900,weighted_permittivity,weighted_permittivity,11.69,2,clustered,70,6,6,0.9620744113090066,False,,,
71,120,10.1016/j.jpowsour.2011.07.071,TFSI,EC:0.200+DMC:0.800,weighted_permittivity,weighted_permittivity,20.28,4,clustered,71,6,6,0.9620744113090066,False,,,
72,121,10.1016/j.jpowsour.2011.07.071,TFSI,EC:0.250+DMC:0.750,weighted_permittivity,weighted_permittivity,24.575,4,clustered,72,6,6,0.9620744113090066,False,,,
73,122,10.1016/j.jpowsour.2011.07.071,TFSI,EC:0.300+DMC:0.700,weighted_permittivity,weighted_permittivity,28.87,4,clustered,73,6,6,0.9620744113090066,False,,,
74,123,10.1016/j.jpowsour.2011.07.071,TFSI,EC:0.400+DMC:0.600,weighted_permittivity,weighted_permittivity,37.46,6,clustered,74,6,6,0.9620744113090066,False,,,
75,124,10.1016/j.jpowsour.2011.07.071,TFSI,EC:0.500+DMC:0.500,weighted_permittivity,weighted_permittivity,46.05,1,clustered,75,6,6,0.9620744113090066,False,,,
76,125,10.1016/j.jpowsour.2011.07.071,TFSI,EC:0.600+DMC:0.400,weighted_permittivity,weighted_permittivity,54.64,1,clustered,76,6,6,0.9620744113090066,False,,,
77,126,10.1016/j.jpowsour.2011.07.071,TFSI,EC:0.700+DMC:0.300,weighted_permittivity,weighted_permittivity,63.23,3,clustered,77,6,6,0.9620744113090066,False,,,
78,127,10.1016/j.jpowsour.2011.07.071,TFSI,EC:0.800+DMC:0.200,weighted_permittivity,weighted_permittivity,71.82000000000001,5,clustered,78,6,6,0.9620744113090066,False,,,
79,128,10.1016/j.jpowsour.2011.07.071,TFSI,EC:1.000,weighted_permittivity,weighted_permittivity,89.0,5,clustered,79,6,6,0.9620744113090066,False,,,
80,129,10.1016/j.jpowsour.2011.07.071,TFSI,DMC:1.000,weighted_permittivity,weighted_permittivity,3.1,2,clustered,80,6,6,0.9620744113090066,False,,,
81,130,10.1016/j.jpowsour.2011.07.071,PF6,EC:0.500+DMC:0.500,weighted_permittivity,weighted_permittivity,46.05,1,clustered,81,6,6,0.9620744113090066,False,,,
82,131,10.1016/j.jpowsour.2011.07.071,PF6,EC:0.500+DMC:0.500,weighted_permittivity,weighted_permittivity,46.05,1,clustered,82,6,6,0.9620744113090066,False,,,
83,132,10.1016/j.jpowsour.2011.07.071,PF6,EC:0.500+DMC:0.500,weighted_permittivity,weighted_permittivity,46.05,1,clustered,83,6,6,0.9620744113090066,False,,,
84,133,10.1016/j.jpowsour.2011.07.071,PF6,EC:0.500+DMC:0.500,weighted_permittivity,weighted_permittivity,46.05,1,clustered,84,6,6,0.9620744113090066,False,,,
85,134,10.1016/j.jpowsour.2011.07.071,PF6,EC:0.500+DMC:0.500,weighted_permittivity,weighted_permittivity,46.05,1,clustered,85,6,6,0.9620744113090066,False,,,
86,135,10.1016/j.jpowsour.2011.07.071,PF6,EC:0.500+DMC:0.500,weighted_permittivity,weighted_permittivity,46.05,1,clustered,86,6,6,0.9620744113090066,False,,,
87,136,10.1016/j.jpowsour.2011.07.071,PF6,EC:0.500+DMC:0.500,weighted_permittivity,weighted_permittivity,46.05,1,clustered,87,6,6,0.9620744113090066,False,,,
88,137,10.1016/j.jpowsour.2011.07.071,PF6,EC:0.500+DMC:0.500,weighted_permittivity,weighted_permittivity,46.05,1,clustered,88,6,6,0.9620744113090066,False,,,
89,138,10.1016/j.jpowsour.2011.07.071,PF6,EC:0.500+DMC:0.500,weighted_permittivity,weighted_permittivity,46.05,1,clustered,89,6,6,0.9620744113090066,False,,,
90,139,10.1016/j.jpowsour.2011.07.071,PF6,EC:0.500+DMC:0.500,weighted_permittivity,weighted_permittivity,46.05,1,clustered,90,6,6,0.9620744113090066,False,,,
91,140,10.1016/j.jpowsour.2011.07.071,PF6,EC:0.500+DMC:0.500,weighted_permittivity,weighted_permittivity,46.05,1,clustered,91,6,6,0.9620744113090066,False,,,
92,141,10.1016/j.jpowsour.2011.07.071,PF6,EC:0.500+DMC:0.500,weighted_permittivity,weighted_permittivity,46.05,1,clustered,92,6,6,0.9620744113090066,False,,,
93,142,10.1016/j.jpowsour.2011.07.071,PF6,EC:0.500+DMC:0.500,weighted_permittivity,weighted_permittivity,46.05,1,clustered,93,6,6,0.9620744113090066,False,,,
94,143,10.1016/j.jpowsour.2011.07.071,PF6,EC:0.500+DMC:0.500,weighted_permittivity,weighted_permittivity,46.05,1,clustered,94,6,6,0.9620744113090066,False,,,
95,144,10.1016/j.jpowsour.2011.07.071,PF6,EC:0.500+DMC:0.500,weighted_permittivity,weighted_permittivity,46.05,1,clustered,95,6,6,0.9620744113090066,False,,,
96,145,10.1016/j.jpowsour.2011.07.071,PF6,EC:0.500+DMC:0.500,weighted_permittivity,weighted_permittivity,46.05,1,clustered,96,6,6,0.9620744113090066,False,,,
97,146,10.1016/j.jpowsour.2011.07.071,PF6,EC:0.500+DMC:0.500,weighted_permittivity,weighted_permittivity,46.05,1,clustered,97,6,6,0.9620744113090066,False,,,
98,147,10.1016/j.jpowsour.2011.07.071,PF6,EC:0.500+DMC:0.500,weighted_permittivity,weighted_permittivity,46.05,1,clustered,98,6,6,0.9620744113090066,False,,,
99,148,10.1016/j.jpowsour.2011.07.071,PF6,EC:0.500+DMC:0.500,weighted_permittivity,weighted_permittivity,46.05,1,clustered,99,6,6,0.9620744113090066,False,,,
100,149,10.1016/j.jpowsour.2011.07.071,PF6,EC:0.500+DMC:0.500,weighted_permittivity,weighted_permittivity,46.05,1,clustered,100,6,6,0.9620744113090066,False,,,
101,150,10.1016/j.jpowsour.2011.07.071,PF6,EC:0.500+DMC:0.500,weighted_permittivity,weighted_permittivity,46.05,1,clustered,101,6,6,0.9620744113090066,False,,,
102,151,10.1016/j.jpowsour.2011.07.071,PF6,EC:0.500+DMC:0.500,weighted_permittivity,weighted_permittivity,46.05,1,clustered,102,6,6,0.9620744113090066,False,,,
103,152,10.1016/j.jpowsour.2011.07.071,PF6,EC:0.500+DMC:0.500,weighted_permittivity,weighted_permittivity,46.05,1,clustered,103,6,6,0.9620744113090066,False,,,
104,153,10.1016/j.jpowsour.2011.07.071,PF6,EC:0.500+DMC:0.500,weighted_permittivity,weighted_permittivity,46.05,1,clustered,104,6,6,0.9620744113090066,False,,,
105,154,10.1016/j.jpowsour.2011.07.071,PF6,EC:0.500+DMC:0.500,weighted_permittivity,weighted_permittivity,46.05,1,clustered,105,6,6,0.9620744113090066,False,,,
106,155,10.1016/j.jpowsour.2011.07.071,PF6,EC:0.500+DMC:0.500,weighted_permittivity,weighted_permittivity,46.05,1,clustered,106,6,6,0.9620744113090066,False,,,
107,156,10.1016/j.jpowsour.2011.07.071,PF6,EC:0.500+DMC:0.500,weighted_permittivity,weighted_permittivity,46.05,1,clustered,107,6,6,0.9620744113090066,False,,,
108,157,10.1016/j.jpowsour.2011.07.071,PF6,EC:0.500+DMC:0.500,weighted_permittivity,weighted_permittivity,46.05,1,clustered,108,6,6,0.9620744113090066,False,,,
109,158,10.1016/j.jpowsour.2011.07.071,PF6,EC:0.500+DMC:0.500,weighted_permittivity,weighted_permittivity,46.05,1,clustered,109,6,6,0.9620744113090066,False,,,
110,159,10.1016/j.jpowsour.2011.07.071,PF6,EC:0.500+DMC:0.500,weighted_permittivity,weighted_permittivity,46.05,1,clustered,110,6,6,0.9620744113090066,False,,,
111,160,10.1016/j.jpowsour.2011.07.071,PF6,EC:0.500+DMC:0.500,weighted_permittivity,weighted_permittivity,46.05,1,clustered,111,6,6,0.9620744113090066,False,,,
112,161,10.1016/j.jpowsour.2011.07.071,PF6,EC:0.500+DMC:0.500,weighted_permittivity,weighted_permittivity,46.05,1,clustered,112,6,6,0.9620744113090066,False,,,
113,162,10.1016/j.jpowsour.2011.07.071,PF6,EC:0.500+DMC:0.500,weighted_permittivity,weighted_permittivity,46.05,1,clustered,113,6,6,0.9620744113090066,False,,,
114,163,10.1016/j.jpowsour.2011.07.071,PF6,EC:0.500+DMC:0.500,weighted_permittivity,weighted_permittivity,46.05,1,clustered,114,6,6,0.9620744113090066,False,,,
115,164,10.1016/j.jpowsour.2011.07.071,PF6,EC:0.500+DMC:0.500,weighted_permittivity,weighted_permittivity,46.05,1,clustered,115,6,6,0.9620744113090066,False,,,
116,165,10.1016/j.jpowsour.2011.07.071,PF6,EC:0.500+DMC:0.500,weighted_permittivity,weighted_permittivity,46.05,1,clustered,116,6,6,0.9620744113090066,False,,,
117,166,10.1016/j.jpowsour.2011.07.071,PF6,EC:0.500+DMC:0.500,weighted_permittivity,weighted_permittivity,46.05,1,clustered,117,6,6,0.9620744113090066,False,,,
118,167,10.1016/j.jpowsour.2011.07.071,PF6,EC:0.500+DMC:0.500,weighted_permittivity,weighted_permittivity,46.05,1,clustered,118,6,6,0.9620744113090066,False,,,
119,168,10.1016/j.jpowsour.2011.07.071,PF6,EC:0.500+DMC:0.500,weighted_permittivity,weighted_permittivity,46.05,1,clustered,119,6,6,0.9620744113090066,False,,,
120,169,10.1016/j.jpowsour.2011.07.071,PF6,EC:0.500+DMC:0.500,weighted_permittivity,weighted_permittivity,46.05,1,clustered,120,6,6,0.9620744113090066,False,,,
121,170,10.1016/j.jpowsour.2011.07.071,PF6,EC:0.500+DMC:0.500,weighted_permittivity,weighted_permittivity,46.05,1,clustered,121,6,6,0.9620744113090066,False,,,
122,171,10.1016/j.jpowsour.2011.07.071,PF6,EC:0.500+DMC:0.500,weighted_permittivity,weighted_permittivity,46.05,1,clustered,122,6,6,0.9620744113090066,False,,,
123,172,10.1016/j.jpowsour.2011.07.071,PF6,EC:0.500+DMC:0.500,weighted_permittivity,weighted_permittivity,46.05,1,clustered,123,6,6,0.9620744113090066,False,,,
124,173,10.1016/j.jpowsour.2011.07.071,PF6,EC:0.500+DMC:0.500,weighted_permittivity,weighted_permittivity,46.05,1,clustered,124,6,6,0.9620744113090066,False,,,
125,174,10.1016/j.jpowsour.2011.07.071,PF6,EC:0.500+DMC:0.500,weighted_permittivity,weighted_permittivity,46.05,1,clustered,125,6,6,0.9620744113090066,False,,,
126,175,10.1016/j.jpowsour.2011.07.071,PF6,EC:0.500+DMC:0.500,weighted_permittivity,weighted_permittivity,46.05,1,clustered,126,6,6,0.9620744113090066,False,,,
127,176,10.1016/j.jpowsour.2011.07.071,PF6,EC:0.500+DMC:0.500,weighted_permittivity,weighted_permittivity,46.05,1,clustered,127,6,6,0.9620744113090066,False,,,
128,177,10.1016/j.jpowsour.2011.07.071,PF6,EC:0.500+DMC:0.500,weighted_permittivity,weighted_permittivity,46.05,1,clustered,128,6,6,0.9620744113090066,False,,,
129,178,10.1016/j.jpowsour.2011.07.071,PF6,EC:0.500+DMC:0.500,weighted_permittivity,weighted_permittivity,46.05,1,clustered,129,6,6,0.9620744113090066,False,,,
130,179,10.1016/j.jpowsour.2011.07.071,PF6,EC:0.500+DMC:0.500,weighted_permittivity,weighted_permittivity,46.05,1,clustered,130,6,6,0.9620744113090066,False,,,
131,180,10.1016/j.jpowsour.2011.07.071,PF6,EC:0.500+DMC:0.500,weighted_permittivity,weighted_permittivity,46.05,1,clustered,131,6,6,0.9620744113090066,False,,,
132,181,10.1016/j.jpowsour.2011.07.071,PF6,EC:0.500+DMC:0.500,weighted_permittivity,weighted_permittivity,46.05,1,clustered,132,6,6,0.9620744113090066,False,,,
133,182,10.1016/j.jpowsour.2011.07.071,PF6,EC:0.500+DMC:0.500,weighted_permittivity,weighted_permittivity,46.05,1,clustered,133,6,6,0.9620744113090066,False,,,
134,183,10.1016/j.jpowsour.2011.07.071,PF6,EC:0.500+DMC:0.500,weighted_permittivity,weighted_permittivity,46.05,1,clustered,134,6,6,0.9620744113090066,False,,,
135,184,10.1016/j.jpowsour.2011.07.071,PF6,EC:0.500+DMC:0.500,weighted_permittivity,weighted_permittivity,46.05,1,clustered,135,6,6,0.9620744113090066,False,,,
136,185,10.1016/j.jpowsour.2011.07.071,PF6,EC:0.500+DMC:0.500,weighted_permittivity,weighted_permittivity,46.05,1,clustered,136,6,6,0.9620744113090066,False,,,
137,186,10.1016/j.jpowsour.2011.07.071,PF6,EC:0.500+DMC:0.500,weighted_permittivity,weighted_permittivity,46.05,1,clustered,137,6,6,0.9620744113090066,False,,,
138,187,10.1016/j.jpowsour.2011.07.071,PF6,EC:0.500+DMC:0.500,weighted_permittivity,weighted_permittivity,46.05,1,clustered,138,6,6,0.9620744113090066,False,,,
139,188,10.1016/j.jpowsour.2011.07.071,PF6,EC:0.500+DMC:0.500,weighted_permittivity,weighted_permittivity,46.05,1,clustered,139,6,6,0.9620744113090066,False,,,
140,189,10.1016/j.jpowsour.2011.07.071,PF6,EC:0.500+DMC:0.500,weighted_permittivity,weighted_permittivity,46.05,1,clustered,140,6,6,0.9620744113090066,False,,,
141,190,10.1016/j.jpowsour.2011.07.071,PF6,EC:0.500+DMC:0.500,weighted_permittivity,weighted_permittivity,46.05,1,clustered,141,6,6,0.9620744113090066,False,,,
142,191,10.1016/j.jpowsour.2011.07.071,PF6,EC:0.500+DMC:0.500,weighted_permittivity,weighted_permittivity,46.05,1,clustered,142,6,6,0.9620744113090066,False,,,
143,192,10.1016/j.jpowsour.2011.07.071,PF6,EC:0.500+DMC:0.500,weighted_permittivity,weighted_permittivity,46.05,1,clustered,143,6,6,0.9620744113090066,False,,,
144,193,10.1016/j.jpowsour.2011.07.071,TFSI,EC:0.500+DMC:0.500,weighted_permittivity,weighted_permittivity,46.05,1,clustered,144,6,6,0.9620744113090066,False,,,
145,194,10.1016/j.jpowsour.2011.07.071,TFSI,EC:0.500+DMC:0.500,weighted_permittivity,weighted_permittivity,46.05,1,clustered,145,6,6,0.9620744113090066,False,,,
146,195,10.1016/j.jpowsour.2011.07.071,TFSI,EC:0.500+DMC:0.500,weighted_permittivity,weighted_permittivity,46.05,1,clustered,146,6,6,0.9620744113090066,False,,,
147,196,10.1016/j.jpowsour.2011.07.071,TFSI,EC:0.500+DMC:0.500,weighted_permittivity,weighted_permittivity,46.05,1,clustered,147,6,6,0.9620744113090066,False,,,
148,197,10.1016/j.jpowsour.2011.07.071,TFSI,EC:0.500+DMC:0.500,weighted_permittivity,weighted_permittivity,46.05,1,clustered,148,6,6,0.9620744113090066,False,,,
149,198,10.1016/j.jpowsour.2011.07.071,TFSI,EC:0.500+DMC:0.500,weighted_permittivity,weighted_permittivity,46.05,1,clustered,149,6,6,0.9620744113090066,False,,,
150,199,10.1016/j.jpowsour.2011.07.071,TFSI,EC:0.500+DMC:0.500,weighted_permittivity,weighted_permittivity,46.05,1,clustered,150,6,6,0.9620744113090066,False,,,
151,200,10.1016/j.jpowsour.2011.07.071,TFSI,EC:0.500+DMC:0.500,weighted_permittivity,weighted_permittivity,46.05,1,clustered,151,6,6,0.9620744113090066,False,,,
152,201,10.1016/j.jpowsour.2011.07.071,TFSI,EC:0.500+DMC:0.500,weighted_permittivity,weighted_permittivity,46.05,1,clustered,152,6,6,0.9620744113090066,False,,,
153,202,10.1016/j.jpowsour.2011.07.071,TFSI,EC:0.500+DMC:0.500,weighted_permittivity,weighted_permittivity,46.05,1,clustered,153,6,6,0.9620744113090066,False,,,
154,203,10.1016/j.jpowsour.2011.07.071,TFSI,EC:0.500+DMC:0.500,weighted_permittivity,weighted_permittivity,46.05,1,clustered,154,6,6,0.9620744113090066,False,,,
155,204,10.1016/j.jpowsour.2011.07.071,TFSI,EC:0.500+DMC:0.500,weighted_permittivity,weighted_permittivity,46.05,1,clustered,155,6,6,0.9620744113090066,False,,,
156,205,10.1016/j.jpowsour.2011.07.071,TFSI,EC:0.500+DMC:0.500,weighted_permittivity,weighted_permittivity,46.05,1,clustered,156,6,6,0.9620744113090066,False,,,
157,206,10.1016/j.jpowsour.2011.07.071,TFSI,EC:0.500+DMC:0.500,weighted_permittivity,weighted_permittivity,46.05,1,clustered,157,6,6,0.9620744113090066,False,,,
158,207,10.1016/j.jpowsour.2011.07.071,TFSI,EC:0.500+DMC:0.500,weighted_permittivity,weighted_permittivity,46.05,1,clustered,158,6,6,0.9620744113090066,False,,,
159,208,10.1016/j.jpowsour.2011.07.071,TFSI,EC:0.500+DMC:0.500,weighted_permittivity,weighted_permittivity,46.05,1,clustered,159,6,6,0.9620744113090066,False,,,
160,209,10.1016/j.jpowsour.2011.07.071,TFSI,EC:0.500+DMC:0.500,weighted_permittivity,weighted_permittivity,46.05,1,clustered,160,6,6,0.9620744113090066,False,,,
161,210,10.1016/j.jpowsour.2011.07.071,TFSI,EC:0.500+DMC:0.500,weighted_permittivity,weighted_permittivity,46.05,1,clustered,161,6,6,0.9620744113090066,False,,,
162,211,10.1016/j.jpowsour.2011.07.071,TFSI,EC:0.500+DMC:0.500,weighted_permittivity,weighted_permittivity,46.05,1,clustered,162,6,6,0.9620744113090066,False,,,
163,212,10.1016/j.jpowsour.2011.07.071,TFSI,EC:0.500+DMC:0.500,weighted_permittivity,weighted_permittivity,46.05,1,clustered,163,6,6,0.9620744113090066,False,,,
164,213,10.1016/j.jpowsour.2011.07.071,TFSI,EC:0.500+DMC:0.500,weighted_permittivity,weighted_permittivity,46.05,1,clustered,164,6,6,0.9620744113090066,False,,,
165,214,10.1016/j.jpowsour.2011.07.071,TFSI,EC:0.500+DMC:0.500,weighted_permittivity,weighted_permittivity,46.05,1,clustered,165,6,6,0.9620744113090066,False,,,
166,215,10.1016/j.jpowsour.2011.07.071,TFSI,EC:0.500+DMC:0.500,weighted_permittivity,weighted_permittivity,46.05,1,clustered,166,6,6,0.9620744113090066,False,,,
167,216,10.1016/j.jpowsour.2011.07.071,TFSI,EC:0.500+DMC:0.500,weighted_permittivity,weighted_permittivity,46.05,1,clustered,167,6,6,0.9620744113090066,False,,,
168,217,10.1016/j.jpowsour.2011.07.071,TFSI,EC:0.500+DMC:0.500,weighted_permittivity,weighted_permittivity,46.05,1,clustered,168,6,6,0.9620744113090066,False,,,
169,218,10.1016/j.jpowsour.2011.07.071,TFSI,EC:0.500+DMC:0.500,weighted_permittivity,weighted_permittivity,46.05,1,clustered,169,6,6,0.9620744113090066,False,,,
170,219,10.1016/j.jpowsour.2011.07.071,TFSI,EC:0.500+DMC:0.500,weighted_permittivity,weighted_permittivity,46.05,1,clustered,170,6,6,0.9620744113090066,False,,,
171,220,10.1016/j.jpowsour.2011.07.071,TFSI,EC:0.500+DMC:0.500,weighted_permittivity,weighted_permittivity,46.05,1,clustered,171,6,6,0.9620744113090066,False,,,
172,221,10.1016/j.jpowsour.2011.07.071,TFSI,EC:0.500+DMC:0.500,weighted_permittivity,weighted_permittivity,46.05,1,clustered,172,6,6,0.9620744113090066,False,,,
173,222,10.1016/j.jpowsour.2011.07.071,TFSI,EC:0.500+DMC:0.500,weighted_permittivity,weighted_permittivity,46.05,1,clustered,173,6,6,0.9620744113090066,False,,,
174,223,10.1016/j.jpowsour.2011.07.071,TFSI,EC:0.500+DMC:0.500,weighted_permittivity,weighted_permittivity,46.05,1,clustered,174,6,6,0.9620744113090066,False,,,
175,224,10.1016/j.jpowsour.2011.07.071,TFSI,EC:0.500+DMC:0.500,weighted_permittivity,weighted_permittivity,46.05,1,clustered,175,6,6,0.9620744113090066,False,,,
176,225,10.1016/j.jpowsour.2011.07.071,TFSI,EC:0.500+DMC:0.500,weighted_permittivity,weighted_permittivity,46.05,1,clustered,176,6,6,0.9620744113090066,False,,,
177,226,10.1016/j.jpowsour.2011.07.071,TFSI,EC:0.500+DMC:0.500,weighted_permittivity,weighted_permittivity,46.05,1,clustered,177,6,6,0.9620744113090066,False,,,
178,227,10.1016/j.jpowsour.2011.07.071,TFSI,EC:0.500+DMC:0.500,weighted_permittivity,weighted_permittivity,46.05,1,clustered,178,6,6,0.9620744113090066,False,,,
179,228,10.1016/j.jpowsour.2011.07.071,TFSI,EC:0.500+DMC:0.500,weighted_permittivity,weighted_permittivity,46.05,1,clustered,179,6,6,0.9620744113090066,False,,,
180,229,10.1016/j.jpowsour.2011.07.071,TFSI,EC:0.500+DMC:0.500,weighted_permittivity,weighted_permittivity,46.05,1,clustered,180,6,6,0.9620744113090066,False,,,
181,230,10.1016/j.jpowsour.2011.07.071,TFSI,EC:0.500+DMC:0.500,weighted_permittivity,weighted_permittivity,46.05,1,clustered,181,6,6,0.9620744113090066,False,,,
182,231,10.1016/j.jpowsour.2011.07.071,TFSI,EC:0.500+DMC:0.500,weighted_permittivity,weighted_permittivity,46.05,1,clustered,182,6,6,0.9620744113090066,False,,,
183,232,10.1016/j.jpowsour.2011.07.071,TFSI,EC:0.500+DMC:0.500,weighted_permittivity,weighted_permittivity,46.05,1,clustered,183,6,6,0.9620744113090066,False,,,
184,233,10.1016/j.jpowsour.2011.07.071,TFSI,EC:0.500+DMC:0.500,weighted_permittivity,weighted_permittivity,46.05,1,clustered,184,6,6,0.9620744113090066,False,,,
185,234,10.1016/j.jpowsour.2011.07.071,TFSI,EC:0.500+DMC:0.500,weighted_permittivity,weighted_permittivity,46.05,1,clustered,185,6,6,0.9620744113090066,False,,,
186,235,10.1016/j.jpowsour.2011.07.071,TFSI,EC:0.500+DMC:0.500,weighted_permittivity,weighted_permittivity,46.05,1,clustered,186,6,6,0.9620744113090066,False,,,
187,236,10.1016/j.jpowsour.2011.07.071,TFSI,EC:0.500+DMC:0.500,weighted_permittivity,weighted_permittivity,46.05,1,clustered,187,6,6,0.9620744113090066,False,,,
188,237,10.1016/j.jpowsour.2011.07.071,TFSI,EC:0.500+DMC:0.500,weighted_permittivity,weighted_permittivity,46.05,1,clustered,188,6,6,0.9620744113090066,False,,,
189,238,10.1016/j.jpowsour.2011.07.071,TFSI,EC:0.500+DMC:0.500,weighted_permittivity,weighted_permittivity,46.05,1,clustered,189,6,6,0.9620744113090066,False,,,
190,239,10.1016/j.jpowsour.2011.07.071,TFSI,EC:0.500+DMC:0.500,weighted_permittivity,weighted_permittivity,46.05,1,clustered,190,6,6,0.9620744113090066,False,,,
191,240,10.1016/j.jpowsour.2011.07.071,TFSI,EC:0.500+DMC:0.500,weighted_permittivity,weighted_permittivity,46.05,1,clustered,191,6,6,0.9620744113090066,False,,,
192,241,10.1016/j.jpowsour.2011.07.071,TFSI,EC:0.500+DMC:0.500,weighted_permittivity,weighted_permittivity,46.05,1,clustered,192,6,6,0.9620744113090066,False,,,
193,242,10.1016/j.jpowsour.2011.07.071,TFSI,EC:0.500+DMC:0.500,weighted_permittivity,weighted_permittivity,46.05,1,clustered,193,6,6,0.9620744113090066,False,,,
194,243,10.1016/j.jpowsour.2011.07.071,TFSI,EC:0.500+DMC:0.500,weighted_permittivity,weighted_permittivity,46.05,1,clustered,194,6,6,0.9620744113090066,False,,,
195,244,10.1016/j.jpowsour.2011.07.071,TFSI,EC:0.500+DMC:0.500,weighted_permittivity,weighted_permittivity,46.05,1,clustered,195,6,6,0.9620744113090066,False,,,
196,245,10.1016/j.jpowsour.2011.07.071,TFSI,EC:0.500+DMC:0.500,weighted_permittivity,weighted_permittivity,46.05,1,clustered,196,6,6,0.9620744113090066,False,,,
197,246,10.1016/j.jpowsour.2011.07.071,TFSI,EC:0.500+DMC:0.500,weighted_permittivity,weighted_permittivity,46.05,1,clustered,197,6,6,0.9620744113090066,False,,,
198,247,10.1016/j.jpowsour.2011.07.071,TFSI,EC:0.500+DMC:0.500,weighted_permittivity,weighted_permittivity,46.05,1,clustered,198,6,6,0.9620744113090066,False,,,
199,248,10.1016/j.jpowsour.2011.07.071,TFSI,EC:0.500+DMC:0.500,weighted_permittivity,weighted_permittivity,46.05,1,clustered,199,6,6,0.9620744113090066,False,,,
200,249,10.1016/j.jpowsour.2011.07.071,TFSI,EC:0.500+DMC:0.500,weighted_permittivity,weighted_permittivity,46.05,1,clustered,200,6,6,0.9620744113090066,False,,,
201,3593,10.1149/1.1344281,TFSI,PC:1.000,weighted_permittivity,weighted_permittivity,64.9,3,clustered,201,6,6,0.9620744113090066,False,,,
202,3594,10.1149/1.1344281,TFSI,PC:1.000,weighted_permittivity,weighted_permittivity,64.9,3,clustered,202,6,6,0.9620744113090066,False,,,
203,3595,10.1149/1.1344281,TFSI,PC:1.000,weighted_permittivity,weighted_permittivity,64.9,3,clustered,203,6,6,0.9620744113090066,False,,,
204,3596,10.1149/1.1344281,TFSI,PC:1.000,weighted_permittivity,weighted_permittivity,64.9,3,clustered,204,6,6,0.9620744113090066,False,,,
205,3597,10.1149/1.1344281,TFSI,PC:1.000,weighted_permittivity,weighted_permittivity,64.9,3,clustered,205,6,6,0.9620744113090066,False,,,
206,3598,10.1149/1.1344281,TFSI,PC:1.000,weighted_permittivity,weighted_permittivity,64.9,3,clustered,206,6,6,0.9620744113090066,False,,,
207,3599,10.1149/1.1344281,TFSI,PC:1.000,weighted_permittivity,weighted_permittivity,64.9,3,clustered,207,6,6,0.9620744113090066,False,,,
208,3600,10.1149/1.1344281,TFSI,PC:1.000,weighted_permittivity,weighted_permittivity,64.9,3,clustered,208,6,6,0.9620744113090066,False,,,
209,3601,10.1149/1.1344281,TFSI,PC:1.000,weighted_permittivity,weighted_permittivity,64.9,3,clustered,209,6,6,0.9620744113090066,False,,,
210,3602,10.1149/1.1344281,TFSI,PC:1.000,weighted_permittivity,weighted_permittivity,64.9,3,clustered,210,6,6,0.9620744113090066,False,,,
211,3603,10.1149/1.1344281,TFSI,PC:1.000,weighted_permittivity,weighted_permittivity,64.9,3,clustered,211,6,6,0.9620744113090066,False,,,
212,3604,10.1149/1.1344281,TFSI,PC:1.000,weighted_permittivity,weighted_permittivity,64.9,3,clustered,212,6,6,0.9620744113090066,False,,,
213,3605,10.1149/1.1344281,TFSI,PC:1.000,weighted_permittivity,weighted_permittivity,64.9,3,clustered,213,6,6,0.9620744113090066,False,,,
214,3606,10.1149/1.1344281,TFSI,PC:1.000,weighted_permittivity,weighted_permittivity,64.9,3,clustered,214,6,6,0.9620744113090066,False,,,
215,3607,10.1149/1.1344281,TFSI,PC:1.000,weighted_permittivity,weighted_permittivity,64.9,3,clustered,215,6,6,0.9620744113090066,False,,,
216,3608,10.1149/1.1344281,TFSI,PC:1.000,weighted_permittivity,weighted_permittivity,64.9,3,clustered,216,6,6,0.9620744113090066,False,,,
217,3609,10.1149/1.1344281,TFSI,PC:1.000,weighted_permittivity,weighted_permittivity,64.9,3,clustered,217,6,6,0.9620744113090066,False,,,
218,3610,10.1149/1.1344281,TFSI,PC:1.000,weighted_permittivity,weighted_permittivity,64.9,3,clustered,218,6,6,0.9620744113090066,False,,,
219,3611,10.1149/1.1344281,TFSI,PC:1.000,weighted_permittivity,weighted_permittivity,64.9,3,clustered,219,6,6,0.9620744113090066,False,,,
220,3612,10.1149/1.1344281,TFSI,PC:1.000,weighted_permittivity,weighted_permittivity,64.9,3,clustered,220,6,6,0.9620744113090066,False,,,
221,3613,10.1149/1.1344281,TFSI,PC:1.000,weighted_permittivity,weighted_permittivity,64.9,3,clustered,221,6,6,0.9620744113090066,False,,,
222,3614,10.1149/1.1344281,TFSI,PC:1.000,weighted_permittivity,weighted_permittivity,64.9,3,clustered,222,6,6,0.9620744113090066,False,,,
223,3615,10.1149/1.1344281,TFSI,PC:1.000,weighted_permittivity,weighted_permittivity,64.9,3,clustered,223,6,6,0.9620744113090066,False,,,
224,3616,10.1149/1.1344281,TFSI,PC:1.000,weighted_permittivity,weighted_permittivity,64.9,3,clustered,224,6,6,0.9620744113090066,False,,,
225,3617,10.1149/1.1344281,TFSI,PC:1.000,weighted_permittivity,weighted_permittivity,64.9,3,clustered,225,6,6,0.9620744113090066,False,,,
226,3618,10.1149/1.1344281,TFSI,PC:1.000,weighted_permittivity,weighted_permittivity,64.9,3,clustered,226,6,6,0.9620744113090066,False,,,
227,3619,10.1149/1.1344281,TFSI,PC:1.000,weighted_permittivity,weighted_permittivity,64.9,3,clustered,227,6,6,0.9620744113090066,False,,,
228,3620,10.1149/1.1344281,TFSI,PC:1.000,weighted_permittivity,weighted_permittivity,64.9,3,clustered,228,6,6,0.9620744113090066,False,,,
229,3621,10.1149/1.1344281,TFSI,PC:1.000,weighted_permittivity,weighted_permittivity,64.9,3,clustered,229,6,6,0.9620744113090066,False,,,
230,3622,10.1149/1.1344281,TFSI,PC:1.000,weighted_permittivity,weighted_permittivity,64.9,3,clustered,230,6,6,0.9620744113090066,False,,,
231,3623,10.1149/1.1344281,TFSI,PC:1.000,weighted_permittivity,weighted_permittivity,64.9,3,clustered,231,6,6,0.9620744113090066,False,,,
232,3624,10.1149/1.1344281,TFSI,PC:1.000,weighted_permittivity,weighted_permittivity,64.9,3,clustered,232,6,6,0.9620744113090066,False,,,
233,3625,10.1149/1.1344281,TFSI,PC:1.000,weighted_permittivity,weighted_permittivity,64.9,3,clustered,233,6,6,0.9620744113090066,False,,,
234,3724,10.1149/1.1344281,ClO4,PC:1.000,weighted_permittivity,weighted_permittivity,64.9,3,clustered,234,6,6,0.9620744113090066,False,,,
235,3725,10.1149/1.1344281,ClO4,PC:1.000,weighted_permittivity,weighted_permittivity,64.9,3,clustered,235,6,6,0.9620744113090066,False,,,
236,3726,10.1149/1.1344281,ClO4,PC:1.000,weighted_permittivity,weighted_permittivity,64.9,3,clustered,236,6,6,0.9620744113090066,False,,,
237,3727,10.1149/1.1344281,ClO4,PC:1.000,weighted_permittivity,weighted_permittivity,64.9,3,clustered,237,6,6,0.9620744113090066,False,,,
238,3728,10.1149/1.1344281,ClO4,PC:1.000,weighted_permittivity,weighted_permittivity,64.9,3,clustered,238,6,6,0.9620744113090066,False,,,
239,3729,10.1149/1.1344281,ClO4,PC:1.000,weighted_permittivity,weighted_permittivity,64.9,3,clustered,239,6,6,0.9620744113090066,False,,,
240,3730,10.1149/1.1344281,ClO4,PC:1.000,weighted_permittivity,weighted_permittivity,64.9,3,clustered,240,6,6,0.9620744113090066,False,,,
241,3731,10.1149/1.1344281,ClO4,PC:1.000,weighted_permittivity,weighted_permittivity,64.9,3,clustered,241,6,6,0.9620744113090066,False,,,
242,3732,10.1149/1.1344281,ClO4,PC:1.000,weighted_permittivity,weighted_permittivity,64.9,3,clustered,242,6,6,0.9620744113090066,False,,,
243,3733,10.1149/1.1344281,ClO4,PC:1.000,weighted_permittivity,weighted_permittivity,64.9,3,clustered,243,6,6,0.9620744113090066,False,,,
244,3734,10.1149/1.1344281,ClO4,PC:1.000,weighted_permittivity,weighted_permittivity,64.9,3,clustered,244,6,6,0.9620744113090066,False,,,
245,3735,10.1149/1.1344281,ClO4,PC:1.000,weighted_permittivity,weighted_permittivity,64.9,3,clustered,245,6,6,0.9620744113090066,False,,,
246,3736,10.1149/1.1344281,ClO4,PC:1.000,weighted_permittivity,weighted_permittivity,64.9,3,clustered,246,6,6,0.9620744113090066,False,,,
247,3737,10.1149/1.1344281,ClO4,PC:1.000,weighted_permittivity,weighted_permittivity,64.9,3,clustered,247,6,6,0.9620744113090066,False,,,
248,3738,10.1149/1.1344281,ClO4,PC:1.000,weighted_permittivity,weighted_permittivity,64.9,3,clustered,248,6,6,0.9620744113090066,False,,,
249,3739,10.1149/1.1344281,ClO4,PC:1.000,weighted_permittivity,weighted_permittivity,64.9,3,clustered,249,6,6,0.9620744113090066,False,,,
250,3740,10.1149/1.1344281,ClO4,PC:1.000,weighted_permittivity,weighted_permittivity,64.9,3,clustered,250,6,6,0.9620744113090066,False,,,
251,3741,10.1149/1.1344281,ClO4,PC:1.000,weighted_permittivity,weighted_permittivity,64.9,3,clustered,251,6,6,0.9620744113090066,False,,,
252,3742,10.1149/1.1344281,ClO4,PC:1.000,weighted_permittivity,weighted_permittivity,64.9,3,clustered,252,6,6,0.9620744113090066,False,,,
253,3743,10.1149/1.1344281,ClO4,PC:1.000,weighted_permittivity,weighted_permittivity,64.9,3,clustered,253,6,6,0.9620744113090066,False,,,
254,3744,10.1149/1.1344281,ClO4,PC:1.000,weighted_permittivity,weighted_permittivity,64.9,3,clustered,254,6,6,0.9620744113090066,False,,,
255,3745,10.1149/1.1344281,ClO4,PC:1.000,weighted_permittivity,weighted_permittivity,64.9,3,clustered,255,6,6,0.9620744113090066,False,,,
256,3746,10.1149/1.1344281,ClO4,PC:1.000,weighted_permittivity,weighted_permittivity,64.9,3,clustered,256,6,6,0.9620744113090066,False,,,
257,3747,10.1149/1.1344281,ClO4,PC:1.000,weighted_permittivity,weighted_permittivity,64.9,3,clustered,257,6,6,0.9620744113090066,False,,,
258,3748,10.1149/1.1344281,ClO4,PC:1.000,weighted_permittivity,weighted_permittivity,64.9,3,clustered,258,6,6,0.9620744113090066,False,,,
259,3749,10.1149/1.1344281,ClO4,PC:1.000,weighted_permittivity,weighted_permittivity,64.9,3,clustered,259,6,6,0.9620744113090066,False,,,
260,3750,10.1149/1.1344281,ClO4,PC:1.000,weighted_permittivity,weighted_permittivity,64.9,3,clustered,260,6,6,0.9620744113090066,False,,,
261,3751,10.1149/1.1344281,ClO4,PC:1.000,weighted_permittivity,weighted_permittivity,64.9,3,clustered,261,6,6,0.9620744113090066,False,,,
262,3752,10.1149/1.1344281,ClO4,PC:1.000,weighted_permittivity,weighted_permittivity,64.9,3,clustered,262,6,6,0.9620744113090066,False,,,
263,3753,10.1149/1.1344281,ClO4,PC:1.000,weighted_permittivity,weighted_permittivity,64.9,3,clustered,263,6,6,0.9620744113090066,False,,,
264,3754,10.1149/1.1344281,ClO4,PC:1.000,weighted_permittivity,weighted_permittivity,64.9,3,clustered,264,6,6,0.9620744113090066,False,,,
265,3755,10.1149/1.1344281,ClO4,PC:1.000,weighted_permittivity,weighted_permittivity,64.9,3,clustered,265,6,6,0.9620744113090066,False,,,
266,3756,10.1149/1.1344281,ClO4,PC:1.000,weighted_permittivity,weighted_permittivity,64.9,3,clustered,266,6,6,0.9620744113090066,False,,,
267,3757,10.1149/1.1344281,ClO4,PC:1.000,weighted_permittivity,weighted_permittivity,64.9,3,clustered,267,6,6,0.9620744113090066,False,,,
268,3758,10.1149/1.1344281,ClO4,PC:1.000,weighted_permittivity,weighted_permittivity,64.9,3,clustered,268,6,6,0.9620744113090066,False,,,
269,3759,10.1149/1.1344281,ClO4,PC:1.000,weighted_permittivity,weighted_permittivity,64.9,3,clustered,269,6,6,0.9620744113090066,False,,,
270,3760,10.1149/1.1344281,ClO4,PC:1.000,weighted_permittivity,weighted_permittivity,64.9,3,clustered,270,6,6,0.9620744113090066,False,,,
271,3786,10.1149/1.1344281,ClO4,DME:1.000,weighted_permittivity,weighted_permittivity,7.2,2,clustered,271,6,6,0.9620744113090066,False,,,
272,3787,10.1149/1.1344281,ClO4,DME:1.000,weighted_permittivity,weighted_permittivity,7.2,2,clustered,272,6,6,0.9620744113090066,False,,,
273,3788,10.1149/1.1344281,ClO4,DME:1.000,weighted_permittivity,weighted_permittivity,7.2,2,clustered,273,6,6,0.9620744113090066,False,,,
274,3789,10.1149/1.1344281,ClO4,DME:1.000,weighted_permittivity,weighted_permittivity,7.2,2,clustered,274,6,6,0.9620744113090066,False,,,
275,3790,10.1149/1.1344281,ClO4,DME:1.000,weighted_permittivity,weighted_permittivity,7.2,2,clustered,275,6,6,0.9620744113090066,False,,,
276,3791,10.1149/1.1344281,ClO4,DME:1.000,weighted_permittivity,weighted_permittivity,7.2,2,clustered,276,6,6,0.9620744113090066,False,,,
277,3792,10.1149/1.1344281,ClO4,DME:1.000,weighted_permittivity,weighted_permittivity,7.2,2,clustered,277,6,6,0.9620744113090066,False,,,
278,3793,10.1149/1.1344281,ClO4,DME:1.000,weighted_permittivity,weighted_permittivity,7.2,2,clustered,278,6,6,0.9620744113090066,False,,,
279,3794,10.1149/1.1344281,ClO4,DME:1.000,weighted_permittivity,weighted_permittivity,7.2,2,clustered,279,6,6,0.9620744113090066,False,,,
280,3795,10.1149/1.1344281,ClO4,DME:1.000,weighted_permittivity,weighted_permittivity,7.2,2,clustered,280,6,6,0.9620744113090066,False,,,
281,3796,10.1149/1.1344281,ClO4,DME:1.000,weighted_permittivity,weighted_permittivity,7.2,2,clustered,281,6,6,0.9620744113090066,False,,,
282,3797,10.1149/1.1344281,ClO4,DME:1.000,weighted_permittivity,weighted_permittivity,7.2,2,clustered,282,6,6,0.9620744113090066,False,,,
283,3798,10.1149/1.1344281,ClO4,DME:1.000,weighted_permittivity,weighted_permittivity,7.2,2,clustered,283,6,6,0.9620744113090066,False,,,
284,3799,10.1149/1.1344281,ClO4,DME:1.000,weighted_permittivity,weighted_permittivity,7.2,2,clustered,284,6,6,0.9620744113090066,False,,,
285,3800,10.1149/1.1344281,ClO4,DME:1.000,weighted_permittivity,weighted_permittivity,7.2,2,clustered,285,6,6,0.9620744113090066,False,,,
286,3801,10.1149/1.1344281,ClO4,DME:1.000,weighted_permittivity,weighted_permittivity,7.2,2,clustered,286,6,6,0.9620744113090066,False,,,
287,3802,10.1149/1.1344281,ClO4,DME:1.000,weighted_permittivity,weighted_permittivity,7.2,2,clustered,287,6,6,0.9620744113090066,False,,,
288,3803,10.1149/1.1344281,ClO4,DME:1.000,weighted_permittivity,weighted_permittivity,7.2,2,clustered,288,6,6,0.9620744113090066,False,,,
289,3804,10.1149/1.1344281,ClO4,DME:1.000,weighted_permittivity,weighted_permittivity,7.2,2,clustered,289,6,6,0.9620744113090066,False,,,
290,3805,10.1149/1.1344281,ClO4,DME:1.000,weighted_permittivity,weighted_permittivity,7.2,2,clustered,290,6,6,0.9620744113090066,False,,,
291,3806,10.1149/1.1344281,ClO4,DME:1.000,weighted_permittivity,weighted_permittivity,7.2,2,clustered,291,6,6,0.9620744113090066,False,,,
292,3807,10.1149/1.1344281,ClO4,DME:1.000,weighted_permittivity,weighted_permittivity,7.2,2,clustered,292,6,6,0.9620744113090066,False,,,
293,3808,10.1149/1.1344281,ClO4,DME:1.000,weighted_permittivity,weighted_permittivity,7.2,2,clustered,293,6,6,0.9620744113090066,False,,,
294,3809,10.1149/1.1344281,ClO4,DME:1.000,weighted_permittivity,weighted_permittivity,7.2,2,clustered,294,6,6,0.9620744113090066,False,,,
295,3810,10.1149/1.1344281,ClO4,DME:1.000,weighted_permittivity,weighted_permittivity,7.2,2,clustered,295,6,6,0.9620744113090066,False,,,
296,3811,10.1149/1.1344281,ClO4,DME:1.000,weighted_permittivity,weighted_permittivity,7.2,2,clustered,296,6,6,0.9620744113090066,False,,,
297,3812,10.1149/1.1344281,ClO4,DME:1.000,weighted_permittivity,weighted_permittivity,7.2,2,clustered,297,6,6,0.9620744113090066,False,,,
298,3813,10.1149/1.1344281,TFSI,DME:1.000,weighted_permittivity,weighted_permittivity,7.2,2,clustered,298,6,6,0.9620744113090066,False,,,
299,3814,10.1149/1.1344281,TFSI,DME:1.000,weighted_permittivity,weighted_permittivity,7.2,2,clustered,299,6,6,0.9620744113090066,False,,,
300,3815,10.1149/1.1344281,TFSI,DME:1.000,weighted_permittivity,weighted_permittivity,7.2,2,clustered,300,6,6,0.9620744113090066,False,,,
301,3816,10.1149/1.1344281,TFSI,DME:1.000,weighted_permittivity,weighted_permittivity,7.2,2,clustered,301,6,6,0.9620744113090066,False,,,
302,3817,10.1149/1.1344281,TFSI,DME:1.000,weighted_permittivity,weighted_permittivity,7.2,2,clustered,302,6,6,0.9620744113090066,False,,,
303,3818,10.1149/1.1344281,TFSI,DME:1.000,weighted_permittivity,weighted_permittivity,7.2,2,clustered,303,6,6,0.9620744113090066,False,,,
304,3819,10.1149/1.1344281,TFSI,DME:1.000,weighted_permittivity,weighted_permittivity,7.2,2,clustered,304,6,6,0.9620744113090066,False,,,
305,3820,10.1149/1.1344281,TFSI,DME:1.000,weighted_permittivity,weighted_permittivity,7.2,2,clustered,305,6,6,0.9620744113090066,False,,,
306,3821,10.1149/1.1344281,TFSI,DME:1.000,weighted_permittivity,weighted_permittivity,7.2,2,clustered,306,6,6,0.9620744113090066,False,,,
307,3822,10.1149/1.1344281,TFSI,DME:1.000,weighted_permittivity,weighted_permittivity,7.2,2,clustered,307,6,6,0.9620744113090066,False,,,
308,3823,10.1149/1.1344281,TFSI,DME:1.000,weighted_permittivity,weighted_permittivity,7.2,2,clustered,308,6,6,0.9620744113090066,False,,,
309,3824,10.1149/1.1344281,TFSI,DME:1.000,weighted_permittivity,weighted_permittivity,7.2,2,clustered,309,6,6,0.9620744113090066,False,,,
310,3825,10.1149/1.1344281,TFSI,DME:1.000,weighted_permittivity,weighted_permittivity,7.2,2,clustered,310,6,6,0.9620744113090066,False,,,
311,3826,10.1149/1.1344281,TFSI,DME:1.000,weighted_permittivity,weighted_permittivity,7.2,2,clustered,311,6,6,0.9620744113090066,False,,,
312,3827,10.1149/1.1344281,TFSI,DME:1.000,weighted_permittivity,weighted_permittivity,7.2,2,clustered,312,6,6,0.9620744113090066,False,,,
313,3828,10.1149/1.1344281,TFSI,DME:1.000,weighted_permittivity,weighted_permittivity,7.2,2,clustered,313,6,6,0.9620744113090066,False,,,
314,3829,10.1149/1.1344281,TFSI,DME:1.000,weighted_permittivity,weighted_permittivity,7.2,2,clustered,314,6,6,0.9620744113090066,False,,,
315,3830,10.1149/1.1344281,TFSI,DME:1.000,weighted_permittivity,weighted_permittivity,7.2,2,clustered,315,6,6,0.9620744113090066,False,,,
316,3831,10.1149/1.1344281,TFSI,DME:1.000,weighted_permittivity,weighted_permittivity,7.2,2,clustered,316,6,6,0.9620744113090066,False,,,
317,3832,10.1149/1.1344281,TFSI,DME:1.000,weighted_permittivity,weighted_permittivity,7.2,2,clustered,317,6,6,0.9620744113090066,False,,,
318,3833,10.1149/1.1344281,TFSI,DME:1.000,weighted_permittivity,weighted_permittivity,7.2,2,clustered,318,6,6,0.9620744113090066,False,,,
319,3834,10.1149/1.1344281,TFSI,DME:1.000,weighted_permittivity,weighted_permittivity,7.2,2,clustered,319,6,6,0.9620744113090066,False,,,
320,3835,10.1149/1.1344281,TFSI,DME:1.000,weighted_permittivity,weighted_permittivity,7.2,2,clustered,320,6,6,0.9620744113090066,False,,,
321,3836,10.1149/1.1344281,TFSI,DME:1.000,weighted_permittivity,weighted_permittivity,7.2,2,clustered,321,6,6,0.9620744113090066,False,,,
322,3837,10.1149/1.1344281,TFSI,DME:1.000,weighted_permittivity,weighted_permittivity,7.2,2,clustered,322,6,6,0.9620744113090066,False,,,
323,3838,10.1149/1.1344281,TFSI,DME:1.000,weighted_permittivity,weighted_permittivity,7.2,2,clustered,323,6,6,0.9620744113090066,False,,,
324,4363,10.1149/1.1466857,PF6,EC:0.300+EMC:0.700,weighted_permittivity,weighted_permittivity,28.73,4,clustered,324,6,6,0.9620744113090066,False,,,
325,4364,10.1149/1.1466857,PF6,EC:0.300+EMC:0.700,weighted_permittivity,weighted_permittivity,28.73,4,clustered,325,6,6,0.9620744113090066,False,,,
326,4365,10.1149/1.1466857,PF6,EC:0.300+EMC:0.700,weighted_permittivity,weighted_permittivity,28.73,4,clustered,326,6,6,0.9620744113090066,False,,,
327,4366,10.1149/1.1466857,PF6,EC:0.300+EMC:0.700,weighted_permittivity,weighted_permittivity,28.73,4,clustered,327,6,6,0.9620744113090066,False,,,
328,4367,10.1149/1.1466857,PF6,EC:0.300+EMC:0.700,weighted_permittivity,weighted_permittivity,28.73,4,clustered,328,6,6,0.9620744113090066,False,,,
329,4368,10.1149/1.1466857,PF6,EC:0.300+EMC:0.700,weighted_permittivity,weighted_permittivity,28.73,4,clustered,329,6,6,0.9620744113090066,False,,,
330,4369,10.1149/1.1466857,PF6,EC:0.300+EMC:0.700,weighted_permittivity,weighted_permittivity,28.73,4,clustered,330,6,6,0.9620744113090066,False,,,
331,4370,10.1149/1.1466857,PF6,EC:0.300+EMC:0.700,weighted_permittivity,weighted_permittivity,28.73,4,clustered,331,6,6,0.9620744113090066,False,,,
332,4371,10.1149/1.1466857,PF6,EC:0.300+EMC:0.700,weighted_permittivity,weighted_permittivity,28.73,4,clustered,332,6,6,0.9620744113090066,False,,,
333,4372,10.1149/1.1466857,PF6,EC:0.300+EMC:0.700,weighted_permittivity,weighted_permittivity,28.73,4,clustered,333,6,6,0.9620744113090066,False,,,
334,4373,10.1149/1.1466857,PF6,EC:0.300+EMC:0.700,weighted_permittivity,weighted_permittivity,28.73,4,clustered,334,6,6,0.9620744113090066,False,,,
335,4374,10.1149/1.1466857,PF6,EC:0.300+EMC:0.700,weighted_permittivity,weighted_permittivity,28.73,4,clustered,335,6,6,0.9620744113090066,False,,,
336,4375,10.1149/1.1466857,BF4,EC:0.300+EMC:0.700,weighted_permittivity,weighted_permittivity,28.73,4,clustered,336,6,6,0.9620744113090066,False,,,
337,4376,10.1149/1.1466857,BF4,EC:0.300+EMC:0.700,weighted_permittivity,weighted_permittivity,28.73,4,clustered,337,6,6,0.9620744113090066,False,,,
338,4377,10.1149/1.1466857,BF4,EC:0.300+EMC:0.700,weighted_permittivity,weighted_permittivity,28.73,4,clustered,338,6,6,0.9620744113090066,False,,,
339,4378,10.1149/1.1466857,BF4,EC:0.300+EMC:0.700,weighted_permittivity,weighted_permittivity,28.73,4,clustered,339,6,6,0.9620744113090066,False,,,
340,4379,10.1149/1.1466857,BF4,EC:0.300+EMC:0.700,weighted_permittivity,weighted_permittivity,28.73,4,clustered,340,6,6,0.9620744113090066,False,,,
341,4380,10.1149/1.1466857,BF4,EC:0.300+EMC:0.700,weighted_permittivity,weighted_permittivity,28.73,4,clustered,341,6,6,0.9620744113090066,False,,,
342,4381,10.1149/1.1466857,BF4,EC:0.300+EMC:0.700,weighted_permittivity,weighted_permittivity,28.73,4,clustered,342,6,6,0.9620744113090066,False,,,
343,4382,10.1149/1.1466857,BF4,EC:0.300+EMC:0.700,weighted_permittivity,weighted_permittivity,28.73,4,clustered,343,6,6,0.9620744113090066,False,,,
344,4383,10.1149/1.1466857,BF4,EC:0.300+EMC:0.700,weighted_permittivity,weighted_permittivity,28.73,4,clustered,344,6,6,0.9620744113090066,False,,,
345,4384,10.1149/1.1466857,BF4,EC:0.300+EMC:0.700,weighted_permittivity,weighted_permittivity,28.73,4,clustered,345,6,6,0.9620744113090066,False,,,
346,4385,10.1149/1.1466857,BF4,EC:0.300+EMC:0.700,weighted_permittivity,weighted_permittivity,28.73,4,clustered,346,6,6,0.9620744113090066,False,,,
347,4386,10.1149/1.1466857,BF4,EC:0.300+EMC:0.700,weighted_permittivity,weighted_permittivity,28.73,4,clustered,347,6,6,0.9620744113090066,False,,,
348,10873,10.1149/1.1872737,PF6,EC:0.270+PC:0.100+DMC:0.630,weighted_permittivity,weighted_permittivity,32.473,6,clustered,348,6,6,0.9620744113090066,False,,,
349,10874,10.1149/1.1872737,PF6,EC:0.270+PC:0.100+DMC:0.630,weighted_permittivity,weighted_permittivity,32.473,6,clustered,349,6,6,0.9620744113090066,False,,,
350,10875,10.1149/1.1872737,PF6,EC:0.270+PC:0.100+DMC:0.630,weighted_permittivity,weighted_permittivity,32.473,6,clustered,350,6,6,0.9620744113090066,False,,,
351,10877,10.1149/1.1872737,PF6,EC:0.270+PC:0.100+DMC:0.630,weighted_permittivity,weighted_permittivity,32.473,6,clustered,351,6,6,0.9620744113090066,False,,,
352,10878,10.1149/1.1872737,PF6,EC:0.270+PC:0.100+DMC:0.630,weighted_permittivity,weighted_permittivity,32.473,6,clustered,352,6,6,0.9620744113090066,False,,,
353,10881,10.1149/1.1872737,PF6,EC:0.270+PC:0.100+DMC:0.630,weighted_permittivity,weighted_permittivity,32.473,6,clustered,353,6,6,0.9620744113090066,False,,,
354,10884,10.1149/1.1872737,PF6,EC:0.270+PC:0.100+DMC:0.630,weighted_permittivity,weighted_permittivity,32.473,6,clustered,354,6,6,0.9620744113090066,False,,,
355,10885,10.1149/1.1872737,PF6,EC:0.270+PC:0.100+DMC:0.630,weighted_permittivity,weighted_permittivity,32.473,6,clustered,355,6,6,0.9620744113090066,False,,,
356,10886,10.1149/1.1872737,PF6,EC:0.270+PC:0.100+DMC:0.630,weighted_permittivity,weighted_permittivity,32.473,6,clustered,356,6,6,0.9620744113090066,False,,,
357,10887,10.1149/1.1872737,PF6,EC:0.270+PC:0.100+DMC:0.630,weighted_permittivity,weighted_permittivity,32.473,6,clustered,357,6,6,0.9620744113090066,False,,,
358,10888,10.1149/1.1872737,PF6,EC:0.270+PC:0.100+DMC:0.630,weighted_permittivity,weighted_permittivity,32.473,6,clustered,358,6,6,0.9620744113090066,False,,,
359,10889,10.1149/1.1872737,PF6,EC:0.270+PC:0.100+DMC:0.630,weighted_permittivity,weighted_permittivity,32.473,6,clustered,359,6,6,0.9620744113090066,False,,,
360,10891,10.1149/1.1872737,PF6,EC:0.270+PC:0.100+DMC:0.630,weighted_permittivity,weighted_permittivity,32.473,6,clustered,360,6,6,0.9620744113090066,False,,,
361,10893,10.1149/1.1872737,PF6,EC:0.270+PC:0.100+DMC:0.630,weighted_permittivity,weighted_permittivity,32.473,6,clustered,361,6,6,0.9620744113090066,False,,,
362,10894,10.1149/1.1872737,PF6,EC:0.270+PC:0.100+DMC:0.630,weighted_permittivity,weighted_permittivity,32.473,6,clustered,362,6,6,0.9620744113090066,False,,,
363,10895,10.1149/1.1872737,PF6,EC:0.270+PC:0.100+DMC:0.630,weighted_permittivity,weighted_permittivity,32.473,6,clustered,363,6,6,0.9620744113090066,False,,,
364,10897,10.1149/1.1872737,PF6,EC:0.270+PC:0.100+DMC:0.630,weighted_permittivity,weighted_permittivity,32.473,6,clustered,364,6,6,0.9620744113090066,False,,,
365,10899,10.1149/1.1872737,PF6,EC:0.270+PC:0.100+DMC:0.630,weighted_permittivity,weighted_permittivity,32.473,6,clustered,365,6,6,0.9620744113090066,False,,,
366,10900,10.1149/1.1872737,PF6,EC:0.270+PC:0.100+DMC:0.630,weighted_permittivity,weighted_permittivity,32.473,6,clustered,366,6,6,0.9620744113090066,False,,,
367,10901,10.1149/1.1872737,PF6,EC:0.270+PC:0.100+DMC:0.630,weighted_permittivity,weighted_permittivity,32.473,6,clustered,367,6,6,0.9620744113090066,False,,,
368,10902,10.1149/1.1872737,PF6,EC:0.270+PC:0.100+DMC:0.630,weighted_permittivity,weighted_permittivity,32.473,6,clustered,368,6,6,0.9620744113090066,False,,,
369,10903,10.1149/1.1872737,PF6,EC:0.270+PC:0.100+DMC:0.630,weighted_permittivity,weighted_permittivity,32.473,6,clustered,369,6,6,0.9620744113090066,False,,,
370,11883,10.1149/2.0571912jes,PF6,EC:0.500+DMC:0.500,weighted_permittivity,weighted_permittivity,46.05,1,clustered,370,6,6,0.9620744113090066,False,,,
371,11884,10.1149/2.0571912jes,PF6,EC:0.500+DMC:0.500,weighted_permittivity,weighted_permittivity,46.05,1,clustered,371,6,6,0.9620744113090066,False,,,
372,11885,10.1149/2.0571912jes,PF6,EC:0.500+DMC:0.500,weighted_permittivity,weighted_permittivity,46.05,1,clustered,372,6,6,0.9620744113090066,False,,,
373,11886,10.1149/2.0571912jes,PF6,EC:0.500+DMC:0.500,weighted_permittivity,weighted_permittivity,46.05,1,clustered,373,6,6,0.9620744113090066,False,,,
374,11887,10.1149/2.0571912jes,PF6,EC:0.500+DMC:0.500,weighted_permittivity,weighted_permittivity,46.05,1,clustered,374,6,6,0.9620744113090066,False,,,
375,11888,10.1149/2.0571912jes,PF6,EC:0.500+DMC:0.500,weighted_permittivity,weighted_permittivity,46.05,1,clustered,375,6,6,0.9620744113090066,False,,,
376,11889,10.1149/2.0571912jes,PF6,EC:0.500+DMC:0.500,weighted_permittivity,weighted_permittivity,46.05,1,clustered,376,6,6,0.9620744113090066,False,,,
377,11890,10.1149/2.0571912jes,PF6,EC:0.500+DMC:0.500,weighted_permittivity,weighted_permittivity,46.05,1,clustered,377,6,6,0.9620744113090066,False,,,
378,11891,10.1149/2.0571912jes,PF6,EC:0.500+DMC:0.500,weighted_permittivity,weighted_permittivity,46.05,1,clustered,378,6,6,0.9620744113090066,False,,,
379,11892,10.1149/2.0571912jes,PF6,EC:0.500+DMC:0.500,weighted_permittivity,weighted_permittivity,46.05,1,clustered,379,6,6,0.9620744113090066,False,,,
380,11893,10.1149/2.0571912jes,PF6,EC:0.500+DMC:0.500,weighted_permittivity,weighted_permittivity,46.05,1,clustered,380,6,6,0.9620744113090066,False,,,
381,11894,10.1149/2.0571912jes,PF6,EC:0.500+DMC:0.500,weighted_permittivity,weighted_permittivity,46.05,1,clustered,381,6,6,0.9620744113090066,False,,,
382,11895,10.1149/2.0571912jes,PF6,EC:0.500+DMC:0.500,weighted_permittivity,weighted_permittivity,46.05,1,clustered,382,6,6,0.9620744113090066,False,,,
383,11896,10.1149/2.0571912jes,PF6,EC:0.500+DMC:0.500,weighted_permittivity,weighted_permittivity,46.05,1,clustered,383,6,6,0.9620744113090066,False,,,
384,11897,10.1149/2.0571912jes,PF6,EC:0.500+DMC:0.500,weighted_permittivity,weighted_permittivity,46.05,1,clustered,384,6,6,0.9620744113090066,False,,,
385,11898,10.1149/2.0571912jes,PF6,EC:0.500+DMC:0.500,weighted_permittivity,weighted_permittivity,46.05,1,clustered,385,6,6,0.9620744113090066,False,,,
386,11899,10.1149/2.0571912jes,PF6,EC:0.500+DMC:0.500,weighted_permittivity,weighted_permittivity,46.05,1,clustered,386,6,6,0.9620744113090066,False,,,
387,11900,10.1149/2.0571912jes,PF6,EC:0.500+DMC:0.500,weighted_permittivity,weighted_permittivity,46.05,1,clustered,387,6,6,0.9620744113090066,False,,,
388,11901,10.1149/2.0571912jes,PF6,EC:0.500+DMC:0.500,weighted_permittivity,weighted_permittivity,46.05,1,clustered,388,6,6,0.9620744113090066,False,,,
389,11902,10.1149/2.0571912jes,PF6,EC:0.500+DMC:0.500,weighted_permittivity,weighted_permittivity,46.05,1,clustered,389,6,6,0.9620744113090066,False,,,
390,11903,10.1149/2.0571912jes,PF6,EC:0.500+DMC:0.500,weighted_permittivity,weighted_permittivity,46.05,1,clustered,390,6,6,0.9620744113090066,False,,,
391,11904,10.1149/2.0571912jes,PF6,EC:0.500+DMC:0.500,weighted_permittivity,weighted_permittivity,46.05,1,clustered,391,6,6,0.9620744113090066,False,,,
392,11905,10.1149/2.0571912jes,PF6,EC:0.500+DMC:0.500,weighted_permittivity,weighted_permittivity,46.05,1,clustered,392,6,6,0.9620744113090066,False,,,
393,11906,10.1149/2.0571912jes,PF6,EC:0.500+DMC:0.500,weighted_permittivity,weighted_permittivity,46.05,1,clustered,393,6,6,0.9620744113090066,False,,,
394,11907,10.1149/2.0571912jes,PF6,EC:0.500+DMC:0.500,weighted_permittivity,weighted_permittivity,46.05,1,clustered,394,6,6,0.9620744113090066,False,,,
395,11908,10.1149/2.0571912jes,PF6,EC:0.500+DMC:0.500,weighted_permittivity,weighted_permittivity,46.05,1,clustered,395,6,6,0.9620744113090066,False,,,
396,11909,10.1149/2.0571912jes,PF6,EC:0.500+DMC:0.500,weighted_permittivity,weighted_permittivity,46.05,1,clustered,396,6,6,0.9620744113090066,False,,,
397,11910,10.1149/2.0571912jes,PF6,EC:0.500+DMC:0.500,weighted_permittivity,weighted_permittivity,46.05,1,clustered,397,6,6,0.9620744113090066,False,,,
398,11911,10.1149/2.0571912jes,PF6,EC:0.500+DMC:0.500,weighted_permittivity,weighted_permittivity,46.05,1,clustered,398,6,6,0.9620744113090066,False,,,
399,11912,10.1149/2.0571912jes,PF6,EC:0.500+DMC:0.500,weighted_permittivity,weighted_permittivity,46.05,1,clustered,399,6,6,0.9620744113090066,False,,,
400,11913,10.1149/2.0571912jes,PF6,EC:0.500+DMC:0.500,weighted_permittivity,weighted_permittivity,46.05,1,clustered,400,6,6,0.9620744113090066,False,,,
401,11914,10.1149/2.0571912jes,PF6,EC:0.500+DMC:0.500,weighted_permittivity,weighted_permittivity,46.05,1,clustered,401,6,6,0.9620744113090066,False,,,
402,11915,10.1149/2.0571912jes,PF6,EC:0.500+DMC:0.500,weighted_permittivity,weighted_permittivity,46.05,1,clustered,402,6,6,0.9620744113090066,False,,,
403,11916,10.1149/2.0571912jes,PF6,EC:0.500+DMC:0.500,weighted_permittivity,weighted_permittivity,46.05,1,clustered,403,6,6,0.9620744113090066,False,,,
404,11917,10.1149/2.0571912jes,PF6,EC:0.500+DMC:0.500,weighted_permittivity,weighted_permittivity,46.05,1,clustered,404,6,6,0.9620744113090066,False,,,
405,11918,10.1149/2.0571912jes,PF6,EC:0.300+EMC:0.700,weighted_permittivity,weighted_permittivity,28.73,4,clustered,405,6,6,0.9620744113090066,False,,,
406,11919,10.1149/2.0571912jes,PF6,EC:0.300+EMC:0.700,weighted_permittivity,weighted_permittivity,28.73,4,clustered,406,6,6,0.9620744113090066,False,,,
407,11920,10.1149/2.0571912jes,PF6,EC:0.300+EMC:0.700,weighted_permittivity,weighted_permittivity,28.73,4,clustered,407,6,6,0.9620744113090066,False,,,
408,11921,10.1149/2.0571912jes,PF6,EC:0.300+EMC:0.700,weighted_permittivity,weighted_permittivity,28.73,4,clustered,408,6,6,0.9620744113090066,False,,,
409,11922,10.1149/2.0571912jes,PF6,EC:0.300+EMC:0.700,weighted_permittivity,weighted_permittivity,28.73,4,clustered,409,6,6,0.9620744113090066,False,,,
410,11923,10.1149/2.0571912jes,PF6,EC:0.300+EMC:0.700,weighted_permittivity,weighted_permittivity,28.73,4,clustered,410,6,6,0.9620744113090066,False,,,
411,11924,10.1149/2.0571912jes,PF6,EC:0.300+EMC:0.700,weighted_permittivity,weighted_permittivity,28.73,4,clustered,411,6,6,0.9620744113090066,False,,,
412,11925,10.1149/2.0571912jes,PF6,EC:0.300+EMC:0.700,weighted_permittivity,weighted_permittivity,28.73,4,clustered,412,6,6,0.9620744113090066,False,,,
413,11926,10.1149/2.0571912jes,PF6,EC:0.300+EMC:0.700,weighted_permittivity,weighted_permittivity,28.73,4,clustered,413,6,6,0.9620744113090066,False,,,
414,11927,10.1149/2.0571912jes,PF6,EC:0.300+EMC:0.700,weighted_permittivity,weighted_permittivity,28.73,4,clustered,414,6,6,0.9620744113090066,False,,,
415,11928,10.1149/2.0571912jes,PF6,EC:0.300+EMC:0.700,weighted_permittivity,weighted_permittivity,28.73,4,clustered,415,6,6,0.9620744113090066,False,,,
416,11929,10.1149/2.0571912jes,PF6,EC:0.300+EMC:0.700,weighted_permittivity,weighted_permittivity,28.73,4,clustered,416,6,6,0.9620744113090066,False,,,
417,11930,10.1149/2.0571912jes,PF6,EC:0.300+EMC:0.700,weighted_permittivity,weighted_permittivity,28.73,4,clustered,417,6,6,0.9620744113090066,False,,,
418,11931,10.1149/2.0571912jes,PF6,EC:0.300+EMC:0.700,weighted_permittivity,weighted_permittivity,28.73,4,clustered,418,6,6,0.9620744113090066,False,,,
419,11932,10.1149/2.0571912jes,PF6,EC:0.300+EMC:0.700,weighted_permittivity,weighted_permittivity,28.73,4,clustered,419,6,6,0.9620744113090066,False,,,
420,11933,10.1149/2.0571912jes,PF6,EC:0.300+EMC:0.700,weighted_permittivity,weighted_permittivity,28.73,4,clustered,420,6,6,0.9620744113090066,False,,,
421,11934,10.1149/2.0571912jes,PF6,EC:0.300+EMC:0.700,weighted_permittivity,weighted_permittivity,28.73,4,clustered,421,6,6,0.9620744113090066,False,,,
422,11935,10.1149/2.0571912jes,PF6,EC:0.300+EMC:0.700,weighted_permittivity,weighted_permittivity,28.73,4,clustered,422,6,6,0.9620744113090066,False,,,
423,11936,10.1149/2.0571912jes,PF6,EC:0.300+EMC:0.700,weighted_permittivity,weighted_permittivity,28.73,4,clustered,423,6,6,0.9620744113090066,False,,,
424,11937,10.1149/2.0571912jes,PF6,EC:0.300+EMC:0.700,weighted_permittivity,weighted_permittivity,28.73,4,clustered,424,6,6,0.9620744113090066,False,,,
425,11938,10.1149/2.0571912jes,PF6,EC:0.300+EMC:0.700,weighted_permittivity,weighted_permittivity,28.73,4,clustered,425,6,6,0.9620744113090066,False,,,
426,11939,10.1149/2.0571912jes,PF6,EC:0.300+EMC:0.700,weighted_permittivity,weighted_permittivity,28.73,4,clustered,426,6,6,0.9620744113090066,False,,,
427,11940,10.1149/2.0571912jes,PF6,EC:0.300+EMC:0.700,weighted_permittivity,weighted_permittivity,28.73,4,clustered,427,6,6,0.9620744113090066,False,,,
428,11941,10.1149/2.0571912jes,PF6,EC:0.300+EMC:0.700,weighted_permittivity,weighted_permittivity,28.73,4,clustered,428,6,6,0.9620744113090066,False,,,
429,11942,10.1149/2.0571912jes,PF6,EC:0.300+EMC:0.700,weighted_permittivity,weighted_permittivity,28.73,4,clustered,429,6,6,0.9620744113090066,False,,,
430,11943,10.1149/2.0571912jes,PF6,EC:0.300+EMC:0.700,weighted_permittivity,weighted_permittivity,28.73,4,clustered,430,6,6,0.9620744113090066,False,,,
431,11944,10.1149/2.0571912jes,PF6,EC:0.300+EMC:0.700,weighted_permittivity,weighted_permittivity,28.73,4,clustered,431,6,6,0.9620744113090066,False,,,
432,11945,10.1149/2.0571912jes,PF6,EC:0.300+EMC:0.700,weighted_permittivity,weighted_permittivity,28.73,4,clustered,432,6,6,0.9620744113090066,False,,,
433,11946,10.1149/2.0571912jes,PF6,EC:0.300+EMC:0.700,weighted_permittivity,weighted_permittivity,28.73,4,clustered,433,6,6,0.9620744113090066,False,,,
434,11947,10.1149/2.0571912jes,PF6,EC:0.300+EMC:0.700,weighted_permittivity,weighted_permittivity,28.73,4,clustered,434,6,6,0.9620744113090066,False,,,
435,11948,10.1149/2.0571912jes,PF6,EC:0.300+EMC:0.700,weighted_permittivity,weighted_permittivity,28.73,4,clustered,435,6,6,0.9620744113090066,False,,,
436,11949,10.1149/2.0571912jes,PF6,EC:0.300+EMC:0.700,weighted_permittivity,weighted_permittivity,28.73,4,clustered,436,6,6,0.9620744113090066,False,,,
437,11950,10.1149/2.0571912jes,PF6,EC:0.300+EMC:0.700,weighted_permittivity,weighted_permittivity,28.73,4,clustered,437,6,6,0.9620744113090066,False,,,
438,11951,10.1149/2.0571912jes,PF6,EC:0.300+EMC:0.700,weighted_permittivity,weighted_permittivity,28.73,4,clustered,438,6,6,0.9620744113090066,False,,,
439,11952,10.1149/2.0571912jes,PF6,EC:0.300+EMC:0.700,weighted_permittivity,weighted_permittivity,28.73,4,clustered,439,6,6,0.9620744113090066,False,,,
440,11953,10.1149/2.0571912jes,PF6,EC:0.300+EMC:0.700,weighted_permittivity,weighted_permittivity,28.73,4,clustered,440,6,6,0.9620744113090066,False,,,
441,11954,10.1149/2.0571912jes,PF6,EC:0.300+EMC:0.700,weighted_permittivity,weighted_permittivity,28.73,4,clustered,441,6,6,0.9620744113090066,False,,,
442,11955,10.1149/2.0571912jes,PF6,EC:0.300+EMC:0.700,weighted_permittivity,weighted_permittivity,28.73,4,clustered,442,6,6,0.9620744113090066,False,,,
443,11956,10.1149/2.0571912jes,PF6,EC:0.300+EMC:0.700,weighted_permittivity,weighted_permittivity,28.73,4,clustered,443,6,6,0.9620744113090066,False,,,
444,11957,10.1149/2.0571912jes,PF6,EC:0.300+EMC:0.700,weighted_permittivity,weighted_permittivity,28.73,4,clustered,444,6,6,0.9620744113090066,False,,,
445,11958,10.1149/2.0571912jes,PF6,EC:0.300+EMC:0.700,weighted_permittivity,weighted_permittivity,28.73,4,clustered,445,6,6,0.9620744113090066,False,,,
446,11959,10.1149/2.0571912jes,PF6,EC:0.300+EMC:0.700,weighted_permittivity,weighted_permittivity,28.73,4,clustered,446,6,6,0.9620744113090066,False,,,
447,12002,10.1149/2.0641503jes,PF6,EC:0.500+DEC:0.500,weighted_permittivity,weighted_permittivity,45.9,1,clustered,447,6,6,0.9620744113090066,False,,,
448,12003,10.1149/2.0641503jes,PF6,EC:0.500+DEC:0.500,weighted_permittivity,weighted_permittivity,45.9,1,clustered,448,6,6,0.9620744113090066,False,,,
449,12004,10.1149/2.0641503jes,PF6,EC:0.500+DEC:0.500,weighted_permittivity,weighted_permittivity,45.9,1,clustered,449,6,6,0.9620744113090066,False,,,
450,12005,10.1149/2.0641503jes,PF6,EC:0.500+DEC:0.500,weighted_permittivity,weighted_permittivity,45.9,1,clustered,450,6,6,0.9620744113090066,False,,,
451,12006,10.1149/2.0641503jes,PF6,EC:0.500+DEC:0.500,weighted_permittivity,weighted_permittivity,45.9,1,clustered,451,6,6,0.9620744113090066,False,,,
452,12007,10.1149/2.0641503jes,PF6,EC:0.500+DEC:0.500,weighted_permittivity,weighted_permittivity,45.9,1,clustered,452,6,6,0.9620744113090066,False,,,
453,12008,10.1149/2.0641503jes,PF6,EC:0.500+DEC:0.500,weighted_permittivity,weighted_permittivity,45.9,1,clustered,453,6,6,0.9620744113090066,False,,,
454,12009,10.1149/2.0641503jes,PF6,EC:0.500+DEC:0.500,weighted_permittivity,weighted_permittivity,45.9,1,clustered,454,6,6,0.9620744113090066,False,,,
455,12010,10.1149/2.0641503jes,PF6,EC:0.500+DEC:0.500,weighted_permittivity,weighted_permittivity,45.9,1,clustered,455,6,6,0.9620744113090066,False,,,
456,12011,10.1149/2.0641503jes,PF6,EC:0.500+DEC:0.500,weighted_permittivity,weighted_permittivity,45.9,1,clustered,456,6,6,0.9620744113090066,False,,,
457,12012,10.1149/2.0641503jes,PF6,EC:0.500+DEC:0.500,weighted_permittivity,weighted_permittivity,45.9,1,clustered,457,6,6,0.9620744113090066,False,,,
458,12013,10.1149/2.0641503jes,PF6,EC:0.500+DEC:0.500,weighted_permittivity,weighted_permittivity,45.9,1,clustered,458,6,6,0.9620744113090066,False,,,
459,12014,10.1149/2.0641503jes,PF6,EC:0.500+DEC:0.500,weighted_permittivity,weighted_permittivity,45.9,1,clustered,459,6,6,0.9620744113090066,False,,,
460,12015,10.1149/2.0641503jes,PF6,EC:0.500+DEC:0.500,weighted_permittivity,weighted_permittivity,45.9,1,clustered,460,6,6,0.9620744113090066,False,,,
461,12016,10.1149/2.0641503jes,PF6,EC:0.500+DEC:0.500,weighted_permittivity,weighted_permittivity,45.9,1,clustered,461,6,6,0.9620744113090066,False,,,
462,13615,10.1016/0378-7753(91)80004-H,PF6,EC:0.150+PC:0.850,weighted_permittivity,weighted_permittivity,68.515,3,clustered,462,6,6,0.9620744113090066,False,,,
463,13616,10.1016/0378-7753(91)80004-H,PF6,EC:0.500+PC:0.500,weighted_permittivity,weighted_permittivity,76.95,5,clustered,463,6,6,0.9620744113090066,False,,,
464,13618,10.1016/0378-7753(91)80004-H,PF6,EC:0.150+PC:0.850,weighted_permittivity,weighted_permittivity,68.515,3,clustered,464,6,6,0.9620744113090066,False,,,
465,13619,10.1016/0378-7753(91)80004-H,PF6,EC:0.500+PC:0.500,weighted_permittivity,weighted_permittivity,76.95,5,clustered,465,6,6,0.9620744113090066,False,,,
466,13621,10.1016/0378-7753(91)80004-H,PF6,EC:0.150+PC:0.850,weighted_permittivity,weighted_permittivity,68.515,3,clustered,466,6,6,0.9620744113090066,False,,,
467,13622,10.1016/0378-7753(91)80004-H,PF6,EC:0.500+PC:0.500,weighted_permittivity,weighted_permittivity,76.95,5,clustered,467,6,6,0.9620744113090066,False,,,
468,13624,10.1016/0378-7753(91)80004-H,PF6,EC:0.150+PC:0.850,weighted_permittivity,weighted_permittivity,68.515,3,clustered,468,6,6,0.9620744113090066,False,,,
469,13625,10.1016/0378-7753(91)80004-H,PF6,EC:0.500+PC:0.500,weighted_permittivity,weighted_permittivity,76.95,5,clustered,469,6,6,0.9620744113090066,False,,,
470,13627,10.1016/0378-7753(91)80004-H,PF6,EC:0.150+PC:0.850,weighted_permittivity,weighted_permittivity,68.515,3,clustered,470,6,6,0.9620744113090066,False,,,
471,13628,10.1016/0378-7753(91)80004-H,PF6,EC:0.500+PC:0.500,weighted_permittivity,weighted_permittivity,76.95,5,clustered,471,6,6,0.9620744113090066,False,,,
472,13630,10.1016/0378-7753(91)80004-H,PF6,EC:0.150+PC:0.850,weighted_permittivity,weighted_permittivity,68.515,3,clustered,472,6,6,0.9620744113090066,False,,,
473,13631,10.1016/0378-7753(91)80004-H,PF6,EC:0.500+PC:0.500,weighted_permittivity,weighted_permittivity,76.95,5,clustered,473,6,6,0.9620744113090066,False,,,
474,13633,10.1016/0378-7753(91)80004-H,PF6,EC:0.150+PC:0.850,weighted_permittivity,weighted_permittivity,68.515,3,clustered,474,6,6,0.9620744113090066,False,,,
475,13634,10.1016/0378-7753(91)80004-H,PF6,EC:0.500+PC:0.500,weighted_permittivity,weighted_permittivity,76.95,5,clustered,475,6,6,0.9620744113090066,False,,,
476,13636,10.1016/0378-7753(91)80004-H,PF6,EC:0.150+PC:0.850,weighted_permittivity,weighted_permittivity,68.515,3,clustered,476,6,6,0.9620744113090066,False,,,
477,13637,10.1016/0378-7753(91)80004-H,PF6,EC:0.500+PC:0.500,weighted_permittivity,weighted_permittivity,76.95,5,clustered,477,6,6,0.9620744113090066,False,,,
478,13639,10.1016/0378-7753(91)80004-H,PF6,EC:0.150+PC:0.850,weighted_permittivity,weighted_permittivity,68.515,3,clustered,478,6,6,0.9620744113090066,False,,,
479,13640,10.1016/0378-7753(91)80004-H,PF6,EC:0.500+PC:0.500,weighted_permittivity,weighted_permittivity,76.95,5,clustered,479,6,6,0.9620744113090066,False,,,
480,13642,10.1016/0378-7753(91)80004-H,PF6,EC:0.150+PC:0.850,weighted_permittivity,weighted_permittivity,68.515,3,clustered,480,6,6,0.9620744113090066,False,,,
481,13643,10.1016/0378-7753(91)80004-H,PF6,EC:0.500+PC:0.500,weighted_permittivity,weighted_permittivity,76.95,5,clustered,481,6,6,0.9620744113090066,False,,,
482,13645,10.1016/0378-7753(91)80004-H,PF6,EC:0.150+PC:0.850,weighted_permittivity,weighted_permittivity,68.515,3,clustered,482,6,6,0.9620744113090066,False,,,
483,13646,10.1016/0378-7753(91)80004-H,PF6,EC:0.500+PC:0.500,weighted_permittivity,weighted_permittivity,76.95,5,clustered,483,6,6,0.9620744113090066,False,,,
484,13793,10.1016/0378-7753(91)80004-H,BF4,EC:0.500+PC:0.500,weighted_permittivity,weighted_permittivity,76.95,5,clustered,484,6,6,0.9620744113090066,False,,,
485,13796,10.1016/0378-7753(91)80004-H,BF4,EC:0.500+PC:0.500,weighted_permittivity,weighted_permittivity,76.95,5,clustered,485,6,6,0.9620744113090066,False,,,
486,13799,10.1016/0378-7753(91)80004-H,BF4,EC:0.500+PC:0.500,weighted_permittivity,weighted_permittivity,76.95,5,clustered,486,6,6,0.9620744113090066,False,,,
487,13802,10.1016/0378-7753(91)80004-H,BF4,EC:0.500+PC:0.500,weighted_permittivity,weighted_permittivity,76.95,5,clustered,487,6,6,0.9620744113090066,False,,,
488,13805,10.1016/0378-7753(91)80004-H,BF4,EC:0.500+PC:0.500,weighted_permittivity,weighted_permittivity,76.95,5,clustered,488,6,6,0.9620744113090066,False,,,
489,13808,10.1016/0378-7753(91)80004-H,BF4,EC:0.500+PC:0.500,weighted_permittivity,weighted_permittivity,76.95,5,clustered,489,6,6,0.9620744113090066,False,,,
490,13811,10.1016/0378-7753(91)80004-H,BF4,EC:0.500+PC:0.500,weighted_permittivity,weighted_permittivity,76.95,5,clustered,490,6,6,0.9620744113090066,False,,,
491,13814,10.1016/0378-7753(91)80004-H,BF4,EC:0.500+PC:0.500,weighted_permittivity,weighted_permittivity,76.95,5,clustered,491,6,6,0.9620744113090066,False,,,
492,13817,10.1016/0378-7753(91)80004-H,BF4,EC:0.500+PC:0.500,weighted_permittivity,weighted_permittivity,76.95,5,clustered,492,6,6,0.9620744113090066,False,,,
493,13820,10.1016/0378-7753(91)80004-H,BF4,EC:0.500+PC:0.500,weighted_permittivity,weighted_permittivity,76.95,5,clustered,493,6,6,0.9620744113090066,False,,,
494,13823,10.1016/0378-7753(91)80004-H,BF4,EC:0.500+PC:0.500,weighted_permittivity,weighted_permittivity,76.95,5,clustered,494,6,6,0.9620744113090066,False,,,
0,23,10.1016/j.electacta.2008.04.023,PF6,EC:0.300+EMC:0.700,weighted_viscosity,weighted_viscosity_mPa_s_25C,,4,clustered,0,6,6,0.9418687614394182,False,1.025,,
1,24,10.1016/j.electacta.2008.04.023,PF6,EC:0.300+EMC:0.700,weighted_viscosity,weighted_viscosity_mPa_s_25C,,4,clustered,1,6,6,0.9418687614394182,False,1.025,,
2,25,10.1016/j.electacta.2008.04.023,PF6,EC:0.300+EMC:0.700,weighted_viscosity,weighted_viscosity_mPa_s_25C,,4,clustered,2,6,6,0.9418687614394182,False,1.025,,
3,26,10.1016/j.electacta.2008.04.023,PF6,EC:0.300+EMC:0.700,weighted_viscosity,weighted_viscosity_mPa_s_25C,,4,clustered,3,6,6,0.9418687614394182,False,1.025,,
4,27,10.1016/j.electacta.2008.04.023,PF6,EC:0.300+EMC:0.700,weighted_viscosity,weighted_viscosity_mPa_s_25C,,4,clustered,4,6,6,0.9418687614394182,False,1.025,,
5,28,10.1016/j.electacta.2008.04.023,PF6,EC:0.300+EMC:0.700,weighted_viscosity,weighted_viscosity_mPa_s_25C,,4,clustered,5,6,6,0.9418687614394182,False,1.025,,
6,29,10.1016/j.electacta.2008.04.023,PF6,EC:0.300+EMC:0.700,weighted_viscosity,weighted_viscosity_mPa_s_25C,,4,clustered,6,6,6,0.9418687614394182,False,1.025,,
7,30,10.1016/j.electacta.2008.04.023,PF6,EC:0.300+EMC:0.700,weighted_viscosity,weighted_viscosity_mPa_s_25C,,4,clustered,7,6,6,0.9418687614394182,False,1.025,,
8,31,10.1016/j.jpowsour.2010.12.040,FSI,EC:0.300+EMC:0.700,weighted_viscosity,weighted_viscosity_mPa_s_25C,,4,clustered,8,6,6,0.9418687614394182,False,1.025,,
9,32,10.1016/j.jpowsour.2010.12.040,FSI,EC:0.300+EMC:0.700,weighted_viscosity,weighted_viscosity_mPa_s_25C,,4,clustered,9,6,6,0.9418687614394182,False,1.025,,
10,33,10.1016/j.jpowsour.2010.12.040,FSI,EC:0.300+EMC:0.700,weighted_viscosity,weighted_viscosity_mPa_s_25C,,4,clustered,10,6,6,0.9418687614394182,False,1.025,,
11,34,10.1016/j.jpowsour.2010.12.040,FSI,EC:0.300+EMC:0.700,weighted_viscosity,weighted_viscosity_mPa_s_25C,,4,clustered,11,6,6,0.9418687614394182,False,1.025,,
12,35,10.1016/j.jpowsour.2010.12.040,FSI,EC:0.300+EMC:0.700,weighted_viscosity,weighted_viscosity_mPa_s_25C,,4,clustered,12,6,6,0.9418687614394182,False,1.025,,
13,36,10.1016/j.jpowsour.2010.12.040,FSI,EC:0.300+EMC:0.700,weighted_viscosity,weighted_viscosity_mPa_s_25C,,4,clustered,13,6,6,0.9418687614394182,False,1.025,,
14,37,10.1016/j.jpowsour.2010.12.040,FSI,EC:0.300+EMC:0.700,weighted_viscosity,weighted_viscosity_mPa_s_25C,,4,clustered,14,6,6,0.9418687614394182,False,1.025,,
15,38,10.1016/j.jpowsour.2010.12.040,FSI,EC:0.300+EMC:0.700,weighted_viscosity,weighted_viscosity_mPa_s_25C,,4,clustered,15,6,6,0.9418687614394182,False,1.025,,
16,39,10.1016/j.jpowsour.2010.12.040,FSI,EC:0.300+EMC:0.700,weighted_viscosity,weighted_viscosity_mPa_s_25C,,4,clustered,16,6,6,0.9418687614394182,False,1.025,,
17,40,10.1016/j.jpowsour.2010.12.040,FSI,EC:0.300+EMC:0.700,weighted_viscosity,weighted_viscosity_mPa_s_25C,,4,clustered,17,6,6,0.9418687614394182,False,1.025,,
18,41,10.1016/j.jpowsour.2010.12.040,FSI,EC:0.300+EMC:0.700,weighted_viscosity,weighted_viscosity_mPa_s_25C,,4,clustered,18,6,6,0.9418687614394182,False,1.025,,
19,42,10.1016/j.jpowsour.2010.12.040,FSI,EC:0.300+EMC:0.700,weighted_viscosity,weighted_viscosity_mPa_s_25C,,4,clustered,19,6,6,0.9418687614394182,False,1.025,,
20,43,10.1016/j.jpowsour.2010.12.040,FSI,EC:0.300+EMC:0.700,weighted_viscosity,weighted_viscosity_mPa_s_25C,,4,clustered,20,6,6,0.9418687614394182,False,1.025,,
21,44,10.1016/j.jpowsour.2010.12.040,FSI,EC:0.300+EMC:0.700,weighted_viscosity,weighted_viscosity_mPa_s_25C,,4,clustered,21,6,6,0.9418687614394182,False,1.025,,
22,45,10.1016/j.jpowsour.2010.12.040,FSI,EC:0.300+EMC:0.700,weighted_viscosity,weighted_viscosity_mPa_s_25C,,4,clustered,22,6,6,0.9418687614394182,False,1.025,,
23,46,10.1016/j.jpowsour.2010.12.040,FSI,EC:0.300+EMC:0.700,weighted_viscosity,weighted_viscosity_mPa_s_25C,,4,clustered,23,6,6,0.9418687614394182,False,1.025,,
24,47,10.1016/j.jpowsour.2010.12.040,FSI,EC:0.300+EMC:0.700,weighted_viscosity,weighted_viscosity_mPa_s_25C,,4,clustered,24,6,6,0.9418687614394182,False,1.025,,
25,48,10.1016/j.jpowsour.2010.12.040,FSI,EC:0.300+EMC:0.700,weighted_viscosity,weighted_viscosity_mPa_s_25C,,4,clustered,25,6,6,0.9418687614394182,False,1.025,,
26,49,10.1016/j.jpowsour.2010.12.040,FSI,EC:0.300+EMC:0.700,weighted_viscosity,weighted_viscosity_mPa_s_25C,,4,clustered,26,6,6,0.9418687614394182,False,1.025,,
27,50,10.1016/j.jpowsour.2010.12.040,PF6,EC:0.300+EMC:0.700,weighted_viscosity,weighted_viscosity_mPa_s_25C,,4,clustered,27,6,6,0.9418687614394182,False,1.025,,
28,51,10.1016/j.jpowsour.2010.12.040,PF6,EC:0.300+EMC:0.700,weighted_viscosity,weighted_viscosity_mPa_s_25C,,4,clustered,28,6,6,0.9418687614394182,False,1.025,,
29,52,10.1016/j.jpowsour.2010.12.040,PF6,EC:0.300+EMC:0.700,weighted_viscosity,weighted_viscosity_mPa_s_25C,,4,clustered,29,6,6,0.9418687614394182,False,1.025,,
30,53,10.1016/j.jpowsour.2010.12.040,PF6,EC:0.300+EMC:0.700,weighted_viscosity,weighted_viscosity_mPa_s_25C,,4,clustered,30,6,6,0.9418687614394182,False,1.025,,
31,54,10.1016/j.jpowsour.2010.12.040,PF6,EC:0.300+EMC:0.700,weighted_viscosity,weighted_viscosity_mPa_s_25C,,4,clustered,31,6,6,0.9418687614394182,False,1.025,,
32,55,10.1016/j.jpowsour.2010.12.040,PF6,EC:0.300+EMC:0.700,weighted_viscosity,weighted_viscosity_mPa_s_25C,,4,clustered,32,6,6,0.9418687614394182,False,1.025,,
33,56,10.1016/j.jpowsour.2010.12.040,PF6,EC:0.300+EMC:0.700,weighted_viscosity,weighted_viscosity_mPa_s_25C,,4,clustered,33,6,6,0.9418687614394182,False,1.025,,
34,57,10.1016/j.jpowsour.2010.12.040,PF6,EC:0.300+EMC:0.700,weighted_viscosity,weighted_viscosity_mPa_s_25C,,4,clustered,34,6,6,0.9418687614394182,False,1.025,,
35,58,10.1016/j.jpowsour.2010.12.040,PF6,EC:0.300+EMC:0.700,weighted_viscosity,weighted_viscosity_mPa_s_25C,,4,clustered,35,6,6,0.9418687614394182,False,1.025,,
36,59,10.1016/j.jpowsour.2010.12.040,PF6,EC:0.300+EMC:0.700,weighted_viscosity,weighted_viscosity_mPa_s_25C,,4,clustered,36,6,6,0.9418687614394182,False,1.025,,
37,60,10.1016/j.jpowsour.2010.12.040,BF4,EC:0.300+EMC:0.700,weighted_viscosity,weighted_viscosity_mPa_s_25C,,4,clustered,37,6,6,0.9418687614394182,False,1.025,,
38,61,10.1016/j.jpowsour.2010.12.040,BF4,EC:0.300+EMC:0.700,weighted_viscosity,weighted_viscosity_mPa_s_25C,,4,clustered,38,6,6,0.9418687614394182,False,1.025,,
39,62,10.1016/j.jpowsour.2010.12.040,BF4,EC:0.300+EMC:0.700,weighted_viscosity,weighted_viscosity_mPa_s_25C,,4,clustered,39,6,6,0.9418687614394182,False,1.025,,
40,63,10.1016/j.jpowsour.2010.12.040,BF4,EC:0.300+EMC:0.700,weighted_viscosity,weighted_viscosity_mPa_s_25C,,4,clustered,40,6,6,0.9418687614394182,False,1.025,,
41,64,10.1016/j.jpowsour.2010.12.040,BF4,EC:0.300+EMC:0.700,weighted_viscosity,weighted_viscosity_mPa_s_25C,,4,clustered,41,6,6,0.9418687614394182,False,1.025,,
42,65,10.1016/j.jpowsour.2010.12.040,BF4,EC:0.300+EMC:0.700,weighted_viscosity,weighted_viscosity_mPa_s_25C,,4,clustered,42,6,6,0.9418687614394182,False,1.025,,
43,66,10.1016/j.jpowsour.2010.12.040,BF4,EC:0.300+EMC:0.700,weighted_viscosity,weighted_viscosity_mPa_s_25C,,4,clustered,43,6,6,0.9418687614394182,False,1.025,,
44,67,10.1016/j.jpowsour.2010.12.040,BF4,EC:0.300+EMC:0.700,weighted_viscosity,weighted_viscosity_mPa_s_25C,,4,clustered,44,6,6,0.9418687614394182,False,1.025,,
45,68,10.1016/j.jpowsour.2010.12.040,BF4,EC:0.300+EMC:0.700,weighted_viscosity,weighted_viscosity_mPa_s_25C,,4,clustered,45,6,6,0.9418687614394182,False,1.025,,
46,69,10.1016/j.jpowsour.2010.12.040,BF4,EC:0.300+EMC:0.700,weighted_viscosity,weighted_viscosity_mPa_s_25C,,4,clustered,46,6,6,0.9418687614394182,False,1.025,,
47,70,10.1016/j.jpowsour.2010.12.040,BF4,EC:0.300+EMC:0.700,weighted_viscosity,weighted_viscosity_mPa_s_25C,,4,clustered,47,6,6,0.9418687614394182,False,1.025,,
48,71,10.1016/j.jpowsour.2010.12.040,BF4,EC:0.300+EMC:0.700,weighted_viscosity,weighted_viscosity_mPa_s_25C,,4,clustered,48,6,6,0.9418687614394182,False,1.025,,
49,72,10.1016/j.jpowsour.2010.12.040,BF4,EC:0.300+EMC:0.700,weighted_viscosity,weighted_viscosity_mPa_s_25C,,4,clustered,49,6,6,0.9418687614394182,False,1.025,,
50,73,10.1016/j.jpowsour.2010.12.040,BF4,EC:0.300+EMC:0.700,weighted_viscosity,weighted_viscosity_mPa_s_25C,,4,clustered,50,6,6,0.9418687614394182,False,1.025,,
51,74,10.1016/j.jpowsour.2010.12.040,BF4,EC:0.300+EMC:0.700,weighted_viscosity,weighted_viscosity_mPa_s_25C,,4,clustered,51,6,6,0.9418687614394182,False,1.025,,
52,75,10.1016/j.jpowsour.2010.12.040,BF4,EC:0.300+EMC:0.700,weighted_viscosity,weighted_viscosity_mPa_s_25C,,4,clustered,52,6,6,0.9418687614394182,False,1.025,,
53,76,10.1016/j.jpowsour.2010.12.040,BF4,EC:0.300+EMC:0.700,weighted_viscosity,weighted_viscosity_mPa_s_25C,,4,clustered,53,6,6,0.9418687614394182,False,1.025,,
54,77,10.1016/j.jpowsour.2010.12.040,BF4,EC:0.300+EMC:0.700,weighted_viscosity,weighted_viscosity_mPa_s_25C,,4,clustered,54,6,6,0.9418687614394182,False,1.025,,
55,78,10.1016/j.jpowsour.2010.12.040,BF4,EC:0.300+EMC:0.700,weighted_viscosity,weighted_viscosity_mPa_s_25C,,4,clustered,55,6,6,0.9418687614394182,False,1.025,,
56,79,10.1016/j.jpowsour.2010.12.040,BF4,EC:0.300+EMC:0.700,weighted_viscosity,weighted_viscosity_mPa_s_25C,,4,clustered,56,6,6,0.9418687614394182,False,1.025,,
57,106,10.1016/j.jpowsour.2011.06.030,PF6,EC:0.500+DMC:0.500,weighted_viscosity,weighted_viscosity_mPa_s_25C,,1,clustered,57,6,6,0.9418687614394182,False,1.245,,
58,107,10.1016/j.jpowsour.2011.06.030,PF6,EC:0.500+DMC:0.500,weighted_viscosity,weighted_viscosity_mPa_s_25C,,1,clustered,58,6,6,0.9418687614394182,False,1.245,,
59,108,10.1016/j.jpowsour.2011.06.030,PF6,EC:0.500+DMC:0.500,weighted_viscosity,weighted_viscosity_mPa_s_25C,,1,clustered,59,6,6,0.9418687614394182,False,1.245,,
60,109,10.1016/j.jpowsour.2011.06.030,PF6,EC:0.500+DMC:0.500,weighted_viscosity,weighted_viscosity_mPa_s_25C,,1,clustered,60,6,6,0.9418687614394182,False,1.245,,
61,110,10.1016/j.jpowsour.2011.06.030,PF6,EC:0.500+DMC:0.500,weighted_viscosity,weighted_viscosity_mPa_s_25C,,1,clustered,61,6,6,0.9418687614394182,False,1.245,,
62,111,10.1016/j.jpowsour.2011.06.030,PF6,EC:0.500+DMC:0.500,weighted_viscosity,weighted_viscosity_mPa_s_25C,,1,clustered,62,6,6,0.9418687614394182,False,1.245,,
63,112,10.1016/j.jpowsour.2011.06.030,PF6,EC:0.500+DMC:0.500,weighted_viscosity,weighted_viscosity_mPa_s_25C,,1,clustered,63,6,6,0.9418687614394182,False,1.245,,
64,113,10.1016/j.jpowsour.2011.06.030,PF6,EC:0.500+DMC:0.500,weighted_viscosity,weighted_viscosity_mPa_s_25C,,1,clustered,64,6,6,0.9418687614394182,False,1.245,,
65,114,10.1016/j.jpowsour.2011.06.030,PF6,EC:0.500+DMC:0.500,weighted_viscosity,weighted_viscosity_mPa_s_25C,,1,clustered,65,6,6,0.9418687614394182,False,1.245,,
66,115,10.1016/j.jpowsour.2011.06.030,PF6,EC:0.500+DMC:0.500,weighted_viscosity,weighted_viscosity_mPa_s_25C,,1,clustered,66,6,6,0.9418687614394182,False,1.245,,
67,116,10.1016/j.jpowsour.2011.06.030,PF6,EC:0.500+DMC:0.500,weighted_viscosity,weighted_viscosity_mPa_s_25C,,1,clustered,67,6,6,0.9418687614394182,False,1.245,,
68,117,10.1016/j.jpowsour.2011.06.030,PF6,EC:0.500+DMC:0.500,weighted_viscosity,weighted_viscosity_mPa_s_25C,,1,clustered,68,6,6,0.9418687614394182,False,1.245,,
69,118,10.1016/j.jpowsour.2011.06.030,PF6,EC:0.500+DMC:0.500,weighted_viscosity,weighted_viscosity_mPa_s_25C,,1,clustered,69,6,6,0.9418687614394182,False,1.245,,
70,119,10.1016/j.jpowsour.2011.07.071,TFSI,EC:0.100+DMC:0.900,weighted_viscosity,weighted_viscosity_mPa_s_25C,,4,clustered,70,6,6,0.9418687614394182,False,0.7210000000000001,,
71,120,10.1016/j.jpowsour.2011.07.071,TFSI,EC:0.200+DMC:0.800,weighted_viscosity,weighted_viscosity_mPa_s_25C,,4,clustered,71,6,6,0.9418687614394182,False,0.852,,
72,121,10.1016/j.jpowsour.2011.07.071,TFSI,EC:0.250+DMC:0.750,weighted_viscosity,weighted_viscosity_mPa_s_25C,,4,clustered,72,6,6,0.9418687614394182,False,0.9175,,
73,122,10.1016/j.jpowsour.2011.07.071,TFSI,EC:0.300+DMC:0.700,weighted_viscosity,weighted_viscosity_mPa_s_25C,,4,clustered,73,6,6,0.9418687614394182,False,0.983,,
74,123,10.1016/j.jpowsour.2011.07.071,TFSI,EC:0.400+DMC:0.600,weighted_viscosity,weighted_viscosity_mPa_s_25C,,6,clustered,74,6,6,0.9418687614394182,False,1.114,,
75,124,10.1016/j.jpowsour.2011.07.071,TFSI,EC:0.500+DMC:0.500,weighted_viscosity,weighted_viscosity_mPa_s_25C,,1,clustered,75,6,6,0.9418687614394182,False,1.245,,
76,125,10.1016/j.jpowsour.2011.07.071,TFSI,EC:0.600+DMC:0.400,weighted_viscosity,weighted_viscosity_mPa_s_25C,,1,clustered,76,6,6,0.9418687614394182,False,1.376,,
77,126,10.1016/j.jpowsour.2011.07.071,TFSI,EC:0.700+DMC:0.300,weighted_viscosity,weighted_viscosity_mPa_s_25C,,1,clustered,77,6,6,0.9418687614394182,False,1.507,,
78,127,10.1016/j.jpowsour.2011.07.071,TFSI,EC:0.800+DMC:0.200,weighted_viscosity,weighted_viscosity_mPa_s_25C,,1,clustered,78,6,6,0.9418687614394182,False,1.638,,
79,128,10.1016/j.jpowsour.2011.07.071,TFSI,EC:1.000,weighted_viscosity,weighted_viscosity_mPa_s_25C,,5,clustered,79,6,6,0.9418687614394182,False,1.9,,
80,129,10.1016/j.jpowsour.2011.07.071,TFSI,DMC:1.000,weighted_viscosity,weighted_viscosity_mPa_s_25C,,3,clustered,80,6,6,0.9418687614394182,False,0.59,,
81,130,10.1016/j.jpowsour.2011.07.071,PF6,EC:0.500+DMC:0.500,weighted_viscosity,weighted_viscosity_mPa_s_25C,,1,clustered,81,6,6,0.9418687614394182,False,1.245,,
82,131,10.1016/j.jpowsour.2011.07.071,PF6,EC:0.500+DMC:0.500,weighted_viscosity,weighted_viscosity_mPa_s_25C,,1,clustered,82,6,6,0.9418687614394182,False,1.245,,
83,132,10.1016/j.jpowsour.2011.07.071,PF6,EC:0.500+DMC:0.500,weighted_viscosity,weighted_viscosity_mPa_s_25C,,1,clustered,83,6,6,0.9418687614394182,False,1.245,,
84,133,10.1016/j.jpowsour.2011.07.071,PF6,EC:0.500+DMC:0.500,weighted_viscosity,weighted_viscosity_mPa_s_25C,,1,clustered,84,6,6,0.9418687614394182,False,1.245,,
85,134,10.1016/j.jpowsour.2011.07.071,PF6,EC:0.500+DMC:0.500,weighted_viscosity,weighted_viscosity_mPa_s_25C,,1,clustered,85,6,6,0.9418687614394182,False,1.245,,
86,135,10.1016/j.jpowsour.2011.07.071,PF6,EC:0.500+DMC:0.500,weighted_viscosity,weighted_viscosity_mPa_s_25C,,1,clustered,86,6,6,0.9418687614394182,False,1.245,,
87,136,10.1016/j.jpowsour.2011.07.071,PF6,EC:0.500+DMC:0.500,weighted_viscosity,weighted_viscosity_mPa_s_25C,,1,clustered,87,6,6,0.9418687614394182,False,1.245,,
88,137,10.1016/j.jpowsour.2011.07.071,PF6,EC:0.500+DMC:0.500,weighted_viscosity,weighted_viscosity_mPa_s_25C,,1,clustered,88,6,6,0.9418687614394182,False,1.245,,
89,138,10.1016/j.jpowsour.2011.07.071,PF6,EC:0.500+DMC:0.500,weighted_viscosity,weighted_viscosity_mPa_s_25C,,1,clustered,89,6,6,0.9418687614394182,False,1.245,,
90,139,10.1016/j.jpowsour.2011.07.071,PF6,EC:0.500+DMC:0.500,weighted_viscosity,weighted_viscosity_mPa_s_25C,,1,clustered,90,6,6,0.9418687614394182,False,1.245,,
91,140,10.1016/j.jpowsour.2011.07.071,PF6,EC:0.500+DMC:0.500,weighted_viscosity,weighted_viscosity_mPa_s_25C,,1,clustered,91,6,6,0.9418687614394182,False,1.245,,
92,141,10.1016/j.jpowsour.2011.07.071,PF6,EC:0.500+DMC:0.500,weighted_viscosity,weighted_viscosity_mPa_s_25C,,1,clustered,92,6,6,0.9418687614394182,False,1.245,,
93,142,10.1016/j.jpowsour.2011.07.071,PF6,EC:0.500+DMC:0.500,weighted_viscosity,weighted_viscosity_mPa_s_25C,,1,clustered,93,6,6,0.9418687614394182,False,1.245,,
94,143,10.1016/j.jpowsour.2011.07.071,PF6,EC:0.500+DMC:0.500,weighted_viscosity,weighted_viscosity_mPa_s_25C,,1,clustered,94,6,6,0.9418687614394182,False,1.245,,
95,144,10.1016/j.jpowsour.2011.07.071,PF6,EC:0.500+DMC:0.500,weighted_viscosity,weighted_viscosity_mPa_s_25C,,1,clustered,95,6,6,0.9418687614394182,False,1.245,,
96,145,10.1016/j.jpowsour.2011.07.071,PF6,EC:0.500+DMC:0.500,weighted_viscosity,weighted_viscosity_mPa_s_25C,,1,clustered,96,6,6,0.9418687614394182,False,1.245,,
97,146,10.1016/j.jpowsour.2011.07.071,PF6,EC:0.500+DMC:0.500,weighted_viscosity,weighted_viscosity_mPa_s_25C,,1,clustered,97,6,6,0.9418687614394182,False,1.245,,
98,147,10.1016/j.jpowsour.2011.07.071,PF6,EC:0.500+DMC:0.500,weighted_viscosity,weighted_viscosity_mPa_s_25C,,1,clustered,98,6,6,0.9418687614394182,False,1.245,,
99,148,10.1016/j.jpowsour.2011.07.071,PF6,EC:0.500+DMC:0.500,weighted_viscosity,weighted_viscosity_mPa_s_25C,,1,clustered,99,6,6,0.9418687614394182,False,1.245,,
100,149,10.1016/j.jpowsour.2011.07.071,PF6,EC:0.500+DMC:0.500,weighted_viscosity,weighted_viscosity_mPa_s_25C,,1,clustered,100,6,6,0.9418687614394182,False,1.245,,
101,150,10.1016/j.jpowsour.2011.07.071,PF6,EC:0.500+DMC:0.500,weighted_viscosity,weighted_viscosity_mPa_s_25C,,1,clustered,101,6,6,0.9418687614394182,False,1.245,,
102,151,10.1016/j.jpowsour.2011.07.071,PF6,EC:0.500+DMC:0.500,weighted_viscosity,weighted_viscosity_mPa_s_25C,,1,clustered,102,6,6,0.9418687614394182,False,1.245,,
103,152,10.1016/j.jpowsour.2011.07.071,PF6,EC:0.500+DMC:0.500,weighted_viscosity,weighted_viscosity_mPa_s_25C,,1,clustered,103,6,6,0.9418687614394182,False,1.245,,
104,153,10.1016/j.jpowsour.2011.07.071,PF6,EC:0.500+DMC:0.500,weighted_viscosity,weighted_viscosity_mPa_s_25C,,1,clustered,104,6,6,0.9418687614394182,False,1.245,,
105,154,10.1016/j.jpowsour.2011.07.071,PF6,EC:0.500+DMC:0.500,weighted_viscosity,weighted_viscosity_mPa_s_25C,,1,clustered,105,6,6,0.9418687614394182,False,1.245,,
106,155,10.1016/j.jpowsour.2011.07.071,PF6,EC:0.500+DMC:0.500,weighted_viscosity,weighted_viscosity_mPa_s_25C,,1,clustered,106,6,6,0.9418687614394182,False,1.245,,
107,156,10.1016/j.jpowsour.2011.07.071,PF6,EC:0.500+DMC:0.500,weighted_viscosity,weighted_viscosity_mPa_s_25C,,1,clustered,107,6,6,0.9418687614394182,False,1.245,,
108,157,10.1016/j.jpowsour.2011.07.071,PF6,EC:0.500+DMC:0.500,weighted_viscosity,weighted_viscosity_mPa_s_25C,,1,clustered,108,6,6,0.9418687614394182,False,1.245,,
109,158,10.1016/j.jpowsour.2011.07.071,PF6,EC:0.500+DMC:0.500,weighted_viscosity,weighted_viscosity_mPa_s_25C,,1,clustered,109,6,6,0.9418687614394182,False,1.245,,
110,159,10.1016/j.jpowsour.2011.07.071,PF6,EC:0.500+DMC:0.500,weighted_viscosity,weighted_viscosity_mPa_s_25C,,1,clustered,110,6,6,0.9418687614394182,False,1.245,,
111,160,10.1016/j.jpowsour.2011.07.071,PF6,EC:0.500+DMC:0.500,weighted_viscosity,weighted_viscosity_mPa_s_25C,,1,clustered,111,6,6,0.9418687614394182,False,1.245,,
112,161,10.1016/j.jpowsour.2011.07.071,PF6,EC:0.500+DMC:0.500,weighted_viscosity,weighted_viscosity_mPa_s_25C,,1,clustered,112,6,6,0.9418687614394182,False,1.245,,
113,162,10.1016/j.jpowsour.2011.07.071,PF6,EC:0.500+DMC:0.500,weighted_viscosity,weighted_viscosity_mPa_s_25C,,1,clustered,113,6,6,0.9418687614394182,False,1.245,,
114,163,10.1016/j.jpowsour.2011.07.071,PF6,EC:0.500+DMC:0.500,weighted_viscosity,weighted_viscosity_mPa_s_25C,,1,clustered,114,6,6,0.9418687614394182,False,1.245,,
115,164,10.1016/j.jpowsour.2011.07.071,PF6,EC:0.500+DMC:0.500,weighted_viscosity,weighted_viscosity_mPa_s_25C,,1,clustered,115,6,6,0.9418687614394182,False,1.245,,
116,165,10.1016/j.jpowsour.2011.07.071,PF6,EC:0.500+DMC:0.500,weighted_viscosity,weighted_viscosity_mPa_s_25C,,1,clustered,116,6,6,0.9418687614394182,False,1.245,,
117,166,10.1016/j.jpowsour.2011.07.071,PF6,EC:0.500+DMC:0.500,weighted_viscosity,weighted_viscosity_mPa_s_25C,,1,clustered,117,6,6,0.9418687614394182,False,1.245,,
118,167,10.1016/j.jpowsour.2011.07.071,PF6,EC:0.500+DMC:0.500,weighted_viscosity,weighted_viscosity_mPa_s_25C,,1,clustered,118,6,6,0.9418687614394182,False,1.245,,
119,168,10.1016/j.jpowsour.2011.07.071,PF6,EC:0.500+DMC:0.500,weighted_viscosity,weighted_viscosity_mPa_s_25C,,1,clustered,119,6,6,0.9418687614394182,False,1.245,,
120,169,10.1016/j.jpowsour.2011.07.071,PF6,EC:0.500+DMC:0.500,weighted_viscosity,weighted_viscosity_mPa_s_25C,,1,clustered,120,6,6,0.9418687614394182,False,1.245,,
121,170,10.1016/j.jpowsour.2011.07.071,PF6,EC:0.500+DMC:0.500,weighted_viscosity,weighted_viscosity_mPa_s_25C,,1,clustered,121,6,6,0.9418687614394182,False,1.245,,
122,171,10.1016/j.jpowsour.2011.07.071,PF6,EC:0.500+DMC:0.500,weighted_viscosity,weighted_viscosity_mPa_s_25C,,1,clustered,122,6,6,0.9418687614394182,False,1.245,,
123,172,10.1016/j.jpowsour.2011.07.071,PF6,EC:0.500+DMC:0.500,weighted_viscosity,weighted_viscosity_mPa_s_25C,,1,clustered,123,6,6,0.9418687614394182,False,1.245,,
124,173,10.1016/j.jpowsour.2011.07.071,PF6,EC:0.500+DMC:0.500,weighted_viscosity,weighted_viscosity_mPa_s_25C,,1,clustered,124,6,6,0.9418687614394182,False,1.245,,
125,174,10.1016/j.jpowsour.2011.07.071,PF6,EC:0.500+DMC:0.500,weighted_viscosity,weighted_viscosity_mPa_s_25C,,1,clustered,125,6,6,0.9418687614394182,False,1.245,,
126,175,10.1016/j.jpowsour.2011.07.071,PF6,EC:0.500+DMC:0.500,weighted_viscosity,weighted_viscosity_mPa_s_25C,,1,clustered,126,6,6,0.9418687614394182,False,1.245,,
127,176,10.1016/j.jpowsour.2011.07.071,PF6,EC:0.500+DMC:0.500,weighted_viscosity,weighted_viscosity_mPa_s_25C,,1,clustered,127,6,6,0.9418687614394182,False,1.245,,
128,177,10.1016/j.jpowsour.2011.07.071,PF6,EC:0.500+DMC:0.500,weighted_viscosity,weighted_viscosity_mPa_s_25C,,1,clustered,128,6,6,0.9418687614394182,False,1.245,,
129,178,10.1016/j.jpowsour.2011.07.071,PF6,EC:0.500+DMC:0.500,weighted_viscosity,weighted_viscosity_mPa_s_25C,,1,clustered,129,6,6,0.9418687614394182,False,1.245,,
130,179,10.1016/j.jpowsour.2011.07.071,PF6,EC:0.500+DMC:0.500,weighted_viscosity,weighted_viscosity_mPa_s_25C,,1,clustered,130,6,6,0.9418687614394182,False,1.245,,
131,180,10.1016/j.jpowsour.2011.07.071,PF6,EC:0.500+DMC:0.500,weighted_viscosity,weighted_viscosity_mPa_s_25C,,1,clustered,131,6,6,0.9418687614394182,False,1.245,,
132,181,10.1016/j.jpowsour.2011.07.071,PF6,EC:0.500+DMC:0.500,weighted_viscosity,weighted_viscosity_mPa_s_25C,,1,clustered,132,6,6,0.9418687614394182,False,1.245,,
133,182,10.1016/j.jpowsour.2011.07.071,PF6,EC:0.500+DMC:0.500,weighted_viscosity,weighted_viscosity_mPa_s_25C,,1,clustered,133,6,6,0.9418687614394182,False,1.245,,
134,183,10.1016/j.jpowsour.2011.07.071,PF6,EC:0.500+DMC:0.500,weighted_viscosity,weighted_viscosity_mPa_s_25C,,1,clustered,134,6,6,0.9418687614394182,False,1.245,,
135,184,10.1016/j.jpowsour.2011.07.071,PF6,EC:0.500+DMC:0.500,weighted_viscosity,weighted_viscosity_mPa_s_25C,,1,clustered,135,6,6,0.9418687614394182,False,1.245,,
136,185,10.1016/j.jpowsour.2011.07.071,PF6,EC:0.500+DMC:0.500,weighted_viscosity,weighted_viscosity_mPa_s_25C,,1,clustered,136,6,6,0.9418687614394182,False,1.245,,
137,186,10.1016/j.jpowsour.2011.07.071,PF6,EC:0.500+DMC:0.500,weighted_viscosity,weighted_viscosity_mPa_s_25C,,1,clustered,137,6,6,0.9418687614394182,False,1.245,,
138,187,10.1016/j.jpowsour.2011.07.071,PF6,EC:0.500+DMC:0.500,weighted_viscosity,weighted_viscosity_mPa_s_25C,,1,clustered,138,6,6,0.9418687614394182,False,1.245,,
139,188,10.1016/j.jpowsour.2011.07.071,PF6,EC:0.500+DMC:0.500,weighted_viscosity,weighted_viscosity_mPa_s_25C,,1,clustered,139,6,6,0.9418687614394182,False,1.245,,
140,189,10.1016/j.jpowsour.2011.07.071,PF6,EC:0.500+DMC:0.500,weighted_viscosity,weighted_viscosity_mPa_s_25C,,1,clustered,140,6,6,0.9418687614394182,False,1.245,,
141,190,10.1016/j.jpowsour.2011.07.071,PF6,EC:0.500+DMC:0.500,weighted_viscosity,weighted_viscosity_mPa_s_25C,,1,clustered,141,6,6,0.9418687614394182,False,1.245,,
142,191,10.1016/j.jpowsour.2011.07.071,PF6,EC:0.500+DMC:0.500,weighted_viscosity,weighted_viscosity_mPa_s_25C,,1,clustered,142,6,6,0.9418687614394182,False,1.245,,
143,192,10.1016/j.jpowsour.2011.07.071,PF6,EC:0.500+DMC:0.500,weighted_viscosity,weighted_viscosity_mPa_s_25C,,1,clustered,143,6,6,0.9418687614394182,False,1.245,,
144,193,10.1016/j.jpowsour.2011.07.071,TFSI,EC:0.500+DMC:0.500,weighted_viscosity,weighted_viscosity_mPa_s_25C,,1,clustered,144,6,6,0.9418687614394182,False,1.245,,
145,194,10.1016/j.jpowsour.2011.07.071,TFSI,EC:0.500+DMC:0.500,weighted_viscosity,weighted_viscosity_mPa_s_25C,,1,clustered,145,6,6,0.9418687614394182,False,1.245,,
146,195,10.1016/j.jpowsour.2011.07.071,TFSI,EC:0.500+DMC:0.500,weighted_viscosity,weighted_viscosity_mPa_s_25C,,1,clustered,146,6,6,0.9418687614394182,False,1.245,,
147,196,10.1016/j.jpowsour.2011.07.071,TFSI,EC:0.500+DMC:0.500,weighted_viscosity,weighted_viscosity_mPa_s_25C,,1,clustered,147,6,6,0.9418687614394182,False,1.245,,
148,197,10.1016/j.jpowsour.2011.07.071,TFSI,EC:0.500+DMC:0.500,weighted_viscosity,weighted_viscosity_mPa_s_25C,,1,clustered,148,6,6,0.9418687614394182,False,1.245,,
149,198,10.1016/j.jpowsour.2011.07.071,TFSI,EC:0.500+DMC:0.500,weighted_viscosity,weighted_viscosity_mPa_s_25C,,1,clustered,149,6,6,0.9418687614394182,False,1.245,,
150,199,10.1016/j.jpowsour.2011.07.071,TFSI,EC:0.500+DMC:0.500,weighted_viscosity,weighted_viscosity_mPa_s_25C,,1,clustered,150,6,6,0.9418687614394182,False,1.245,,
151,200,10.1016/j.jpowsour.2011.07.071,TFSI,EC:0.500+DMC:0.500,weighted_viscosity,weighted_viscosity_mPa_s_25C,,1,clustered,151,6,6,0.9418687614394182,False,1.245,,
152,201,10.1016/j.jpowsour.2011.07.071,TFSI,EC:0.500+DMC:0.500,weighted_viscosity,weighted_viscosity_mPa_s_25C,,1,clustered,152,6,6,0.9418687614394182,False,1.245,,
153,202,10.1016/j.jpowsour.2011.07.071,TFSI,EC:0.500+DMC:0.500,weighted_viscosity,weighted_viscosity_mPa_s_25C,,1,clustered,153,6,6,0.9418687614394182,False,1.245,,
154,203,10.1016/j.jpowsour.2011.07.071,TFSI,EC:0.500+DMC:0.500,weighted_viscosity,weighted_viscosity_mPa_s_25C,,1,clustered,154,6,6,0.9418687614394182,False,1.245,,
155,204,10.1016/j.jpowsour.2011.07.071,TFSI,EC:0.500+DMC:0.500,weighted_viscosity,weighted_viscosity_mPa_s_25C,,1,clustered,155,6,6,0.9418687614394182,False,1.245,,
156,205,10.1016/j.jpowsour.2011.07.071,TFSI,EC:0.500+DMC:0.500,weighted_viscosity,weighted_viscosity_mPa_s_25C,,1,clustered,156,6,6,0.9418687614394182,False,1.245,,
157,206,10.1016/j.jpowsour.2011.07.071,TFSI,EC:0.500+DMC:0.500,weighted_viscosity,weighted_viscosity_mPa_s_25C,,1,clustered,157,6,6,0.9418687614394182,False,1.245,,
158,207,10.1016/j.jpowsour.2011.07.071,TFSI,EC:0.500+DMC:0.500,weighted_viscosity,weighted_viscosity_mPa_s_25C,,1,clustered,158,6,6,0.9418687614394182,False,1.245,,
159,208,10.1016/j.jpowsour.2011.07.071,TFSI,EC:0.500+DMC:0.500,weighted_viscosity,weighted_viscosity_mPa_s_25C,,1,clustered,159,6,6,0.9418687614394182,False,1.245,,
160,209,10.1016/j.jpowsour.2011.07.071,TFSI,EC:0.500+DMC:0.500,weighted_viscosity,weighted_viscosity_mPa_s_25C,,1,clustered,160,6,6,0.9418687614394182,False,1.245,,
161,210,10.1016/j.jpowsour.2011.07.071,TFSI,EC:0.500+DMC:0.500,weighted_viscosity,weighted_viscosity_mPa_s_25C,,1,clustered,161,6,6,0.9418687614394182,False,1.245,,
162,211,10.1016/j.jpowsour.2011.07.071,TFSI,EC:0.500+DMC:0.500,weighted_viscosity,weighted_viscosity_mPa_s_25C,,1,clustered,162,6,6,0.9418687614394182,False,1.245,,
163,212,10.1016/j.jpowsour.2011.07.071,TFSI,EC:0.500+DMC:0.500,weighted_viscosity,weighted_viscosity_mPa_s_25C,,1,clustered,163,6,6,0.9418687614394182,False,1.245,,
164,213,10.1016/j.jpowsour.2011.07.071,TFSI,EC:0.500+DMC:0.500,weighted_viscosity,weighted_viscosity_mPa_s_25C,,1,clustered,164,6,6,0.9418687614394182,False,1.245,,
165,214,10.1016/j.jpowsour.2011.07.071,TFSI,EC:0.500+DMC:0.500,weighted_viscosity,weighted_viscosity_mPa_s_25C,,1,clustered,165,6,6,0.9418687614394182,False,1.245,,
166,215,10.1016/j.jpowsour.2011.07.071,TFSI,EC:0.500+DMC:0.500,weighted_viscosity,weighted_viscosity_mPa_s_25C,,1,clustered,166,6,6,0.9418687614394182,False,1.245,,
167,216,10.1016/j.jpowsour.2011.07.071,TFSI,EC:0.500+DMC:0.500,weighted_viscosity,weighted_viscosity_mPa_s_25C,,1,clustered,167,6,6,0.9418687614394182,False,1.245,,
168,217,10.1016/j.jpowsour.2011.07.071,TFSI,EC:0.500+DMC:0.500,weighted_viscosity,weighted_viscosity_mPa_s_25C,,1,clustered,168,6,6,0.9418687614394182,False,1.245,,
169,218,10.1016/j.jpowsour.2011.07.071,TFSI,EC:0.500+DMC:0.500,weighted_viscosity,weighted_viscosity_mPa_s_25C,,1,clustered,169,6,6,0.9418687614394182,False,1.245,,
170,219,10.1016/j.jpowsour.2011.07.071,TFSI,EC:0.500+DMC:0.500,weighted_viscosity,weighted_viscosity_mPa_s_25C,,1,clustered,170,6,6,0.9418687614394182,False,1.245,,
171,220,10.1016/j.jpowsour.2011.07.071,TFSI,EC:0.500+DMC:0.500,weighted_viscosity,weighted_viscosity_mPa_s_25C,,1,clustered,171,6,6,0.9418687614394182,False,1.245,,
172,221,10.1016/j.jpowsour.2011.07.071,TFSI,EC:0.500+DMC:0.500,weighted_viscosity,weighted_viscosity_mPa_s_25C,,1,clustered,172,6,6,0.9418687614394182,False,1.245,,
173,222,10.1016/j.jpowsour.2011.07.071,TFSI,EC:0.500+DMC:0.500,weighted_viscosity,weighted_viscosity_mPa_s_25C,,1,clustered,173,6,6,0.9418687614394182,False,1.245,,
174,223,10.1016/j.jpowsour.2011.07.071,TFSI,EC:0.500+DMC:0.500,weighted_viscosity,weighted_viscosity_mPa_s_25C,,1,clustered,174,6,6,0.9418687614394182,False,1.245,,
175,224,10.1016/j.jpowsour.2011.07.071,TFSI,EC:0.500+DMC:0.500,weighted_viscosity,weighted_viscosity_mPa_s_25C,,1,clustered,175,6,6,0.9418687614394182,False,1.245,,
176,225,10.1016/j.jpowsour.2011.07.071,TFSI,EC:0.500+DMC:0.500,weighted_viscosity,weighted_viscosity_mPa_s_25C,,1,clustered,176,6,6,0.9418687614394182,False,1.245,,
177,226,10.1016/j.jpowsour.2011.07.071,TFSI,EC:0.500+DMC:0.500,weighted_viscosity,weighted_viscosity_mPa_s_25C,,1,clustered,177,6,6,0.9418687614394182,False,1.245,,
178,227,10.1016/j.jpowsour.2011.07.071,TFSI,EC:0.500+DMC:0.500,weighted_viscosity,weighted_viscosity_mPa_s_25C,,1,clustered,178,6,6,0.9418687614394182,False,1.245,,
179,228,10.1016/j.jpowsour.2011.07.071,TFSI,EC:0.500+DMC:0.500,weighted_viscosity,weighted_viscosity_mPa_s_25C,,1,clustered,179,6,6,0.9418687614394182,False,1.245,,
180,229,10.1016/j.jpowsour.2011.07.071,TFSI,EC:0.500+DMC:0.500,weighted_viscosity,weighted_viscosity_mPa_s_25C,,1,clustered,180,6,6,0.9418687614394182,False,1.245,,
181,230,10.1016/j.jpowsour.2011.07.071,TFSI,EC:0.500+DMC:0.500,weighted_viscosity,weighted_viscosity_mPa_s_25C,,1,clustered,181,6,6,0.9418687614394182,False,1.245,,
182,231,10.1016/j.jpowsour.2011.07.071,TFSI,EC:0.500+DMC:0.500,weighted_viscosity,weighted_viscosity_mPa_s_25C,,1,clustered,182,6,6,0.9418687614394182,False,1.245,,
183,232,10.1016/j.jpowsour.2011.07.071,TFSI,EC:0.500+DMC:0.500,weighted_viscosity,weighted_viscosity_mPa_s_25C,,1,clustered,183,6,6,0.9418687614394182,False,1.245,,
184,233,10.1016/j.jpowsour.2011.07.071,TFSI,EC:0.500+DMC:0.500,weighted_viscosity,weighted_viscosity_mPa_s_25C,,1,clustered,184,6,6,0.9418687614394182,False,1.245,,
185,234,10.1016/j.jpowsour.2011.07.071,TFSI,EC:0.500+DMC:0.500,weighted_viscosity,weighted_viscosity_mPa_s_25C,,1,clustered,185,6,6,0.9418687614394182,False,1.245,,
186,235,10.1016/j.jpowsour.2011.07.071,TFSI,EC:0.500+DMC:0.500,weighted_viscosity,weighted_viscosity_mPa_s_25C,,1,clustered,186,6,6,0.9418687614394182,False,1.245,,
187,236,10.1016/j.jpowsour.2011.07.071,TFSI,EC:0.500+DMC:0.500,weighted_viscosity,weighted_viscosity_mPa_s_25C,,1,clustered,187,6,6,0.9418687614394182,False,1.245,,
188,237,10.1016/j.jpowsour.2011.07.071,TFSI,EC:0.500+DMC:0.500,weighted_viscosity,weighted_viscosity_mPa_s_25C,,1,clustered,188,6,6,0.9418687614394182,False,1.245,,
189,238,10.1016/j.jpowsour.2011.07.071,TFSI,EC:0.500+DMC:0.500,weighted_viscosity,weighted_viscosity_mPa_s_25C,,1,clustered,189,6,6,0.9418687614394182,False,1.245,,
190,239,10.1016/j.jpowsour.2011.07.071,TFSI,EC:0.500+DMC:0.500,weighted_viscosity,weighted_viscosity_mPa_s_25C,,1,clustered,190,6,6,0.9418687614394182,False,1.245,,
191,240,10.1016/j.jpowsour.2011.07.071,TFSI,EC:0.500+DMC:0.500,weighted_viscosity,weighted_viscosity_mPa_s_25C,,1,clustered,191,6,6,0.9418687614394182,False,1.245,,
192,241,10.1016/j.jpowsour.2011.07.071,TFSI,EC:0.500+DMC:0.500,weighted_viscosity,weighted_viscosity_mPa_s_25C,,1,clustered,192,6,6,0.9418687614394182,False,1.245,,
193,242,10.1016/j.jpowsour.2011.07.071,TFSI,EC:0.500+DMC:0.500,weighted_viscosity,weighted_viscosity_mPa_s_25C,,1,clustered,193,6,6,0.9418687614394182,False,1.245,,
194,243,10.1016/j.jpowsour.2011.07.071,TFSI,EC:0.500+DMC:0.500,weighted_viscosity,weighted_viscosity_mPa_s_25C,,1,clustered,194,6,6,0.9418687614394182,False,1.245,,
195,244,10.1016/j.jpowsour.2011.07.071,TFSI,EC:0.500+DMC:0.500,weighted_viscosity,weighted_viscosity_mPa_s_25C,,1,clustered,195,6,6,0.9418687614394182,False,1.245,,
196,245,10.1016/j.jpowsour.2011.07.071,TFSI,EC:0.500+DMC:0.500,weighted_viscosity,weighted_viscosity_mPa_s_25C,,1,clustered,196,6,6,0.9418687614394182,False,1.245,,
197,246,10.1016/j.jpowsour.2011.07.071,TFSI,EC:0.500+DMC:0.500,weighted_viscosity,weighted_viscosity_mPa_s_25C,,1,clustered,197,6,6,0.9418687614394182,False,1.245,,
198,247,10.1016/j.jpowsour.2011.07.071,TFSI,EC:0.500+DMC:0.500,weighted_viscosity,weighted_viscosity_mPa_s_25C,,1,clustered,198,6,6,0.9418687614394182,False,1.245,,
199,248,10.1016/j.jpowsour.2011.07.071,TFSI,EC:0.500+DMC:0.500,weighted_viscosity,weighted_viscosity_mPa_s_25C,,1,clustered,199,6,6,0.9418687614394182,False,1.245,,
200,249,10.1016/j.jpowsour.2011.07.071,TFSI,EC:0.500+DMC:0.500,weighted_viscosity,weighted_viscosity_mPa_s_25C,,1,clustered,200,6,6,0.9418687614394182,False,1.245,,
201,3593,10.1149/1.1344281,TFSI,PC:1.000,weighted_viscosity,weighted_viscosity_mPa_s_25C,,2,clustered,201,6,6,0.9418687614394182,False,2.53,,
202,3594,10.1149/1.1344281,TFSI,PC:1.000,weighted_viscosity,weighted_viscosity_mPa_s_25C,,2,clustered,202,6,6,0.9418687614394182,False,2.53,,
203,3595,10.1149/1.1344281,TFSI,PC:1.000,weighted_viscosity,weighted_viscosity_mPa_s_25C,,2,clustered,203,6,6,0.9418687614394182,False,2.53,,
204,3596,10.1149/1.1344281,TFSI,PC:1.000,weighted_viscosity,weighted_viscosity_mPa_s_25C,,2,clustered,204,6,6,0.9418687614394182,False,2.53,,
205,3597,10.1149/1.1344281,TFSI,PC:1.000,weighted_viscosity,weighted_viscosity_mPa_s_25C,,2,clustered,205,6,6,0.9418687614394182,False,2.53,,
206,3598,10.1149/1.1344281,TFSI,PC:1.000,weighted_viscosity,weighted_viscosity_mPa_s_25C,,2,clustered,206,6,6,0.9418687614394182,False,2.53,,
207,3599,10.1149/1.1344281,TFSI,PC:1.000,weighted_viscosity,weighted_viscosity_mPa_s_25C,,2,clustered,207,6,6,0.9418687614394182,False,2.53,,
208,3600,10.1149/1.1344281,TFSI,PC:1.000,weighted_viscosity,weighted_viscosity_mPa_s_25C,,2,clustered,208,6,6,0.9418687614394182,False,2.53,,
209,3601,10.1149/1.1344281,TFSI,PC:1.000,weighted_viscosity,weighted_viscosity_mPa_s_25C,,2,clustered,209,6,6,0.9418687614394182,False,2.53,,
210,3602,10.1149/1.1344281,TFSI,PC:1.000,weighted_viscosity,weighted_viscosity_mPa_s_25C,,2,clustered,210,6,6,0.9418687614394182,False,2.53,,
211,3603,10.1149/1.1344281,TFSI,PC:1.000,weighted_viscosity,weighted_viscosity_mPa_s_25C,,2,clustered,211,6,6,0.9418687614394182,False,2.53,,
212,3604,10.1149/1.1344281,TFSI,PC:1.000,weighted_viscosity,weighted_viscosity_mPa_s_25C,,2,clustered,212,6,6,0.9418687614394182,False,2.53,,
213,3605,10.1149/1.1344281,TFSI,PC:1.000,weighted_viscosity,weighted_viscosity_mPa_s_25C,,2,clustered,213,6,6,0.9418687614394182,False,2.53,,
214,3606,10.1149/1.1344281,TFSI,PC:1.000,weighted_viscosity,weighted_viscosity_mPa_s_25C,,2,clustered,214,6,6,0.9418687614394182,False,2.53,,
215,3607,10.1149/1.1344281,TFSI,PC:1.000,weighted_viscosity,weighted_viscosity_mPa_s_25C,,2,clustered,215,6,6,0.9418687614394182,False,2.53,,
216,3608,10.1149/1.1344281,TFSI,PC:1.000,weighted_viscosity,weighted_viscosity_mPa_s_25C,,2,clustered,216,6,6,0.9418687614394182,False,2.53,,
217,3609,10.1149/1.1344281,TFSI,PC:1.000,weighted_viscosity,weighted_viscosity_mPa_s_25C,,2,clustered,217,6,6,0.9418687614394182,False,2.53,,
218,3610,10.1149/1.1344281,TFSI,PC:1.000,weighted_viscosity,weighted_viscosity_mPa_s_25C,,2,clustered,218,6,6,0.9418687614394182,False,2.53,,
219,3611,10.1149/1.1344281,TFSI,PC:1.000,weighted_viscosity,weighted_viscosity_mPa_s_25C,,2,clustered,219,6,6,0.9418687614394182,False,2.53,,
220,3612,10.1149/1.1344281,TFSI,PC:1.000,weighted_viscosity,weighted_viscosity_mPa_s_25C,,2,clustered,220,6,6,0.9418687614394182,False,2.53,,
221,3613,10.1149/1.1344281,TFSI,PC:1.000,weighted_viscosity,weighted_viscosity_mPa_s_25C,,2,clustered,221,6,6,0.9418687614394182,False,2.53,,
222,3614,10.1149/1.1344281,TFSI,PC:1.000,weighted_viscosity,weighted_viscosity_mPa_s_25C,,2,clustered,222,6,6,0.9418687614394182,False,2.53,,
223,3615,10.1149/1.1344281,TFSI,PC:1.000,weighted_viscosity,weighted_viscosity_mPa_s_25C,,2,clustered,223,6,6,0.9418687614394182,False,2.53,,
224,3616,10.1149/1.1344281,TFSI,PC:1.000,weighted_viscosity,weighted_viscosity_mPa_s_25C,,2,clustered,224,6,6,0.9418687614394182,False,2.53,,
225,3617,10.1149/1.1344281,TFSI,PC:1.000,weighted_viscosity,weighted_viscosity_mPa_s_25C,,2,clustered,225,6,6,0.9418687614394182,False,2.53,,
226,3618,10.1149/1.1344281,TFSI,PC:1.000,weighted_viscosity,weighted_viscosity_mPa_s_25C,,2,clustered,226,6,6,0.9418687614394182,False,2.53,,
227,3619,10.1149/1.1344281,TFSI,PC:1.000,weighted_viscosity,weighted_viscosity_mPa_s_25C,,2,clustered,227,6,6,0.9418687614394182,False,2.53,,
228,3620,10.1149/1.1344281,TFSI,PC:1.000,weighted_viscosity,weighted_viscosity_mPa_s_25C,,2,clustered,228,6,6,0.9418687614394182,False,2.53,,
229,3621,10.1149/1.1344281,TFSI,PC:1.000,weighted_viscosity,weighted_viscosity_mPa_s_25C,,2,clustered,229,6,6,0.9418687614394182,False,2.53,,
230,3622,10.1149/1.1344281,TFSI,PC:1.000,weighted_viscosity,weighted_viscosity_mPa_s_25C,,2,clustered,230,6,6,0.9418687614394182,False,2.53,,
231,3623,10.1149/1.1344281,TFSI,PC:1.000,weighted_viscosity,weighted_viscosity_mPa_s_25C,,2,clustered,231,6,6,0.9418687614394182,False,2.53,,
232,3624,10.1149/1.1344281,TFSI,PC:1.000,weighted_viscosity,weighted_viscosity_mPa_s_25C,,2,clustered,232,6,6,0.9418687614394182,False,2.53,,
233,3625,10.1149/1.1344281,TFSI,PC:1.000,weighted_viscosity,weighted_viscosity_mPa_s_25C,,2,clustered,233,6,6,0.9418687614394182,False,2.53,,
234,3724,10.1149/1.1344281,ClO4,PC:1.000,weighted_viscosity,weighted_viscosity_mPa_s_25C,,2,clustered,234,6,6,0.9418687614394182,False,2.53,,
235,3725,10.1149/1.1344281,ClO4,PC:1.000,weighted_viscosity,weighted_viscosity_mPa_s_25C,,2,clustered,235,6,6,0.9418687614394182,False,2.53,,
236,3726,10.1149/1.1344281,ClO4,PC:1.000,weighted_viscosity,weighted_viscosity_mPa_s_25C,,2,clustered,236,6,6,0.9418687614394182,False,2.53,,
237,3727,10.1149/1.1344281,ClO4,PC:1.000,weighted_viscosity,weighted_viscosity_mPa_s_25C,,2,clustered,237,6,6,0.9418687614394182,False,2.53,,
238,3728,10.1149/1.1344281,ClO4,PC:1.000,weighted_viscosity,weighted_viscosity_mPa_s_25C,,2,clustered,238,6,6,0.9418687614394182,False,2.53,,
239,3729,10.1149/1.1344281,ClO4,PC:1.000,weighted_viscosity,weighted_viscosity_mPa_s_25C,,2,clustered,239,6,6,0.9418687614394182,False,2.53,,
240,3730,10.1149/1.1344281,ClO4,PC:1.000,weighted_viscosity,weighted_viscosity_mPa_s_25C,,2,clustered,240,6,6,0.9418687614394182,False,2.53,,
241,3731,10.1149/1.1344281,ClO4,PC:1.000,weighted_viscosity,weighted_viscosity_mPa_s_25C,,2,clustered,241,6,6,0.9418687614394182,False,2.53,,
242,3732,10.1149/1.1344281,ClO4,PC:1.000,weighted_viscosity,weighted_viscosity_mPa_s_25C,,2,clustered,242,6,6,0.9418687614394182,False,2.53,,
243,3733,10.1149/1.1344281,ClO4,PC:1.000,weighted_viscosity,weighted_viscosity_mPa_s_25C,,2,clustered,243,6,6,0.9418687614394182,False,2.53,,
244,3734,10.1149/1.1344281,ClO4,PC:1.000,weighted_viscosity,weighted_viscosity_mPa_s_25C,,2,clustered,244,6,6,0.9418687614394182,False,2.53,,
245,3735,10.1149/1.1344281,ClO4,PC:1.000,weighted_viscosity,weighted_viscosity_mPa_s_25C,,2,clustered,245,6,6,0.9418687614394182,False,2.53,,
246,3736,10.1149/1.1344281,ClO4,PC:1.000,weighted_viscosity,weighted_viscosity_mPa_s_25C,,2,clustered,246,6,6,0.9418687614394182,False,2.53,,
247,3737,10.1149/1.1344281,ClO4,PC:1.000,weighted_viscosity,weighted_viscosity_mPa_s_25C,,2,clustered,247,6,6,0.9418687614394182,False,2.53,,
248,3738,10.1149/1.1344281,ClO4,PC:1.000,weighted_viscosity,weighted_viscosity_mPa_s_25C,,2,clustered,248,6,6,0.9418687614394182,False,2.53,,
249,3739,10.1149/1.1344281,ClO4,PC:1.000,weighted_viscosity,weighted_viscosity_mPa_s_25C,,2,clustered,249,6,6,0.9418687614394182,False,2.53,,
250,3740,10.1149/1.1344281,ClO4,PC:1.000,weighted_viscosity,weighted_viscosity_mPa_s_25C,,2,clustered,250,6,6,0.9418687614394182,False,2.53,,
251,3741,10.1149/1.1344281,ClO4,PC:1.000,weighted_viscosity,weighted_viscosity_mPa_s_25C,,2,clustered,251,6,6,0.9418687614394182,False,2.53,,
252,3742,10.1149/1.1344281,ClO4,PC:1.000,weighted_viscosity,weighted_viscosity_mPa_s_25C,,2,clustered,252,6,6,0.9418687614394182,False,2.53,,
253,3743,10.1149/1.1344281,ClO4,PC:1.000,weighted_viscosity,weighted_viscosity_mPa_s_25C,,2,clustered,253,6,6,0.9418687614394182,False,2.53,,
254,3744,10.1149/1.1344281,ClO4,PC:1.000,weighted_viscosity,weighted_viscosity_mPa_s_25C,,2,clustered,254,6,6,0.9418687614394182,False,2.53,,
255,3745,10.1149/1.1344281,ClO4,PC:1.000,weighted_viscosity,weighted_viscosity_mPa_s_25C,,2,clustered,255,6,6,0.9418687614394182,False,2.53,,
256,3746,10.1149/1.1344281,ClO4,PC:1.000,weighted_viscosity,weighted_viscosity_mPa_s_25C,,2,clustered,256,6,6,0.9418687614394182,False,2.53,,
257,3747,10.1149/1.1344281,ClO4,PC:1.000,weighted_viscosity,weighted_viscosity_mPa_s_25C,,2,clustered,257,6,6,0.9418687614394182,False,2.53,,
258,3748,10.1149/1.1344281,ClO4,PC:1.000,weighted_viscosity,weighted_viscosity_mPa_s_25C,,2,clustered,258,6,6,0.9418687614394182,False,2.53,,
259,3749,10.1149/1.1344281,ClO4,PC:1.000,weighted_viscosity,weighted_viscosity_mPa_s_25C,,2,clustered,259,6,6,0.9418687614394182,False,2.53,,
260,3750,10.1149/1.1344281,ClO4,PC:1.000,weighted_viscosity,weighted_viscosity_mPa_s_25C,,2,clustered,260,6,6,0.9418687614394182,False,2.53,,
261,3751,10.1149/1.1344281,ClO4,PC:1.000,weighted_viscosity,weighted_viscosity_mPa_s_25C,,2,clustered,261,6,6,0.9418687614394182,False,2.53,,
262,3752,10.1149/1.1344281,ClO4,PC:1.000,weighted_viscosity,weighted_viscosity_mPa_s_25C,,2,clustered,262,6,6,0.9418687614394182,False,2.53,,
263,3753,10.1149/1.1344281,ClO4,PC:1.000,weighted_viscosity,weighted_viscosity_mPa_s_25C,,2,clustered,263,6,6,0.9418687614394182,False,2.53,,
264,3754,10.1149/1.1344281,ClO4,PC:1.000,weighted_viscosity,weighted_viscosity_mPa_s_25C,,2,clustered,264,6,6,0.9418687614394182,False,2.53,,
265,3755,10.1149/1.1344281,ClO4,PC:1.000,weighted_viscosity,weighted_viscosity_mPa_s_25C,,2,clustered,265,6,6,0.9418687614394182,False,2.53,,
266,3756,10.1149/1.1344281,ClO4,PC:1.000,weighted_viscosity,weighted_viscosity_mPa_s_25C,,2,clustered,266,6,6,0.9418687614394182,False,2.53,,
267,3757,10.1149/1.1344281,ClO4,PC:1.000,weighted_viscosity,weighted_viscosity_mPa_s_25C,,2,clustered,267,6,6,0.9418687614394182,False,2.53,,
268,3758,10.1149/1.1344281,ClO4,PC:1.000,weighted_viscosity,weighted_viscosity_mPa_s_25C,,2,clustered,268,6,6,0.9418687614394182,False,2.53,,
269,3759,10.1149/1.1344281,ClO4,PC:1.000,weighted_viscosity,weighted_viscosity_mPa_s_25C,,2,clustered,269,6,6,0.9418687614394182,False,2.53,,
270,3760,10.1149/1.1344281,ClO4,PC:1.000,weighted_viscosity,weighted_viscosity_mPa_s_25C,,2,clustered,270,6,6,0.9418687614394182,False,2.53,,
271,3786,10.1149/1.1344281,ClO4,DME:1.000,weighted_viscosity,weighted_viscosity_mPa_s_25C,,3,clustered,271,6,6,0.9418687614394182,False,0.39,,
272,3787,10.1149/1.1344281,ClO4,DME:1.000,weighted_viscosity,weighted_viscosity_mPa_s_25C,,3,clustered,272,6,6,0.9418687614394182,False,0.39,,
273,3788,10.1149/1.1344281,ClO4,DME:1.000,weighted_viscosity,weighted_viscosity_mPa_s_25C,,3,clustered,273,6,6,0.9418687614394182,False,0.39,,
274,3789,10.1149/1.1344281,ClO4,DME:1.000,weighted_viscosity,weighted_viscosity_mPa_s_25C,,3,clustered,274,6,6,0.9418687614394182,False,0.39,,
275,3790,10.1149/1.1344281,ClO4,DME:1.000,weighted_viscosity,weighted_viscosity_mPa_s_25C,,3,clustered,275,6,6,0.9418687614394182,False,0.39,,
276,3791,10.1149/1.1344281,ClO4,DME:1.000,weighted_viscosity,weighted_viscosity_mPa_s_25C,,3,clustered,276,6,6,0.9418687614394182,False,0.39,,
277,3792,10.1149/1.1344281,ClO4,DME:1.000,weighted_viscosity,weighted_viscosity_mPa_s_25C,,3,clustered,277,6,6,0.9418687614394182,False,0.39,,
278,3793,10.1149/1.1344281,ClO4,DME:1.000,weighted_viscosity,weighted_viscosity_mPa_s_25C,,3,clustered,278,6,6,0.9418687614394182,False,0.39,,
279,3794,10.1149/1.1344281,ClO4,DME:1.000,weighted_viscosity,weighted_viscosity_mPa_s_25C,,3,clustered,279,6,6,0.9418687614394182,False,0.39,,
280,3795,10.1149/1.1344281,ClO4,DME:1.000,weighted_viscosity,weighted_viscosity_mPa_s_25C,,3,clustered,280,6,6,0.9418687614394182,False,0.39,,
281,3796,10.1149/1.1344281,ClO4,DME:1.000,weighted_viscosity,weighted_viscosity_mPa_s_25C,,3,clustered,281,6,6,0.9418687614394182,False,0.39,,
282,3797,10.1149/1.1344281,ClO4,DME:1.000,weighted_viscosity,weighted_viscosity_mPa_s_25C,,3,clustered,282,6,6,0.9418687614394182,False,0.39,,
283,3798,10.1149/1.1344281,ClO4,DME:1.000,weighted_viscosity,weighted_viscosity_mPa_s_25C,,3,clustered,283,6,6,0.9418687614394182,False,0.39,,
284,3799,10.1149/1.1344281,ClO4,DME:1.000,weighted_viscosity,weighted_viscosity_mPa_s_25C,,3,clustered,284,6,6,0.9418687614394182,False,0.39,,
285,3800,10.1149/1.1344281,ClO4,DME:1.000,weighted_viscosity,weighted_viscosity_mPa_s_25C,,3,clustered,285,6,6,0.9418687614394182,False,0.39,,
286,3801,10.1149/1.1344281,ClO4,DME:1.000,weighted_viscosity,weighted_viscosity_mPa_s_25C,,3,clustered,286,6,6,0.9418687614394182,False,0.39,,
287,3802,10.1149/1.1344281,ClO4,DME:1.000,weighted_viscosity,weighted_viscosity_mPa_s_25C,,3,clustered,287,6,6,0.9418687614394182,False,0.39,,
288,3803,10.1149/1.1344281,ClO4,DME:1.000,weighted_viscosity,weighted_viscosity_mPa_s_25C,,3,clustered,288,6,6,0.9418687614394182,False,0.39,,
289,3804,10.1149/1.1344281,ClO4,DME:1.000,weighted_viscosity,weighted_viscosity_mPa_s_25C,,3,clustered,289,6,6,0.9418687614394182,False,0.39,,
290,3805,10.1149/1.1344281,ClO4,DME:1.000,weighted_viscosity,weighted_viscosity_mPa_s_25C,,3,clustered,290,6,6,0.9418687614394182,False,0.39,,
291,3806,10.1149/1.1344281,ClO4,DME:1.000,weighted_viscosity,weighted_viscosity_mPa_s_25C,,3,clustered,291,6,6,0.9418687614394182,False,0.39,,
292,3807,10.1149/1.1344281,ClO4,DME:1.000,weighted_viscosity,weighted_viscosity_mPa_s_25C,,3,clustered,292,6,6,0.9418687614394182,False,0.39,,
293,3808,10.1149/1.1344281,ClO4,DME:1.000,weighted_viscosity,weighted_viscosity_mPa_s_25C,,3,clustered,293,6,6,0.9418687614394182,False,0.39,,
294,3809,10.1149/1.1344281,ClO4,DME:1.000,weighted_viscosity,weighted_viscosity_mPa_s_25C,,3,clustered,294,6,6,0.9418687614394182,False,0.39,,
295,3810,10.1149/1.1344281,ClO4,DME:1.000,weighted_viscosity,weighted_viscosity_mPa_s_25C,,3,clustered,295,6,6,0.9418687614394182,False,0.39,,
296,3811,10.1149/1.1344281,ClO4,DME:1.000,weighted_viscosity,weighted_viscosity_mPa_s_25C,,3,clustered,296,6,6,0.9418687614394182,False,0.39,,
297,3812,10.1149/1.1344281,ClO4,DME:1.000,weighted_viscosity,weighted_viscosity_mPa_s_25C,,3,clustered,297,6,6,0.9418687614394182,False,0.39,,
298,3813,10.1149/1.1344281,TFSI,DME:1.000,weighted_viscosity,weighted_viscosity_mPa_s_25C,,3,clustered,298,6,6,0.9418687614394182,False,0.39,,
299,3814,10.1149/1.1344281,TFSI,DME:1.000,weighted_viscosity,weighted_viscosity_mPa_s_25C,,3,clustered,299,6,6,0.9418687614394182,False,0.39,,
300,3815,10.1149/1.1344281,TFSI,DME:1.000,weighted_viscosity,weighted_viscosity_mPa_s_25C,,3,clustered,300,6,6,0.9418687614394182,False,0.39,,
301,3816,10.1149/1.1344281,TFSI,DME:1.000,weighted_viscosity,weighted_viscosity_mPa_s_25C,,3,clustered,301,6,6,0.9418687614394182,False,0.39,,
302,3817,10.1149/1.1344281,TFSI,DME:1.000,weighted_viscosity,weighted_viscosity_mPa_s_25C,,3,clustered,302,6,6,0.9418687614394182,False,0.39,,
303,3818,10.1149/1.1344281,TFSI,DME:1.000,weighted_viscosity,weighted_viscosity_mPa_s_25C,,3,clustered,303,6,6,0.9418687614394182,False,0.39,,
304,3819,10.1149/1.1344281,TFSI,DME:1.000,weighted_viscosity,weighted_viscosity_mPa_s_25C,,3,clustered,304,6,6,0.9418687614394182,False,0.39,,
305,3820,10.1149/1.1344281,TFSI,DME:1.000,weighted_viscosity,weighted_viscosity_mPa_s_25C,,3,clustered,305,6,6,0.9418687614394182,False,0.39,,
306,3821,10.1149/1.1344281,TFSI,DME:1.000,weighted_viscosity,weighted_viscosity_mPa_s_25C,,3,clustered,306,6,6,0.9418687614394182,False,0.39,,
307,3822,10.1149/1.1344281,TFSI,DME:1.000,weighted_viscosity,weighted_viscosity_mPa_s_25C,,3,clustered,307,6,6,0.9418687614394182,False,0.39,,
308,3823,10.1149/1.1344281,TFSI,DME:1.000,weighted_viscosity,weighted_viscosity_mPa_s_25C,,3,clustered,308,6,6,0.9418687614394182,False,0.39,,
309,3824,10.1149/1.1344281,TFSI,DME:1.000,weighted_viscosity,weighted_viscosity_mPa_s_25C,,3,clustered,309,6,6,0.9418687614394182,False,0.39,,
310,3825,10.1149/1.1344281,TFSI,DME:1.000,weighted_viscosity,weighted_viscosity_mPa_s_25C,,3,clustered,310,6,6,0.9418687614394182,False,0.39,,
311,3826,10.1149/1.1344281,TFSI,DME:1.000,weighted_viscosity,weighted_viscosity_mPa_s_25C,,3,clustered,311,6,6,0.9418687614394182,False,0.39,,
312,3827,10.1149/1.1344281,TFSI,DME:1.000,weighted_viscosity,weighted_viscosity_mPa_s_25C,,3,clustered,312,6,6,0.9418687614394182,False,0.39,,
313,3828,10.1149/1.1344281,TFSI,DME:1.000,weighted_viscosity,weighted_viscosity_mPa_s_25C,,3,clustered,313,6,6,0.9418687614394182,False,0.39,,
314,3829,10.1149/1.1344281,TFSI,DME:1.000,weighted_viscosity,weighted_viscosity_mPa_s_25C,,3,clustered,314,6,6,0.9418687614394182,False,0.39,,
315,3830,10.1149/1.1344281,TFSI,DME:1.000,weighted_viscosity,weighted_viscosity_mPa_s_25C,,3,clustered,315,6,6,0.9418687614394182,False,0.39,,
316,3831,10.1149/1.1344281,TFSI,DME:1.000,weighted_viscosity,weighted_viscosity_mPa_s_25C,,3,clustered,316,6,6,0.9418687614394182,False,0.39,,
317,3832,10.1149/1.1344281,TFSI,DME:1.000,weighted_viscosity,weighted_viscosity_mPa_s_25C,,3,clustered,317,6,6,0.9418687614394182,False,0.39,,
318,3833,10.1149/1.1344281,TFSI,DME:1.000,weighted_viscosity,weighted_viscosity_mPa_s_25C,,3,clustered,318,6,6,0.9418687614394182,False,0.39,,
319,3834,10.1149/1.1344281,TFSI,DME:1.000,weighted_viscosity,weighted_viscosity_mPa_s_25C,,3,clustered,319,6,6,0.9418687614394182,False,0.39,,
320,3835,10.1149/1.1344281,TFSI,DME:1.000,weighted_viscosity,weighted_viscosity_mPa_s_25C,,3,clustered,320,6,6,0.9418687614394182,False,0.39,,
321,3836,10.1149/1.1344281,TFSI,DME:1.000,weighted_viscosity,weighted_viscosity_mPa_s_25C,,3,clustered,321,6,6,0.9418687614394182,False,0.39,,
322,3837,10.1149/1.1344281,TFSI,DME:1.000,weighted_viscosity,weighted_viscosity_mPa_s_25C,,3,clustered,322,6,6,0.9418687614394182,False,0.39,,
323,3838,10.1149/1.1344281,TFSI,DME:1.000,weighted_viscosity,weighted_viscosity_mPa_s_25C,,3,clustered,323,6,6,0.9418687614394182,False,0.39,,
324,4363,10.1149/1.1466857,PF6,EC:0.300+EMC:0.700,weighted_viscosity,weighted_viscosity_mPa_s_25C,,4,clustered,324,6,6,0.9418687614394182,False,1.025,,
325,4364,10.1149/1.1466857,PF6,EC:0.300+EMC:0.700,weighted_viscosity,weighted_viscosity_mPa_s_25C,,4,clustered,325,6,6,0.9418687614394182,False,1.025,,
326,4365,10.1149/1.1466857,PF6,EC:0.300+EMC:0.700,weighted_viscosity,weighted_viscosity_mPa_s_25C,,4,clustered,326,6,6,0.9418687614394182,False,1.025,,
327,4366,10.1149/1.1466857,PF6,EC:0.300+EMC:0.700,weighted_viscosity,weighted_viscosity_mPa_s_25C,,4,clustered,327,6,6,0.9418687614394182,False,1.025,,
328,4367,10.1149/1.1466857,PF6,EC:0.300+EMC:0.700,weighted_viscosity,weighted_viscosity_mPa_s_25C,,4,clustered,328,6,6,0.9418687614394182,False,1.025,,
329,4368,10.1149/1.1466857,PF6,EC:0.300+EMC:0.700,weighted_viscosity,weighted_viscosity_mPa_s_25C,,4,clustered,329,6,6,0.9418687614394182,False,1.025,,
330,4369,10.1149/1.1466857,PF6,EC:0.300+EMC:0.700,weighted_viscosity,weighted_viscosity_mPa_s_25C,,4,clustered,330,6,6,0.9418687614394182,False,1.025,,
331,4370,10.1149/1.1466857,PF6,EC:0.300+EMC:0.700,weighted_viscosity,weighted_viscosity_mPa_s_25C,,4,clustered,331,6,6,0.9418687614394182,False,1.025,,
332,4371,10.1149/1.1466857,PF6,EC:0.300+EMC:0.700,weighted_viscosity,weighted_viscosity_mPa_s_25C,,4,clustered,332,6,6,0.9418687614394182,False,1.025,,
333,4372,10.1149/1.1466857,PF6,EC:0.300+EMC:0.700,weighted_viscosity,weighted_viscosity_mPa_s_25C,,4,clustered,333,6,6,0.9418687614394182,False,1.025,,
334,4373,10.1149/1.1466857,PF6,EC:0.300+EMC:0.700,weighted_viscosity,weighted_viscosity_mPa_s_25C,,4,clustered,334,6,6,0.9418687614394182,False,1.025,,
335,4374,10.1149/1.1466857,PF6,EC:0.300+EMC:0.700,weighted_viscosity,weighted_viscosity_mPa_s_25C,,4,clustered,335,6,6,0.9418687614394182,False,1.025,,
336,4375,10.1149/1.1466857,BF4,EC:0.300+EMC:0.700,weighted_viscosity,weighted_viscosity_mPa_s_25C,,4,clustered,336,6,6,0.9418687614394182,False,1.025,,
337,4376,10.1149/1.1466857,BF4,EC:0.300+EMC:0.700,weighted_viscosity,weighted_viscosity_mPa_s_25C,,4,clustered,337,6,6,0.9418687614394182,False,1.025,,
338,4377,10.1149/1.1466857,BF4,EC:0.300+EMC:0.700,weighted_viscosity,weighted_viscosity_mPa_s_25C,,4,clustered,338,6,6,0.9418687614394182,False,1.025,,
339,4378,10.1149/1.1466857,BF4,EC:0.300+EMC:0.700,weighted_viscosity,weighted_viscosity_mPa_s_25C,,4,clustered,339,6,6,0.9418687614394182,False,1.025,,
340,4379,10.1149/1.1466857,BF4,EC:0.300+EMC:0.700,weighted_viscosity,weighted_viscosity_mPa_s_25C,,4,clustered,340,6,6,0.9418687614394182,False,1.025,,
341,4380,10.1149/1.1466857,BF4,EC:0.300+EMC:0.700,weighted_viscosity,weighted_viscosity_mPa_s_25C,,4,clustered,341,6,6,0.9418687614394182,False,1.025,,
342,4381,10.1149/1.1466857,BF4,EC:0.300+EMC:0.700,weighted_viscosity,weighted_viscosity_mPa_s_25C,,4,clustered,342,6,6,0.9418687614394182,False,1.025,,
343,4382,10.1149/1.1466857,BF4,EC:0.300+EMC:0.700,weighted_viscosity,weighted_viscosity_mPa_s_25C,,4,clustered,343,6,6,0.9418687614394182,False,1.025,,
344,4383,10.1149/1.1466857,BF4,EC:0.300+EMC:0.700,weighted_viscosity,weighted_viscosity_mPa_s_25C,,4,clustered,344,6,6,0.9418687614394182,False,1.025,,
345,4384,10.1149/1.1466857,BF4,EC:0.300+EMC:0.700,weighted_viscosity,weighted_viscosity_mPa_s_25C,,4,clustered,345,6,6,0.9418687614394182,False,1.025,,
346,4385,10.1149/1.1466857,BF4,EC:0.300+EMC:0.700,weighted_viscosity,weighted_viscosity_mPa_s_25C,,4,clustered,346,6,6,0.9418687614394182,False,1.025,,
347,4386,10.1149/1.1466857,BF4,EC:0.300+EMC:0.700,weighted_viscosity,weighted_viscosity_mPa_s_25C,,4,clustered,347,6,6,0.9418687614394182,False,1.025,,
348,10873,10.1149/1.1872737,PF6,EC:0.270+PC:0.100+DMC:0.630,weighted_viscosity,weighted_viscosity_mPa_s_25C,,6,clustered,348,6,6,0.9418687614394182,False,1.1377,,
349,10874,10.1149/1.1872737,PF6,EC:0.270+PC:0.100+DMC:0.630,weighted_viscosity,weighted_viscosity_mPa_s_25C,,6,clustered,349,6,6,0.9418687614394182,False,1.1377,,
350,10875,10.1149/1.1872737,PF6,EC:0.270+PC:0.100+DMC:0.630,weighted_viscosity,weighted_viscosity_mPa_s_25C,,6,clustered,350,6,6,0.9418687614394182,False,1.1377,,
351,10877,10.1149/1.1872737,PF6,EC:0.270+PC:0.100+DMC:0.630,weighted_viscosity,weighted_viscosity_mPa_s_25C,,6,clustered,351,6,6,0.9418687614394182,False,1.1377,,
352,10878,10.1149/1.1872737,PF6,EC:0.270+PC:0.100+DMC:0.630,weighted_viscosity,weighted_viscosity_mPa_s_25C,,6,clustered,352,6,6,0.9418687614394182,False,1.1377,,
353,10881,10.1149/1.1872737,PF6,EC:0.270+PC:0.100+DMC:0.630,weighted_viscosity,weighted_viscosity_mPa_s_25C,,6,clustered,353,6,6,0.9418687614394182,False,1.1377,,
354,10884,10.1149/1.1872737,PF6,EC:0.270+PC:0.100+DMC:0.630,weighted_viscosity,weighted_viscosity_mPa_s_25C,,6,clustered,354,6,6,0.9418687614394182,False,1.1377,,
355,10885,10.1149/1.1872737,PF6,EC:0.270+PC:0.100+DMC:0.630,weighted_viscosity,weighted_viscosity_mPa_s_25C,,6,clustered,355,6,6,0.9418687614394182,False,1.1377,,
356,10886,10.1149/1.1872737,PF6,EC:0.270+PC:0.100+DMC:0.630,weighted_viscosity,weighted_viscosity_mPa_s_25C,,6,clustered,356,6,6,0.9418687614394182,False,1.1377,,
357,10887,10.1149/1.1872737,PF6,EC:0.270+PC:0.100+DMC:0.630,weighted_viscosity,weighted_viscosity_mPa_s_25C,,6,clustered,357,6,6,0.9418687614394182,False,1.1377,,
358,10888,10.1149/1.1872737,PF6,EC:0.270+PC:0.100+DMC:0.630,weighted_viscosity,weighted_viscosity_mPa_s_25C,,6,clustered,358,6,6,0.9418687614394182,False,1.1377,,
359,10889,10.1149/1.1872737,PF6,EC:0.270+PC:0.100+DMC:0.630,weighted_viscosity,weighted_viscosity_mPa_s_25C,,6,clustered,359,6,6,0.9418687614394182,False,1.1377,,
360,10891,10.1149/1.1872737,PF6,EC:0.270+PC:0.100+DMC:0.630,weighted_viscosity,weighted_viscosity_mPa_s_25C,,6,clustered,360,6,6,0.9418687614394182,False,1.1377,,
361,10893,10.1149/1.1872737,PF6,EC:0.270+PC:0.100+DMC:0.630,weighted_viscosity,weighted_viscosity_mPa_s_25C,,6,clustered,361,6,6,0.9418687614394182,False,1.1377,,
362,10894,10.1149/1.1872737,PF6,EC:0.270+PC:0.100+DMC:0.630,weighted_viscosity,weighted_viscosity_mPa_s_25C,,6,clustered,362,6,6,0.9418687614394182,False,1.1377,,
363,10895,10.1149/1.1872737,PF6,EC:0.270+PC:0.100+DMC:0.630,weighted_viscosity,weighted_viscosity_mPa_s_25C,,6,clustered,363,6,6,0.9418687614394182,False,1.1377,,
364,10897,10.1149/1.1872737,PF6,EC:0.270+PC:0.100+DMC:0.630,weighted_viscosity,weighted_viscosity_mPa_s_25C,,6,clustered,364,6,6,0.9418687614394182,False,1.1377,,
365,10899,10.1149/1.1872737,PF6,EC:0.270+PC:0.100+DMC:0.630,weighted_viscosity,weighted_viscosity_mPa_s_25C,,6,clustered,365,6,6,0.9418687614394182,False,1.1377,,
366,10900,10.1149/1.1872737,PF6,EC:0.270+PC:0.100+DMC:0.630,weighted_viscosity,weighted_viscosity_mPa_s_25C,,6,clustered,366,6,6,0.9418687614394182,False,1.1377,,
367,10901,10.1149/1.1872737,PF6,EC:0.270+PC:0.100+DMC:0.630,weighted_viscosity,weighted_viscosity_mPa_s_25C,,6,clustered,367,6,6,0.9418687614394182,False,1.1377,,
368,10902,10.1149/1.1872737,PF6,EC:0.270+PC:0.100+DMC:0.630,weighted_viscosity,weighted_viscosity_mPa_s_25C,,6,clustered,368,6,6,0.9418687614394182,False,1.1377,,
369,10903,10.1149/1.1872737,PF6,EC:0.270+PC:0.100+DMC:0.630,weighted_viscosity,weighted_viscosity_mPa_s_25C,,6,clustered,369,6,6,0.9418687614394182,False,1.1377,,
370,11883,10.1149/2.0571912jes,PF6,EC:0.500+DMC:0.500,weighted_viscosity,weighted_viscosity_mPa_s_25C,,1,clustered,370,6,6,0.9418687614394182,False,1.245,,
371,11884,10.1149/2.0571912jes,PF6,EC:0.500+DMC:0.500,weighted_viscosity,weighted_viscosity_mPa_s_25C,,1,clustered,371,6,6,0.9418687614394182,False,1.245,,
372,11885,10.1149/2.0571912jes,PF6,EC:0.500+DMC:0.500,weighted_viscosity,weighted_viscosity_mPa_s_25C,,1,clustered,372,6,6,0.9418687614394182,False,1.245,,
373,11886,10.1149/2.0571912jes,PF6,EC:0.500+DMC:0.500,weighted_viscosity,weighted_viscosity_mPa_s_25C,,1,clustered,373,6,6,0.9418687614394182,False,1.245,,
374,11887,10.1149/2.0571912jes,PF6,EC:0.500+DMC:0.500,weighted_viscosity,weighted_viscosity_mPa_s_25C,,1,clustered,374,6,6,0.9418687614394182,False,1.245,,
375,11888,10.1149/2.0571912jes,PF6,EC:0.500+DMC:0.500,weighted_viscosity,weighted_viscosity_mPa_s_25C,,1,clustered,375,6,6,0.9418687614394182,False,1.245,,
376,11889,10.1149/2.0571912jes,PF6,EC:0.500+DMC:0.500,weighted_viscosity,weighted_viscosity_mPa_s_25C,,1,clustered,376,6,6,0.9418687614394182,False,1.245,,
377,11890,10.1149/2.0571912jes,PF6,EC:0.500+DMC:0.500,weighted_viscosity,weighted_viscosity_mPa_s_25C,,1,clustered,377,6,6,0.9418687614394182,False,1.245,,
378,11891,10.1149/2.0571912jes,PF6,EC:0.500+DMC:0.500,weighted_viscosity,weighted_viscosity_mPa_s_25C,,1,clustered,378,6,6,0.9418687614394182,False,1.245,,
379,11892,10.1149/2.0571912jes,PF6,EC:0.500+DMC:0.500,weighted_viscosity,weighted_viscosity_mPa_s_25C,,1,clustered,379,6,6,0.9418687614394182,False,1.245,,
380,11893,10.1149/2.0571912jes,PF6,EC:0.500+DMC:0.500,weighted_viscosity,weighted_viscosity_mPa_s_25C,,1,clustered,380,6,6,0.9418687614394182,False,1.245,,
381,11894,10.1149/2.0571912jes,PF6,EC:0.500+DMC:0.500,weighted_viscosity,weighted_viscosity_mPa_s_25C,,1,clustered,381,6,6,0.9418687614394182,False,1.245,,
382,11895,10.1149/2.0571912jes,PF6,EC:0.500+DMC:0.500,weighted_viscosity,weighted_viscosity_mPa_s_25C,,1,clustered,382,6,6,0.9418687614394182,False,1.245,,
383,11896,10.1149/2.0571912jes,PF6,EC:0.500+DMC:0.500,weighted_viscosity,weighted_viscosity_mPa_s_25C,,1,clustered,383,6,6,0.9418687614394182,False,1.245,,
384,11897,10.1149/2.0571912jes,PF6,EC:0.500+DMC:0.500,weighted_viscosity,weighted_viscosity_mPa_s_25C,,1,clustered,384,6,6,0.9418687614394182,False,1.245,,
385,11898,10.1149/2.0571912jes,PF6,EC:0.500+DMC:0.500,weighted_viscosity,weighted_viscosity_mPa_s_25C,,1,clustered,385,6,6,0.9418687614394182,False,1.245,,
386,11899,10.1149/2.0571912jes,PF6,EC:0.500+DMC:0.500,weighted_viscosity,weighted_viscosity_mPa_s_25C,,1,clustered,386,6,6,0.9418687614394182,False,1.245,,
387,11900,10.1149/2.0571912jes,PF6,EC:0.500+DMC:0.500,weighted_viscosity,weighted_viscosity_mPa_s_25C,,1,clustered,387,6,6,0.9418687614394182,False,1.245,,
388,11901,10.1149/2.0571912jes,PF6,EC:0.500+DMC:0.500,weighted_viscosity,weighted_viscosity_mPa_s_25C,,1,clustered,388,6,6,0.9418687614394182,False,1.245,,
389,11902,10.1149/2.0571912jes,PF6,EC:0.500+DMC:0.500,weighted_viscosity,weighted_viscosity_mPa_s_25C,,1,clustered,389,6,6,0.9418687614394182,False,1.245,,
390,11903,10.1149/2.0571912jes,PF6,EC:0.500+DMC:0.500,weighted_viscosity,weighted_viscosity_mPa_s_25C,,1,clustered,390,6,6,0.9418687614394182,False,1.245,,
391,11904,10.1149/2.0571912jes,PF6,EC:0.500+DMC:0.500,weighted_viscosity,weighted_viscosity_mPa_s_25C,,1,clustered,391,6,6,0.9418687614394182,False,1.245,,
392,11905,10.1149/2.0571912jes,PF6,EC:0.500+DMC:0.500,weighted_viscosity,weighted_viscosity_mPa_s_25C,,1,clustered,392,6,6,0.9418687614394182,False,1.245,,
393,11906,10.1149/2.0571912jes,PF6,EC:0.500+DMC:0.500,weighted_viscosity,weighted_viscosity_mPa_s_25C,,1,clustered,393,6,6,0.9418687614394182,False,1.245,,
394,11907,10.1149/2.0571912jes,PF6,EC:0.500+DMC:0.500,weighted_viscosity,weighted_viscosity_mPa_s_25C,,1,clustered,394,6,6,0.9418687614394182,False,1.245,,
395,11908,10.1149/2.0571912jes,PF6,EC:0.500+DMC:0.500,weighted_viscosity,weighted_viscosity_mPa_s_25C,,1,clustered,395,6,6,0.9418687614394182,False,1.245,,
396,11909,10.1149/2.0571912jes,PF6,EC:0.500+DMC:0.500,weighted_viscosity,weighted_viscosity_mPa_s_25C,,1,clustered,396,6,6,0.9418687614394182,False,1.245,,
397,11910,10.1149/2.0571912jes,PF6,EC:0.500+DMC:0.500,weighted_viscosity,weighted_viscosity_mPa_s_25C,,1,clustered,397,6,6,0.9418687614394182,False,1.245,,
398,11911,10.1149/2.0571912jes,PF6,EC:0.500+DMC:0.500,weighted_viscosity,weighted_viscosity_mPa_s_25C,,1,clustered,398,6,6,0.9418687614394182,False,1.245,,
399,11912,10.1149/2.0571912jes,PF6,EC:0.500+DMC:0.500,weighted_viscosity,weighted_viscosity_mPa_s_25C,,1,clustered,399,6,6,0.9418687614394182,False,1.245,,
400,11913,10.1149/2.0571912jes,PF6,EC:0.500+DMC:0.500,weighted_viscosity,weighted_viscosity_mPa_s_25C,,1,clustered,400,6,6,0.9418687614394182,False,1.245,,
401,11914,10.1149/2.0571912jes,PF6,EC:0.500+DMC:0.500,weighted_viscosity,weighted_viscosity_mPa_s_25C,,1,clustered,401,6,6,0.9418687614394182,False,1.245,,
402,11915,10.1149/2.0571912jes,PF6,EC:0.500+DMC:0.500,weighted_viscosity,weighted_viscosity_mPa_s_25C,,1,clustered,402,6,6,0.9418687614394182,False,1.245,,
403,11916,10.1149/2.0571912jes,PF6,EC:0.500+DMC:0.500,weighted_viscosity,weighted_viscosity_mPa_s_25C,,1,clustered,403,6,6,0.9418687614394182,False,1.245,,
404,11917,10.1149/2.0571912jes,PF6,EC:0.500+DMC:0.500,weighted_viscosity,weighted_viscosity_mPa_s_25C,,1,clustered,404,6,6,0.9418687614394182,False,1.245,,
405,11918,10.1149/2.0571912jes,PF6,EC:0.300+EMC:0.700,weighted_viscosity,weighted_viscosity_mPa_s_25C,,4,clustered,405,6,6,0.9418687614394182,False,1.025,,
406,11919,10.1149/2.0571912jes,PF6,EC:0.300+EMC:0.700,weighted_viscosity,weighted_viscosity_mPa_s_25C,,4,clustered,406,6,6,0.9418687614394182,False,1.025,,
407,11920,10.1149/2.0571912jes,PF6,EC:0.300+EMC:0.700,weighted_viscosity,weighted_viscosity_mPa_s_25C,,4,clustered,407,6,6,0.9418687614394182,False,1.025,,
408,11921,10.1149/2.0571912jes,PF6,EC:0.300+EMC:0.700,weighted_viscosity,weighted_viscosity_mPa_s_25C,,4,clustered,408,6,6,0.9418687614394182,False,1.025,,
409,11922,10.1149/2.0571912jes,PF6,EC:0.300+EMC:0.700,weighted_viscosity,weighted_viscosity_mPa_s_25C,,4,clustered,409,6,6,0.9418687614394182,False,1.025,,
410,11923,10.1149/2.0571912jes,PF6,EC:0.300+EMC:0.700,weighted_viscosity,weighted_viscosity_mPa_s_25C,,4,clustered,410,6,6,0.9418687614394182,False,1.025,,
411,11924,10.1149/2.0571912jes,PF6,EC:0.300+EMC:0.700,weighted_viscosity,weighted_viscosity_mPa_s_25C,,4,clustered,411,6,6,0.9418687614394182,False,1.025,,
412,11925,10.1149/2.0571912jes,PF6,EC:0.300+EMC:0.700,weighted_viscosity,weighted_viscosity_mPa_s_25C,,4,clustered,412,6,6,0.9418687614394182,False,1.025,,
413,11926,10.1149/2.0571912jes,PF6,EC:0.300+EMC:0.700,weighted_viscosity,weighted_viscosity_mPa_s_25C,,4,clustered,413,6,6,0.9418687614394182,False,1.025,,
414,11927,10.1149/2.0571912jes,PF6,EC:0.300+EMC:0.700,weighted_viscosity,weighted_viscosity_mPa_s_25C,,4,clustered,414,6,6,0.9418687614394182,False,1.025,,
415,11928,10.1149/2.0571912jes,PF6,EC:0.300+EMC:0.700,weighted_viscosity,weighted_viscosity_mPa_s_25C,,4,clustered,415,6,6,0.9418687614394182,False,1.025,,
416,11929,10.1149/2.0571912jes,PF6,EC:0.300+EMC:0.700,weighted_viscosity,weighted_viscosity_mPa_s_25C,,4,clustered,416,6,6,0.9418687614394182,False,1.025,,
417,11930,10.1149/2.0571912jes,PF6,EC:0.300+EMC:0.700,weighted_viscosity,weighted_viscosity_mPa_s_25C,,4,clustered,417,6,6,0.9418687614394182,False,1.025,,
418,11931,10.1149/2.0571912jes,PF6,EC:0.300+EMC:0.700,weighted_viscosity,weighted_viscosity_mPa_s_25C,,4,clustered,418,6,6,0.9418687614394182,False,1.025,,
419,11932,10.1149/2.0571912jes,PF6,EC:0.300+EMC:0.700,weighted_viscosity,weighted_viscosity_mPa_s_25C,,4,clustered,419,6,6,0.9418687614394182,False,1.025,,
420,11933,10.1149/2.0571912jes,PF6,EC:0.300+EMC:0.700,weighted_viscosity,weighted_viscosity_mPa_s_25C,,4,clustered,420,6,6,0.9418687614394182,False,1.025,,
421,11934,10.1149/2.0571912jes,PF6,EC:0.300+EMC:0.700,weighted_viscosity,weighted_viscosity_mPa_s_25C,,4,clustered,421,6,6,0.9418687614394182,False,1.025,,
422,11935,10.1149/2.0571912jes,PF6,EC:0.300+EMC:0.700,weighted_viscosity,weighted_viscosity_mPa_s_25C,,4,clustered,422,6,6,0.9418687614394182,False,1.025,,
423,11936,10.1149/2.0571912jes,PF6,EC:0.300+EMC:0.700,weighted_viscosity,weighted_viscosity_mPa_s_25C,,4,clustered,423,6,6,0.9418687614394182,False,1.025,,
424,11937,10.1149/2.0571912jes,PF6,EC:0.300+EMC:0.700,weighted_viscosity,weighted_viscosity_mPa_s_25C,,4,clustered,424,6,6,0.9418687614394182,False,1.025,,
425,11938,10.1149/2.0571912jes,PF6,EC:0.300+EMC:0.700,weighted_viscosity,weighted_viscosity_mPa_s_25C,,4,clustered,425,6,6,0.9418687614394182,False,1.025,,
426,11939,10.1149/2.0571912jes,PF6,EC:0.300+EMC:0.700,weighted_viscosity,weighted_viscosity_mPa_s_25C,,4,clustered,426,6,6,0.9418687614394182,False,1.025,,
427,11940,10.1149/2.0571912jes,PF6,EC:0.300+EMC:0.700,weighted_viscosity,weighted_viscosity_mPa_s_25C,,4,clustered,427,6,6,0.9418687614394182,False,1.025,,
428,11941,10.1149/2.0571912jes,PF6,EC:0.300+EMC:0.700,weighted_viscosity,weighted_viscosity_mPa_s_25C,,4,clustered,428,6,6,0.9418687614394182,False,1.025,,
429,11942,10.1149/2.0571912jes,PF6,EC:0.300+EMC:0.700,weighted_viscosity,weighted_viscosity_mPa_s_25C,,4,clustered,429,6,6,0.9418687614394182,False,1.025,,
430,11943,10.1149/2.0571912jes,PF6,EC:0.300+EMC:0.700,weighted_viscosity,weighted_viscosity_mPa_s_25C,,4,clustered,430,6,6,0.9418687614394182,False,1.025,,
431,11944,10.1149/2.0571912jes,PF6,EC:0.300+EMC:0.700,weighted_viscosity,weighted_viscosity_mPa_s_25C,,4,clustered,431,6,6,0.9418687614394182,False,1.025,,
432,11945,10.1149/2.0571912jes,PF6,EC:0.300+EMC:0.700,weighted_viscosity,weighted_viscosity_mPa_s_25C,,4,clustered,432,6,6,0.9418687614394182,False,1.025,,
433,11946,10.1149/2.0571912jes,PF6,EC:0.300+EMC:0.700,weighted_viscosity,weighted_viscosity_mPa_s_25C,,4,clustered,433,6,6,0.9418687614394182,False,1.025,,
434,11947,10.1149/2.0571912jes,PF6,EC:0.300+EMC:0.700,weighted_viscosity,weighted_viscosity_mPa_s_25C,,4,clustered,434,6,6,0.9418687614394182,False,1.025,,
435,11948,10.1149/2.0571912jes,PF6,EC:0.300+EMC:0.700,weighted_viscosity,weighted_viscosity_mPa_s_25C,,4,clustered,435,6,6,0.9418687614394182,False,1.025,,
436,11949,10.1149/2.0571912jes,PF6,EC:0.300+EMC:0.700,weighted_viscosity,weighted_viscosity_mPa_s_25C,,4,clustered,436,6,6,0.9418687614394182,False,1.025,,
437,11950,10.1149/2.0571912jes,PF6,EC:0.300+EMC:0.700,weighted_viscosity,weighted_viscosity_mPa_s_25C,,4,clustered,437,6,6,0.9418687614394182,False,1.025,,
438,11951,10.1149/2.0571912jes,PF6,EC:0.300+EMC:0.700,weighted_viscosity,weighted_viscosity_mPa_s_25C,,4,clustered,438,6,6,0.9418687614394182,False,1.025,,
439,11952,10.1149/2.0571912jes,PF6,EC:0.300+EMC:0.700,weighted_viscosity,weighted_viscosity_mPa_s_25C,,4,clustered,439,6,6,0.9418687614394182,False,1.025,,
440,11953,10.1149/2.0571912jes,PF6,EC:0.300+EMC:0.700,weighted_viscosity,weighted_viscosity_mPa_s_25C,,4,clustered,440,6,6,0.9418687614394182,False,1.025,,
441,11954,10.1149/2.0571912jes,PF6,EC:0.300+EMC:0.700,weighted_viscosity,weighted_viscosity_mPa_s_25C,,4,clustered,441,6,6,0.9418687614394182,False,1.025,,
442,11955,10.1149/2.0571912jes,PF6,EC:0.300+EMC:0.700,weighted_viscosity,weighted_viscosity_mPa_s_25C,,4,clustered,442,6,6,0.9418687614394182,False,1.025,,
443,11956,10.1149/2.0571912jes,PF6,EC:0.300+EMC:0.700,weighted_viscosity,weighted_viscosity_mPa_s_25C,,4,clustered,443,6,6,0.9418687614394182,False,1.025,,
444,11957,10.1149/2.0571912jes,PF6,EC:0.300+EMC:0.700,weighted_viscosity,weighted_viscosity_mPa_s_25C,,4,clustered,444,6,6,0.9418687614394182,False,1.025,,
445,11958,10.1149/2.0571912jes,PF6,EC:0.300+EMC:0.700,weighted_viscosity,weighted_viscosity_mPa_s_25C,,4,clustered,445,6,6,0.9418687614394182,False,1.025,,
446,11959,10.1149/2.0571912jes,PF6,EC:0.300+EMC:0.700,weighted_viscosity,weighted_viscosity_mPa_s_25C,,4,clustered,446,6,6,0.9418687614394182,False,1.025,,
447,12002,10.1149/2.0641503jes,PF6,EC:0.500+DEC:0.500,weighted_viscosity,weighted_viscosity_mPa_s_25C,,1,clustered,447,6,6,0.9418687614394182,False,1.255,,
448,12003,10.1149/2.0641503jes,PF6,EC:0.500+DEC:0.500,weighted_viscosity,weighted_viscosity_mPa_s_25C,,1,clustered,448,6,6,0.9418687614394182,False,1.255,,
449,12004,10.1149/2.0641503jes,PF6,EC:0.500+DEC:0.500,weighted_viscosity,weighted_viscosity_mPa_s_25C,,1,clustered,449,6,6,0.9418687614394182,False,1.255,,
450,12005,10.1149/2.0641503jes,PF6,EC:0.500+DEC:0.500,weighted_viscosity,weighted_viscosity_mPa_s_25C,,1,clustered,450,6,6,0.9418687614394182,False,1.255,,
451,12006,10.1149/2.0641503jes,PF6,EC:0.500+DEC:0.500,weighted_viscosity,weighted_viscosity_mPa_s_25C,,1,clustered,451,6,6,0.9418687614394182,False,1.255,,
452,12007,10.1149/2.0641503jes,PF6,EC:0.500+DEC:0.500,weighted_viscosity,weighted_viscosity_mPa_s_25C,,1,clustered,452,6,6,0.9418687614394182,False,1.255,,
453,12008,10.1149/2.0641503jes,PF6,EC:0.500+DEC:0.500,weighted_viscosity,weighted_viscosity_mPa_s_25C,,1,clustered,453,6,6,0.9418687614394182,False,1.255,,
454,12009,10.1149/2.0641503jes,PF6,EC:0.500+DEC:0.500,weighted_viscosity,weighted_viscosity_mPa_s_25C,,1,clustered,454,6,6,0.9418687614394182,False,1.255,,
455,12010,10.1149/2.0641503jes,PF6,EC:0.500+DEC:0.500,weighted_viscosity,weighted_viscosity_mPa_s_25C,,1,clustered,455,6,6,0.9418687614394182,False,1.255,,
456,12011,10.1149/2.0641503jes,PF6,EC:0.500+DEC:0.500,weighted_viscosity,weighted_viscosity_mPa_s_25C,,1,clustered,456,6,6,0.9418687614394182,False,1.255,,
457,12012,10.1149/2.0641503jes,PF6,EC:0.500+DEC:0.500,weighted_viscosity,weighted_viscosity_mPa_s_25C,,1,clustered,457,6,6,0.9418687614394182,False,1.255,,
458,12013,10.1149/2.0641503jes,PF6,EC:0.500+DEC:0.500,weighted_viscosity,weighted_viscosity_mPa_s_25C,,1,clustered,458,6,6,0.9418687614394182,False,1.255,,
459,12014,10.1149/2.0641503jes,PF6,EC:0.500+DEC:0.500,weighted_viscosity,weighted_viscosity_mPa_s_25C,,1,clustered,459,6,6,0.9418687614394182,False,1.255,,
460,12015,10.1149/2.0641503jes,PF6,EC:0.500+DEC:0.500,weighted_viscosity,weighted_viscosity_mPa_s_25C,,1,clustered,460,6,6,0.9418687614394182,False,1.255,,
461,12016,10.1149/2.0641503jes,PF6,EC:0.500+DEC:0.500,weighted_viscosity,weighted_viscosity_mPa_s_25C,,1,clustered,461,6,6,0.9418687614394182,False,1.255,,
462,13615,10.1016/0378-7753(91)80004-H,PF6,EC:0.150+PC:0.850,weighted_viscosity,weighted_viscosity_mPa_s_25C,,2,clustered,462,6,6,0.9418687614394182,False,2.4355,,
463,13616,10.1016/0378-7753(91)80004-H,PF6,EC:0.500+PC:0.500,weighted_viscosity,weighted_viscosity_mPa_s_25C,,5,clustered,463,6,6,0.9418687614394182,False,2.215,,
464,13618,10.1016/0378-7753(91)80004-H,PF6,EC:0.150+PC:0.850,weighted_viscosity,weighted_viscosity_mPa_s_25C,,2,clustered,464,6,6,0.9418687614394182,False,2.4355,,
465,13619,10.1016/0378-7753(91)80004-H,PF6,EC:0.500+PC:0.500,weighted_viscosity,weighted_viscosity_mPa_s_25C,,5,clustered,465,6,6,0.9418687614394182,False,2.215,,
466,13621,10.1016/0378-7753(91)80004-H,PF6,EC:0.150+PC:0.850,weighted_viscosity,weighted_viscosity_mPa_s_25C,,2,clustered,466,6,6,0.9418687614394182,False,2.4355,,
467,13622,10.1016/0378-7753(91)80004-H,PF6,EC:0.500+PC:0.500,weighted_viscosity,weighted_viscosity_mPa_s_25C,,5,clustered,467,6,6,0.9418687614394182,False,2.215,,
468,13624,10.1016/0378-7753(91)80004-H,PF6,EC:0.150+PC:0.850,weighted_viscosity,weighted_viscosity_mPa_s_25C,,2,clustered,468,6,6,0.9418687614394182,False,2.4355,,
469,13625,10.1016/0378-7753(91)80004-H,PF6,EC:0.500+PC:0.500,weighted_viscosity,weighted_viscosity_mPa_s_25C,,5,clustered,469,6,6,0.9418687614394182,False,2.215,,
470,13627,10.1016/0378-7753(91)80004-H,PF6,EC:0.150+PC:0.850,weighted_viscosity,weighted_viscosity_mPa_s_25C,,2,clustered,470,6,6,0.9418687614394182,False,2.4355,,
471,13628,10.1016/0378-7753(91)80004-H,PF6,EC:0.500+PC:0.500,weighted_viscosity,weighted_viscosity_mPa_s_25C,,5,clustered,471,6,6,0.9418687614394182,False,2.215,,
472,13630,10.1016/0378-7753(91)80004-H,PF6,EC:0.150+PC:0.850,weighted_viscosity,weighted_viscosity_mPa_s_25C,,2,clustered,472,6,6,0.9418687614394182,False,2.4355,,
473,13631,10.1016/0378-7753(91)80004-H,PF6,EC:0.500+PC:0.500,weighted_viscosity,weighted_viscosity_mPa_s_25C,,5,clustered,473,6,6,0.9418687614394182,False,2.215,,
474,13633,10.1016/0378-7753(91)80004-H,PF6,EC:0.150+PC:0.850,weighted_viscosity,weighted_viscosity_mPa_s_25C,,2,clustered,474,6,6,0.9418687614394182,False,2.4355,,
475,13634,10.1016/0378-7753(91)80004-H,PF6,EC:0.500+PC:0.500,weighted_viscosity,weighted_viscosity_mPa_s_25C,,5,clustered,475,6,6,0.9418687614394182,False,2.215,,
476,13636,10.1016/0378-7753(91)80004-H,PF6,EC:0.150+PC:0.850,weighted_viscosity,weighted_viscosity_mPa_s_25C,,2,clustered,476,6,6,0.9418687614394182,False,2.4355,,
477,13637,10.1016/0378-7753(91)80004-H,PF6,EC:0.500+PC:0.500,weighted_viscosity,weighted_viscosity_mPa_s_25C,,5,clustered,477,6,6,0.9418687614394182,False,2.215,,
478,13639,10.1016/0378-7753(91)80004-H,PF6,EC:0.150+PC:0.850,weighted_viscosity,weighted_viscosity_mPa_s_25C,,2,clustered,478,6,6,0.9418687614394182,False,2.4355,,
479,13640,10.1016/0378-7753(91)80004-H,PF6,EC:0.500+PC:0.500,weighted_viscosity,weighted_viscosity_mPa_s_25C,,5,clustered,479,6,6,0.9418687614394182,False,2.215,,
480,13642,10.1016/0378-7753(91)80004-H,PF6,EC:0.150+PC:0.850,weighted_viscosity,weighted_viscosity_mPa_s_25C,,2,clustered,480,6,6,0.9418687614394182,False,2.4355,,
481,13643,10.1016/0378-7753(91)80004-H,PF6,EC:0.500+PC:0.500,weighted_viscosity,weighted_viscosity_mPa_s_25C,,5,clustered,481,6,6,0.9418687614394182,False,2.215,,
482,13645,10.1016/0378-7753(91)80004-H,PF6,EC:0.150+PC:0.850,weighted_viscosity,weighted_viscosity_mPa_s_25C,,2,clustered,482,6,6,0.9418687614394182,False,2.4355,,
483,13646,10.1016/0378-7753(91)80004-H,PF6,EC:0.500+PC:0.500,weighted_viscosity,weighted_viscosity_mPa_s_25C,,5,clustered,483,6,6,0.9418687614394182,False,2.215,,
484,13793,10.1016/0378-7753(91)80004-H,BF4,EC:0.500+PC:0.500,weighted_viscosity,weighted_viscosity_mPa_s_25C,,5,clustered,484,6,6,0.9418687614394182,False,2.215,,
485,13796,10.1016/0378-7753(91)80004-H,BF4,EC:0.500+PC:0.500,weighted_viscosity,weighted_viscosity_mPa_s_25C,,5,clustered,485,6,6,0.9418687614394182,False,2.215,,
486,13799,10.1016/0378-7753(91)80004-H,BF4,EC:0.500+PC:0.500,weighted_viscosity,weighted_viscosity_mPa_s_25C,,5,clustered,486,6,6,0.9418687614394182,False,2.215,,
487,13802,10.1016/0378-7753(91)80004-H,BF4,EC:0.500+PC:0.500,weighted_viscosity,weighted_viscosity_mPa_s_25C,,5,clustered,487,6,6,0.9418687614394182,False,2.215,,
488,13805,10.1016/0378-7753(91)80004-H,BF4,EC:0.500+PC:0.500,weighted_viscosity,weighted_viscosity_mPa_s_25C,,5,clustered,488,6,6,0.9418687614394182,False,2.215,,
489,13808,10.1016/0378-7753(91)80004-H,BF4,EC:0.500+PC:0.500,weighted_viscosity,weighted_viscosity_mPa_s_25C,,5,clustered,489,6,6,0.9418687614394182,False,2.215,,
490,13811,10.1016/0378-7753(91)80004-H,BF4,EC:0.500+PC:0.500,weighted_viscosity,weighted_viscosity_mPa_s_25C,,5,clustered,490,6,6,0.9418687614394182,False,2.215,,
491,13814,10.1016/0378-7753(91)80004-H,BF4,EC:0.500+PC:0.500,weighted_viscosity,weighted_viscosity_mPa_s_25C,,5,clustered,491,6,6,0.9418687614394182,False,2.215,,
492,13817,10.1016/0378-7753(91)80004-H,BF4,EC:0.500+PC:0.500,weighted_viscosity,weighted_viscosity_mPa_s_25C,,5,clustered,492,6,6,0.9418687614394182,False,2.215,,
493,13820,10.1016/0378-7753(91)80004-H,BF4,EC:0.500+PC:0.500,weighted_viscosity,weighted_viscosity_mPa_s_25C,,5,clustered,493,6,6,0.9418687614394182,False,2.215,,
494,13823,10.1016/0378-7753(91)80004-H,BF4,EC:0.500+PC:0.500,weighted_viscosity,weighted_viscosity_mPa_s_25C,,5,clustered,494,6,6,0.9418687614394182,False,2.215,,
0,23,10.1016/j.electacta.2008.04.023,PF6,EC:0.300+EMC:0.700,saltconc_weightedperm_weightedvisc,"salt_conc_x_weighted_permittivity, salt_conc_x_weighted_viscosity",,3,clustered,0,5,5,0.7972778726861223,False,,5.80149254087,0.2069798069749999
1,24,10.1016/j.electacta.2008.04.023,PF6,EC:0.300+EMC:0.700,saltconc_weightedperm_weightedvisc,"salt_conc_x_weighted_permittivity, salt_conc_x_weighted_viscosity",,3,clustered,1,5,5,0.7972778726861223,False,,14.32716417015,0.511150131375
2,25,10.1016/j.electacta.2008.04.023,PF6,EC:0.300+EMC:0.700,saltconc_weightedperm_weightedvisc,"salt_conc_x_weighted_permittivity, salt_conc_x_weighted_viscosity",,5,clustered,2,5,5,0.7972778726861223,False,,22.95373133612,0.8189201051
3,26,10.1016/j.electacta.2008.04.023,PF6,EC:0.300+EMC:0.700,saltconc_weightedperm_weightedvisc,"salt_conc_x_weighted_permittivity, salt_conc_x_weighted_viscosity",,5,clustered,3,5,5,0.7972778726861223,False,,28.75522387699,1.025899912075
4,27,10.1016/j.electacta.2008.04.023,PF6,EC:0.300+EMC:0.700,saltconc_weightedperm_weightedvisc,"salt_conc_x_weighted_permittivity, salt_conc_x_weighted_viscosity",,5,clustered,4,5,5,0.7972778726861223,False,,34.50626866388,1.2310798949
5,28,10.1016/j.electacta.2008.04.023,PF6,EC:0.300+EMC:0.700,saltconc_weightedperm_weightedvisc,"salt_conc_x_weighted_permittivity, salt_conc_x_weighted_viscosity",,1,clustered,5,5,5,0.7972778726861223,False,,45.95791045495,1.6396400353749998
6,29,10.1016/j.electacta.2008.04.023,PF6,EC:0.300+EMC:0.700,saltconc_weightedperm_weightedvisc,"salt_conc_x_weighted_permittivity, salt_conc_x_weighted_viscosity",,2,clustered,6,5,5,0.7972778726861223,False,,57.40955224602,2.04820017585
7,30,10.1016/j.electacta.2008.04.023,PF6,EC:0.300+EMC:0.700,saltconc_weightedperm_weightedvisc,"salt_conc_x_weighted_permittivity, salt_conc_x_weighted_viscosity",,2,clustered,7,5,5,0.7972778726861223,False,,63.21104478689,2.255179982825
8,31,10.1016/j.jpowsour.2010.12.040,FSI,EC:0.300+EMC:0.700,saltconc_weightedperm_weightedvisc,"salt_conc_x_weighted_permittivity, salt_conc_x_weighted_viscosity",,5,clustered,8,5,5,0.7972778726861223,False,,28.73,1.025
9,32,10.1016/j.jpowsour.2010.12.040,FSI,EC:0.300+EMC:0.700,saltconc_weightedperm_weightedvisc,"salt_conc_x_weighted_permittivity, salt_conc_x_weighted_viscosity",,5,clustered,9,5,5,0.7972778726861223,False,,28.73,1.025
10,33,10.1016/j.jpowsour.2010.12.040,FSI,EC:0.300+EMC:0.700,saltconc_weightedperm_weightedvisc,"salt_conc_x_weighted_permittivity, salt_conc_x_weighted_viscosity",,5,clustered,10,5,5,0.7972778726861223,False,,28.73,1.025
11,34,10.1016/j.jpowsour.2010.12.040,FSI,EC:0.300+EMC:0.700,saltconc_weightedperm_weightedvisc,"salt_conc_x_weighted_permittivity, salt_conc_x_weighted_viscosity",,5,clustered,11,5,5,0.7972778726861223,False,,28.73,1.025
12,35,10.1016/j.jpowsour.2010.12.040,FSI,EC:0.300+EMC:0.700,saltconc_weightedperm_weightedvisc,"salt_conc_x_weighted_permittivity, salt_conc_x_weighted_viscosity",,5,clustered,12,5,5,0.7972778726861223,False,,28.73,1.025
13,36,10.1016/j.jpowsour.2010.12.040,FSI,EC:0.300+EMC:0.700,saltconc_weightedperm_weightedvisc,"salt_conc_x_weighted_permittivity, salt_conc_x_weighted_viscosity",,5,clustered,13,5,5,0.7972778726861223,False,,28.73,1.025
14,37,10.1016/j.jpowsour.2010.12.040,FSI,EC:0.300+EMC:0.700,saltconc_weightedperm_weightedvisc,"salt_conc_x_weighted_permittivity, salt_conc_x_weighted_viscosity",,5,clustered,14,5,5,0.7972778726861223,False,,28.73,1.025
15,38,10.1016/j.jpowsour.2010.12.040,FSI,EC:0.300+EMC:0.700,saltconc_weightedperm_weightedvisc,"salt_conc_x_weighted_permittivity, salt_conc_x_weighted_viscosity",,5,clustered,15,5,5,0.7972778726861223,False,,28.73,1.025
16,39,10.1016/j.jpowsour.2010.12.040,FSI,EC:0.300+EMC:0.700,saltconc_weightedperm_weightedvisc,"salt_conc_x_weighted_permittivity, salt_conc_x_weighted_viscosity",,5,clustered,16,5,5,0.7972778726861223,False,,28.73,1.025
17,40,10.1016/j.jpowsour.2010.12.040,FSI,EC:0.300+EMC:0.700,saltconc_weightedperm_weightedvisc,"salt_conc_x_weighted_permittivity, salt_conc_x_weighted_viscosity",,5,clustered,17,5,5,0.7972778726861223,False,,28.73,1.025
18,41,10.1016/j.jpowsour.2010.12.040,FSI,EC:0.300+EMC:0.700,saltconc_weightedperm_weightedvisc,"salt_conc_x_weighted_permittivity, salt_conc_x_weighted_viscosity",,5,clustered,18,5,5,0.7972778726861223,False,,28.73,1.025
19,42,10.1016/j.jpowsour.2010.12.040,FSI,EC:0.300+EMC:0.700,saltconc_weightedperm_weightedvisc,"salt_conc_x_weighted_permittivity, salt_conc_x_weighted_viscosity",,5,clustered,19,5,5,0.7972778726861223,False,,28.73,1.025
20,43,10.1016/j.jpowsour.2010.12.040,FSI,EC:0.300+EMC:0.700,saltconc_weightedperm_weightedvisc,"salt_conc_x_weighted_permittivity, salt_conc_x_weighted_viscosity",,5,clustered,20,5,5,0.7972778726861223,False,,28.73,1.025
21,44,10.1016/j.jpowsour.2010.12.040,FSI,EC:0.300+EMC:0.700,saltconc_weightedperm_weightedvisc,"salt_conc_x_weighted_permittivity, salt_conc_x_weighted_viscosity",,5,clustered,21,5,5,0.7972778726861223,False,,28.73,1.025
22,45,10.1016/j.jpowsour.2010.12.040,FSI,EC:0.300+EMC:0.700,saltconc_weightedperm_weightedvisc,"salt_conc_x_weighted_permittivity, salt_conc_x_weighted_viscosity",,5,clustered,22,5,5,0.7972778726861223,False,,28.73,1.025
23,46,10.1016/j.jpowsour.2010.12.040,FSI,EC:0.300+EMC:0.700,saltconc_weightedperm_weightedvisc,"salt_conc_x_weighted_permittivity, salt_conc_x_weighted_viscosity",,5,clustered,23,5,5,0.7972778726861223,False,,28.73,1.025
24,47,10.1016/j.jpowsour.2010.12.040,FSI,EC:0.300+EMC:0.700,saltconc_weightedperm_weightedvisc,"salt_conc_x_weighted_permittivity, salt_conc_x_weighted_viscosity",,5,clustered,24,5,5,0.7972778726861223,False,,28.73,1.025
25,48,10.1016/j.jpowsour.2010.12.040,FSI,EC:0.300+EMC:0.700,saltconc_weightedperm_weightedvisc,"salt_conc_x_weighted_permittivity, salt_conc_x_weighted_viscosity",,5,clustered,25,5,5,0.7972778726861223,False,,28.73,1.025
26,49,10.1016/j.jpowsour.2010.12.040,FSI,EC:0.300+EMC:0.700,saltconc_weightedperm_weightedvisc,"salt_conc_x_weighted_permittivity, salt_conc_x_weighted_viscosity",,5,clustered,26,5,5,0.7972778726861223,False,,28.73,1.025
27,50,10.1016/j.jpowsour.2010.12.040,PF6,EC:0.300+EMC:0.700,saltconc_weightedperm_weightedvisc,"salt_conc_x_weighted_permittivity, salt_conc_x_weighted_viscosity",,5,clustered,27,5,5,0.7972778726861223,False,,28.73,1.025
28,51,10.1016/j.jpowsour.2010.12.040,PF6,EC:0.300+EMC:0.700,saltconc_weightedperm_weightedvisc,"salt_conc_x_weighted_permittivity, salt_conc_x_weighted_viscosity",,5,clustered,28,5,5,0.7972778726861223,False,,28.73,1.025
29,52,10.1016/j.jpowsour.2010.12.040,PF6,EC:0.300+EMC:0.700,saltconc_weightedperm_weightedvisc,"salt_conc_x_weighted_permittivity, salt_conc_x_weighted_viscosity",,5,clustered,29,5,5,0.7972778726861223,False,,28.73,1.025
30,53,10.1016/j.jpowsour.2010.12.040,PF6,EC:0.300+EMC:0.700,saltconc_weightedperm_weightedvisc,"salt_conc_x_weighted_permittivity, salt_conc_x_weighted_viscosity",,5,clustered,30,5,5,0.7972778726861223,False,,28.73,1.025
31,54,10.1016/j.jpowsour.2010.12.040,PF6,EC:0.300+EMC:0.700,saltconc_weightedperm_weightedvisc,"salt_conc_x_weighted_permittivity, salt_conc_x_weighted_viscosity",,5,clustered,31,5,5,0.7972778726861223,False,,28.73,1.025
32,55,10.1016/j.jpowsour.2010.12.040,PF6,EC:0.300+EMC:0.700,saltconc_weightedperm_weightedvisc,"salt_conc_x_weighted_permittivity, salt_conc_x_weighted_viscosity",,5,clustered,32,5,5,0.7972778726861223,False,,28.73,1.025
33,56,10.1016/j.jpowsour.2010.12.040,PF6,EC:0.300+EMC:0.700,saltconc_weightedperm_weightedvisc,"salt_conc_x_weighted_permittivity, salt_conc_x_weighted_viscosity",,5,clustered,33,5,5,0.7972778726861223,False,,28.73,1.025
34,57,10.1016/j.jpowsour.2010.12.040,PF6,EC:0.300+EMC:0.700,saltconc_weightedperm_weightedvisc,"salt_conc_x_weighted_permittivity, salt_conc_x_weighted_viscosity",,5,clustered,34,5,5,0.7972778726861223,False,,28.73,1.025
35,58,10.1016/j.jpowsour.2010.12.040,PF6,EC:0.300+EMC:0.700,saltconc_weightedperm_weightedvisc,"salt_conc_x_weighted_permittivity, salt_conc_x_weighted_viscosity",,5,clustered,35,5,5,0.7972778726861223,False,,28.73,1.025
36,59,10.1016/j.jpowsour.2010.12.040,PF6,EC:0.300+EMC:0.700,saltconc_weightedperm_weightedvisc,"salt_conc_x_weighted_permittivity, salt_conc_x_weighted_viscosity",,5,clustered,36,5,5,0.7972778726861223,False,,28.73,1.025
37,60,10.1016/j.jpowsour.2010.12.040,BF4,EC:0.300+EMC:0.700,saltconc_weightedperm_weightedvisc,"salt_conc_x_weighted_permittivity, salt_conc_x_weighted_viscosity",,5,clustered,37,5,5,0.7972778726861223,False,,28.73,1.025
38,61,10.1016/j.jpowsour.2010.12.040,BF4,EC:0.300+EMC:0.700,saltconc_weightedperm_weightedvisc,"salt_conc_x_weighted_permittivity, salt_conc_x_weighted_viscosity",,5,clustered,38,5,5,0.7972778726861223,False,,28.73,1.025
39,62,10.1016/j.jpowsour.2010.12.040,BF4,EC:0.300+EMC:0.700,saltconc_weightedperm_weightedvisc,"salt_conc_x_weighted_permittivity, salt_conc_x_weighted_viscosity",,5,clustered,39,5,5,0.7972778726861223,False,,28.73,1.025
40,63,10.1016/j.jpowsour.2010.12.040,BF4,EC:0.300+EMC:0.700,saltconc_weightedperm_weightedvisc,"salt_conc_x_weighted_permittivity, salt_conc_x_weighted_viscosity",,5,clustered,40,5,5,0.7972778726861223,False,,28.73,1.025
41,64,10.1016/j.jpowsour.2010.12.040,BF4,EC:0.300+EMC:0.700,saltconc_weightedperm_weightedvisc,"salt_conc_x_weighted_permittivity, salt_conc_x_weighted_viscosity",,5,clustered,41,5,5,0.7972778726861223,False,,28.73,1.025
42,65,10.1016/j.jpowsour.2010.12.040,BF4,EC:0.300+EMC:0.700,saltconc_weightedperm_weightedvisc,"salt_conc_x_weighted_permittivity, salt_conc_x_weighted_viscosity",,5,clustered,42,5,5,0.7972778726861223,False,,28.73,1.025
43,66,10.1016/j.jpowsour.2010.12.040,BF4,EC:0.300+EMC:0.700,saltconc_weightedperm_weightedvisc,"salt_conc_x_weighted_permittivity, salt_conc_x_weighted_viscosity",,5,clustered,43,5,5,0.7972778726861223,False,,28.73,1.025
44,67,10.1016/j.jpowsour.2010.12.040,BF4,EC:0.300+EMC:0.700,saltconc_weightedperm_weightedvisc,"salt_conc_x_weighted_permittivity, salt_conc_x_weighted_viscosity",,5,clustered,44,5,5,0.7972778726861223,False,,28.73,1.025
45,68,10.1016/j.jpowsour.2010.12.040,BF4,EC:0.300+EMC:0.700,saltconc_weightedperm_weightedvisc,"salt_conc_x_weighted_permittivity, salt_conc_x_weighted_viscosity",,5,clustered,45,5,5,0.7972778726861223,False,,28.73,1.025
46,69,10.1016/j.jpowsour.2010.12.040,BF4,EC:0.300+EMC:0.700,saltconc_weightedperm_weightedvisc,"salt_conc_x_weighted_permittivity, salt_conc_x_weighted_viscosity",,5,clustered,46,5,5,0.7972778726861223,False,,28.73,1.025
47,70,10.1016/j.jpowsour.2010.12.040,BF4,EC:0.300+EMC:0.700,saltconc_weightedperm_weightedvisc,"salt_conc_x_weighted_permittivity, salt_conc_x_weighted_viscosity",,5,clustered,47,5,5,0.7972778726861223,False,,28.73,1.025
48,71,10.1016/j.jpowsour.2010.12.040,BF4,EC:0.300+EMC:0.700,saltconc_weightedperm_weightedvisc,"salt_conc_x_weighted_permittivity, salt_conc_x_weighted_viscosity",,5,clustered,48,5,5,0.7972778726861223,False,,28.73,1.025
49,72,10.1016/j.jpowsour.2010.12.040,BF4,EC:0.300+EMC:0.700,saltconc_weightedperm_weightedvisc,"salt_conc_x_weighted_permittivity, salt_conc_x_weighted_viscosity",,5,clustered,49,5,5,0.7972778726861223,False,,28.73,1.025
50,73,10.1016/j.jpowsour.2010.12.040,BF4,EC:0.300+EMC:0.700,saltconc_weightedperm_weightedvisc,"salt_conc_x_weighted_permittivity, salt_conc_x_weighted_viscosity",,5,clustered,50,5,5,0.7972778726861223,False,,28.73,1.025
51,74,10.1016/j.jpowsour.2010.12.040,BF4,EC:0.300+EMC:0.700,saltconc_weightedperm_weightedvisc,"salt_conc_x_weighted_permittivity, salt_conc_x_weighted_viscosity",,5,clustered,51,5,5,0.7972778726861223,False,,28.73,1.025
52,75,10.1016/j.jpowsour.2010.12.040,BF4,EC:0.300+EMC:0.700,saltconc_weightedperm_weightedvisc,"salt_conc_x_weighted_permittivity, salt_conc_x_weighted_viscosity",,5,clustered,52,5,5,0.7972778726861223,False,,28.73,1.025
53,76,10.1016/j.jpowsour.2010.12.040,BF4,EC:0.300+EMC:0.700,saltconc_weightedperm_weightedvisc,"salt_conc_x_weighted_permittivity, salt_conc_x_weighted_viscosity",,5,clustered,53,5,5,0.7972778726861223,False,,28.73,1.025
54,77,10.1016/j.jpowsour.2010.12.040,BF4,EC:0.300+EMC:0.700,saltconc_weightedperm_weightedvisc,"salt_conc_x_weighted_permittivity, salt_conc_x_weighted_viscosity",,5,clustered,54,5,5,0.7972778726861223,False,,28.73,1.025
55,78,10.1016/j.jpowsour.2010.12.040,BF4,EC:0.300+EMC:0.700,saltconc_weightedperm_weightedvisc,"salt_conc_x_weighted_permittivity, salt_conc_x_weighted_viscosity",,5,clustered,55,5,5,0.7972778726861223,False,,28.73,1.025
56,79,10.1016/j.jpowsour.2010.12.040,BF4,EC:0.300+EMC:0.700,saltconc_weightedperm_weightedvisc,"salt_conc_x_weighted_permittivity, salt_conc_x_weighted_viscosity",,5,clustered,56,5,5,0.7972778726861223,False,,28.73,1.025
57,106,10.1016/j.jpowsour.2011.06.030,PF6,EC:0.500+DMC:0.500,saltconc_weightedperm_weightedvisc,"salt_conc_x_weighted_permittivity, salt_conc_x_weighted_viscosity",,1,clustered,57,5,5,0.7972778726861223,False,,46.05,1.245
58,107,10.1016/j.jpowsour.2011.06.030,PF6,EC:0.500+DMC:0.500,saltconc_weightedperm_weightedvisc,"salt_conc_x_weighted_permittivity, salt_conc_x_weighted_viscosity",,1,clustered,58,5,5,0.7972778726861223,False,,46.05,1.245
59,108,10.1016/j.jpowsour.2011.06.030,PF6,EC:0.500+DMC:0.500,saltconc_weightedperm_weightedvisc,"salt_conc_x_weighted_permittivity, salt_conc_x_weighted_viscosity",,1,clustered,59,5,5,0.7972778726861223,False,,46.05,1.245
60,109,10.1016/j.jpowsour.2011.06.030,PF6,EC:0.500+DMC:0.500,saltconc_weightedperm_weightedvisc,"salt_conc_x_weighted_permittivity, salt_conc_x_weighted_viscosity",,1,clustered,60,5,5,0.7972778726861223,False,,46.05,1.245
61,110,10.1016/j.jpowsour.2011.06.030,PF6,EC:0.500+DMC:0.500,saltconc_weightedperm_weightedvisc,"salt_conc_x_weighted_permittivity, salt_conc_x_weighted_viscosity",,1,clustered,61,5,5,0.7972778726861223,False,,46.05,1.245
62,111,10.1016/j.jpowsour.2011.06.030,PF6,EC:0.500+DMC:0.500,saltconc_weightedperm_weightedvisc,"salt_conc_x_weighted_permittivity, salt_conc_x_weighted_viscosity",,1,clustered,62,5,5,0.7972778726861223,False,,46.05,1.245
63,112,10.1016/j.jpowsour.2011.06.030,PF6,EC:0.500+DMC:0.500,saltconc_weightedperm_weightedvisc,"salt_conc_x_weighted_permittivity, salt_conc_x_weighted_viscosity",,1,clustered,63,5,5,0.7972778726861223,False,,46.05,1.245
64,113,10.1016/j.jpowsour.2011.06.030,PF6,EC:0.500+DMC:0.500,saltconc_weightedperm_weightedvisc,"salt_conc_x_weighted_permittivity, salt_conc_x_weighted_viscosity",,1,clustered,64,5,5,0.7972778726861223,False,,46.05,1.245
65,114,10.1016/j.jpowsour.2011.06.030,PF6,EC:0.500+DMC:0.500,saltconc_weightedperm_weightedvisc,"salt_conc_x_weighted_permittivity, salt_conc_x_weighted_viscosity",,1,clustered,65,5,5,0.7972778726861223,False,,46.05,1.245
66,115,10.1016/j.jpowsour.2011.06.030,PF6,EC:0.500+DMC:0.500,saltconc_weightedperm_weightedvisc,"salt_conc_x_weighted_permittivity, salt_conc_x_weighted_viscosity",,1,clustered,66,5,5,0.7972778726861223,False,,46.05,1.245
67,116,10.1016/j.jpowsour.2011.06.030,PF6,EC:0.500+DMC:0.500,saltconc_weightedperm_weightedvisc,"salt_conc_x_weighted_permittivity, salt_conc_x_weighted_viscosity",,1,clustered,67,5,5,0.7972778726861223,False,,46.05,1.245
68,117,10.1016/j.jpowsour.2011.06.030,PF6,EC:0.500+DMC:0.500,saltconc_weightedperm_weightedvisc,"salt_conc_x_weighted_permittivity, salt_conc_x_weighted_viscosity",,1,clustered,68,5,5,0.7972778726861223,False,,46.05,1.245
69,118,10.1016/j.jpowsour.2011.06.030,PF6,EC:0.500+DMC:0.500,saltconc_weightedperm_weightedvisc,"salt_conc_x_weighted_permittivity, salt_conc_x_weighted_viscosity",,1,clustered,69,5,5,0.7972778726861223,False,,46.05,1.245
70,119,10.1016/j.jpowsour.2011.07.071,TFSI,EC:0.100+DMC:0.900,saltconc_weightedperm_weightedvisc,"salt_conc_x_weighted_permittivity, salt_conc_x_weighted_viscosity",,3,clustered,70,5,5,0.7972778726861223,False,,11.69,0.7210000000000001
71,120,10.1016/j.jpowsour.2011.07.071,TFSI,EC:0.200+DMC:0.800,saltconc_weightedperm_weightedvisc,"salt_conc_x_weighted_permittivity, salt_conc_x_weighted_viscosity",,5,clustered,71,5,5,0.7972778726861223,False,,20.28,0.852
72,121,10.1016/j.jpowsour.2011.07.071,TFSI,EC:0.250+DMC:0.750,saltconc_weightedperm_weightedvisc,"salt_conc_x_weighted_permittivity, salt_conc_x_weighted_viscosity",,5,clustered,72,5,5,0.7972778726861223,False,,24.575,0.9175
73,122,10.1016/j.jpowsour.2011.07.071,TFSI,EC:0.300+DMC:0.700,saltconc_weightedperm_weightedvisc,"salt_conc_x_weighted_permittivity, salt_conc_x_weighted_viscosity",,5,clustered,73,5,5,0.7972778726861223,False,,28.87,0.983
74,123,10.1016/j.jpowsour.2011.07.071,TFSI,EC:0.400+DMC:0.600,saltconc_weightedperm_weightedvisc,"salt_conc_x_weighted_permittivity, salt_conc_x_weighted_viscosity",,5,clustered,74,5,5,0.7972778726861223,False,,37.46,1.114
75,124,10.1016/j.jpowsour.2011.07.071,TFSI,EC:0.500+DMC:0.500,saltconc_weightedperm_weightedvisc,"salt_conc_x_weighted_permittivity, salt_conc_x_weighted_viscosity",,1,clustered,75,5,5,0.7972778726861223,False,,46.05,1.245
76,125,10.1016/j.jpowsour.2011.07.071,TFSI,EC:0.600+DMC:0.400,saltconc_weightedperm_weightedvisc,"salt_conc_x_weighted_permittivity, salt_conc_x_weighted_viscosity",,1,clustered,76,5,5,0.7972778726861223,False,,54.64,1.376
77,126,10.1016/j.jpowsour.2011.07.071,TFSI,EC:0.700+DMC:0.300,saltconc_weightedperm_weightedvisc,"salt_conc_x_weighted_permittivity, salt_conc_x_weighted_viscosity",,1,clustered,77,5,5,0.7972778726861223,False,,63.23,1.507
78,127,10.1016/j.jpowsour.2011.07.071,TFSI,EC:0.800+DMC:0.200,saltconc_weightedperm_weightedvisc,"salt_conc_x_weighted_permittivity, salt_conc_x_weighted_viscosity",,2,clustered,78,5,5,0.7972778726861223,False,,71.82000000000001,1.638
79,128,10.1016/j.jpowsour.2011.07.071,TFSI,EC:1.000,saltconc_weightedperm_weightedvisc,"salt_conc_x_weighted_permittivity, salt_conc_x_weighted_viscosity",,2,clustered,79,5,5,0.7972778726861223,False,,89.0,1.9
80,129,10.1016/j.jpowsour.2011.07.071,TFSI,DMC:1.000,saltconc_weightedperm_weightedvisc,"salt_conc_x_weighted_permittivity, salt_conc_x_weighted_viscosity",,3,clustered,80,5,5,0.7972778726861223,False,,3.1,0.59
81,130,10.1016/j.jpowsour.2011.07.071,PF6,EC:0.500+DMC:0.500,saltconc_weightedperm_weightedvisc,"salt_conc_x_weighted_permittivity, salt_conc_x_weighted_viscosity",,1,clustered,81,5,5,0.7972778726861223,False,,46.05,1.245
82,131,10.1016/j.jpowsour.2011.07.071,PF6,EC:0.500+DMC:0.500,saltconc_weightedperm_weightedvisc,"salt_conc_x_weighted_permittivity, salt_conc_x_weighted_viscosity",,1,clustered,82,5,5,0.7972778726861223,False,,46.05,1.245
83,132,10.1016/j.jpowsour.2011.07.071,PF6,EC:0.500+DMC:0.500,saltconc_weightedperm_weightedvisc,"salt_conc_x_weighted_permittivity, salt_conc_x_weighted_viscosity",,1,clustered,83,5,5,0.7972778726861223,False,,46.05,1.245
84,133,10.1016/j.jpowsour.2011.07.071,PF6,EC:0.500+DMC:0.500,saltconc_weightedperm_weightedvisc,"salt_conc_x_weighted_permittivity, salt_conc_x_weighted_viscosity",,1,clustered,84,5,5,0.7972778726861223,False,,46.05,1.245
85,134,10.1016/j.jpowsour.2011.07.071,PF6,EC:0.500+DMC:0.500,saltconc_weightedperm_weightedvisc,"salt_conc_x_weighted_permittivity, salt_conc_x_weighted_viscosity",,1,clustered,85,5,5,0.7972778726861223,False,,46.05,1.245
86,135,10.1016/j.jpowsour.2011.07.071,PF6,EC:0.500+DMC:0.500,saltconc_weightedperm_weightedvisc,"salt_conc_x_weighted_permittivity, salt_conc_x_weighted_viscosity",,1,clustered,86,5,5,0.7972778726861223,False,,46.05,1.245
87,136,10.1016/j.jpowsour.2011.07.071,PF6,EC:0.500+DMC:0.500,saltconc_weightedperm_weightedvisc,"salt_conc_x_weighted_permittivity, salt_conc_x_weighted_viscosity",,1,clustered,87,5,5,0.7972778726861223,False,,46.05,1.245
88,137,10.1016/j.jpowsour.2011.07.071,PF6,EC:0.500+DMC:0.500,saltconc_weightedperm_weightedvisc,"salt_conc_x_weighted_permittivity, salt_conc_x_weighted_viscosity",,1,clustered,88,5,5,0.7972778726861223,False,,46.05,1.245
89,138,10.1016/j.jpowsour.2011.07.071,PF6,EC:0.500+DMC:0.500,saltconc_weightedperm_weightedvisc,"salt_conc_x_weighted_permittivity, salt_conc_x_weighted_viscosity",,1,clustered,89,5,5,0.7972778726861223,False,,46.05,1.245
90,139,10.1016/j.jpowsour.2011.07.071,PF6,EC:0.500+DMC:0.500,saltconc_weightedperm_weightedvisc,"salt_conc_x_weighted_permittivity, salt_conc_x_weighted_viscosity",,1,clustered,90,5,5,0.7972778726861223,False,,46.05,1.245
91,140,10.1016/j.jpowsour.2011.07.071,PF6,EC:0.500+DMC:0.500,saltconc_weightedperm_weightedvisc,"salt_conc_x_weighted_permittivity, salt_conc_x_weighted_viscosity",,1,clustered,91,5,5,0.7972778726861223,False,,46.05,1.245
92,141,10.1016/j.jpowsour.2011.07.071,PF6,EC:0.500+DMC:0.500,saltconc_weightedperm_weightedvisc,"salt_conc_x_weighted_permittivity, salt_conc_x_weighted_viscosity",,1,clustered,92,5,5,0.7972778726861223,False,,46.05,1.245
93,142,10.1016/j.jpowsour.2011.07.071,PF6,EC:0.500+DMC:0.500,saltconc_weightedperm_weightedvisc,"salt_conc_x_weighted_permittivity, salt_conc_x_weighted_viscosity",,1,clustered,93,5,5,0.7972778726861223,False,,46.05,1.245
94,143,10.1016/j.jpowsour.2011.07.071,PF6,EC:0.500+DMC:0.500,saltconc_weightedperm_weightedvisc,"salt_conc_x_weighted_permittivity, salt_conc_x_weighted_viscosity",,1,clustered,94,5,5,0.7972778726861223,False,,46.05,1.245
95,144,10.1016/j.jpowsour.2011.07.071,PF6,EC:0.500+DMC:0.500,saltconc_weightedperm_weightedvisc,"salt_conc_x_weighted_permittivity, salt_conc_x_weighted_viscosity",,1,clustered,95,5,5,0.7972778726861223,False,,46.05,1.245
96,145,10.1016/j.jpowsour.2011.07.071,PF6,EC:0.500+DMC:0.500,saltconc_weightedperm_weightedvisc,"salt_conc_x_weighted_permittivity, salt_conc_x_weighted_viscosity",,1,clustered,96,5,5,0.7972778726861223,False,,46.05,1.245
97,146,10.1016/j.jpowsour.2011.07.071,PF6,EC:0.500+DMC:0.500,saltconc_weightedperm_weightedvisc,"salt_conc_x_weighted_permittivity, salt_conc_x_weighted_viscosity",,1,clustered,97,5,5,0.7972778726861223,False,,46.05,1.245
98,147,10.1016/j.jpowsour.2011.07.071,PF6,EC:0.500+DMC:0.500,saltconc_weightedperm_weightedvisc,"salt_conc_x_weighted_permittivity, salt_conc_x_weighted_viscosity",,1,clustered,98,5,5,0.7972778726861223,False,,46.05,1.245
99,148,10.1016/j.jpowsour.2011.07.071,PF6,EC:0.500+DMC:0.500,saltconc_weightedperm_weightedvisc,"salt_conc_x_weighted_permittivity, salt_conc_x_weighted_viscosity",,1,clustered,99,5,5,0.7972778726861223,False,,46.05,1.245
100,149,10.1016/j.jpowsour.2011.07.071,PF6,EC:0.500+DMC:0.500,saltconc_weightedperm_weightedvisc,"salt_conc_x_weighted_permittivity, salt_conc_x_weighted_viscosity",,1,clustered,100,5,5,0.7972778726861223,False,,46.05,1.245
101,150,10.1016/j.jpowsour.2011.07.071,PF6,EC:0.500+DMC:0.500,saltconc_weightedperm_weightedvisc,"salt_conc_x_weighted_permittivity, salt_conc_x_weighted_viscosity",,1,clustered,101,5,5,0.7972778726861223,False,,46.05,1.245
102,151,10.1016/j.jpowsour.2011.07.071,PF6,EC:0.500+DMC:0.500,saltconc_weightedperm_weightedvisc,"salt_conc_x_weighted_permittivity, salt_conc_x_weighted_viscosity",,1,clustered,102,5,5,0.7972778726861223,False,,46.05,1.245
103,152,10.1016/j.jpowsour.2011.07.071,PF6,EC:0.500+DMC:0.500,saltconc_weightedperm_weightedvisc,"salt_conc_x_weighted_permittivity, salt_conc_x_weighted_viscosity",,1,clustered,103,5,5,0.7972778726861223,False,,46.05,1.245
104,153,10.1016/j.jpowsour.2011.07.071,PF6,EC:0.500+DMC:0.500,saltconc_weightedperm_weightedvisc,"salt_conc_x_weighted_permittivity, salt_conc_x_weighted_viscosity",,1,clustered,104,5,5,0.7972778726861223,False,,46.05,1.245
105,154,10.1016/j.jpowsour.2011.07.071,PF6,EC:0.500+DMC:0.500,saltconc_weightedperm_weightedvisc,"salt_conc_x_weighted_permittivity, salt_conc_x_weighted_viscosity",,1,clustered,105,5,5,0.7972778726861223,False,,46.05,1.245
106,155,10.1016/j.jpowsour.2011.07.071,PF6,EC:0.500+DMC:0.500,saltconc_weightedperm_weightedvisc,"salt_conc_x_weighted_permittivity, salt_conc_x_weighted_viscosity",,1,clustered,106,5,5,0.7972778726861223,False,,46.05,1.245
107,156,10.1016/j.jpowsour.2011.07.071,PF6,EC:0.500+DMC:0.500,saltconc_weightedperm_weightedvisc,"salt_conc_x_weighted_permittivity, salt_conc_x_weighted_viscosity",,1,clustered,107,5,5,0.7972778726861223,False,,46.05,1.245
108,157,10.1016/j.jpowsour.2011.07.071,PF6,EC:0.500+DMC:0.500,saltconc_weightedperm_weightedvisc,"salt_conc_x_weighted_permittivity, salt_conc_x_weighted_viscosity",,1,clustered,108,5,5,0.7972778726861223,False,,46.05,1.245
109,158,10.1016/j.jpowsour.2011.07.071,PF6,EC:0.500+DMC:0.500,saltconc_weightedperm_weightedvisc,"salt_conc_x_weighted_permittivity, salt_conc_x_weighted_viscosity",,1,clustered,109,5,5,0.7972778726861223,False,,46.05,1.245
110,159,10.1016/j.jpowsour.2011.07.071,PF6,EC:0.500+DMC:0.500,saltconc_weightedperm_weightedvisc,"salt_conc_x_weighted_permittivity, salt_conc_x_weighted_viscosity",,1,clustered,110,5,5,0.7972778726861223,False,,46.05,1.245
111,160,10.1016/j.jpowsour.2011.07.071,PF6,EC:0.500+DMC:0.500,saltconc_weightedperm_weightedvisc,"salt_conc_x_weighted_permittivity, salt_conc_x_weighted_viscosity",,1,clustered,111,5,5,0.7972778726861223,False,,46.05,1.245
112,161,10.1016/j.jpowsour.2011.07.071,PF6,EC:0.500+DMC:0.500,saltconc_weightedperm_weightedvisc,"salt_conc_x_weighted_permittivity, salt_conc_x_weighted_viscosity",,1,clustered,112,5,5,0.7972778726861223,False,,46.05,1.245
113,162,10.1016/j.jpowsour.2011.07.071,PF6,EC:0.500+DMC:0.500,saltconc_weightedperm_weightedvisc,"salt_conc_x_weighted_permittivity, salt_conc_x_weighted_viscosity",,1,clustered,113,5,5,0.7972778726861223,False,,46.05,1.245
114,163,10.1016/j.jpowsour.2011.07.071,PF6,EC:0.500+DMC:0.500,saltconc_weightedperm_weightedvisc,"salt_conc_x_weighted_permittivity, salt_conc_x_weighted_viscosity",,1,clustered,114,5,5,0.7972778726861223,False,,46.05,1.245
115,164,10.1016/j.jpowsour.2011.07.071,PF6,EC:0.500+DMC:0.500,saltconc_weightedperm_weightedvisc,"salt_conc_x_weighted_permittivity, salt_conc_x_weighted_viscosity",,1,clustered,115,5,5,0.7972778726861223,False,,46.05,1.245
116,165,10.1016/j.jpowsour.2011.07.071,PF6,EC:0.500+DMC:0.500,saltconc_weightedperm_weightedvisc,"salt_conc_x_weighted_permittivity, salt_conc_x_weighted_viscosity",,1,clustered,116,5,5,0.7972778726861223,False,,46.05,1.245
117,166,10.1016/j.jpowsour.2011.07.071,PF6,EC:0.500+DMC:0.500,saltconc_weightedperm_weightedvisc,"salt_conc_x_weighted_permittivity, salt_conc_x_weighted_viscosity",,1,clustered,117,5,5,0.7972778726861223,False,,46.05,1.245
118,167,10.1016/j.jpowsour.2011.07.071,PF6,EC:0.500+DMC:0.500,saltconc_weightedperm_weightedvisc,"salt_conc_x_weighted_permittivity, salt_conc_x_weighted_viscosity",,1,clustered,118,5,5,0.7972778726861223,False,,46.05,1.245
119,168,10.1016/j.jpowsour.2011.07.071,PF6,EC:0.500+DMC:0.500,saltconc_weightedperm_weightedvisc,"salt_conc_x_weighted_permittivity, salt_conc_x_weighted_viscosity",,1,clustered,119,5,5,0.7972778726861223,False,,46.05,1.245
120,169,10.1016/j.jpowsour.2011.07.071,PF6,EC:0.500+DMC:0.500,saltconc_weightedperm_weightedvisc,"salt_conc_x_weighted_permittivity, salt_conc_x_weighted_viscosity",,1,clustered,120,5,5,0.7972778726861223,False,,46.05,1.245
121,170,10.1016/j.jpowsour.2011.07.071,PF6,EC:0.500+DMC:0.500,saltconc_weightedperm_weightedvisc,"salt_conc_x_weighted_permittivity, salt_conc_x_weighted_viscosity",,1,clustered,121,5,5,0.7972778726861223,False,,46.05,1.245
122,171,10.1016/j.jpowsour.2011.07.071,PF6,EC:0.500+DMC:0.500,saltconc_weightedperm_weightedvisc,"salt_conc_x_weighted_permittivity, salt_conc_x_weighted_viscosity",,1,clustered,122,5,5,0.7972778726861223,False,,46.05,1.245
123,172,10.1016/j.jpowsour.2011.07.071,PF6,EC:0.500+DMC:0.500,saltconc_weightedperm_weightedvisc,"salt_conc_x_weighted_permittivity, salt_conc_x_weighted_viscosity",,1,clustered,123,5,5,0.7972778726861223,False,,46.05,1.245
124,173,10.1016/j.jpowsour.2011.07.071,PF6,EC:0.500+DMC:0.500,saltconc_weightedperm_weightedvisc,"salt_conc_x_weighted_permittivity, salt_conc_x_weighted_viscosity",,1,clustered,124,5,5,0.7972778726861223,False,,46.05,1.245
125,174,10.1016/j.jpowsour.2011.07.071,PF6,EC:0.500+DMC:0.500,saltconc_weightedperm_weightedvisc,"salt_conc_x_weighted_permittivity, salt_conc_x_weighted_viscosity",,1,clustered,125,5,5,0.7972778726861223,False,,46.05,1.245
126,175,10.1016/j.jpowsour.2011.07.071,PF6,EC:0.500+DMC:0.500,saltconc_weightedperm_weightedvisc,"salt_conc_x_weighted_permittivity, salt_conc_x_weighted_viscosity",,1,clustered,126,5,5,0.7972778726861223,False,,46.05,1.245
127,176,10.1016/j.jpowsour.2011.07.071,PF6,EC:0.500+DMC:0.500,saltconc_weightedperm_weightedvisc,"salt_conc_x_weighted_permittivity, salt_conc_x_weighted_viscosity",,1,clustered,127,5,5,0.7972778726861223,False,,46.05,1.245
128,177,10.1016/j.jpowsour.2011.07.071,PF6,EC:0.500+DMC:0.500,saltconc_weightedperm_weightedvisc,"salt_conc_x_weighted_permittivity, salt_conc_x_weighted_viscosity",,1,clustered,128,5,5,0.7972778726861223,False,,46.05,1.245
129,178,10.1016/j.jpowsour.2011.07.071,PF6,EC:0.500+DMC:0.500,saltconc_weightedperm_weightedvisc,"salt_conc_x_weighted_permittivity, salt_conc_x_weighted_viscosity",,1,clustered,129,5,5,0.7972778726861223,False,,46.05,1.245
130,179,10.1016/j.jpowsour.2011.07.071,PF6,EC:0.500+DMC:0.500,saltconc_weightedperm_weightedvisc,"salt_conc_x_weighted_permittivity, salt_conc_x_weighted_viscosity",,1,clustered,130,5,5,0.7972778726861223,False,,46.05,1.245
131,180,10.1016/j.jpowsour.2011.07.071,PF6,EC:0.500+DMC:0.500,saltconc_weightedperm_weightedvisc,"salt_conc_x_weighted_permittivity, salt_conc_x_weighted_viscosity",,1,clustered,131,5,5,0.7972778726861223,False,,46.05,1.245
132,181,10.1016/j.jpowsour.2011.07.071,PF6,EC:0.500+DMC:0.500,saltconc_weightedperm_weightedvisc,"salt_conc_x_weighted_permittivity, salt_conc_x_weighted_viscosity",,1,clustered,132,5,5,0.7972778726861223,False,,46.05,1.245
133,182,10.1016/j.jpowsour.2011.07.071,PF6,EC:0.500+DMC:0.500,saltconc_weightedperm_weightedvisc,"salt_conc_x_weighted_permittivity, salt_conc_x_weighted_viscosity",,1,clustered,133,5,5,0.7972778726861223,False,,46.05,1.245
134,183,10.1016/j.jpowsour.2011.07.071,PF6,EC:0.500+DMC:0.500,saltconc_weightedperm_weightedvisc,"salt_conc_x_weighted_permittivity, salt_conc_x_weighted_viscosity",,1,clustered,134,5,5,0.7972778726861223,False,,46.05,1.245
135,184,10.1016/j.jpowsour.2011.07.071,PF6,EC:0.500+DMC:0.500,saltconc_weightedperm_weightedvisc,"salt_conc_x_weighted_permittivity, salt_conc_x_weighted_viscosity",,1,clustered,135,5,5,0.7972778726861223,False,,46.05,1.245
136,185,10.1016/j.jpowsour.2011.07.071,PF6,EC:0.500+DMC:0.500,saltconc_weightedperm_weightedvisc,"salt_conc_x_weighted_permittivity, salt_conc_x_weighted_viscosity",,1,clustered,136,5,5,0.7972778726861223,False,,46.05,1.245
137,186,10.1016/j.jpowsour.2011.07.071,PF6,EC:0.500+DMC:0.500,saltconc_weightedperm_weightedvisc,"salt_conc_x_weighted_permittivity, salt_conc_x_weighted_viscosity",,1,clustered,137,5,5,0.7972778726861223,False,,46.05,1.245
138,187,10.1016/j.jpowsour.2011.07.071,PF6,EC:0.500+DMC:0.500,saltconc_weightedperm_weightedvisc,"salt_conc_x_weighted_permittivity, salt_conc_x_weighted_viscosity",,1,clustered,138,5,5,0.7972778726861223,False,,46.05,1.245
139,188,10.1016/j.jpowsour.2011.07.071,PF6,EC:0.500+DMC:0.500,saltconc_weightedperm_weightedvisc,"salt_conc_x_weighted_permittivity, salt_conc_x_weighted_viscosity",,1,clustered,139,5,5,0.7972778726861223,False,,46.05,1.245
140,189,10.1016/j.jpowsour.2011.07.071,PF6,EC:0.500+DMC:0.500,saltconc_weightedperm_weightedvisc,"salt_conc_x_weighted_permittivity, salt_conc_x_weighted_viscosity",,1,clustered,140,5,5,0.7972778726861223,False,,46.05,1.245
141,190,10.1016/j.jpowsour.2011.07.071,PF6,EC:0.500+DMC:0.500,saltconc_weightedperm_weightedvisc,"salt_conc_x_weighted_permittivity, salt_conc_x_weighted_viscosity",,1,clustered,141,5,5,0.7972778726861223,False,,46.05,1.245
142,191,10.1016/j.jpowsour.2011.07.071,PF6,EC:0.500+DMC:0.500,saltconc_weightedperm_weightedvisc,"salt_conc_x_weighted_permittivity, salt_conc_x_weighted_viscosity",,1,clustered,142,5,5,0.7972778726861223,False,,46.05,1.245
143,192,10.1016/j.jpowsour.2011.07.071,PF6,EC:0.500+DMC:0.500,saltconc_weightedperm_weightedvisc,"salt_conc_x_weighted_permittivity, salt_conc_x_weighted_viscosity",,1,clustered,143,5,5,0.7972778726861223,False,,46.05,1.245
144,193,10.1016/j.jpowsour.2011.07.071,TFSI,EC:0.500+DMC:0.500,saltconc_weightedperm_weightedvisc,"salt_conc_x_weighted_permittivity, salt_conc_x_weighted_viscosity",,1,clustered,144,5,5,0.7972778726861223,False,,46.05,1.245
145,194,10.1016/j.jpowsour.2011.07.071,TFSI,EC:0.500+DMC:0.500,saltconc_weightedperm_weightedvisc,"salt_conc_x_weighted_permittivity, salt_conc_x_weighted_viscosity",,1,clustered,145,5,5,0.7972778726861223,False,,46.05,1.245
146,195,10.1016/j.jpowsour.2011.07.071,TFSI,EC:0.500+DMC:0.500,saltconc_weightedperm_weightedvisc,"salt_conc_x_weighted_permittivity, salt_conc_x_weighted_viscosity",,1,clustered,146,5,5,0.7972778726861223,False,,46.05,1.245
147,196,10.1016/j.jpowsour.2011.07.071,TFSI,EC:0.500+DMC:0.500,saltconc_weightedperm_weightedvisc,"salt_conc_x_weighted_permittivity, salt_conc_x_weighted_viscosity",,1,clustered,147,5,5,0.7972778726861223,False,,46.05,1.245
148,197,10.1016/j.jpowsour.2011.07.071,TFSI,EC:0.500+DMC:0.500,saltconc_weightedperm_weightedvisc,"salt_conc_x_weighted_permittivity, salt_conc_x_weighted_viscosity",,1,clustered,148,5,5,0.7972778726861223,False,,46.05,1.245
149,198,10.1016/j.jpowsour.2011.07.071,TFSI,EC:0.500+DMC:0.500,saltconc_weightedperm_weightedvisc,"salt_conc_x_weighted_permittivity, salt_conc_x_weighted_viscosity",,1,clustered,149,5,5,0.7972778726861223,False,,46.05,1.245
150,199,10.1016/j.jpowsour.2011.07.071,TFSI,EC:0.500+DMC:0.500,saltconc_weightedperm_weightedvisc,"salt_conc_x_weighted_permittivity, salt_conc_x_weighted_viscosity",,1,clustered,150,5,5,0.7972778726861223,False,,46.05,1.245
151,200,10.1016/j.jpowsour.2011.07.071,TFSI,EC:0.500+DMC:0.500,saltconc_weightedperm_weightedvisc,"salt_conc_x_weighted_permittivity, salt_conc_x_weighted_viscosity",,1,clustered,151,5,5,0.7972778726861223,False,,46.05,1.245
152,201,10.1016/j.jpowsour.2011.07.071,TFSI,EC:0.500+DMC:0.500,saltconc_weightedperm_weightedvisc,"salt_conc_x_weighted_permittivity, salt_conc_x_weighted_viscosity",,1,clustered,152,5,5,0.7972778726861223,False,,46.05,1.245
153,202,10.1016/j.jpowsour.2011.07.071,TFSI,EC:0.500+DMC:0.500,saltconc_weightedperm_weightedvisc,"salt_conc_x_weighted_permittivity, salt_conc_x_weighted_viscosity",,1,clustered,153,5,5,0.7972778726861223,False,,46.05,1.245
154,203,10.1016/j.jpowsour.2011.07.071,TFSI,EC:0.500+DMC:0.500,saltconc_weightedperm_weightedvisc,"salt_conc_x_weighted_permittivity, salt_conc_x_weighted_viscosity",,1,clustered,154,5,5,0.7972778726861223,False,,46.05,1.245
155,204,10.1016/j.jpowsour.2011.07.071,TFSI,EC:0.500+DMC:0.500,saltconc_weightedperm_weightedvisc,"salt_conc_x_weighted_permittivity, salt_conc_x_weighted_viscosity",,1,clustered,155,5,5,0.7972778726861223,False,,46.05,1.245
156,205,10.1016/j.jpowsour.2011.07.071,TFSI,EC:0.500+DMC:0.500,saltconc_weightedperm_weightedvisc,"salt_conc_x_weighted_permittivity, salt_conc_x_weighted_viscosity",,1,clustered,156,5,5,0.7972778726861223,False,,46.05,1.245
157,206,10.1016/j.jpowsour.2011.07.071,TFSI,EC:0.500+DMC:0.500,saltconc_weightedperm_weightedvisc,"salt_conc_x_weighted_permittivity, salt_conc_x_weighted_viscosity",,1,clustered,157,5,5,0.7972778726861223,False,,46.05,1.245
158,207,10.1016/j.jpowsour.2011.07.071,TFSI,EC:0.500+DMC:0.500,saltconc_weightedperm_weightedvisc,"salt_conc_x_weighted_permittivity, salt_conc_x_weighted_viscosity",,1,clustered,158,5,5,0.7972778726861223,False,,46.05,1.245
159,208,10.1016/j.jpowsour.2011.07.071,TFSI,EC:0.500+DMC:0.500,saltconc_weightedperm_weightedvisc,"salt_conc_x_weighted_permittivity, salt_conc_x_weighted_viscosity",,1,clustered,159,5,5,0.7972778726861223,False,,46.05,1.245
160,209,10.1016/j.jpowsour.2011.07.071,TFSI,EC:0.500+DMC:0.500,saltconc_weightedperm_weightedvisc,"salt_conc_x_weighted_permittivity, salt_conc_x_weighted_viscosity",,1,clustered,160,5,5,0.7972778726861223,False,,46.05,1.245
161,210,10.1016/j.jpowsour.2011.07.071,TFSI,EC:0.500+DMC:0.500,saltconc_weightedperm_weightedvisc,"salt_conc_x_weighted_permittivity, salt_conc_x_weighted_viscosity",,1,clustered,161,5,5,0.7972778726861223,False,,46.05,1.245
162,211,10.1016/j.jpowsour.2011.07.071,TFSI,EC:0.500+DMC:0.500,saltconc_weightedperm_weightedvisc,"salt_conc_x_weighted_permittivity, salt_conc_x_weighted_viscosity",,1,clustered,162,5,5,0.7972778726861223,False,,46.05,1.245
163,212,10.1016/j.jpowsour.2011.07.071,TFSI,EC:0.500+DMC:0.500,saltconc_weightedperm_weightedvisc,"salt_conc_x_weighted_permittivity, salt_conc_x_weighted_viscosity",,1,clustered,163,5,5,0.7972778726861223,False,,46.05,1.245
164,213,10.1016/j.jpowsour.2011.07.071,TFSI,EC:0.500+DMC:0.500,saltconc_weightedperm_weightedvisc,"salt_conc_x_weighted_permittivity, salt_conc_x_weighted_viscosity",,1,clustered,164,5,5,0.7972778726861223,False,,46.05,1.245
165,214,10.1016/j.jpowsour.2011.07.071,TFSI,EC:0.500+DMC:0.500,saltconc_weightedperm_weightedvisc,"salt_conc_x_weighted_permittivity, salt_conc_x_weighted_viscosity",,1,clustered,165,5,5,0.7972778726861223,False,,46.05,1.245
166,215,10.1016/j.jpowsour.2011.07.071,TFSI,EC:0.500+DMC:0.500,saltconc_weightedperm_weightedvisc,"salt_conc_x_weighted_permittivity, salt_conc_x_weighted_viscosity",,1,clustered,166,5,5,0.7972778726861223,False,,46.05,1.245
167,216,10.1016/j.jpowsour.2011.07.071,TFSI,EC:0.500+DMC:0.500,saltconc_weightedperm_weightedvisc,"salt_conc_x_weighted_permittivity, salt_conc_x_weighted_viscosity",,1,clustered,167,5,5,0.7972778726861223,False,,46.05,1.245
168,217,10.1016/j.jpowsour.2011.07.071,TFSI,EC:0.500+DMC:0.500,saltconc_weightedperm_weightedvisc,"salt_conc_x_weighted_permittivity, salt_conc_x_weighted_viscosity",,1,clustered,168,5,5,0.7972778726861223,False,,46.05,1.245
169,218,10.1016/j.jpowsour.2011.07.071,TFSI,EC:0.500+DMC:0.500,saltconc_weightedperm_weightedvisc,"salt_conc_x_weighted_permittivity, salt_conc_x_weighted_viscosity",,1,clustered,169,5,5,0.7972778726861223,False,,46.05,1.245
170,219,10.1016/j.jpowsour.2011.07.071,TFSI,EC:0.500+DMC:0.500,saltconc_weightedperm_weightedvisc,"salt_conc_x_weighted_permittivity, salt_conc_x_weighted_viscosity",,1,clustered,170,5,5,0.7972778726861223,False,,46.05,1.245
171,220,10.1016/j.jpowsour.2011.07.071,TFSI,EC:0.500+DMC:0.500,saltconc_weightedperm_weightedvisc,"salt_conc_x_weighted_permittivity, salt_conc_x_weighted_viscosity",,1,clustered,171,5,5,0.7972778726861223,False,,46.05,1.245
172,221,10.1016/j.jpowsour.2011.07.071,TFSI,EC:0.500+DMC:0.500,saltconc_weightedperm_weightedvisc,"salt_conc_x_weighted_permittivity, salt_conc_x_weighted_viscosity",,1,clustered,172,5,5,0.7972778726861223,False,,46.05,1.245
173,222,10.1016/j.jpowsour.2011.07.071,TFSI,EC:0.500+DMC:0.500,saltconc_weightedperm_weightedvisc,"salt_conc_x_weighted_permittivity, salt_conc_x_weighted_viscosity",,1,clustered,173,5,5,0.7972778726861223,False,,46.05,1.245
174,223,10.1016/j.jpowsour.2011.07.071,TFSI,EC:0.500+DMC:0.500,saltconc_weightedperm_weightedvisc,"salt_conc_x_weighted_permittivity, salt_conc_x_weighted_viscosity",,1,clustered,174,5,5,0.7972778726861223,False,,46.05,1.245
175,224,10.1016/j.jpowsour.2011.07.071,TFSI,EC:0.500+DMC:0.500,saltconc_weightedperm_weightedvisc,"salt_conc_x_weighted_permittivity, salt_conc_x_weighted_viscosity",,1,clustered,175,5,5,0.7972778726861223,False,,46.05,1.245
176,225,10.1016/j.jpowsour.2011.07.071,TFSI,EC:0.500+DMC:0.500,saltconc_weightedperm_weightedvisc,"salt_conc_x_weighted_permittivity, salt_conc_x_weighted_viscosity",,1,clustered,176,5,5,0.7972778726861223,False,,46.05,1.245
177,226,10.1016/j.jpowsour.2011.07.071,TFSI,EC:0.500+DMC:0.500,saltconc_weightedperm_weightedvisc,"salt_conc_x_weighted_permittivity, salt_conc_x_weighted_viscosity",,1,clustered,177,5,5,0.7972778726861223,False,,46.05,1.245
178,227,10.1016/j.jpowsour.2011.07.071,TFSI,EC:0.500+DMC:0.500,saltconc_weightedperm_weightedvisc,"salt_conc_x_weighted_permittivity, salt_conc_x_weighted_viscosity",,1,clustered,178,5,5,0.7972778726861223,False,,46.05,1.245
179,228,10.1016/j.jpowsour.2011.07.071,TFSI,EC:0.500+DMC:0.500,saltconc_weightedperm_weightedvisc,"salt_conc_x_weighted_permittivity, salt_conc_x_weighted_viscosity",,1,clustered,179,5,5,0.7972778726861223,False,,46.05,1.245
180,229,10.1016/j.jpowsour.2011.07.071,TFSI,EC:0.500+DMC:0.500,saltconc_weightedperm_weightedvisc,"salt_conc_x_weighted_permittivity, salt_conc_x_weighted_viscosity",,1,clustered,180,5,5,0.7972778726861223,False,,46.05,1.245
181,230,10.1016/j.jpowsour.2011.07.071,TFSI,EC:0.500+DMC:0.500,saltconc_weightedperm_weightedvisc,"salt_conc_x_weighted_permittivity, salt_conc_x_weighted_viscosity",,1,clustered,181,5,5,0.7972778726861223,False,,46.05,1.245
182,231,10.1016/j.jpowsour.2011.07.071,TFSI,EC:0.500+DMC:0.500,saltconc_weightedperm_weightedvisc,"salt_conc_x_weighted_permittivity, salt_conc_x_weighted_viscosity",,1,clustered,182,5,5,0.7972778726861223,False,,46.05,1.245
183,232,10.1016/j.jpowsour.2011.07.071,TFSI,EC:0.500+DMC:0.500,saltconc_weightedperm_weightedvisc,"salt_conc_x_weighted_permittivity, salt_conc_x_weighted_viscosity",,1,clustered,183,5,5,0.7972778726861223,False,,46.05,1.245
184,233,10.1016/j.jpowsour.2011.07.071,TFSI,EC:0.500+DMC:0.500,saltconc_weightedperm_weightedvisc,"salt_conc_x_weighted_permittivity, salt_conc_x_weighted_viscosity",,1,clustered,184,5,5,0.7972778726861223,False,,46.05,1.245
185,234,10.1016/j.jpowsour.2011.07.071,TFSI,EC:0.500+DMC:0.500,saltconc_weightedperm_weightedvisc,"salt_conc_x_weighted_permittivity, salt_conc_x_weighted_viscosity",,1,clustered,185,5,5,0.7972778726861223,False,,46.05,1.245
186,235,10.1016/j.jpowsour.2011.07.071,TFSI,EC:0.500+DMC:0.500,saltconc_weightedperm_weightedvisc,"salt_conc_x_weighted_permittivity, salt_conc_x_weighted_viscosity",,1,clustered,186,5,5,0.7972778726861223,False,,46.05,1.245
187,236,10.1016/j.jpowsour.2011.07.071,TFSI,EC:0.500+DMC:0.500,saltconc_weightedperm_weightedvisc,"salt_conc_x_weighted_permittivity, salt_conc_x_weighted_viscosity",,1,clustered,187,5,5,0.7972778726861223,False,,46.05,1.245
188,237,10.1016/j.jpowsour.2011.07.071,TFSI,EC:0.500+DMC:0.500,saltconc_weightedperm_weightedvisc,"salt_conc_x_weighted_permittivity, salt_conc_x_weighted_viscosity",,1,clustered,188,5,5,0.7972778726861223,False,,46.05,1.245
189,238,10.1016/j.jpowsour.2011.07.071,TFSI,EC:0.500+DMC:0.500,saltconc_weightedperm_weightedvisc,"salt_conc_x_weighted_permittivity, salt_conc_x_weighted_viscosity",,1,clustered,189,5,5,0.7972778726861223,False,,46.05,1.245
190,239,10.1016/j.jpowsour.2011.07.071,TFSI,EC:0.500+DMC:0.500,saltconc_weightedperm_weightedvisc,"salt_conc_x_weighted_permittivity, salt_conc_x_weighted_viscosity",,1,clustered,190,5,5,0.7972778726861223,False,,46.05,1.245
191,240,10.1016/j.jpowsour.2011.07.071,TFSI,EC:0.500+DMC:0.500,saltconc_weightedperm_weightedvisc,"salt_conc_x_weighted_permittivity, salt_conc_x_weighted_viscosity",,1,clustered,191,5,5,0.7972778726861223,False,,46.05,1.245
192,241,10.1016/j.jpowsour.2011.07.071,TFSI,EC:0.500+DMC:0.500,saltconc_weightedperm_weightedvisc,"salt_conc_x_weighted_permittivity, salt_conc_x_weighted_viscosity",,1,clustered,192,5,5,0.7972778726861223,False,,46.05,1.245
193,242,10.1016/j.jpowsour.2011.07.071,TFSI,EC:0.500+DMC:0.500,saltconc_weightedperm_weightedvisc,"salt_conc_x_weighted_permittivity, salt_conc_x_weighted_viscosity",,1,clustered,193,5,5,0.7972778726861223,False,,46.05,1.245
194,243,10.1016/j.jpowsour.2011.07.071,TFSI,EC:0.500+DMC:0.500,saltconc_weightedperm_weightedvisc,"salt_conc_x_weighted_permittivity, salt_conc_x_weighted_viscosity",,1,clustered,194,5,5,0.7972778726861223,False,,46.05,1.245
195,244,10.1016/j.jpowsour.2011.07.071,TFSI,EC:0.500+DMC:0.500,saltconc_weightedperm_weightedvisc,"salt_conc_x_weighted_permittivity, salt_conc_x_weighted_viscosity",,1,clustered,195,5,5,0.7972778726861223,False,,46.05,1.245
196,245,10.1016/j.jpowsour.2011.07.071,TFSI,EC:0.500+DMC:0.500,saltconc_weightedperm_weightedvisc,"salt_conc_x_weighted_permittivity, salt_conc_x_weighted_viscosity",,1,clustered,196,5,5,0.7972778726861223,False,,46.05,1.245
197,246,10.1016/j.jpowsour.2011.07.071,TFSI,EC:0.500+DMC:0.500,saltconc_weightedperm_weightedvisc,"salt_conc_x_weighted_permittivity, salt_conc_x_weighted_viscosity",,1,clustered,197,5,5,0.7972778726861223,False,,46.05,1.245
198,247,10.1016/j.jpowsour.2011.07.071,TFSI,EC:0.500+DMC:0.500,saltconc_weightedperm_weightedvisc,"salt_conc_x_weighted_permittivity, salt_conc_x_weighted_viscosity",,1,clustered,198,5,5,0.7972778726861223,False,,46.05,1.245
199,248,10.1016/j.jpowsour.2011.07.071,TFSI,EC:0.500+DMC:0.500,saltconc_weightedperm_weightedvisc,"salt_conc_x_weighted_permittivity, salt_conc_x_weighted_viscosity",,1,clustered,199,5,5,0.7972778726861223,False,,46.05,1.245
200,249,10.1016/j.jpowsour.2011.07.071,TFSI,EC:0.500+DMC:0.500,saltconc_weightedperm_weightedvisc,"salt_conc_x_weighted_permittivity, salt_conc_x_weighted_viscosity",,1,clustered,200,5,5,0.7972778726861223,False,,46.05,1.245
201,3593,10.1149/1.1344281,TFSI,PC:1.000,saltconc_weightedperm_weightedvisc,"salt_conc_x_weighted_permittivity, salt_conc_x_weighted_viscosity",,2,clustered,201,5,5,0.7972778726861223,False,,64.9,2.53
202,3594,10.1149/1.1344281,TFSI,PC:1.000,saltconc_weightedperm_weightedvisc,"salt_conc_x_weighted_permittivity, salt_conc_x_weighted_viscosity",,2,clustered,202,5,5,0.7972778726861223,False,,64.9,2.53
203,3595,10.1149/1.1344281,TFSI,PC:1.000,saltconc_weightedperm_weightedvisc,"salt_conc_x_weighted_permittivity, salt_conc_x_weighted_viscosity",,2,clustered,203,5,5,0.7972778726861223,False,,64.9,2.53
204,3596,10.1149/1.1344281,TFSI,PC:1.000,saltconc_weightedperm_weightedvisc,"salt_conc_x_weighted_permittivity, salt_conc_x_weighted_viscosity",,2,clustered,204,5,5,0.7972778726861223,False,,64.9,2.53
205,3597,10.1149/1.1344281,TFSI,PC:1.000,saltconc_weightedperm_weightedvisc,"salt_conc_x_weighted_permittivity, salt_conc_x_weighted_viscosity",,2,clustered,205,5,5,0.7972778726861223,False,,64.9,2.53
206,3598,10.1149/1.1344281,TFSI,PC:1.000,saltconc_weightedperm_weightedvisc,"salt_conc_x_weighted_permittivity, salt_conc_x_weighted_viscosity",,2,clustered,206,5,5,0.7972778726861223,False,,64.9,2.53
207,3599,10.1149/1.1344281,TFSI,PC:1.000,saltconc_weightedperm_weightedvisc,"salt_conc_x_weighted_permittivity, salt_conc_x_weighted_viscosity",,2,clustered,207,5,5,0.7972778726861223,False,,64.9,2.53
208,3600,10.1149/1.1344281,TFSI,PC:1.000,saltconc_weightedperm_weightedvisc,"salt_conc_x_weighted_permittivity, salt_conc_x_weighted_viscosity",,2,clustered,208,5,5,0.7972778726861223,False,,64.9,2.53
209,3601,10.1149/1.1344281,TFSI,PC:1.000,saltconc_weightedperm_weightedvisc,"salt_conc_x_weighted_permittivity, salt_conc_x_weighted_viscosity",,2,clustered,209,5,5,0.7972778726861223,False,,64.9,2.53
210,3602,10.1149/1.1344281,TFSI,PC:1.000,saltconc_weightedperm_weightedvisc,"salt_conc_x_weighted_permittivity, salt_conc_x_weighted_viscosity",,2,clustered,210,5,5,0.7972778726861223,False,,64.9,2.53
211,3603,10.1149/1.1344281,TFSI,PC:1.000,saltconc_weightedperm_weightedvisc,"salt_conc_x_weighted_permittivity, salt_conc_x_weighted_viscosity",,2,clustered,211,5,5,0.7972778726861223,False,,64.9,2.53
212,3604,10.1149/1.1344281,TFSI,PC:1.000,saltconc_weightedperm_weightedvisc,"salt_conc_x_weighted_permittivity, salt_conc_x_weighted_viscosity",,2,clustered,212,5,5,0.7972778726861223,False,,64.9,2.53
213,3605,10.1149/1.1344281,TFSI,PC:1.000,saltconc_weightedperm_weightedvisc,"salt_conc_x_weighted_permittivity, salt_conc_x_weighted_viscosity",,2,clustered,213,5,5,0.7972778726861223,False,,64.9,2.53
214,3606,10.1149/1.1344281,TFSI,PC:1.000,saltconc_weightedperm_weightedvisc,"salt_conc_x_weighted_permittivity, salt_conc_x_weighted_viscosity",,2,clustered,214,5,5,0.7972778726861223,False,,64.9,2.53
215,3607,10.1149/1.1344281,TFSI,PC:1.000,saltconc_weightedperm_weightedvisc,"salt_conc_x_weighted_permittivity, salt_conc_x_weighted_viscosity",,2,clustered,215,5,5,0.7972778726861223,False,,64.9,2.53
216,3608,10.1149/1.1344281,TFSI,PC:1.000,saltconc_weightedperm_weightedvisc,"salt_conc_x_weighted_permittivity, salt_conc_x_weighted_viscosity",,2,clustered,216,5,5,0.7972778726861223,False,,64.9,2.53
217,3609,10.1149/1.1344281,TFSI,PC:1.000,saltconc_weightedperm_weightedvisc,"salt_conc_x_weighted_permittivity, salt_conc_x_weighted_viscosity",,2,clustered,217,5,5,0.7972778726861223,False,,64.9,2.53
218,3610,10.1149/1.1344281,TFSI,PC:1.000,saltconc_weightedperm_weightedvisc,"salt_conc_x_weighted_permittivity, salt_conc_x_weighted_viscosity",,2,clustered,218,5,5,0.7972778726861223,False,,64.9,2.53
219,3611,10.1149/1.1344281,TFSI,PC:1.000,saltconc_weightedperm_weightedvisc,"salt_conc_x_weighted_permittivity, salt_conc_x_weighted_viscosity",,2,clustered,219,5,5,0.7972778726861223,False,,64.9,2.53
220,3612,10.1149/1.1344281,TFSI,PC:1.000,saltconc_weightedperm_weightedvisc,"salt_conc_x_weighted_permittivity, salt_conc_x_weighted_viscosity",,2,clustered,220,5,5,0.7972778726861223,False,,64.9,2.53
221,3613,10.1149/1.1344281,TFSI,PC:1.000,saltconc_weightedperm_weightedvisc,"salt_conc_x_weighted_permittivity, salt_conc_x_weighted_viscosity",,2,clustered,221,5,5,0.7972778726861223,False,,64.9,2.53
222,3614,10.1149/1.1344281,TFSI,PC:1.000,saltconc_weightedperm_weightedvisc,"salt_conc_x_weighted_permittivity, salt_conc_x_weighted_viscosity",,2,clustered,222,5,5,0.7972778726861223,False,,64.9,2.53
223,3615,10.1149/1.1344281,TFSI,PC:1.000,saltconc_weightedperm_weightedvisc,"salt_conc_x_weighted_permittivity, salt_conc_x_weighted_viscosity",,2,clustered,223,5,5,0.7972778726861223,False,,64.9,2.53
224,3616,10.1149/1.1344281,TFSI,PC:1.000,saltconc_weightedperm_weightedvisc,"salt_conc_x_weighted_permittivity, salt_conc_x_weighted_viscosity",,2,clustered,224,5,5,0.7972778726861223,False,,64.9,2.53
225,3617,10.1149/1.1344281,TFSI,PC:1.000,saltconc_weightedperm_weightedvisc,"salt_conc_x_weighted_permittivity, salt_conc_x_weighted_viscosity",,2,clustered,225,5,5,0.7972778726861223,False,,64.9,2.53
226,3618,10.1149/1.1344281,TFSI,PC:1.000,saltconc_weightedperm_weightedvisc,"salt_conc_x_weighted_permittivity, salt_conc_x_weighted_viscosity",,2,clustered,226,5,5,0.7972778726861223,False,,64.9,2.53
227,3619,10.1149/1.1344281,TFSI,PC:1.000,saltconc_weightedperm_weightedvisc,"salt_conc_x_weighted_permittivity, salt_conc_x_weighted_viscosity",,2,clustered,227,5,5,0.7972778726861223,False,,64.9,2.53
228,3620,10.1149/1.1344281,TFSI,PC:1.000,saltconc_weightedperm_weightedvisc,"salt_conc_x_weighted_permittivity, salt_conc_x_weighted_viscosity",,2,clustered,228,5,5,0.7972778726861223,False,,64.9,2.53
229,3621,10.1149/1.1344281,TFSI,PC:1.000,saltconc_weightedperm_weightedvisc,"salt_conc_x_weighted_permittivity, salt_conc_x_weighted_viscosity",,2,clustered,229,5,5,0.7972778726861223,False,,64.9,2.53
230,3622,10.1149/1.1344281,TFSI,PC:1.000,saltconc_weightedperm_weightedvisc,"salt_conc_x_weighted_permittivity, salt_conc_x_weighted_viscosity",,2,clustered,230,5,5,0.7972778726861223,False,,64.9,2.53
231,3623,10.1149/1.1344281,TFSI,PC:1.000,saltconc_weightedperm_weightedvisc,"salt_conc_x_weighted_permittivity, salt_conc_x_weighted_viscosity",,2,clustered,231,5,5,0.7972778726861223,False,,64.9,2.53
232,3624,10.1149/1.1344281,TFSI,PC:1.000,saltconc_weightedperm_weightedvisc,"salt_conc_x_weighted_permittivity, salt_conc_x_weighted_viscosity",,2,clustered,232,5,5,0.7972778726861223,False,,64.9,2.53
233,3625,10.1149/1.1344281,TFSI,PC:1.000,saltconc_weightedperm_weightedvisc,"salt_conc_x_weighted_permittivity, salt_conc_x_weighted_viscosity",,2,clustered,233,5,5,0.7972778726861223,False,,64.9,2.53
234,3724,10.1149/1.1344281,ClO4,PC:1.000,saltconc_weightedperm_weightedvisc,"salt_conc_x_weighted_permittivity, salt_conc_x_weighted_viscosity",,2,clustered,234,5,5,0.7972778726861223,False,,64.9,2.53
235,3725,10.1149/1.1344281,ClO4,PC:1.000,saltconc_weightedperm_weightedvisc,"salt_conc_x_weighted_permittivity, salt_conc_x_weighted_viscosity",,2,clustered,235,5,5,0.7972778726861223,False,,64.9,2.53
236,3726,10.1149/1.1344281,ClO4,PC:1.000,saltconc_weightedperm_weightedvisc,"salt_conc_x_weighted_permittivity, salt_conc_x_weighted_viscosity",,2,clustered,236,5,5,0.7972778726861223,False,,64.9,2.53
237,3727,10.1149/1.1344281,ClO4,PC:1.000,saltconc_weightedperm_weightedvisc,"salt_conc_x_weighted_permittivity, salt_conc_x_weighted_viscosity",,2,clustered,237,5,5,0.7972778726861223,False,,64.9,2.53
238,3728,10.1149/1.1344281,ClO4,PC:1.000,saltconc_weightedperm_weightedvisc,"salt_conc_x_weighted_permittivity, salt_conc_x_weighted_viscosity",,2,clustered,238,5,5,0.7972778726861223,False,,64.9,2.53
239,3729,10.1149/1.1344281,ClO4,PC:1.000,saltconc_weightedperm_weightedvisc,"salt_conc_x_weighted_permittivity, salt_conc_x_weighted_viscosity",,2,clustered,239,5,5,0.7972778726861223,False,,64.9,2.53
240,3730,10.1149/1.1344281,ClO4,PC:1.000,saltconc_weightedperm_weightedvisc,"salt_conc_x_weighted_permittivity, salt_conc_x_weighted_viscosity",,2,clustered,240,5,5,0.7972778726861223,False,,64.9,2.53
241,3731,10.1149/1.1344281,ClO4,PC:1.000,saltconc_weightedperm_weightedvisc,"salt_conc_x_weighted_permittivity, salt_conc_x_weighted_viscosity",,2,clustered,241,5,5,0.7972778726861223,False,,64.9,2.53
242,3732,10.1149/1.1344281,ClO4,PC:1.000,saltconc_weightedperm_weightedvisc,"salt_conc_x_weighted_permittivity, salt_conc_x_weighted_viscosity",,2,clustered,242,5,5,0.7972778726861223,False,,64.9,2.53
243,3733,10.1149/1.1344281,ClO4,PC:1.000,saltconc_weightedperm_weightedvisc,"salt_conc_x_weighted_permittivity, salt_conc_x_weighted_viscosity",,2,clustered,243,5,5,0.7972778726861223,False,,64.9,2.53
244,3734,10.1149/1.1344281,ClO4,PC:1.000,saltconc_weightedperm_weightedvisc,"salt_conc_x_weighted_permittivity, salt_conc_x_weighted_viscosity",,2,clustered,244,5,5,0.7972778726861223,False,,64.9,2.53
245,3735,10.1149/1.1344281,ClO4,PC:1.000,saltconc_weightedperm_weightedvisc,"salt_conc_x_weighted_permittivity, salt_conc_x_weighted_viscosity",,2,clustered,245,5,5,0.7972778726861223,False,,64.9,2.53
246,3736,10.1149/1.1344281,ClO4,PC:1.000,saltconc_weightedperm_weightedvisc,"salt_conc_x_weighted_permittivity, salt_conc_x_weighted_viscosity",,2,clustered,246,5,5,0.7972778726861223,False,,64.9,2.53
247,3737,10.1149/1.1344281,ClO4,PC:1.000,saltconc_weightedperm_weightedvisc,"salt_conc_x_weighted_permittivity, salt_conc_x_weighted_viscosity",,2,clustered,247,5,5,0.7972778726861223,False,,64.9,2.53
248,3738,10.1149/1.1344281,ClO4,PC:1.000,saltconc_weightedperm_weightedvisc,"salt_conc_x_weighted_permittivity, salt_conc_x_weighted_viscosity",,2,clustered,248,5,5,0.7972778726861223,False,,64.9,2.53
249,3739,10.1149/1.1344281,ClO4,PC:1.000,saltconc_weightedperm_weightedvisc,"salt_conc_x_weighted_permittivity, salt_conc_x_weighted_viscosity",,2,clustered,249,5,5,0.7972778726861223,False,,64.9,2.53
250,3740,10.1149/1.1344281,ClO4,PC:1.000,saltconc_weightedperm_weightedvisc,"salt_conc_x_weighted_permittivity, salt_conc_x_weighted_viscosity",,2,clustered,250,5,5,0.7972778726861223,False,,64.9,2.53
251,3741,10.1149/1.1344281,ClO4,PC:1.000,saltconc_weightedperm_weightedvisc,"salt_conc_x_weighted_permittivity, salt_conc_x_weighted_viscosity",,2,clustered,251,5,5,0.7972778726861223,False,,64.9,2.53
252,3742,10.1149/1.1344281,ClO4,PC:1.000,saltconc_weightedperm_weightedvisc,"salt_conc_x_weighted_permittivity, salt_conc_x_weighted_viscosity",,2,clustered,252,5,5,0.7972778726861223,False,,64.9,2.53
253,3743,10.1149/1.1344281,ClO4,PC:1.000,saltconc_weightedperm_weightedvisc,"salt_conc_x_weighted_permittivity, salt_conc_x_weighted_viscosity",,2,clustered,253,5,5,0.7972778726861223,False,,64.9,2.53
254,3744,10.1149/1.1344281,ClO4,PC:1.000,saltconc_weightedperm_weightedvisc,"salt_conc_x_weighted_permittivity, salt_conc_x_weighted_viscosity",,2,clustered,254,5,5,0.7972778726861223,False,,64.9,2.53
255,3745,10.1149/1.1344281,ClO4,PC:1.000,saltconc_weightedperm_weightedvisc,"salt_conc_x_weighted_permittivity, salt_conc_x_weighted_viscosity",,2,clustered,255,5,5,0.7972778726861223,False,,64.9,2.53
256,3746,10.1149/1.1344281,ClO4,PC:1.000,saltconc_weightedperm_weightedvisc,"salt_conc_x_weighted_permittivity, salt_conc_x_weighted_viscosity",,2,clustered,256,5,5,0.7972778726861223,False,,64.9,2.53
257,3747,10.1149/1.1344281,ClO4,PC:1.000,saltconc_weightedperm_weightedvisc,"salt_conc_x_weighted_permittivity, salt_conc_x_weighted_viscosity",,2,clustered,257,5,5,0.7972778726861223,False,,64.9,2.53
258,3748,10.1149/1.1344281,ClO4,PC:1.000,saltconc_weightedperm_weightedvisc,"salt_conc_x_weighted_permittivity, salt_conc_x_weighted_viscosity",,2,clustered,258,5,5,0.7972778726861223,False,,64.9,2.53
259,3749,10.1149/1.1344281,ClO4,PC:1.000,saltconc_weightedperm_weightedvisc,"salt_conc_x_weighted_permittivity, salt_conc_x_weighted_viscosity",,2,clustered,259,5,5,0.7972778726861223,False,,64.9,2.53
260,3750,10.1149/1.1344281,ClO4,PC:1.000,saltconc_weightedperm_weightedvisc,"salt_conc_x_weighted_permittivity, salt_conc_x_weighted_viscosity",,2,clustered,260,5,5,0.7972778726861223,False,,64.9,2.53
261,3751,10.1149/1.1344281,ClO4,PC:1.000,saltconc_weightedperm_weightedvisc,"salt_conc_x_weighted_permittivity, salt_conc_x_weighted_viscosity",,2,clustered,261,5,5,0.7972778726861223,False,,64.9,2.53
262,3752,10.1149/1.1344281,ClO4,PC:1.000,saltconc_weightedperm_weightedvisc,"salt_conc_x_weighted_permittivity, salt_conc_x_weighted_viscosity",,2,clustered,262,5,5,0.7972778726861223,False,,64.9,2.53
263,3753,10.1149/1.1344281,ClO4,PC:1.000,saltconc_weightedperm_weightedvisc,"salt_conc_x_weighted_permittivity, salt_conc_x_weighted_viscosity",,2,clustered,263,5,5,0.7972778726861223,False,,64.9,2.53
264,3754,10.1149/1.1344281,ClO4,PC:1.000,saltconc_weightedperm_weightedvisc,"salt_conc_x_weighted_permittivity, salt_conc_x_weighted_viscosity",,2,clustered,264,5,5,0.7972778726861223,False,,64.9,2.53
265,3755,10.1149/1.1344281,ClO4,PC:1.000,saltconc_weightedperm_weightedvisc,"salt_conc_x_weighted_permittivity, salt_conc_x_weighted_viscosity",,2,clustered,265,5,5,0.7972778726861223,False,,64.9,2.53
266,3756,10.1149/1.1344281,ClO4,PC:1.000,saltconc_weightedperm_weightedvisc,"salt_conc_x_weighted_permittivity, salt_conc_x_weighted_viscosity",,2,clustered,266,5,5,0.7972778726861223,False,,64.9,2.53
267,3757,10.1149/1.1344281,ClO4,PC:1.000,saltconc_weightedperm_weightedvisc,"salt_conc_x_weighted_permittivity, salt_conc_x_weighted_viscosity",,2,clustered,267,5,5,0.7972778726861223,False,,64.9,2.53
268,3758,10.1149/1.1344281,ClO4,PC:1.000,saltconc_weightedperm_weightedvisc,"salt_conc_x_weighted_permittivity, salt_conc_x_weighted_viscosity",,2,clustered,268,5,5,0.7972778726861223,False,,64.9,2.53
269,3759,10.1149/1.1344281,ClO4,PC:1.000,saltconc_weightedperm_weightedvisc,"salt_conc_x_weighted_permittivity, salt_conc_x_weighted_viscosity",,2,clustered,269,5,5,0.7972778726861223,False,,64.9,2.53
270,3760,10.1149/1.1344281,ClO4,PC:1.000,saltconc_weightedperm_weightedvisc,"salt_conc_x_weighted_permittivity, salt_conc_x_weighted_viscosity",,2,clustered,270,5,5,0.7972778726861223,False,,64.9,2.53
271,3786,10.1149/1.1344281,ClO4,DME:1.000,saltconc_weightedperm_weightedvisc,"salt_conc_x_weighted_permittivity, salt_conc_x_weighted_viscosity",,3,clustered,271,5,5,0.7972778726861223,False,,3.6,0.195
272,3787,10.1149/1.1344281,ClO4,DME:1.000,saltconc_weightedperm_weightedvisc,"salt_conc_x_weighted_permittivity, salt_conc_x_weighted_viscosity",,3,clustered,272,5,5,0.7972778726861223,False,,3.6,0.195
273,3788,10.1149/1.1344281,ClO4,DME:1.000,saltconc_weightedperm_weightedvisc,"salt_conc_x_weighted_permittivity, salt_conc_x_weighted_viscosity",,3,clustered,273,5,5,0.7972778726861223,False,,3.6,0.195
274,3789,10.1149/1.1344281,ClO4,DME:1.000,saltconc_weightedperm_weightedvisc,"salt_conc_x_weighted_permittivity, salt_conc_x_weighted_viscosity",,3,clustered,274,5,5,0.7972778726861223,False,,3.6,0.195
275,3790,10.1149/1.1344281,ClO4,DME:1.000,saltconc_weightedperm_weightedvisc,"salt_conc_x_weighted_permittivity, salt_conc_x_weighted_viscosity",,3,clustered,275,5,5,0.7972778726861223,False,,3.6,0.195
276,3791,10.1149/1.1344281,ClO4,DME:1.000,saltconc_weightedperm_weightedvisc,"salt_conc_x_weighted_permittivity, salt_conc_x_weighted_viscosity",,3,clustered,276,5,5,0.7972778726861223,False,,3.6,0.195
277,3792,10.1149/1.1344281,ClO4,DME:1.000,saltconc_weightedperm_weightedvisc,"salt_conc_x_weighted_permittivity, salt_conc_x_weighted_viscosity",,3,clustered,277,5,5,0.7972778726861223,False,,3.6,0.195
278,3793,10.1149/1.1344281,ClO4,DME:1.000,saltconc_weightedperm_weightedvisc,"salt_conc_x_weighted_permittivity, salt_conc_x_weighted_viscosity",,3,clustered,278,5,5,0.7972778726861223,False,,3.6,0.195
279,3794,10.1149/1.1344281,ClO4,DME:1.000,saltconc_weightedperm_weightedvisc,"salt_conc_x_weighted_permittivity, salt_conc_x_weighted_viscosity",,3,clustered,279,5,5,0.7972778726861223,False,,3.6,0.195
280,3795,10.1149/1.1344281,ClO4,DME:1.000,saltconc_weightedperm_weightedvisc,"salt_conc_x_weighted_permittivity, salt_conc_x_weighted_viscosity",,3,clustered,280,5,5,0.7972778726861223,False,,3.6,0.195
281,3796,10.1149/1.1344281,ClO4,DME:1.000,saltconc_weightedperm_weightedvisc,"salt_conc_x_weighted_permittivity, salt_conc_x_weighted_viscosity",,3,clustered,281,5,5,0.7972778726861223,False,,3.6,0.195
282,3797,10.1149/1.1344281,ClO4,DME:1.000,saltconc_weightedperm_weightedvisc,"salt_conc_x_weighted_permittivity, salt_conc_x_weighted_viscosity",,3,clustered,282,5,5,0.7972778726861223,False,,3.6,0.195
283,3798,10.1149/1.1344281,ClO4,DME:1.000,saltconc_weightedperm_weightedvisc,"salt_conc_x_weighted_permittivity, salt_conc_x_weighted_viscosity",,3,clustered,283,5,5,0.7972778726861223,False,,3.6,0.195
284,3799,10.1149/1.1344281,ClO4,DME:1.000,saltconc_weightedperm_weightedvisc,"salt_conc_x_weighted_permittivity, salt_conc_x_weighted_viscosity",,3,clustered,284,5,5,0.7972778726861223,False,,3.6,0.195
285,3800,10.1149/1.1344281,ClO4,DME:1.000,saltconc_weightedperm_weightedvisc,"salt_conc_x_weighted_permittivity, salt_conc_x_weighted_viscosity",,3,clustered,285,5,5,0.7972778726861223,False,,3.6,0.195
286,3801,10.1149/1.1344281,ClO4,DME:1.000,saltconc_weightedperm_weightedvisc,"salt_conc_x_weighted_permittivity, salt_conc_x_weighted_viscosity",,3,clustered,286,5,5,0.7972778726861223,False,,3.6,0.195
287,3802,10.1149/1.1344281,ClO4,DME:1.000,saltconc_weightedperm_weightedvisc,"salt_conc_x_weighted_permittivity, salt_conc_x_weighted_viscosity",,3,clustered,287,5,5,0.7972778726861223,False,,3.6,0.195
288,3803,10.1149/1.1344281,ClO4,DME:1.000,saltconc_weightedperm_weightedvisc,"salt_conc_x_weighted_permittivity, salt_conc_x_weighted_viscosity",,3,clustered,288,5,5,0.7972778726861223,False,,3.6,0.195
289,3804,10.1149/1.1344281,ClO4,DME:1.000,saltconc_weightedperm_weightedvisc,"salt_conc_x_weighted_permittivity, salt_conc_x_weighted_viscosity",,3,clustered,289,5,5,0.7972778726861223,False,,3.6,0.195
290,3805,10.1149/1.1344281,ClO4,DME:1.000,saltconc_weightedperm_weightedvisc,"salt_conc_x_weighted_permittivity, salt_conc_x_weighted_viscosity",,3,clustered,290,5,5,0.7972778726861223,False,,3.6,0.195
291,3806,10.1149/1.1344281,ClO4,DME:1.000,saltconc_weightedperm_weightedvisc,"salt_conc_x_weighted_permittivity, salt_conc_x_weighted_viscosity",,3,clustered,291,5,5,0.7972778726861223,False,,3.6,0.195
292,3807,10.1149/1.1344281,ClO4,DME:1.000,saltconc_weightedperm_weightedvisc,"salt_conc_x_weighted_permittivity, salt_conc_x_weighted_viscosity",,3,clustered,292,5,5,0.7972778726861223,False,,3.6,0.195
293,3808,10.1149/1.1344281,ClO4,DME:1.000,saltconc_weightedperm_weightedvisc,"salt_conc_x_weighted_permittivity, salt_conc_x_weighted_viscosity",,3,clustered,293,5,5,0.7972778726861223,False,,3.6,0.195
294,3809,10.1149/1.1344281,ClO4,DME:1.000,saltconc_weightedperm_weightedvisc,"salt_conc_x_weighted_permittivity, salt_conc_x_weighted_viscosity",,3,clustered,294,5,5,0.7972778726861223,False,,3.6,0.195
295,3810,10.1149/1.1344281,ClO4,DME:1.000,saltconc_weightedperm_weightedvisc,"salt_conc_x_weighted_permittivity, salt_conc_x_weighted_viscosity",,3,clustered,295,5,5,0.7972778726861223,False,,3.6,0.195
296,3811,10.1149/1.1344281,ClO4,DME:1.000,saltconc_weightedperm_weightedvisc,"salt_conc_x_weighted_permittivity, salt_conc_x_weighted_viscosity",,3,clustered,296,5,5,0.7972778726861223,False,,3.6,0.195
297,3812,10.1149/1.1344281,ClO4,DME:1.000,saltconc_weightedperm_weightedvisc,"salt_conc_x_weighted_permittivity, salt_conc_x_weighted_viscosity",,3,clustered,297,5,5,0.7972778726861223,False,,3.6,0.195
298,3813,10.1149/1.1344281,TFSI,DME:1.000,saltconc_weightedperm_weightedvisc,"salt_conc_x_weighted_permittivity, salt_conc_x_weighted_viscosity",,3,clustered,298,5,5,0.7972778726861223,False,,3.6,0.195
299,3814,10.1149/1.1344281,TFSI,DME:1.000,saltconc_weightedperm_weightedvisc,"salt_conc_x_weighted_permittivity, salt_conc_x_weighted_viscosity",,3,clustered,299,5,5,0.7972778726861223,False,,3.6,0.195
300,3815,10.1149/1.1344281,TFSI,DME:1.000,saltconc_weightedperm_weightedvisc,"salt_conc_x_weighted_permittivity, salt_conc_x_weighted_viscosity",,3,clustered,300,5,5,0.7972778726861223,False,,3.6,0.195
301,3816,10.1149/1.1344281,TFSI,DME:1.000,saltconc_weightedperm_weightedvisc,"salt_conc_x_weighted_permittivity, salt_conc_x_weighted_viscosity",,3,clustered,301,5,5,0.7972778726861223,False,,3.6,0.195
302,3817,10.1149/1.1344281,TFSI,DME:1.000,saltconc_weightedperm_weightedvisc,"salt_conc_x_weighted_permittivity, salt_conc_x_weighted_viscosity",,3,clustered,302,5,5,0.7972778726861223,False,,3.6,0.195
303,3818,10.1149/1.1344281,TFSI,DME:1.000,saltconc_weightedperm_weightedvisc,"salt_conc_x_weighted_permittivity, salt_conc_x_weighted_viscosity",,3,clustered,303,5,5,0.7972778726861223,False,,3.6,0.195
304,3819,10.1149/1.1344281,TFSI,DME:1.000,saltconc_weightedperm_weightedvisc,"salt_conc_x_weighted_permittivity, salt_conc_x_weighted_viscosity",,3,clustered,304,5,5,0.7972778726861223,False,,3.6,0.195
305,3820,10.1149/1.1344281,TFSI,DME:1.000,saltconc_weightedperm_weightedvisc,"salt_conc_x_weighted_permittivity, salt_conc_x_weighted_viscosity",,3,clustered,305,5,5,0.7972778726861223,False,,3.6,0.195
306,3821,10.1149/1.1344281,TFSI,DME:1.000,saltconc_weightedperm_weightedvisc,"salt_conc_x_weighted_permittivity, salt_conc_x_weighted_viscosity",,3,clustered,306,5,5,0.7972778726861223,False,,3.6,0.195
307,3822,10.1149/1.1344281,TFSI,DME:1.000,saltconc_weightedperm_weightedvisc,"salt_conc_x_weighted_permittivity, salt_conc_x_weighted_viscosity",,3,clustered,307,5,5,0.7972778726861223,False,,3.6,0.195
308,3823,10.1149/1.1344281,TFSI,DME:1.000,saltconc_weightedperm_weightedvisc,"salt_conc_x_weighted_permittivity, salt_conc_x_weighted_viscosity",,3,clustered,308,5,5,0.7972778726861223,False,,3.6,0.195
309,3824,10.1149/1.1344281,TFSI,DME:1.000,saltconc_weightedperm_weightedvisc,"salt_conc_x_weighted_permittivity, salt_conc_x_weighted_viscosity",,3,clustered,309,5,5,0.7972778726861223,False,,3.6,0.195
310,3825,10.1149/1.1344281,TFSI,DME:1.000,saltconc_weightedperm_weightedvisc,"salt_conc_x_weighted_permittivity, salt_conc_x_weighted_viscosity",,3,clustered,310,5,5,0.7972778726861223,False,,3.6,0.195
311,3826,10.1149/1.1344281,TFSI,DME:1.000,saltconc_weightedperm_weightedvisc,"salt_conc_x_weighted_permittivity, salt_conc_x_weighted_viscosity",,3,clustered,311,5,5,0.7972778726861223,False,,3.6,0.195
312,3827,10.1149/1.1344281,TFSI,DME:1.000,saltconc_weightedperm_weightedvisc,"salt_conc_x_weighted_permittivity, salt_conc_x_weighted_viscosity",,3,clustered,312,5,5,0.7972778726861223,False,,3.6,0.195
313,3828,10.1149/1.1344281,TFSI,DME:1.000,saltconc_weightedperm_weightedvisc,"salt_conc_x_weighted_permittivity, salt_conc_x_weighted_viscosity",,3,clustered,313,5,5,0.7972778726861223,False,,3.6,0.195
314,3829,10.1149/1.1344281,TFSI,DME:1.000,saltconc_weightedperm_weightedvisc,"salt_conc_x_weighted_permittivity, salt_conc_x_weighted_viscosity",,3,clustered,314,5,5,0.7972778726861223,False,,3.6,0.195
315,3830,10.1149/1.1344281,TFSI,DME:1.000,saltconc_weightedperm_weightedvisc,"salt_conc_x_weighted_permittivity, salt_conc_x_weighted_viscosity",,3,clustered,315,5,5,0.7972778726861223,False,,3.6,0.195
316,3831,10.1149/1.1344281,TFSI,DME:1.000,saltconc_weightedperm_weightedvisc,"salt_conc_x_weighted_permittivity, salt_conc_x_weighted_viscosity",,3,clustered,316,5,5,0.7972778726861223,False,,3.6,0.195
317,3832,10.1149/1.1344281,TFSI,DME:1.000,saltconc_weightedperm_weightedvisc,"salt_conc_x_weighted_permittivity, salt_conc_x_weighted_viscosity",,3,clustered,317,5,5,0.7972778726861223,False,,3.6,0.195
318,3833,10.1149/1.1344281,TFSI,DME:1.000,saltconc_weightedperm_weightedvisc,"salt_conc_x_weighted_permittivity, salt_conc_x_weighted_viscosity",,3,clustered,318,5,5,0.7972778726861223,False,,3.6,0.195
319,3834,10.1149/1.1344281,TFSI,DME:1.000,saltconc_weightedperm_weightedvisc,"salt_conc_x_weighted_permittivity, salt_conc_x_weighted_viscosity",,3,clustered,319,5,5,0.7972778726861223,False,,3.6,0.195
320,3835,10.1149/1.1344281,TFSI,DME:1.000,saltconc_weightedperm_weightedvisc,"salt_conc_x_weighted_permittivity, salt_conc_x_weighted_viscosity",,3,clustered,320,5,5,0.7972778726861223,False,,3.6,0.195
321,3836,10.1149/1.1344281,TFSI,DME:1.000,saltconc_weightedperm_weightedvisc,"salt_conc_x_weighted_permittivity, salt_conc_x_weighted_viscosity",,3,clustered,321,5,5,0.7972778726861223,False,,3.6,0.195
322,3837,10.1149/1.1344281,TFSI,DME:1.000,saltconc_weightedperm_weightedvisc,"salt_conc_x_weighted_permittivity, salt_conc_x_weighted_viscosity",,3,clustered,322,5,5,0.7972778726861223,False,,3.6,0.195
323,3838,10.1149/1.1344281,TFSI,DME:1.000,saltconc_weightedperm_weightedvisc,"salt_conc_x_weighted_permittivity, salt_conc_x_weighted_viscosity",,3,clustered,323,5,5,0.7972778726861223,False,,3.6,0.195
324,4363,10.1149/1.1466857,PF6,EC:0.300+EMC:0.700,saltconc_weightedperm_weightedvisc,"salt_conc_x_weighted_permittivity, salt_conc_x_weighted_viscosity",,5,clustered,324,5,5,0.7972778726861223,False,,28.73,1.025
325,4364,10.1149/1.1466857,PF6,EC:0.300+EMC:0.700,saltconc_weightedperm_weightedvisc,"salt_conc_x_weighted_permittivity, salt_conc_x_weighted_viscosity",,5,clustered,325,5,5,0.7972778726861223,False,,28.73,1.025
326,4365,10.1149/1.1466857,PF6,EC:0.300+EMC:0.700,saltconc_weightedperm_weightedvisc,"salt_conc_x_weighted_permittivity, salt_conc_x_weighted_viscosity",,5,clustered,326,5,5,0.7972778726861223,False,,28.73,1.025
327,4366,10.1149/1.1466857,PF6,EC:0.300+EMC:0.700,saltconc_weightedperm_weightedvisc,"salt_conc_x_weighted_permittivity, salt_conc_x_weighted_viscosity",,5,clustered,327,5,5,0.7972778726861223,False,,28.73,1.025
328,4367,10.1149/1.1466857,PF6,EC:0.300+EMC:0.700,saltconc_weightedperm_weightedvisc,"salt_conc_x_weighted_permittivity, salt_conc_x_weighted_viscosity",,5,clustered,328,5,5,0.7972778726861223,False,,28.73,1.025
329,4368,10.1149/1.1466857,PF6,EC:0.300+EMC:0.700,saltconc_weightedperm_weightedvisc,"salt_conc_x_weighted_permittivity, salt_conc_x_weighted_viscosity",,5,clustered,329,5,5,0.7972778726861223,False,,28.73,1.025
330,4369,10.1149/1.1466857,PF6,EC:0.300+EMC:0.700,saltconc_weightedperm_weightedvisc,"salt_conc_x_weighted_permittivity, salt_conc_x_weighted_viscosity",,5,clustered,330,5,5,0.7972778726861223,False,,28.73,1.025
331,4370,10.1149/1.1466857,PF6,EC:0.300+EMC:0.700,saltconc_weightedperm_weightedvisc,"salt_conc_x_weighted_permittivity, salt_conc_x_weighted_viscosity",,5,clustered,331,5,5,0.7972778726861223,False,,28.73,1.025
332,4371,10.1149/1.1466857,PF6,EC:0.300+EMC:0.700,saltconc_weightedperm_weightedvisc,"salt_conc_x_weighted_permittivity, salt_conc_x_weighted_viscosity",,5,clustered,332,5,5,0.7972778726861223,False,,28.73,1.025
333,4372,10.1149/1.1466857,PF6,EC:0.300+EMC:0.700,saltconc_weightedperm_weightedvisc,"salt_conc_x_weighted_permittivity, salt_conc_x_weighted_viscosity",,5,clustered,333,5,5,0.7972778726861223,False,,28.73,1.025
334,4373,10.1149/1.1466857,PF6,EC:0.300+EMC:0.700,saltconc_weightedperm_weightedvisc,"salt_conc_x_weighted_permittivity, salt_conc_x_weighted_viscosity",,5,clustered,334,5,5,0.7972778726861223,False,,28.73,1.025
335,4374,10.1149/1.1466857,PF6,EC:0.300+EMC:0.700,saltconc_weightedperm_weightedvisc,"salt_conc_x_weighted_permittivity, salt_conc_x_weighted_viscosity",,5,clustered,335,5,5,0.7972778726861223,False,,28.73,1.025
336,4375,10.1149/1.1466857,BF4,EC:0.300+EMC:0.700,saltconc_weightedperm_weightedvisc,"salt_conc_x_weighted_permittivity, salt_conc_x_weighted_viscosity",,5,clustered,336,5,5,0.7972778726861223,False,,28.73,1.025
337,4376,10.1149/1.1466857,BF4,EC:0.300+EMC:0.700,saltconc_weightedperm_weightedvisc,"salt_conc_x_weighted_permittivity, salt_conc_x_weighted_viscosity",,5,clustered,337,5,5,0.7972778726861223,False,,28.73,1.025
338,4377,10.1149/1.1466857,BF4,EC:0.300+EMC:0.700,saltconc_weightedperm_weightedvisc,"salt_conc_x_weighted_permittivity, salt_conc_x_weighted_viscosity",,5,clustered,338,5,5,0.7972778726861223,False,,28.73,1.025
339,4378,10.1149/1.1466857,BF4,EC:0.300+EMC:0.700,saltconc_weightedperm_weightedvisc,"salt_conc_x_weighted_permittivity, salt_conc_x_weighted_viscosity",,5,clustered,339,5,5,0.7972778726861223,False,,28.73,1.025
340,4379,10.1149/1.1466857,BF4,EC:0.300+EMC:0.700,saltconc_weightedperm_weightedvisc,"salt_conc_x_weighted_permittivity, salt_conc_x_weighted_viscosity",,5,clustered,340,5,5,0.7972778726861223,False,,28.73,1.025
341,4380,10.1149/1.1466857,BF4,EC:0.300+EMC:0.700,saltconc_weightedperm_weightedvisc,"salt_conc_x_weighted_permittivity, salt_conc_x_weighted_viscosity",,5,clustered,341,5,5,0.7972778726861223,False,,28.73,1.025
342,4381,10.1149/1.1466857,BF4,EC:0.300+EMC:0.700,saltconc_weightedperm_weightedvisc,"salt_conc_x_weighted_permittivity, salt_conc_x_weighted_viscosity",,5,clustered,342,5,5,0.7972778726861223,False,,28.73,1.025
343,4382,10.1149/1.1466857,BF4,EC:0.300+EMC:0.700,saltconc_weightedperm_weightedvisc,"salt_conc_x_weighted_permittivity, salt_conc_x_weighted_viscosity",,5,clustered,343,5,5,0.7972778726861223,False,,28.73,1.025
344,4383,10.1149/1.1466857,BF4,EC:0.300+EMC:0.700,saltconc_weightedperm_weightedvisc,"salt_conc_x_weighted_permittivity, salt_conc_x_weighted_viscosity",,5,clustered,344,5,5,0.7972778726861223,False,,28.73,1.025
345,4384,10.1149/1.1466857,BF4,EC:0.300+EMC:0.700,saltconc_weightedperm_weightedvisc,"salt_conc_x_weighted_permittivity, salt_conc_x_weighted_viscosity",,5,clustered,345,5,5,0.7972778726861223,False,,28.73,1.025
346,4385,10.1149/1.1466857,BF4,EC:0.300+EMC:0.700,saltconc_weightedperm_weightedvisc,"salt_conc_x_weighted_permittivity, salt_conc_x_weighted_viscosity",,5,clustered,346,5,5,0.7972778726861223,False,,28.73,1.025
347,4386,10.1149/1.1466857,BF4,EC:0.300+EMC:0.700,saltconc_weightedperm_weightedvisc,"salt_conc_x_weighted_permittivity, salt_conc_x_weighted_viscosity",,5,clustered,347,5,5,0.7972778726861223,False,,28.73,1.025
348,10873,10.1149/1.1872737,PF6,EC:0.270+PC:0.100+DMC:0.630,saltconc_weightedperm_weightedvisc,"salt_conc_x_weighted_permittivity, salt_conc_x_weighted_viscosity",,3,clustered,348,5,5,0.7972778726861223,False,,12.621085032864,0.4421829963936
349,10874,10.1149/1.1872737,PF6,EC:0.270+PC:0.100+DMC:0.630,saltconc_weightedperm_weightedvisc,"salt_conc_x_weighted_permittivity, salt_conc_x_weighted_viscosity",,3,clustered,349,5,5,0.7972778726861223,False,,12.708731445879,0.4452537112670999
350,10875,10.1149/1.1872737,PF6,EC:0.270+PC:0.100+DMC:0.630,saltconc_weightedperm_weightedvisc,"salt_conc_x_weighted_permittivity, salt_conc_x_weighted_viscosity",,5,clustered,350,5,5,0.7972778726861223,False,,31.202126865154,1.0931746292146
351,10877,10.1149/1.1872737,PF6,EC:0.270+PC:0.100+DMC:0.630,saltconc_weightedperm_weightedvisc,"salt_conc_x_weighted_permittivity, salt_conc_x_weighted_viscosity",,2,clustered,351,5,5,0.7972778726861223,False,,56.269004039906,1.9713991899794
352,10878,10.1149/1.1872737,PF6,EC:0.270+PC:0.100+DMC:0.630,saltconc_weightedperm_weightedvisc,"salt_conc_x_weighted_permittivity, salt_conc_x_weighted_viscosity",,2,clustered,352,5,5,0.7972778726861223,False,,72.746531700052,2.5486936567348
353,10881,10.1149/1.1872737,PF6,EC:0.270+PC:0.100+DMC:0.630,saltconc_weightedperm_weightedvisc,"salt_conc_x_weighted_permittivity, salt_conc_x_weighted_viscosity",,4,clustered,353,5,5,0.7972778726861223,False,,108.155686909494,3.7892626180806
354,10884,10.1149/1.1872737,PF6,EC:0.270+PC:0.100+DMC:0.630,saltconc_weightedperm_weightedvisc,"salt_conc_x_weighted_permittivity, salt_conc_x_weighted_viscosity",,3,clustered,354,5,5,0.7972778726861223,False,,12.621085032864,0.4421829963936
355,10885,10.1149/1.1872737,PF6,EC:0.270+PC:0.100+DMC:0.630,saltconc_weightedperm_weightedvisc,"salt_conc_x_weighted_permittivity, salt_conc_x_weighted_viscosity",,5,clustered,355,5,5,0.7972778726861223,False,,31.202126865154,1.0931746292146
356,10886,10.1149/1.1872737,PF6,EC:0.270+PC:0.100+DMC:0.630,saltconc_weightedperm_weightedvisc,"salt_conc_x_weighted_permittivity, salt_conc_x_weighted_viscosity",,2,clustered,356,5,5,0.7972778726861223,False,,56.444296898409,1.9775406208641
357,10887,10.1149/1.1872737,PF6,EC:0.270+PC:0.100+DMC:0.630,saltconc_weightedperm_weightedvisc,"salt_conc_x_weighted_permittivity, salt_conc_x_weighted_viscosity",,2,clustered,357,5,5,0.7972778726861223,False,,56.35665048539399,1.9744699059906
358,10888,10.1149/1.1872737,PF6,EC:0.270+PC:0.100+DMC:0.630,saltconc_weightedperm_weightedvisc,"salt_conc_x_weighted_permittivity, salt_conc_x_weighted_viscosity",,2,clustered,358,5,5,0.7972778726861223,False,,72.571238874022,2.5425522269878
359,10889,10.1149/1.1872737,PF6,EC:0.270+PC:0.100+DMC:0.630,saltconc_weightedperm_weightedvisc,"salt_conc_x_weighted_permittivity, salt_conc_x_weighted_viscosity",,4,clustered,359,5,5,0.7972778726861223,False,,108.243333322509,3.7923333329541
360,10891,10.1149/1.1872737,PF6,EC:0.270+PC:0.100+DMC:0.630,saltconc_weightedperm_weightedvisc,"salt_conc_x_weighted_permittivity, salt_conc_x_weighted_viscosity",,3,clustered,360,5,5,0.7972778726861223,False,,12.796377858894,0.4483244261406
361,10893,10.1149/1.1872737,PF6,EC:0.270+PC:0.100+DMC:0.630,saltconc_weightedperm_weightedvisc,"salt_conc_x_weighted_permittivity, salt_conc_x_weighted_viscosity",,5,clustered,361,5,5,0.7972778726861223,False,,31.026834006651,1.0870331983299
362,10894,10.1149/1.1872737,PF6,EC:0.270+PC:0.100+DMC:0.630,saltconc_weightedperm_weightedvisc,"salt_conc_x_weighted_permittivity, salt_conc_x_weighted_viscosity",,2,clustered,362,5,5,0.7972778726861223,False,,56.35665048539399,1.9744699059906
363,10895,10.1149/1.1872737,PF6,EC:0.270+PC:0.100+DMC:0.630,saltconc_weightedperm_weightedvisc,"salt_conc_x_weighted_permittivity, salt_conc_x_weighted_viscosity",,2,clustered,363,5,5,0.7972778726861223,False,,72.658885287037,2.5456229418612994
364,10897,10.1149/1.1872737,PF6,EC:0.270+PC:0.100+DMC:0.630,saltconc_weightedperm_weightedvisc,"salt_conc_x_weighted_permittivity, salt_conc_x_weighted_viscosity",,4,clustered,364,5,5,0.7972778726861223,False,,108.243333322509,3.7923333329541
365,10899,10.1149/1.1872737,PF6,EC:0.270+PC:0.100+DMC:0.630,saltconc_weightedperm_weightedvisc,"salt_conc_x_weighted_permittivity, salt_conc_x_weighted_viscosity",,3,clustered,365,5,5,0.7972778726861223,False,,12.708731445879,0.4452537112670999
366,10900,10.1149/1.1872737,PF6,EC:0.270+PC:0.100+DMC:0.630,saltconc_weightedperm_weightedvisc,"salt_conc_x_weighted_permittivity, salt_conc_x_weighted_viscosity",,5,clustered,366,5,5,0.7972778726861223,False,,31.026834006651,1.0870331983299
367,10901,10.1149/1.1872737,PF6,EC:0.270+PC:0.100+DMC:0.630,saltconc_weightedperm_weightedvisc,"salt_conc_x_weighted_permittivity, salt_conc_x_weighted_viscosity",,2,clustered,367,5,5,0.7972778726861223,False,,56.444296898409,1.9775406208641
368,10902,10.1149/1.1872737,PF6,EC:0.270+PC:0.100+DMC:0.630,saltconc_weightedperm_weightedvisc,"salt_conc_x_weighted_permittivity, salt_conc_x_weighted_viscosity",,2,clustered,368,5,5,0.7972778726861223,False,,72.571238874022,2.5425522269878
369,10903,10.1149/1.1872737,PF6,EC:0.270+PC:0.100+DMC:0.630,saltconc_weightedperm_weightedvisc,"salt_conc_x_weighted_permittivity, salt_conc_x_weighted_viscosity",,4,clustered,369,5,5,0.7972778726861223,False,,108.068040496479,3.7861919032071
370,11883,10.1149/2.0571912jes,PF6,EC:0.500+DMC:0.500,saltconc_weightedperm_weightedvisc,"salt_conc_x_weighted_permittivity, salt_conc_x_weighted_viscosity",,5,clustered,370,5,5,0.7972778726861223,False,,23.16315,0.626235
371,11884,10.1149/2.0571912jes,PF6,EC:0.500+DMC:0.500,saltconc_weightedperm_weightedvisc,"salt_conc_x_weighted_permittivity, salt_conc_x_weighted_viscosity",,1,clustered,371,5,5,0.7972778726861223,False,,46.18814999999999,1.2487349999999997
372,11885,10.1149/2.0571912jes,PF6,EC:0.500+DMC:0.500,saltconc_weightedperm_weightedvisc,"salt_conc_x_weighted_permittivity, salt_conc_x_weighted_viscosity",,2,clustered,372,5,5,0.7972778726861223,False,,69.21314999999998,1.871235
373,11886,10.1149/2.0571912jes,PF6,EC:0.500+DMC:0.500,saltconc_weightedperm_weightedvisc,"salt_conc_x_weighted_permittivity, salt_conc_x_weighted_viscosity",,2,clustered,373,5,5,0.7972778726861223,False,,92.1,2.49
374,11887,10.1149/2.0571912jes,PF6,EC:0.500+DMC:0.500,saltconc_weightedperm_weightedvisc,"salt_conc_x_weighted_permittivity, salt_conc_x_weighted_viscosity",,4,clustered,374,5,5,0.7972778726861223,False,,138.14999999999998,3.735
375,11888,10.1149/2.0571912jes,PF6,EC:0.500+DMC:0.500,saltconc_weightedperm_weightedvisc,"salt_conc_x_weighted_permittivity, salt_conc_x_weighted_viscosity",,5,clustered,375,5,5,0.7972778726861223,False,,23.2092,0.6274799999999999
376,11889,10.1149/2.0571912jes,PF6,EC:0.500+DMC:0.500,saltconc_weightedperm_weightedvisc,"salt_conc_x_weighted_permittivity, salt_conc_x_weighted_viscosity",,1,clustered,376,5,5,0.7972778726861223,False,,46.2342,1.24998
377,11890,10.1149/2.0571912jes,PF6,EC:0.500+DMC:0.500,saltconc_weightedperm_weightedvisc,"salt_conc_x_weighted_permittivity, salt_conc_x_weighted_viscosity",,2,clustered,377,5,5,0.7972778726861223,False,,69.21314999999998,1.871235
378,11891,10.1149/2.0571912jes,PF6,EC:0.500+DMC:0.500,saltconc_weightedperm_weightedvisc,"salt_conc_x_weighted_permittivity, salt_conc_x_weighted_viscosity",,2,clustered,378,5,5,0.7972778726861223,False,,92.23815,2.493735
379,11892,10.1149/2.0571912jes,PF6,EC:0.500+DMC:0.500,saltconc_weightedperm_weightedvisc,"salt_conc_x_weighted_permittivity, salt_conc_x_weighted_viscosity",,4,clustered,379,5,5,0.7972778726861223,False,,138.14999999999998,3.735
380,11893,10.1149/2.0571912jes,PF6,EC:0.500+DMC:0.500,saltconc_weightedperm_weightedvisc,"salt_conc_x_weighted_permittivity, salt_conc_x_weighted_viscosity",,5,clustered,380,5,5,0.7972778726861223,False,,23.1171,0.6249899999999999
381,11894,10.1149/2.0571912jes,PF6,EC:0.500+DMC:0.500,saltconc_weightedperm_weightedvisc,"salt_conc_x_weighted_permittivity, salt_conc_x_weighted_viscosity",,1,clustered,381,5,5,0.7972778726861223,False,,46.2342,1.24998
382,11895,10.1149/2.0571912jes,PF6,EC:0.500+DMC:0.500,saltconc_weightedperm_weightedvisc,"salt_conc_x_weighted_permittivity, salt_conc_x_weighted_viscosity",,2,clustered,382,5,5,0.7972778726861223,False,,69.25919999999999,1.87248
383,11896,10.1149/2.0571912jes,PF6,EC:0.500+DMC:0.500,saltconc_weightedperm_weightedvisc,"salt_conc_x_weighted_permittivity, salt_conc_x_weighted_viscosity",,2,clustered,383,5,5,0.7972778726861223,False,,92.14605,2.491245
384,11897,10.1149/2.0571912jes,PF6,EC:0.500+DMC:0.500,saltconc_weightedperm_weightedvisc,"salt_conc_x_weighted_permittivity, salt_conc_x_weighted_viscosity",,4,clustered,384,5,5,0.7972778726861223,False,,138.0579,3.73251
385,11898,10.1149/2.0571912jes,PF6,EC:0.500+DMC:0.500,saltconc_weightedperm_weightedvisc,"salt_conc_x_weighted_permittivity, salt_conc_x_weighted_viscosity",,5,clustered,385,5,5,0.7972778726861223,False,,23.2092,0.6274799999999999
386,11899,10.1149/2.0571912jes,PF6,EC:0.500+DMC:0.500,saltconc_weightedperm_weightedvisc,"salt_conc_x_weighted_permittivity, salt_conc_x_weighted_viscosity",,1,clustered,386,5,5,0.7972778726861223,False,,46.28025,1.2512249999999998
387,11900,10.1149/2.0571912jes,PF6,EC:0.500+DMC:0.500,saltconc_weightedperm_weightedvisc,"salt_conc_x_weighted_permittivity, salt_conc_x_weighted_viscosity",,2,clustered,387,5,5,0.7972778726861223,False,,69.25919999999999,1.87248
388,11901,10.1149/2.0571912jes,PF6,EC:0.500+DMC:0.500,saltconc_weightedperm_weightedvisc,"salt_conc_x_weighted_permittivity, salt_conc_x_weighted_viscosity",,2,clustered,388,5,5,0.7972778726861223,False,,92.3763,2.4974699999999994
389,11902,10.1149/2.0571912jes,PF6,EC:0.500+DMC:0.500,saltconc_weightedperm_weightedvisc,"salt_conc_x_weighted_permittivity, salt_conc_x_weighted_viscosity",,4,clustered,389,5,5,0.7972778726861223,False,,138.38025,3.741225
390,11903,10.1149/2.0571912jes,PF6,EC:0.500+DMC:0.500,saltconc_weightedperm_weightedvisc,"salt_conc_x_weighted_permittivity, salt_conc_x_weighted_viscosity",,5,clustered,390,5,5,0.7972778726861223,False,,23.25525,0.628725
391,11904,10.1149/2.0571912jes,PF6,EC:0.500+DMC:0.500,saltconc_weightedperm_weightedvisc,"salt_conc_x_weighted_permittivity, salt_conc_x_weighted_viscosity",,1,clustered,391,5,5,0.7972778726861223,False,,46.37234999999999,1.2537149999999997
392,11905,10.1149/2.0571912jes,PF6,EC:0.500+DMC:0.500,saltconc_weightedperm_weightedvisc,"salt_conc_x_weighted_permittivity, salt_conc_x_weighted_viscosity",,2,clustered,392,5,5,0.7972778726861223,False,,69.30524999999999,1.873725
393,11906,10.1149/2.0571912jes,PF6,EC:0.500+DMC:0.500,saltconc_weightedperm_weightedvisc,"salt_conc_x_weighted_permittivity, salt_conc_x_weighted_viscosity",,2,clustered,393,5,5,0.7972778726861223,False,,92.3763,2.4974699999999994
394,11907,10.1149/2.0571912jes,PF6,EC:0.500+DMC:0.500,saltconc_weightedperm_weightedvisc,"salt_conc_x_weighted_permittivity, salt_conc_x_weighted_viscosity",,4,clustered,394,5,5,0.7972778726861223,False,,138.19605,3.736245
395,11908,10.1149/2.0571912jes,PF6,EC:0.500+DMC:0.500,saltconc_weightedperm_weightedvisc,"salt_conc_x_weighted_permittivity, salt_conc_x_weighted_viscosity",,5,clustered,395,5,5,0.7972778726861223,False,,23.25525,0.628725
396,11909,10.1149/2.0571912jes,PF6,EC:0.500+DMC:0.500,saltconc_weightedperm_weightedvisc,"salt_conc_x_weighted_permittivity, salt_conc_x_weighted_viscosity",,1,clustered,396,5,5,0.7972778726861223,False,,46.4184,1.25496
397,11910,10.1149/2.0571912jes,PF6,EC:0.500+DMC:0.500,saltconc_weightedperm_weightedvisc,"salt_conc_x_weighted_permittivity, salt_conc_x_weighted_viscosity",,2,clustered,397,5,5,0.7972778726861223,False,,69.21314999999998,1.871235
398,11911,10.1149/2.0571912jes,PF6,EC:0.500+DMC:0.500,saltconc_weightedperm_weightedvisc,"salt_conc_x_weighted_permittivity, salt_conc_x_weighted_viscosity",,2,clustered,398,5,5,0.7972778726861223,False,,92.19209999999998,2.49249
399,11912,10.1149/2.0571912jes,PF6,EC:0.500+DMC:0.500,saltconc_weightedperm_weightedvisc,"salt_conc_x_weighted_permittivity, salt_conc_x_weighted_viscosity",,4,clustered,399,5,5,0.7972778726861223,False,,138.19605,3.736245
400,11913,10.1149/2.0571912jes,PF6,EC:0.500+DMC:0.500,saltconc_weightedperm_weightedvisc,"salt_conc_x_weighted_permittivity, salt_conc_x_weighted_viscosity",,5,clustered,400,5,5,0.7972778726861223,False,,23.07105,0.623745
401,11914,10.1149/2.0571912jes,PF6,EC:0.500+DMC:0.500,saltconc_weightedperm_weightedvisc,"salt_conc_x_weighted_permittivity, salt_conc_x_weighted_viscosity",,1,clustered,401,5,5,0.7972778726861223,False,,46.4184,1.25496
402,11915,10.1149/2.0571912jes,PF6,EC:0.500+DMC:0.500,saltconc_weightedperm_weightedvisc,"salt_conc_x_weighted_permittivity, salt_conc_x_weighted_viscosity",,2,clustered,402,5,5,0.7972778726861223,False,,69.12105,1.868745
403,11916,10.1149/2.0571912jes,PF6,EC:0.500+DMC:0.500,saltconc_weightedperm_weightedvisc,"salt_conc_x_weighted_permittivity, salt_conc_x_weighted_viscosity",,2,clustered,403,5,5,0.7972778726861223,False,,92.33025,2.4962249999999995
404,11917,10.1149/2.0571912jes,PF6,EC:0.500+DMC:0.500,saltconc_weightedperm_weightedvisc,"salt_conc_x_weighted_permittivity, salt_conc_x_weighted_viscosity",,4,clustered,404,5,5,0.7972778726861223,False,,138.14999999999998,3.735
405,11918,10.1149/2.0571912jes,PF6,EC:0.300+EMC:0.700,saltconc_weightedperm_weightedvisc,"salt_conc_x_weighted_permittivity, salt_conc_x_weighted_viscosity",,3,clustered,405,5,5,0.7972778726861223,False,,3.1890300000000003,0.1137749999999999
406,11919,10.1149/2.0571912jes,PF6,EC:0.300+EMC:0.700,saltconc_weightedperm_weightedvisc,"salt_conc_x_weighted_permittivity, salt_conc_x_weighted_viscosity",,3,clustered,406,5,5,0.7972778726861223,False,,14.33627,0.5114749999999999
407,11920,10.1149/2.0571912jes,PF6,EC:0.300+EMC:0.700,saltconc_weightedperm_weightedvisc,"salt_conc_x_weighted_permittivity, salt_conc_x_weighted_viscosity",,5,clustered,407,5,5,0.7972778726861223,False,,28.58635,1.019875
408,11921,10.1149/2.0571912jes,PF6,EC:0.300+EMC:0.700,saltconc_weightedperm_weightedvisc,"salt_conc_x_weighted_permittivity, salt_conc_x_weighted_viscosity",,1,clustered,408,5,5,0.7972778726861223,False,,43.095,1.5375
409,11922,10.1149/2.0571912jes,PF6,EC:0.300+EMC:0.700,saltconc_weightedperm_weightedvisc,"salt_conc_x_weighted_permittivity, salt_conc_x_weighted_viscosity",,2,clustered,409,5,5,0.7972778726861223,False,,57.373810000000006,2.046925
410,11923,10.1149/2.0571912jes,PF6,EC:0.300+EMC:0.700,saltconc_weightedperm_weightedvisc,"salt_conc_x_weighted_permittivity, salt_conc_x_weighted_viscosity",,2,clustered,410,5,5,0.7972778726861223,False,,86.24745999999999,3.0770499999999994
411,11924,10.1149/2.0571912jes,PF6,EC:0.300+EMC:0.700,saltconc_weightedperm_weightedvisc,"salt_conc_x_weighted_permittivity, salt_conc_x_weighted_viscosity",,3,clustered,411,5,5,0.7972778726861223,False,,2.98792,0.1065999999999999
412,11925,10.1149/2.0571912jes,PF6,EC:0.300+EMC:0.700,saltconc_weightedperm_weightedvisc,"salt_conc_x_weighted_permittivity, salt_conc_x_weighted_viscosity",,3,clustered,412,5,5,0.7972778726861223,False,,14.02024,0.5002
413,11926,10.1149/2.0571912jes,PF6,EC:0.300+EMC:0.700,saltconc_weightedperm_weightedvisc,"salt_conc_x_weighted_permittivity, salt_conc_x_weighted_viscosity",,5,clustered,413,5,5,0.7972778726861223,False,,28.61508,1.0209
414,11927,10.1149/2.0571912jes,PF6,EC:0.300+EMC:0.700,saltconc_weightedperm_weightedvisc,"salt_conc_x_weighted_permittivity, salt_conc_x_weighted_viscosity",,1,clustered,414,5,5,0.7972778726861223,False,,42.98008,1.5334
415,11928,10.1149/2.0571912jes,PF6,EC:0.300+EMC:0.700,saltconc_weightedperm_weightedvisc,"salt_conc_x_weighted_permittivity, salt_conc_x_weighted_viscosity",,2,clustered,415,5,5,0.7972778726861223,False,,57.431270000000005,2.048975
416,11929,10.1149/2.0571912jes,PF6,EC:0.300+EMC:0.700,saltconc_weightedperm_weightedvisc,"salt_conc_x_weighted_permittivity, salt_conc_x_weighted_viscosity",,2,clustered,416,5,5,0.7972778726861223,False,,86.13254,3.07295
417,11930,10.1149/2.0571912jes,PF6,EC:0.300+EMC:0.700,saltconc_weightedperm_weightedvisc,"salt_conc_x_weighted_permittivity, salt_conc_x_weighted_viscosity",,3,clustered,417,5,5,0.7972778726861223,False,,2.93046,0.1045499999999999
418,11931,10.1149/2.0571912jes,PF6,EC:0.300+EMC:0.700,saltconc_weightedperm_weightedvisc,"salt_conc_x_weighted_permittivity, salt_conc_x_weighted_viscosity",,3,clustered,418,5,5,0.7972778726861223,False,,14.27881,0.5094249999999999
419,11932,10.1149/2.0571912jes,PF6,EC:0.300+EMC:0.700,saltconc_weightedperm_weightedvisc,"salt_conc_x_weighted_permittivity, salt_conc_x_weighted_viscosity",,5,clustered,419,5,5,0.7972778726861223,False,,28.55762,1.0188499999999998
420,11933,10.1149/2.0571912jes,PF6,EC:0.300+EMC:0.700,saltconc_weightedperm_weightedvisc,"salt_conc_x_weighted_permittivity, salt_conc_x_weighted_viscosity",,1,clustered,420,5,5,0.7972778726861223,False,,43.03754,1.5354499999999998
421,11934,10.1149/2.0571912jes,PF6,EC:0.300+EMC:0.700,saltconc_weightedperm_weightedvisc,"salt_conc_x_weighted_permittivity, salt_conc_x_weighted_viscosity",,2,clustered,421,5,5,0.7972778726861223,False,,57.373810000000006,2.046925
422,11935,10.1149/2.0571912jes,PF6,EC:0.300+EMC:0.700,saltconc_weightedperm_weightedvisc,"salt_conc_x_weighted_permittivity, salt_conc_x_weighted_viscosity",,2,clustered,422,5,5,0.7972778726861223,False,,86.19,3.075
423,11936,10.1149/2.0571912jes,PF6,EC:0.300+EMC:0.700,saltconc_weightedperm_weightedvisc,"salt_conc_x_weighted_permittivity, salt_conc_x_weighted_viscosity",,3,clustered,423,5,5,0.7972778726861223,False,,2.93046,0.1045499999999999
424,11937,10.1149/2.0571912jes,PF6,EC:0.300+EMC:0.700,saltconc_weightedperm_weightedvisc,"salt_conc_x_weighted_permittivity, salt_conc_x_weighted_viscosity",,3,clustered,424,5,5,0.7972778726861223,False,,14.27881,0.5094249999999999
425,11938,10.1149/2.0571912jes,PF6,EC:0.300+EMC:0.700,saltconc_weightedperm_weightedvisc,"salt_conc_x_weighted_permittivity, salt_conc_x_weighted_viscosity",,5,clustered,425,5,5,0.7972778726861223,False,,28.67254,1.0229499999999998
426,11939,10.1149/2.0571912jes,PF6,EC:0.300+EMC:0.700,saltconc_weightedperm_weightedvisc,"salt_conc_x_weighted_permittivity, salt_conc_x_weighted_viscosity",,1,clustered,426,5,5,0.7972778726861223,False,,43.06627,1.536475
427,11940,10.1149/2.0571912jes,PF6,EC:0.300+EMC:0.700,saltconc_weightedperm_weightedvisc,"salt_conc_x_weighted_permittivity, salt_conc_x_weighted_viscosity",,2,clustered,427,5,5,0.7972778726861223,False,,57.54619,2.053075
428,11941,10.1149/2.0571912jes,PF6,EC:0.300+EMC:0.700,saltconc_weightedperm_weightedvisc,"salt_conc_x_weighted_permittivity, salt_conc_x_weighted_viscosity",,2,clustered,428,5,5,0.7972778726861223,False,,86.19,3.075
429,11942,10.1149/2.0571912jes,PF6,EC:0.300+EMC:0.700,saltconc_weightedperm_weightedvisc,"salt_conc_x_weighted_permittivity, salt_conc_x_weighted_viscosity",,3,clustered,429,5,5,0.7972778726861223,False,,2.93046,0.1045499999999999
430,11943,10.1149/2.0571912jes,PF6,EC:0.300+EMC:0.700,saltconc_weightedperm_weightedvisc,"salt_conc_x_weighted_permittivity, salt_conc_x_weighted_viscosity",,3,clustered,430,5,5,0.7972778726861223,False,,14.33627,0.5114749999999999
431,11944,10.1149/2.0571912jes,PF6,EC:0.300+EMC:0.700,saltconc_weightedperm_weightedvisc,"salt_conc_x_weighted_permittivity, salt_conc_x_weighted_viscosity",,5,clustered,431,5,5,0.7972778726861223,False,,28.61508,1.0209
432,11945,10.1149/2.0571912jes,PF6,EC:0.300+EMC:0.700,saltconc_weightedperm_weightedvisc,"salt_conc_x_weighted_permittivity, salt_conc_x_weighted_viscosity",,1,clustered,432,5,5,0.7972778726861223,False,,43.12373,1.5385249999999997
433,11946,10.1149/2.0571912jes,PF6,EC:0.300+EMC:0.700,saltconc_weightedperm_weightedvisc,"salt_conc_x_weighted_permittivity, salt_conc_x_weighted_viscosity",,2,clustered,433,5,5,0.7972778726861223,False,,57.57492,2.0541
434,11947,10.1149/2.0571912jes,PF6,EC:0.300+EMC:0.700,saltconc_weightedperm_weightedvisc,"salt_conc_x_weighted_permittivity, salt_conc_x_weighted_viscosity",,2,clustered,434,5,5,0.7972778726861223,False,,86.07508,3.0708999999999995
435,11948,10.1149/2.0571912jes,PF6,EC:0.300+EMC:0.700,saltconc_weightedperm_weightedvisc,"salt_conc_x_weighted_permittivity, salt_conc_x_weighted_viscosity",,3,clustered,435,5,5,0.7972778726861223,False,,2.93046,0.1045499999999999
436,11949,10.1149/2.0571912jes,PF6,EC:0.300+EMC:0.700,saltconc_weightedperm_weightedvisc,"salt_conc_x_weighted_permittivity, salt_conc_x_weighted_viscosity",,3,clustered,436,5,5,0.7972778726861223,False,,14.27881,0.5094249999999999
437,11950,10.1149/2.0571912jes,PF6,EC:0.300+EMC:0.700,saltconc_weightedperm_weightedvisc,"salt_conc_x_weighted_permittivity, salt_conc_x_weighted_viscosity",,5,clustered,437,5,5,0.7972778726861223,False,,28.61508,1.0209
438,11951,10.1149/2.0571912jes,PF6,EC:0.300+EMC:0.700,saltconc_weightedperm_weightedvisc,"salt_conc_x_weighted_permittivity, salt_conc_x_weighted_viscosity",,1,clustered,438,5,5,0.7972778726861223,False,,42.86516,1.5293
439,11952,10.1149/2.0571912jes,PF6,EC:0.300+EMC:0.700,saltconc_weightedperm_weightedvisc,"salt_conc_x_weighted_permittivity, salt_conc_x_weighted_viscosity",,2,clustered,439,5,5,0.7972778726861223,False,,57.51745999999999,2.0520499999999995
440,11953,10.1149/2.0571912jes,PF6,EC:0.300+EMC:0.700,saltconc_weightedperm_weightedvisc,"salt_conc_x_weighted_permittivity, salt_conc_x_weighted_viscosity",,2,clustered,440,5,5,0.7972778726861223,False,,86.07508,3.0708999999999995
441,11954,10.1149/2.0571912jes,PF6,EC:0.300+EMC:0.700,saltconc_weightedperm_weightedvisc,"salt_conc_x_weighted_permittivity, salt_conc_x_weighted_viscosity",,3,clustered,441,5,5,0.7972778726861223,False,,2.75808,0.0983999999999999
442,11955,10.1149/2.0571912jes,PF6,EC:0.300+EMC:0.700,saltconc_weightedperm_weightedvisc,"salt_conc_x_weighted_permittivity, salt_conc_x_weighted_viscosity",,3,clustered,442,5,5,0.7972778726861223,False,,14.27881,0.5094249999999999
443,11956,10.1149/2.0571912jes,PF6,EC:0.300+EMC:0.700,saltconc_weightedperm_weightedvisc,"salt_conc_x_weighted_permittivity, salt_conc_x_weighted_viscosity",,5,clustered,443,5,5,0.7972778726861223,False,,28.70127,1.023975
444,11957,10.1149/2.0571912jes,PF6,EC:0.300+EMC:0.700,saltconc_weightedperm_weightedvisc,"salt_conc_x_weighted_permittivity, salt_conc_x_weighted_viscosity",,1,clustered,444,5,5,0.7972778726861223,False,,43.00881,1.534425
445,11958,10.1149/2.0571912jes,PF6,EC:0.300+EMC:0.700,saltconc_weightedperm_weightedvisc,"salt_conc_x_weighted_permittivity, salt_conc_x_weighted_viscosity",,2,clustered,445,5,5,0.7972778726861223,False,,57.25889,2.042825
446,11959,10.1149/2.0571912jes,PF6,EC:0.300+EMC:0.700,saltconc_weightedperm_weightedvisc,"salt_conc_x_weighted_permittivity, salt_conc_x_weighted_viscosity",,2,clustered,446,5,5,0.7972778726861223,False,,86.07508,3.0708999999999995
447,12002,10.1149/2.0641503jes,PF6,EC:0.500+DEC:0.500,saltconc_weightedperm_weightedvisc,"salt_conc_x_weighted_permittivity, salt_conc_x_weighted_viscosity",,5,clustered,447,5,5,0.7972778726861223,False,,23.0562500085,0.6304050928249999
448,12003,10.1149/2.0641503jes,PF6,EC:0.500+DEC:0.500,saltconc_weightedperm_weightedvisc,"salt_conc_x_weighted_permittivity, salt_conc_x_weighted_viscosity",,5,clustered,448,5,5,0.7972778726861223,False,,23.0562500085,0.6304050928249999
449,12004,10.1149/2.0641503jes,PF6,EC:0.500+DEC:0.500,saltconc_weightedperm_weightedvisc,"salt_conc_x_weighted_permittivity, salt_conc_x_weighted_viscosity",,5,clustered,449,5,5,0.7972778726861223,False,,22.95,0.6275
450,12005,10.1149/2.0641503jes,PF6,EC:0.500+DEC:0.500,saltconc_weightedperm_weightedvisc,"salt_conc_x_weighted_permittivity, salt_conc_x_weighted_viscosity",,5,clustered,450,5,5,0.7972778726861223,False,,36.7625000034,1.00516203713
451,12006,10.1149/2.0641503jes,PF6,EC:0.500+DEC:0.500,saltconc_weightedperm_weightedvisc,"salt_conc_x_weighted_permittivity, salt_conc_x_weighted_viscosity",,5,clustered,451,5,5,0.7972778726861223,False,,36.7625000034,1.00516203713
452,12007,10.1149/2.0641503jes,PF6,EC:0.500+DEC:0.500,saltconc_weightedperm_weightedvisc,"salt_conc_x_weighted_permittivity, salt_conc_x_weighted_viscosity",,5,clustered,452,5,5,0.7972778726861223,False,,36.7625000034,1.00516203713
453,12008,10.1149/2.0641503jes,PF6,EC:0.500+DEC:0.500,saltconc_weightedperm_weightedvisc,"salt_conc_x_weighted_permittivity, salt_conc_x_weighted_viscosity",,1,clustered,453,5,5,0.7972778726861223,False,,45.9,1.255
454,12009,10.1149/2.0641503jes,PF6,EC:0.500+DEC:0.500,saltconc_weightedperm_weightedvisc,"salt_conc_x_weighted_permittivity, salt_conc_x_weighted_viscosity",,1,clustered,454,5,5,0.7972778726861223,False,,45.9,1.255
455,12010,10.1149/2.0641503jes,PF6,EC:0.500+DEC:0.500,saltconc_weightedperm_weightedvisc,"salt_conc_x_weighted_permittivity, salt_conc_x_weighted_viscosity",,1,clustered,455,5,5,0.7972778726861223,False,,45.9,1.255
456,12011,10.1149/2.0641503jes,PF6,EC:0.500+DEC:0.500,saltconc_weightedperm_weightedvisc,"salt_conc_x_weighted_permittivity, salt_conc_x_weighted_viscosity",,1,clustered,456,5,5,0.7972778726861223,False,,55.1437500051,1.5077430556949998
457,12012,10.1149/2.0641503jes,PF6,EC:0.500+DEC:0.500,saltconc_weightedperm_weightedvisc,"salt_conc_x_weighted_permittivity, salt_conc_x_weighted_viscosity",,1,clustered,457,5,5,0.7972778726861223,False,,55.1437500051,1.5077430556949998
458,12013,10.1149/2.0641503jes,PF6,EC:0.500+DEC:0.500,saltconc_weightedperm_weightedvisc,"salt_conc_x_weighted_permittivity, salt_conc_x_weighted_viscosity",,1,clustered,458,5,5,0.7972778726861223,False,,55.1437500051,1.5077430556949998
459,12014,10.1149/2.0641503jes,PF6,EC:0.500+DEC:0.500,saltconc_weightedperm_weightedvisc,"salt_conc_x_weighted_permittivity, salt_conc_x_weighted_viscosity",,2,clustered,459,5,5,0.7972778726861223,False,,68.85,1.8825
460,12015,10.1149/2.0641503jes,PF6,EC:0.500+DEC:0.500,saltconc_weightedperm_weightedvisc,"salt_conc_x_weighted_permittivity, salt_conc_x_weighted_viscosity",,2,clustered,460,5,5,0.7972778726861223,False,,68.85,1.8825
461,12016,10.1149/2.0641503jes,PF6,EC:0.500+DEC:0.500,saltconc_weightedperm_weightedvisc,"salt_conc_x_weighted_permittivity, salt_conc_x_weighted_viscosity",,2,clustered,461,5,5,0.7972778726861223,False,,68.9562500085,1.885405092825
462,13615,10.1016/0378-7753(91)80004-H,PF6,EC:0.150+PC:0.850,saltconc_weightedperm_weightedvisc,"salt_conc_x_weighted_permittivity, salt_conc_x_weighted_viscosity",,2,clustered,462,5,5,0.7972778726861223,False,,68.515,2.4355
463,13616,10.1016/0378-7753(91)80004-H,PF6,EC:0.500+PC:0.500,saltconc_weightedperm_weightedvisc,"salt_conc_x_weighted_permittivity, salt_conc_x_weighted_viscosity",,2,clustered,463,5,5,0.7972778726861223,False,,76.95,2.215
464,13618,10.1016/0378-7753(91)80004-H,PF6,EC:0.150+PC:0.850,saltconc_weightedperm_weightedvisc,"salt_conc_x_weighted_permittivity, salt_conc_x_weighted_viscosity",,2,clustered,464,5,5,0.7972778726861223,False,,68.515,2.4355
465,13619,10.1016/0378-7753(91)80004-H,PF6,EC:0.500+PC:0.500,saltconc_weightedperm_weightedvisc,"salt_conc_x_weighted_permittivity, salt_conc_x_weighted_viscosity",,2,clustered,465,5,5,0.7972778726861223,False,,76.95,2.215
466,13621,10.1016/0378-7753(91)80004-H,PF6,EC:0.150+PC:0.850,saltconc_weightedperm_weightedvisc,"salt_conc_x_weighted_permittivity, salt_conc_x_weighted_viscosity",,2,clustered,466,5,5,0.7972778726861223,False,,68.515,2.4355
467,13622,10.1016/0378-7753(91)80004-H,PF6,EC:0.500+PC:0.500,saltconc_weightedperm_weightedvisc,"salt_conc_x_weighted_permittivity, salt_conc_x_weighted_viscosity",,2,clustered,467,5,5,0.7972778726861223,False,,76.95,2.215
468,13624,10.1016/0378-7753(91)80004-H,PF6,EC:0.150+PC:0.850,saltconc_weightedperm_weightedvisc,"salt_conc_x_weighted_permittivity, salt_conc_x_weighted_viscosity",,2,clustered,468,5,5,0.7972778726861223,False,,68.515,2.4355
469,13625,10.1016/0378-7753(91)80004-H,PF6,EC:0.500+PC:0.500,saltconc_weightedperm_weightedvisc,"salt_conc_x_weighted_permittivity, salt_conc_x_weighted_viscosity",,2,clustered,469,5,5,0.7972778726861223,False,,76.95,2.215
470,13627,10.1016/0378-7753(91)80004-H,PF6,EC:0.150+PC:0.850,saltconc_weightedperm_weightedvisc,"salt_conc_x_weighted_permittivity, salt_conc_x_weighted_viscosity",,2,clustered,470,5,5,0.7972778726861223,False,,68.515,2.4355
471,13628,10.1016/0378-7753(91)80004-H,PF6,EC:0.500+PC:0.500,saltconc_weightedperm_weightedvisc,"salt_conc_x_weighted_permittivity, salt_conc_x_weighted_viscosity",,2,clustered,471,5,5,0.7972778726861223,False,,76.95,2.215
472,13630,10.1016/0378-7753(91)80004-H,PF6,EC:0.150+PC:0.850,saltconc_weightedperm_weightedvisc,"salt_conc_x_weighted_permittivity, salt_conc_x_weighted_viscosity",,2,clustered,472,5,5,0.7972778726861223,False,,68.515,2.4355
473,13631,10.1016/0378-7753(91)80004-H,PF6,EC:0.500+PC:0.500,saltconc_weightedperm_weightedvisc,"salt_conc_x_weighted_permittivity, salt_conc_x_weighted_viscosity",,2,clustered,473,5,5,0.7972778726861223,False,,76.95,2.215
474,13633,10.1016/0378-7753(91)80004-H,PF6,EC:0.150+PC:0.850,saltconc_weightedperm_weightedvisc,"salt_conc_x_weighted_permittivity, salt_conc_x_weighted_viscosity",,2,clustered,474,5,5,0.7972778726861223,False,,68.515,2.4355
475,13634,10.1016/0378-7753(91)80004-H,PF6,EC:0.500+PC:0.500,saltconc_weightedperm_weightedvisc,"salt_conc_x_weighted_permittivity, salt_conc_x_weighted_viscosity",,2,clustered,475,5,5,0.7972778726861223,False,,76.95,2.215
476,13636,10.1016/0378-7753(91)80004-H,PF6,EC:0.150+PC:0.850,saltconc_weightedperm_weightedvisc,"salt_conc_x_weighted_permittivity, salt_conc_x_weighted_viscosity",,2,clustered,476,5,5,0.7972778726861223,False,,68.515,2.4355
477,13637,10.1016/0378-7753(91)80004-H,PF6,EC:0.500+PC:0.500,saltconc_weightedperm_weightedvisc,"salt_conc_x_weighted_permittivity, salt_conc_x_weighted_viscosity",,2,clustered,477,5,5,0.7972778726861223,False,,76.95,2.215
478,13639,10.1016/0378-7753(91)80004-H,PF6,EC:0.150+PC:0.850,saltconc_weightedperm_weightedvisc,"salt_conc_x_weighted_permittivity, salt_conc_x_weighted_viscosity",,2,clustered,478,5,5,0.7972778726861223,False,,68.515,2.4355
479,13640,10.1016/0378-7753(91)80004-H,PF6,EC:0.500+PC:0.500,saltconc_weightedperm_weightedvisc,"salt_conc_x_weighted_permittivity, salt_conc_x_weighted_viscosity",,2,clustered,479,5,5,0.7972778726861223,False,,76.95,2.215
480,13642,10.1016/0378-7753(91)80004-H,PF6,EC:0.150+PC:0.850,saltconc_weightedperm_weightedvisc,"salt_conc_x_weighted_permittivity, salt_conc_x_weighted_viscosity",,2,clustered,480,5,5,0.7972778726861223,False,,68.515,2.4355
481,13643,10.1016/0378-7753(91)80004-H,PF6,EC:0.500+PC:0.500,saltconc_weightedperm_weightedvisc,"salt_conc_x_weighted_permittivity, salt_conc_x_weighted_viscosity",,2,clustered,481,5,5,0.7972778726861223,False,,76.95,2.215
482,13645,10.1016/0378-7753(91)80004-H,PF6,EC:0.150+PC:0.850,saltconc_weightedperm_weightedvisc,"salt_conc_x_weighted_permittivity, salt_conc_x_weighted_viscosity",,2,clustered,482,5,5,0.7972778726861223,False,,68.515,2.4355
483,13646,10.1016/0378-7753(91)80004-H,PF6,EC:0.500+PC:0.500,saltconc_weightedperm_weightedvisc,"salt_conc_x_weighted_permittivity, salt_conc_x_weighted_viscosity",,2,clustered,483,5,5,0.7972778726861223,False,,76.95,2.215
484,13793,10.1016/0378-7753(91)80004-H,BF4,EC:0.500+PC:0.500,saltconc_weightedperm_weightedvisc,"salt_conc_x_weighted_permittivity, salt_conc_x_weighted_viscosity",,2,clustered,484,5,5,0.7972778726861223,False,,76.95,2.215
485,13796,10.1016/0378-7753(91)80004-H,BF4,EC:0.500+PC:0.500,saltconc_weightedperm_weightedvisc,"salt_conc_x_weighted_permittivity, salt_conc_x_weighted_viscosity",,2,clustered,485,5,5,0.7972778726861223,False,,76.95,2.215
486,13799,10.1016/0378-7753(91)80004-H,BF4,EC:0.500+PC:0.500,saltconc_weightedperm_weightedvisc,"salt_conc_x_weighted_permittivity, salt_conc_x_weighted_viscosity",,2,clustered,486,5,5,0.7972778726861223,False,,76.95,2.215
487,13802,10.1016/0378-7753(91)80004-H,BF4,EC:0.500+PC:0.500,saltconc_weightedperm_weightedvisc,"salt_conc_x_weighted_permittivity, salt_conc_x_weighted_viscosity",,2,clustered,487,5,5,0.7972778726861223,False,,76.95,2.215
488,13805,10.1016/0378-7753(91)80004-H,BF4,EC:0.500+PC:0.500,saltconc_weightedperm_weightedvisc,"salt_conc_x_weighted_permittivity, salt_conc_x_weighted_viscosity",,2,clustered,488,5,5,0.7972778726861223,False,,76.95,2.215
489,13808,10.1016/0378-7753(91)80004-H,BF4,EC:0.500+PC:0.500,saltconc_weightedperm_weightedvisc,"salt_conc_x_weighted_permittivity, salt_conc_x_weighted_viscosity",,2,clustered,489,5,5,0.7972778726861223,False,,76.95,2.215
490,13811,10.1016/0378-7753(91)80004-H,BF4,EC:0.500+PC:0.500,saltconc_weightedperm_weightedvisc,"salt_conc_x_weighted_permittivity, salt_conc_x_weighted_viscosity",,2,clustered,490,5,5,0.7972778726861223,False,,76.95,2.215
491,13814,10.1016/0378-7753(91)80004-H,BF4,EC:0.500+PC:0.500,saltconc_weightedperm_weightedvisc,"salt_conc_x_weighted_permittivity, salt_conc_x_weighted_viscosity",,2,clustered,491,5,5,0.7972778726861223,False,,76.95,2.215
492,13817,10.1016/0378-7753(91)80004-H,BF4,EC:0.500+PC:0.500,saltconc_weightedperm_weightedvisc,"salt_conc_x_weighted_permittivity, salt_conc_x_weighted_viscosity",,2,clustered,492,5,5,0.7972778726861223,False,,76.95,2.215
493,13820,10.1016/0378-7753(91)80004-H,BF4,EC:0.500+PC:0.500,saltconc_weightedperm_weightedvisc,"salt_conc_x_weighted_permittivity, salt_conc_x_weighted_viscosity",,2,clustered,493,5,5,0.7972778726861223,False,,76.95,2.215
494,13823,10.1016/0378-7753(91)80004-H,BF4,EC:0.500+PC:0.500,saltconc_weightedperm_weightedvisc,"salt_conc_x_weighted_permittivity, salt_conc_x_weighted_viscosity",,2,clustered,494,5,5,0.7972778726861223,False,,76.95,2.215
0,23,10.1016/j.electacta.2008.04.023,PF6,EC:0.300+EMC:0.700,weightedperm_weightedvisc,"weighted_permittivity, weighted_viscosity_mPa_s_25C",28.73,3,clustered,0,6,6,0.9448105888567919,False,1.025,,
1,24,10.1016/j.electacta.2008.04.023,PF6,EC:0.300+EMC:0.700,weightedperm_weightedvisc,"weighted_permittivity, weighted_viscosity_mPa_s_25C",28.73,3,clustered,1,6,6,0.9448105888567919,False,1.025,,
2,25,10.1016/j.electacta.2008.04.023,PF6,EC:0.300+EMC:0.700,weightedperm_weightedvisc,"weighted_permittivity, weighted_viscosity_mPa_s_25C",28.73,3,clustered,2,6,6,0.9448105888567919,False,1.025,,
3,26,10.1016/j.electacta.2008.04.023,PF6,EC:0.300+EMC:0.700,weightedperm_weightedvisc,"weighted_permittivity, weighted_viscosity_mPa_s_25C",28.73,3,clustered,3,6,6,0.9448105888567919,False,1.025,,
4,27,10.1016/j.electacta.2008.04.023,PF6,EC:0.300+EMC:0.700,weightedperm_weightedvisc,"weighted_permittivity, weighted_viscosity_mPa_s_25C",28.73,3,clustered,4,6,6,0.9448105888567919,False,1.025,,
5,28,10.1016/j.electacta.2008.04.023,PF6,EC:0.300+EMC:0.700,weightedperm_weightedvisc,"weighted_permittivity, weighted_viscosity_mPa_s_25C",28.73,3,clustered,5,6,6,0.9448105888567919,False,1.025,,
6,29,10.1016/j.electacta.2008.04.023,PF6,EC:0.300+EMC:0.700,weightedperm_weightedvisc,"weighted_permittivity, weighted_viscosity_mPa_s_25C",28.73,3,clustered,6,6,6,0.9448105888567919,False,1.025,,
7,30,10.1016/j.electacta.2008.04.023,PF6,EC:0.300+EMC:0.700,weightedperm_weightedvisc,"weighted_permittivity, weighted_viscosity_mPa_s_25C",28.73,3,clustered,7,6,6,0.9448105888567919,False,1.025,,
8,31,10.1016/j.jpowsour.2010.12.040,FSI,EC:0.300+EMC:0.700,weightedperm_weightedvisc,"weighted_permittivity, weighted_viscosity_mPa_s_25C",28.73,3,clustered,8,6,6,0.9448105888567919,False,1.025,,
9,32,10.1016/j.jpowsour.2010.12.040,FSI,EC:0.300+EMC:0.700,weightedperm_weightedvisc,"weighted_permittivity, weighted_viscosity_mPa_s_25C",28.73,3,clustered,9,6,6,0.9448105888567919,False,1.025,,
10,33,10.1016/j.jpowsour.2010.12.040,FSI,EC:0.300+EMC:0.700,weightedperm_weightedvisc,"weighted_permittivity, weighted_viscosity_mPa_s_25C",28.73,3,clustered,10,6,6,0.9448105888567919,False,1.025,,
11,34,10.1016/j.jpowsour.2010.12.040,FSI,EC:0.300+EMC:0.700,weightedperm_weightedvisc,"weighted_permittivity, weighted_viscosity_mPa_s_25C",28.73,3,clustered,11,6,6,0.9448105888567919,False,1.025,,
12,35,10.1016/j.jpowsour.2010.12.040,FSI,EC:0.300+EMC:0.700,weightedperm_weightedvisc,"weighted_permittivity, weighted_viscosity_mPa_s_25C",28.73,3,clustered,12,6,6,0.9448105888567919,False,1.025,,
13,36,10.1016/j.jpowsour.2010.12.040,FSI,EC:0.300+EMC:0.700,weightedperm_weightedvisc,"weighted_permittivity, weighted_viscosity_mPa_s_25C",28.73,3,clustered,13,6,6,0.9448105888567919,False,1.025,,
14,37,10.1016/j.jpowsour.2010.12.040,FSI,EC:0.300+EMC:0.700,weightedperm_weightedvisc,"weighted_permittivity, weighted_viscosity_mPa_s_25C",28.73,3,clustered,14,6,6,0.9448105888567919,False,1.025,,
15,38,10.1016/j.jpowsour.2010.12.040,FSI,EC:0.300+EMC:0.700,weightedperm_weightedvisc,"weighted_permittivity, weighted_viscosity_mPa_s_25C",28.73,3,clustered,15,6,6,0.9448105888567919,False,1.025,,
16,39,10.1016/j.jpowsour.2010.12.040,FSI,EC:0.300+EMC:0.700,weightedperm_weightedvisc,"weighted_permittivity, weighted_viscosity_mPa_s_25C",28.73,3,clustered,16,6,6,0.9448105888567919,False,1.025,,
17,40,10.1016/j.jpowsour.2010.12.040,FSI,EC:0.300+EMC:0.700,weightedperm_weightedvisc,"weighted_permittivity, weighted_viscosity_mPa_s_25C",28.73,3,clustered,17,6,6,0.9448105888567919,False,1.025,,
18,41,10.1016/j.jpowsour.2010.12.040,FSI,EC:0.300+EMC:0.700,weightedperm_weightedvisc,"weighted_permittivity, weighted_viscosity_mPa_s_25C",28.73,3,clustered,18,6,6,0.9448105888567919,False,1.025,,
19,42,10.1016/j.jpowsour.2010.12.040,FSI,EC:0.300+EMC:0.700,weightedperm_weightedvisc,"weighted_permittivity, weighted_viscosity_mPa_s_25C",28.73,3,clustered,19,6,6,0.9448105888567919,False,1.025,,
20,43,10.1016/j.jpowsour.2010.12.040,FSI,EC:0.300+EMC:0.700,weightedperm_weightedvisc,"weighted_permittivity, weighted_viscosity_mPa_s_25C",28.73,3,clustered,20,6,6,0.9448105888567919,False,1.025,,
21,44,10.1016/j.jpowsour.2010.12.040,FSI,EC:0.300+EMC:0.700,weightedperm_weightedvisc,"weighted_permittivity, weighted_viscosity_mPa_s_25C",28.73,3,clustered,21,6,6,0.9448105888567919,False,1.025,,
22,45,10.1016/j.jpowsour.2010.12.040,FSI,EC:0.300+EMC:0.700,weightedperm_weightedvisc,"weighted_permittivity, weighted_viscosity_mPa_s_25C",28.73,3,clustered,22,6,6,0.9448105888567919,False,1.025,,
23,46,10.1016/j.jpowsour.2010.12.040,FSI,EC:0.300+EMC:0.700,weightedperm_weightedvisc,"weighted_permittivity, weighted_viscosity_mPa_s_25C",28.73,3,clustered,23,6,6,0.9448105888567919,False,1.025,,
24,47,10.1016/j.jpowsour.2010.12.040,FSI,EC:0.300+EMC:0.700,weightedperm_weightedvisc,"weighted_permittivity, weighted_viscosity_mPa_s_25C",28.73,3,clustered,24,6,6,0.9448105888567919,False,1.025,,
25,48,10.1016/j.jpowsour.2010.12.040,FSI,EC:0.300+EMC:0.700,weightedperm_weightedvisc,"weighted_permittivity, weighted_viscosity_mPa_s_25C",28.73,3,clustered,25,6,6,0.9448105888567919,False,1.025,,
26,49,10.1016/j.jpowsour.2010.12.040,FSI,EC:0.300+EMC:0.700,weightedperm_weightedvisc,"weighted_permittivity, weighted_viscosity_mPa_s_25C",28.73,3,clustered,26,6,6,0.9448105888567919,False,1.025,,
27,50,10.1016/j.jpowsour.2010.12.040,PF6,EC:0.300+EMC:0.700,weightedperm_weightedvisc,"weighted_permittivity, weighted_viscosity_mPa_s_25C",28.73,3,clustered,27,6,6,0.9448105888567919,False,1.025,,
28,51,10.1016/j.jpowsour.2010.12.040,PF6,EC:0.300+EMC:0.700,weightedperm_weightedvisc,"weighted_permittivity, weighted_viscosity_mPa_s_25C",28.73,3,clustered,28,6,6,0.9448105888567919,False,1.025,,
29,52,10.1016/j.jpowsour.2010.12.040,PF6,EC:0.300+EMC:0.700,weightedperm_weightedvisc,"weighted_permittivity, weighted_viscosity_mPa_s_25C",28.73,3,clustered,29,6,6,0.9448105888567919,False,1.025,,
30,53,10.1016/j.jpowsour.2010.12.040,PF6,EC:0.300+EMC:0.700,weightedperm_weightedvisc,"weighted_permittivity, weighted_viscosity_mPa_s_25C",28.73,3,clustered,30,6,6,0.9448105888567919,False,1.025,,
31,54,10.1016/j.jpowsour.2010.12.040,PF6,EC:0.300+EMC:0.700,weightedperm_weightedvisc,"weighted_permittivity, weighted_viscosity_mPa_s_25C",28.73,3,clustered,31,6,6,0.9448105888567919,False,1.025,,
32,55,10.1016/j.jpowsour.2010.12.040,PF6,EC:0.300+EMC:0.700,weightedperm_weightedvisc,"weighted_permittivity, weighted_viscosity_mPa_s_25C",28.73,3,clustered,32,6,6,0.9448105888567919,False,1.025,,
33,56,10.1016/j.jpowsour.2010.12.040,PF6,EC:0.300+EMC:0.700,weightedperm_weightedvisc,"weighted_permittivity, weighted_viscosity_mPa_s_25C",28.73,3,clustered,33,6,6,0.9448105888567919,False,1.025,,
34,57,10.1016/j.jpowsour.2010.12.040,PF6,EC:0.300+EMC:0.700,weightedperm_weightedvisc,"weighted_permittivity, weighted_viscosity_mPa_s_25C",28.73,3,clustered,34,6,6,0.9448105888567919,False,1.025,,
35,58,10.1016/j.jpowsour.2010.12.040,PF6,EC:0.300+EMC:0.700,weightedperm_weightedvisc,"weighted_permittivity, weighted_viscosity_mPa_s_25C",28.73,3,clustered,35,6,6,0.9448105888567919,False,1.025,,
36,59,10.1016/j.jpowsour.2010.12.040,PF6,EC:0.300+EMC:0.700,weightedperm_weightedvisc,"weighted_permittivity, weighted_viscosity_mPa_s_25C",28.73,3,clustered,36,6,6,0.9448105888567919,False,1.025,,
37,60,10.1016/j.jpowsour.2010.12.040,BF4,EC:0.300+EMC:0.700,weightedperm_weightedvisc,"weighted_permittivity, weighted_viscosity_mPa_s_25C",28.73,3,clustered,37,6,6,0.9448105888567919,False,1.025,,
38,61,10.1016/j.jpowsour.2010.12.040,BF4,EC:0.300+EMC:0.700,weightedperm_weightedvisc,"weighted_permittivity, weighted_viscosity_mPa_s_25C",28.73,3,clustered,38,6,6,0.9448105888567919,False,1.025,,
39,62,10.1016/j.jpowsour.2010.12.040,BF4,EC:0.300+EMC:0.700,weightedperm_weightedvisc,"weighted_permittivity, weighted_viscosity_mPa_s_25C",28.73,3,clustered,39,6,6,0.9448105888567919,False,1.025,,
40,63,10.1016/j.jpowsour.2010.12.040,BF4,EC:0.300+EMC:0.700,weightedperm_weightedvisc,"weighted_permittivity, weighted_viscosity_mPa_s_25C",28.73,3,clustered,40,6,6,0.9448105888567919,False,1.025,,
41,64,10.1016/j.jpowsour.2010.12.040,BF4,EC:0.300+EMC:0.700,weightedperm_weightedvisc,"weighted_permittivity, weighted_viscosity_mPa_s_25C",28.73,3,clustered,41,6,6,0.9448105888567919,False,1.025,,
42,65,10.1016/j.jpowsour.2010.12.040,BF4,EC:0.300+EMC:0.700,weightedperm_weightedvisc,"weighted_permittivity, weighted_viscosity_mPa_s_25C",28.73,3,clustered,42,6,6,0.9448105888567919,False,1.025,,
43,66,10.1016/j.jpowsour.2010.12.040,BF4,EC:0.300+EMC:0.700,weightedperm_weightedvisc,"weighted_permittivity, weighted_viscosity_mPa_s_25C",28.73,3,clustered,43,6,6,0.9448105888567919,False,1.025,,
44,67,10.1016/j.jpowsour.2010.12.040,BF4,EC:0.300+EMC:0.700,weightedperm_weightedvisc,"weighted_permittivity, weighted_viscosity_mPa_s_25C",28.73,3,clustered,44,6,6,0.9448105888567919,False,1.025,,
45,68,10.1016/j.jpowsour.2010.12.040,BF4,EC:0.300+EMC:0.700,weightedperm_weightedvisc,"weighted_permittivity, weighted_viscosity_mPa_s_25C",28.73,3,clustered,45,6,6,0.9448105888567919,False,1.025,,
46,69,10.1016/j.jpowsour.2010.12.040,BF4,EC:0.300+EMC:0.700,weightedperm_weightedvisc,"weighted_permittivity, weighted_viscosity_mPa_s_25C",28.73,3,clustered,46,6,6,0.9448105888567919,False,1.025,,
47,70,10.1016/j.jpowsour.2010.12.040,BF4,EC:0.300+EMC:0.700,weightedperm_weightedvisc,"weighted_permittivity, weighted_viscosity_mPa_s_25C",28.73,3,clustered,47,6,6,0.9448105888567919,False,1.025,,
48,71,10.1016/j.jpowsour.2010.12.040,BF4,EC:0.300+EMC:0.700,weightedperm_weightedvisc,"weighted_permittivity, weighted_viscosity_mPa_s_25C",28.73,3,clustered,48,6,6,0.9448105888567919,False,1.025,,
49,72,10.1016/j.jpowsour.2010.12.040,BF4,EC:0.300+EMC:0.700,weightedperm_weightedvisc,"weighted_permittivity, weighted_viscosity_mPa_s_25C",28.73,3,clustered,49,6,6,0.9448105888567919,False,1.025,,
50,73,10.1016/j.jpowsour.2010.12.040,BF4,EC:0.300+EMC:0.700,weightedperm_weightedvisc,"weighted_permittivity, weighted_viscosity_mPa_s_25C",28.73,3,clustered,50,6,6,0.9448105888567919,False,1.025,,
51,74,10.1016/j.jpowsour.2010.12.040,BF4,EC:0.300+EMC:0.700,weightedperm_weightedvisc,"weighted_permittivity, weighted_viscosity_mPa_s_25C",28.73,3,clustered,51,6,6,0.9448105888567919,False,1.025,,
52,75,10.1016/j.jpowsour.2010.12.040,BF4,EC:0.300+EMC:0.700,weightedperm_weightedvisc,"weighted_permittivity, weighted_viscosity_mPa_s_25C",28.73,3,clustered,52,6,6,0.9448105888567919,False,1.025,,
53,76,10.1016/j.jpowsour.2010.12.040,BF4,EC:0.300+EMC:0.700,weightedperm_weightedvisc,"weighted_permittivity, weighted_viscosity_mPa_s_25C",28.73,3,clustered,53,6,6,0.9448105888567919,False,1.025,,
54,77,10.1016/j.jpowsour.2010.12.040,BF4,EC:0.300+EMC:0.700,weightedperm_weightedvisc,"weighted_permittivity, weighted_viscosity_mPa_s_25C",28.73,3,clustered,54,6,6,0.9448105888567919,False,1.025,,
55,78,10.1016/j.jpowsour.2010.12.040,BF4,EC:0.300+EMC:0.700,weightedperm_weightedvisc,"weighted_permittivity, weighted_viscosity_mPa_s_25C",28.73,3,clustered,55,6,6,0.9448105888567919,False,1.025,,
56,79,10.1016/j.jpowsour.2010.12.040,BF4,EC:0.300+EMC:0.700,weightedperm_weightedvisc,"weighted_permittivity, weighted_viscosity_mPa_s_25C",28.73,3,clustered,56,6,6,0.9448105888567919,False,1.025,,
57,106,10.1016/j.jpowsour.2011.06.030,PF6,EC:0.500+DMC:0.500,weightedperm_weightedvisc,"weighted_permittivity, weighted_viscosity_mPa_s_25C",46.05,1,clustered,57,6,6,0.9448105888567919,False,1.245,,
58,107,10.1016/j.jpowsour.2011.06.030,PF6,EC:0.500+DMC:0.500,weightedperm_weightedvisc,"weighted_permittivity, weighted_viscosity_mPa_s_25C",46.05,1,clustered,58,6,6,0.9448105888567919,False,1.245,,
59,108,10.1016/j.jpowsour.2011.06.030,PF6,EC:0.500+DMC:0.500,weightedperm_weightedvisc,"weighted_permittivity, weighted_viscosity_mPa_s_25C",46.05,1,clustered,59,6,6,0.9448105888567919,False,1.245,,
60,109,10.1016/j.jpowsour.2011.06.030,PF6,EC:0.500+DMC:0.500,weightedperm_weightedvisc,"weighted_permittivity, weighted_viscosity_mPa_s_25C",46.05,1,clustered,60,6,6,0.9448105888567919,False,1.245,,
61,110,10.1016/j.jpowsour.2011.06.030,PF6,EC:0.500+DMC:0.500,weightedperm_weightedvisc,"weighted_permittivity, weighted_viscosity_mPa_s_25C",46.05,1,clustered,61,6,6,0.9448105888567919,False,1.245,,
62,111,10.1016/j.jpowsour.2011.06.030,PF6,EC:0.500+DMC:0.500,weightedperm_weightedvisc,"weighted_permittivity, weighted_viscosity_mPa_s_25C",46.05,1,clustered,62,6,6,0.9448105888567919,False,1.245,,
63,112,10.1016/j.jpowsour.2011.06.030,PF6,EC:0.500+DMC:0.500,weightedperm_weightedvisc,"weighted_permittivity, weighted_viscosity_mPa_s_25C",46.05,1,clustered,63,6,6,0.9448105888567919,False,1.245,,
64,113,10.1016/j.jpowsour.2011.06.030,PF6,EC:0.500+DMC:0.500,weightedperm_weightedvisc,"weighted_permittivity, weighted_viscosity_mPa_s_25C",46.05,1,clustered,64,6,6,0.9448105888567919,False,1.245,,
65,114,10.1016/j.jpowsour.2011.06.030,PF6,EC:0.500+DMC:0.500,weightedperm_weightedvisc,"weighted_permittivity, weighted_viscosity_mPa_s_25C",46.05,1,clustered,65,6,6,0.9448105888567919,False,1.245,,
66,115,10.1016/j.jpowsour.2011.06.030,PF6,EC:0.500+DMC:0.500,weightedperm_weightedvisc,"weighted_permittivity, weighted_viscosity_mPa_s_25C",46.05,1,clustered,66,6,6,0.9448105888567919,False,1.245,,
67,116,10.1016/j.jpowsour.2011.06.030,PF6,EC:0.500+DMC:0.500,weightedperm_weightedvisc,"weighted_permittivity, weighted_viscosity_mPa_s_25C",46.05,1,clustered,67,6,6,0.9448105888567919,False,1.245,,
68,117,10.1016/j.jpowsour.2011.06.030,PF6,EC:0.500+DMC:0.500,weightedperm_weightedvisc,"weighted_permittivity, weighted_viscosity_mPa_s_25C",46.05,1,clustered,68,6,6,0.9448105888567919,False,1.245,,
69,118,10.1016/j.jpowsour.2011.06.030,PF6,EC:0.500+DMC:0.500,weightedperm_weightedvisc,"weighted_permittivity, weighted_viscosity_mPa_s_25C",46.05,1,clustered,69,6,6,0.9448105888567919,False,1.245,,
70,119,10.1016/j.jpowsour.2011.07.071,TFSI,EC:0.100+DMC:0.900,weightedperm_weightedvisc,"weighted_permittivity, weighted_viscosity_mPa_s_25C",11.69,4,clustered,70,6,6,0.9448105888567919,False,0.7210000000000001,,
71,120,10.1016/j.jpowsour.2011.07.071,TFSI,EC:0.200+DMC:0.800,weightedperm_weightedvisc,"weighted_permittivity, weighted_viscosity_mPa_s_25C",20.28,3,clustered,71,6,6,0.9448105888567919,False,0.852,,
72,121,10.1016/j.jpowsour.2011.07.071,TFSI,EC:0.250+DMC:0.750,weightedperm_weightedvisc,"weighted_permittivity, weighted_viscosity_mPa_s_25C",24.575,3,clustered,72,6,6,0.9448105888567919,False,0.9175,,
73,122,10.1016/j.jpowsour.2011.07.071,TFSI,EC:0.300+DMC:0.700,weightedperm_weightedvisc,"weighted_permittivity, weighted_viscosity_mPa_s_25C",28.87,3,clustered,73,6,6,0.9448105888567919,False,0.983,,
74,123,10.1016/j.jpowsour.2011.07.071,TFSI,EC:0.400+DMC:0.600,weightedperm_weightedvisc,"weighted_permittivity, weighted_viscosity_mPa_s_25C",37.46,3,clustered,74,6,6,0.9448105888567919,False,1.114,,
75,124,10.1016/j.jpowsour.2011.07.071,TFSI,EC:0.500+DMC:0.500,weightedperm_weightedvisc,"weighted_permittivity, weighted_viscosity_mPa_s_25C",46.05,1,clustered,75,6,6,0.9448105888567919,False,1.245,,
76,125,10.1016/j.jpowsour.2011.07.071,TFSI,EC:0.600+DMC:0.400,weightedperm_weightedvisc,"weighted_permittivity, weighted_viscosity_mPa_s_25C",54.64,1,clustered,76,6,6,0.9448105888567919,False,1.376,,
77,126,10.1016/j.jpowsour.2011.07.071,TFSI,EC:0.700+DMC:0.300,weightedperm_weightedvisc,"weighted_permittivity, weighted_viscosity_mPa_s_25C",63.23,6,clustered,77,6,6,0.9448105888567919,False,1.507,,
78,127,10.1016/j.jpowsour.2011.07.071,TFSI,EC:0.800+DMC:0.200,weightedperm_weightedvisc,"weighted_permittivity, weighted_viscosity_mPa_s_25C",71.82000000000001,6,clustered,78,6,6,0.9448105888567919,False,1.638,,
79,128,10.1016/j.jpowsour.2011.07.071,TFSI,EC:1.000,weightedperm_weightedvisc,"weighted_permittivity, weighted_viscosity_mPa_s_25C",89.0,5,clustered,79,6,6,0.9448105888567919,False,1.9,,
80,129,10.1016/j.jpowsour.2011.07.071,TFSI,DMC:1.000,weightedperm_weightedvisc,"weighted_permittivity, weighted_viscosity_mPa_s_25C",3.1,4,clustered,80,6,6,0.9448105888567919,False,0.59,,
81,130,10.1016/j.jpowsour.2011.07.071,PF6,EC:0.500+DMC:0.500,weightedperm_weightedvisc,"weighted_permittivity, weighted_viscosity_mPa_s_25C",46.05,1,clustered,81,6,6,0.9448105888567919,False,1.245,,
82,131,10.1016/j.jpowsour.2011.07.071,PF6,EC:0.500+DMC:0.500,weightedperm_weightedvisc,"weighted_permittivity, weighted_viscosity_mPa_s_25C",46.05,1,clustered,82,6,6,0.9448105888567919,False,1.245,,
83,132,10.1016/j.jpowsour.2011.07.071,PF6,EC:0.500+DMC:0.500,weightedperm_weightedvisc,"weighted_permittivity, weighted_viscosity_mPa_s_25C",46.05,1,clustered,83,6,6,0.9448105888567919,False,1.245,,
84,133,10.1016/j.jpowsour.2011.07.071,PF6,EC:0.500+DMC:0.500,weightedperm_weightedvisc,"weighted_permittivity, weighted_viscosity_mPa_s_25C",46.05,1,clustered,84,6,6,0.9448105888567919,False,1.245,,
85,134,10.1016/j.jpowsour.2011.07.071,PF6,EC:0.500+DMC:0.500,weightedperm_weightedvisc,"weighted_permittivity, weighted_viscosity_mPa_s_25C",46.05,1,clustered,85,6,6,0.9448105888567919,False,1.245,,
86,135,10.1016/j.jpowsour.2011.07.071,PF6,EC:0.500+DMC:0.500,weightedperm_weightedvisc,"weighted_permittivity, weighted_viscosity_mPa_s_25C",46.05,1,clustered,86,6,6,0.9448105888567919,False,1.245,,
87,136,10.1016/j.jpowsour.2011.07.071,PF6,EC:0.500+DMC:0.500,weightedperm_weightedvisc,"weighted_permittivity, weighted_viscosity_mPa_s_25C",46.05,1,clustered,87,6,6,0.9448105888567919,False,1.245,,
88,137,10.1016/j.jpowsour.2011.07.071,PF6,EC:0.500+DMC:0.500,weightedperm_weightedvisc,"weighted_permittivity, weighted_viscosity_mPa_s_25C",46.05,1,clustered,88,6,6,0.9448105888567919,False,1.245,,
89,138,10.1016/j.jpowsour.2011.07.071,PF6,EC:0.500+DMC:0.500,weightedperm_weightedvisc,"weighted_permittivity, weighted_viscosity_mPa_s_25C",46.05,1,clustered,89,6,6,0.9448105888567919,False,1.245,,
90,139,10.1016/j.jpowsour.2011.07.071,PF6,EC:0.500+DMC:0.500,weightedperm_weightedvisc,"weighted_permittivity, weighted_viscosity_mPa_s_25C",46.05,1,clustered,90,6,6,0.9448105888567919,False,1.245,,
91,140,10.1016/j.jpowsour.2011.07.071,PF6,EC:0.500+DMC:0.500,weightedperm_weightedvisc,"weighted_permittivity, weighted_viscosity_mPa_s_25C",46.05,1,clustered,91,6,6,0.9448105888567919,False,1.245,,
92,141,10.1016/j.jpowsour.2011.07.071,PF6,EC:0.500+DMC:0.500,weightedperm_weightedvisc,"weighted_permittivity, weighted_viscosity_mPa_s_25C",46.05,1,clustered,92,6,6,0.9448105888567919,False,1.245,,
93,142,10.1016/j.jpowsour.2011.07.071,PF6,EC:0.500+DMC:0.500,weightedperm_weightedvisc,"weighted_permittivity, weighted_viscosity_mPa_s_25C",46.05,1,clustered,93,6,6,0.9448105888567919,False,1.245,,
94,143,10.1016/j.jpowsour.2011.07.071,PF6,EC:0.500+DMC:0.500,weightedperm_weightedvisc,"weighted_permittivity, weighted_viscosity_mPa_s_25C",46.05,1,clustered,94,6,6,0.9448105888567919,False,1.245,,
95,144,10.1016/j.jpowsour.2011.07.071,PF6,EC:0.500+DMC:0.500,weightedperm_weightedvisc,"weighted_permittivity, weighted_viscosity_mPa_s_25C",46.05,1,clustered,95,6,6,0.9448105888567919,False,1.245,,
96,145,10.1016/j.jpowsour.2011.07.071,PF6,EC:0.500+DMC:0.500,weightedperm_weightedvisc,"weighted_permittivity, weighted_viscosity_mPa_s_25C",46.05,1,clustered,96,6,6,0.9448105888567919,False,1.245,,
97,146,10.1016/j.jpowsour.2011.07.071,PF6,EC:0.500+DMC:0.500,weightedperm_weightedvisc,"weighted_permittivity, weighted_viscosity_mPa_s_25C",46.05,1,clustered,97,6,6,0.9448105888567919,False,1.245,,
98,147,10.1016/j.jpowsour.2011.07.071,PF6,EC:0.500+DMC:0.500,weightedperm_weightedvisc,"weighted_permittivity, weighted_viscosity_mPa_s_25C",46.05,1,clustered,98,6,6,0.9448105888567919,False,1.245,,
99,148,10.1016/j.jpowsour.2011.07.071,PF6,EC:0.500+DMC:0.500,weightedperm_weightedvisc,"weighted_permittivity, weighted_viscosity_mPa_s_25C",46.05,1,clustered,99,6,6,0.9448105888567919,False,1.245,,
100,149,10.1016/j.jpowsour.2011.07.071,PF6,EC:0.500+DMC:0.500,weightedperm_weightedvisc,"weighted_permittivity, weighted_viscosity_mPa_s_25C",46.05,1,clustered,100,6,6,0.9448105888567919,False,1.245,,
101,150,10.1016/j.jpowsour.2011.07.071,PF6,EC:0.500+DMC:0.500,weightedperm_weightedvisc,"weighted_permittivity, weighted_viscosity_mPa_s_25C",46.05,1,clustered,101,6,6,0.9448105888567919,False,1.245,,
102,151,10.1016/j.jpowsour.2011.07.071,PF6,EC:0.500+DMC:0.500,weightedperm_weightedvisc,"weighted_permittivity, weighted_viscosity_mPa_s_25C",46.05,1,clustered,102,6,6,0.9448105888567919,False,1.245,,
103,152,10.1016/j.jpowsour.2011.07.071,PF6,EC:0.500+DMC:0.500,weightedperm_weightedvisc,"weighted_permittivity, weighted_viscosity_mPa_s_25C",46.05,1,clustered,103,6,6,0.9448105888567919,False,1.245,,
104,153,10.1016/j.jpowsour.2011.07.071,PF6,EC:0.500+DMC:0.500,weightedperm_weightedvisc,"weighted_permittivity, weighted_viscosity_mPa_s_25C",46.05,1,clustered,104,6,6,0.9448105888567919,False,1.245,,
105,154,10.1016/j.jpowsour.2011.07.071,PF6,EC:0.500+DMC:0.500,weightedperm_weightedvisc,"weighted_permittivity, weighted_viscosity_mPa_s_25C",46.05,1,clustered,105,6,6,0.9448105888567919,False,1.245,,
106,155,10.1016/j.jpowsour.2011.07.071,PF6,EC:0.500+DMC:0.500,weightedperm_weightedvisc,"weighted_permittivity, weighted_viscosity_mPa_s_25C",46.05,1,clustered,106,6,6,0.9448105888567919,False,1.245,,
107,156,10.1016/j.jpowsour.2011.07.071,PF6,EC:0.500+DMC:0.500,weightedperm_weightedvisc,"weighted_permittivity, weighted_viscosity_mPa_s_25C",46.05,1,clustered,107,6,6,0.9448105888567919,False,1.245,,
108,157,10.1016/j.jpowsour.2011.07.071,PF6,EC:0.500+DMC:0.500,weightedperm_weightedvisc,"weighted_permittivity, weighted_viscosity_mPa_s_25C",46.05,1,clustered,108,6,6,0.9448105888567919,False,1.245,,
109,158,10.1016/j.jpowsour.2011.07.071,PF6,EC:0.500+DMC:0.500,weightedperm_weightedvisc,"weighted_permittivity, weighted_viscosity_mPa_s_25C",46.05,1,clustered,109,6,6,0.9448105888567919,False,1.245,,
110,159,10.1016/j.jpowsour.2011.07.071,PF6,EC:0.500+DMC:0.500,weightedperm_weightedvisc,"weighted_permittivity, weighted_viscosity_mPa_s_25C",46.05,1,clustered,110,6,6,0.9448105888567919,False,1.245,,
111,160,10.1016/j.jpowsour.2011.07.071,PF6,EC:0.500+DMC:0.500,weightedperm_weightedvisc,"weighted_permittivity, weighted_viscosity_mPa_s_25C",46.05,1,clustered,111,6,6,0.9448105888567919,False,1.245,,
112,161,10.1016/j.jpowsour.2011.07.071,PF6,EC:0.500+DMC:0.500,weightedperm_weightedvisc,"weighted_permittivity, weighted_viscosity_mPa_s_25C",46.05,1,clustered,112,6,6,0.9448105888567919,False,1.245,,
113,162,10.1016/j.jpowsour.2011.07.071,PF6,EC:0.500+DMC:0.500,weightedperm_weightedvisc,"weighted_permittivity, weighted_viscosity_mPa_s_25C",46.05,1,clustered,113,6,6,0.9448105888567919,False,1.245,,
114,163,10.1016/j.jpowsour.2011.07.071,PF6,EC:0.500+DMC:0.500,weightedperm_weightedvisc,"weighted_permittivity, weighted_viscosity_mPa_s_25C",46.05,1,clustered,114,6,6,0.9448105888567919,False,1.245,,
115,164,10.1016/j.jpowsour.2011.07.071,PF6,EC:0.500+DMC:0.500,weightedperm_weightedvisc,"weighted_permittivity, weighted_viscosity_mPa_s_25C",46.05,1,clustered,115,6,6,0.9448105888567919,False,1.245,,
116,165,10.1016/j.jpowsour.2011.07.071,PF6,EC:0.500+DMC:0.500,weightedperm_weightedvisc,"weighted_permittivity, weighted_viscosity_mPa_s_25C",46.05,1,clustered,116,6,6,0.9448105888567919,False,1.245,,
117,166,10.1016/j.jpowsour.2011.07.071,PF6,EC:0.500+DMC:0.500,weightedperm_weightedvisc,"weighted_permittivity, weighted_viscosity_mPa_s_25C",46.05,1,clustered,117,6,6,0.9448105888567919,False,1.245,,
118,167,10.1016/j.jpowsour.2011.07.071,PF6,EC:0.500+DMC:0.500,weightedperm_weightedvisc,"weighted_permittivity, weighted_viscosity_mPa_s_25C",46.05,1,clustered,118,6,6,0.9448105888567919,False,1.245,,
119,168,10.1016/j.jpowsour.2011.07.071,PF6,EC:0.500+DMC:0.500,weightedperm_weightedvisc,"weighted_permittivity, weighted_viscosity_mPa_s_25C",46.05,1,clustered,119,6,6,0.9448105888567919,False,1.245,,
120,169,10.1016/j.jpowsour.2011.07.071,PF6,EC:0.500+DMC:0.500,weightedperm_weightedvisc,"weighted_permittivity, weighted_viscosity_mPa_s_25C",46.05,1,clustered,120,6,6,0.9448105888567919,False,1.245,,
121,170,10.1016/j.jpowsour.2011.07.071,PF6,EC:0.500+DMC:0.500,weightedperm_weightedvisc,"weighted_permittivity, weighted_viscosity_mPa_s_25C",46.05,1,clustered,121,6,6,0.9448105888567919,False,1.245,,
122,171,10.1016/j.jpowsour.2011.07.071,PF6,EC:0.500+DMC:0.500,weightedperm_weightedvisc,"weighted_permittivity, weighted_viscosity_mPa_s_25C",46.05,1,clustered,122,6,6,0.9448105888567919,False,1.245,,
123,172,10.1016/j.jpowsour.2011.07.071,PF6,EC:0.500+DMC:0.500,weightedperm_weightedvisc,"weighted_permittivity, weighted_viscosity_mPa_s_25C",46.05,1,clustered,123,6,6,0.9448105888567919,False,1.245,,
124,173,10.1016/j.jpowsour.2011.07.071,PF6,EC:0.500+DMC:0.500,weightedperm_weightedvisc,"weighted_permittivity, weighted_viscosity_mPa_s_25C",46.05,1,clustered,124,6,6,0.9448105888567919,False,1.245,,
125,174,10.1016/j.jpowsour.2011.07.071,PF6,EC:0.500+DMC:0.500,weightedperm_weightedvisc,"weighted_permittivity, weighted_viscosity_mPa_s_25C",46.05,1,clustered,125,6,6,0.9448105888567919,False,1.245,,
126,175,10.1016/j.jpowsour.2011.07.071,PF6,EC:0.500+DMC:0.500,weightedperm_weightedvisc,"weighted_permittivity, weighted_viscosity_mPa_s_25C",46.05,1,clustered,126,6,6,0.9448105888567919,False,1.245,,
127,176,10.1016/j.jpowsour.2011.07.071,PF6,EC:0.500+DMC:0.500,weightedperm_weightedvisc,"weighted_permittivity, weighted_viscosity_mPa_s_25C",46.05,1,clustered,127,6,6,0.9448105888567919,False,1.245,,
128,177,10.1016/j.jpowsour.2011.07.071,PF6,EC:0.500+DMC:0.500,weightedperm_weightedvisc,"weighted_permittivity, weighted_viscosity_mPa_s_25C",46.05,1,clustered,128,6,6,0.9448105888567919,False,1.245,,
129,178,10.1016/j.jpowsour.2011.07.071,PF6,EC:0.500+DMC:0.500,weightedperm_weightedvisc,"weighted_permittivity, weighted_viscosity_mPa_s_25C",46.05,1,clustered,129,6,6,0.9448105888567919,False,1.245,,
130,179,10.1016/j.jpowsour.2011.07.071,PF6,EC:0.500+DMC:0.500,weightedperm_weightedvisc,"weighted_permittivity, weighted_viscosity_mPa_s_25C",46.05,1,clustered,130,6,6,0.9448105888567919,False,1.245,,
131,180,10.1016/j.jpowsour.2011.07.071,PF6,EC:0.500+DMC:0.500,weightedperm_weightedvisc,"weighted_permittivity, weighted_viscosity_mPa_s_25C",46.05,1,clustered,131,6,6,0.9448105888567919,False,1.245,,
132,181,10.1016/j.jpowsour.2011.07.071,PF6,EC:0.500+DMC:0.500,weightedperm_weightedvisc,"weighted_permittivity, weighted_viscosity_mPa_s_25C",46.05,1,clustered,132,6,6,0.9448105888567919,False,1.245,,
133,182,10.1016/j.jpowsour.2011.07.071,PF6,EC:0.500+DMC:0.500,weightedperm_weightedvisc,"weighted_permittivity, weighted_viscosity_mPa_s_25C",46.05,1,clustered,133,6,6,0.9448105888567919,False,1.245,,
134,183,10.1016/j.jpowsour.2011.07.071,PF6,EC:0.500+DMC:0.500,weightedperm_weightedvisc,"weighted_permittivity, weighted_viscosity_mPa_s_25C",46.05,1,clustered,134,6,6,0.9448105888567919,False,1.245,,
135,184,10.1016/j.jpowsour.2011.07.071,PF6,EC:0.500+DMC:0.500,weightedperm_weightedvisc,"weighted_permittivity, weighted_viscosity_mPa_s_25C",46.05,1,clustered,135,6,6,0.9448105888567919,False,1.245,,
136,185,10.1016/j.jpowsour.2011.07.071,PF6,EC:0.500+DMC:0.500,weightedperm_weightedvisc,"weighted_permittivity, weighted_viscosity_mPa_s_25C",46.05,1,clustered,136,6,6,0.9448105888567919,False,1.245,,
137,186,10.1016/j.jpowsour.2011.07.071,PF6,EC:0.500+DMC:0.500,weightedperm_weightedvisc,"weighted_permittivity, weighted_viscosity_mPa_s_25C",46.05,1,clustered,137,6,6,0.9448105888567919,False,1.245,,
138,187,10.1016/j.jpowsour.2011.07.071,PF6,EC:0.500+DMC:0.500,weightedperm_weightedvisc,"weighted_permittivity, weighted_viscosity_mPa_s_25C",46.05,1,clustered,138,6,6,0.9448105888567919,False,1.245,,
139,188,10.1016/j.jpowsour.2011.07.071,PF6,EC:0.500+DMC:0.500,weightedperm_weightedvisc,"weighted_permittivity, weighted_viscosity_mPa_s_25C",46.05,1,clustered,139,6,6,0.9448105888567919,False,1.245,,
140,189,10.1016/j.jpowsour.2011.07.071,PF6,EC:0.500+DMC:0.500,weightedperm_weightedvisc,"weighted_permittivity, weighted_viscosity_mPa_s_25C",46.05,1,clustered,140,6,6,0.9448105888567919,False,1.245,,
141,190,10.1016/j.jpowsour.2011.07.071,PF6,EC:0.500+DMC:0.500,weightedperm_weightedvisc,"weighted_permittivity, weighted_viscosity_mPa_s_25C",46.05,1,clustered,141,6,6,0.9448105888567919,False,1.245,,
142,191,10.1016/j.jpowsour.2011.07.071,PF6,EC:0.500+DMC:0.500,weightedperm_weightedvisc,"weighted_permittivity, weighted_viscosity_mPa_s_25C",46.05,1,clustered,142,6,6,0.9448105888567919,False,1.245,,
143,192,10.1016/j.jpowsour.2011.07.071,PF6,EC:0.500+DMC:0.500,weightedperm_weightedvisc,"weighted_permittivity, weighted_viscosity_mPa_s_25C",46.05,1,clustered,143,6,6,0.9448105888567919,False,1.245,,
144,193,10.1016/j.jpowsour.2011.07.071,TFSI,EC:0.500+DMC:0.500,weightedperm_weightedvisc,"weighted_permittivity, weighted_viscosity_mPa_s_25C",46.05,1,clustered,144,6,6,0.9448105888567919,False,1.245,,
145,194,10.1016/j.jpowsour.2011.07.071,TFSI,EC:0.500+DMC:0.500,weightedperm_weightedvisc,"weighted_permittivity, weighted_viscosity_mPa_s_25C",46.05,1,clustered,145,6,6,0.9448105888567919,False,1.245,,
146,195,10.1016/j.jpowsour.2011.07.071,TFSI,EC:0.500+DMC:0.500,weightedperm_weightedvisc,"weighted_permittivity, weighted_viscosity_mPa_s_25C",46.05,1,clustered,146,6,6,0.9448105888567919,False,1.245,,
147,196,10.1016/j.jpowsour.2011.07.071,TFSI,EC:0.500+DMC:0.500,weightedperm_weightedvisc,"weighted_permittivity, weighted_viscosity_mPa_s_25C",46.05,1,clustered,147,6,6,0.9448105888567919,False,1.245,,
148,197,10.1016/j.jpowsour.2011.07.071,TFSI,EC:0.500+DMC:0.500,weightedperm_weightedvisc,"weighted_permittivity, weighted_viscosity_mPa_s_25C",46.05,1,clustered,148,6,6,0.9448105888567919,False,1.245,,
149,198,10.1016/j.jpowsour.2011.07.071,TFSI,EC:0.500+DMC:0.500,weightedperm_weightedvisc,"weighted_permittivity, weighted_viscosity_mPa_s_25C",46.05,1,clustered,149,6,6,0.9448105888567919,False,1.245,,
150,199,10.1016/j.jpowsour.2011.07.071,TFSI,EC:0.500+DMC:0.500,weightedperm_weightedvisc,"weighted_permittivity, weighted_viscosity_mPa_s_25C",46.05,1,clustered,150,6,6,0.9448105888567919,False,1.245,,
151,200,10.1016/j.jpowsour.2011.07.071,TFSI,EC:0.500+DMC:0.500,weightedperm_weightedvisc,"weighted_permittivity, weighted_viscosity_mPa_s_25C",46.05,1,clustered,151,6,6,0.9448105888567919,False,1.245,,
152,201,10.1016/j.jpowsour.2011.07.071,TFSI,EC:0.500+DMC:0.500,weightedperm_weightedvisc,"weighted_permittivity, weighted_viscosity_mPa_s_25C",46.05,1,clustered,152,6,6,0.9448105888567919,False,1.245,,
153,202,10.1016/j.jpowsour.2011.07.071,TFSI,EC:0.500+DMC:0.500,weightedperm_weightedvisc,"weighted_permittivity, weighted_viscosity_mPa_s_25C",46.05,1,clustered,153,6,6,0.9448105888567919,False,1.245,,
154,203,10.1016/j.jpowsour.2011.07.071,TFSI,EC:0.500+DMC:0.500,weightedperm_weightedvisc,"weighted_permittivity, weighted_viscosity_mPa_s_25C",46.05,1,clustered,154,6,6,0.9448105888567919,False,1.245,,
155,204,10.1016/j.jpowsour.2011.07.071,TFSI,EC:0.500+DMC:0.500,weightedperm_weightedvisc,"weighted_permittivity, weighted_viscosity_mPa_s_25C",46.05,1,clustered,155,6,6,0.9448105888567919,False,1.245,,
156,205,10.1016/j.jpowsour.2011.07.071,TFSI,EC:0.500+DMC:0.500,weightedperm_weightedvisc,"weighted_permittivity, weighted_viscosity_mPa_s_25C",46.05,1,clustered,156,6,6,0.9448105888567919,False,1.245,,
157,206,10.1016/j.jpowsour.2011.07.071,TFSI,EC:0.500+DMC:0.500,weightedperm_weightedvisc,"weighted_permittivity, weighted_viscosity_mPa_s_25C",46.05,1,clustered,157,6,6,0.9448105888567919,False,1.245,,
158,207,10.1016/j.jpowsour.2011.07.071,TFSI,EC:0.500+DMC:0.500,weightedperm_weightedvisc,"weighted_permittivity, weighted_viscosity_mPa_s_25C",46.05,1,clustered,158,6,6,0.9448105888567919,False,1.245,,
159,208,10.1016/j.jpowsour.2011.07.071,TFSI,EC:0.500+DMC:0.500,weightedperm_weightedvisc,"weighted_permittivity, weighted_viscosity_mPa_s_25C",46.05,1,clustered,159,6,6,0.9448105888567919,False,1.245,,
160,209,10.1016/j.jpowsour.2011.07.071,TFSI,EC:0.500+DMC:0.500,weightedperm_weightedvisc,"weighted_permittivity, weighted_viscosity_mPa_s_25C",46.05,1,clustered,160,6,6,0.9448105888567919,False,1.245,,
161,210,10.1016/j.jpowsour.2011.07.071,TFSI,EC:0.500+DMC:0.500,weightedperm_weightedvisc,"weighted_permittivity, weighted_viscosity_mPa_s_25C",46.05,1,clustered,161,6,6,0.9448105888567919,False,1.245,,
162,211,10.1016/j.jpowsour.2011.07.071,TFSI,EC:0.500+DMC:0.500,weightedperm_weightedvisc,"weighted_permittivity, weighted_viscosity_mPa_s_25C",46.05,1,clustered,162,6,6,0.9448105888567919,False,1.245,,
163,212,10.1016/j.jpowsour.2011.07.071,TFSI,EC:0.500+DMC:0.500,weightedperm_weightedvisc,"weighted_permittivity, weighted_viscosity_mPa_s_25C",46.05,1,clustered,163,6,6,0.9448105888567919,False,1.245,,
164,213,10.1016/j.jpowsour.2011.07.071,TFSI,EC:0.500+DMC:0.500,weightedperm_weightedvisc,"weighted_permittivity, weighted_viscosity_mPa_s_25C",46.05,1,clustered,164,6,6,0.9448105888567919,False,1.245,,
165,214,10.1016/j.jpowsour.2011.07.071,TFSI,EC:0.500+DMC:0.500,weightedperm_weightedvisc,"weighted_permittivity, weighted_viscosity_mPa_s_25C",46.05,1,clustered,165,6,6,0.9448105888567919,False,1.245,,
166,215,10.1016/j.jpowsour.2011.07.071,TFSI,EC:0.500+DMC:0.500,weightedperm_weightedvisc,"weighted_permittivity, weighted_viscosity_mPa_s_25C",46.05,1,clustered,166,6,6,0.9448105888567919,False,1.245,,
167,216,10.1016/j.jpowsour.2011.07.071,TFSI,EC:0.500+DMC:0.500,weightedperm_weightedvisc,"weighted_permittivity, weighted_viscosity_mPa_s_25C",46.05,1,clustered,167,6,6,0.9448105888567919,False,1.245,,
168,217,10.1016/j.jpowsour.2011.07.071,TFSI,EC:0.500+DMC:0.500,weightedperm_weightedvisc,"weighted_permittivity, weighted_viscosity_mPa_s_25C",46.05,1,clustered,168,6,6,0.9448105888567919,False,1.245,,
169,218,10.1016/j.jpowsour.2011.07.071,TFSI,EC:0.500+DMC:0.500,weightedperm_weightedvisc,"weighted_permittivity, weighted_viscosity_mPa_s_25C",46.05,1,clustered,169,6,6,0.9448105888567919,False,1.245,,
170,219,10.1016/j.jpowsour.2011.07.071,TFSI,EC:0.500+DMC:0.500,weightedperm_weightedvisc,"weighted_permittivity, weighted_viscosity_mPa_s_25C",46.05,1,clustered,170,6,6,0.9448105888567919,False,1.245,,
171,220,10.1016/j.jpowsour.2011.07.071,TFSI,EC:0.500+DMC:0.500,weightedperm_weightedvisc,"weighted_permittivity, weighted_viscosity_mPa_s_25C",46.05,1,clustered,171,6,6,0.9448105888567919,False,1.245,,
172,221,10.1016/j.jpowsour.2011.07.071,TFSI,EC:0.500+DMC:0.500,weightedperm_weightedvisc,"weighted_permittivity, weighted_viscosity_mPa_s_25C",46.05,1,clustered,172,6,6,0.9448105888567919,False,1.245,,
173,222,10.1016/j.jpowsour.2011.07.071,TFSI,EC:0.500+DMC:0.500,weightedperm_weightedvisc,"weighted_permittivity, weighted_viscosity_mPa_s_25C",46.05,1,clustered,173,6,6,0.9448105888567919,False,1.245,,
174,223,10.1016/j.jpowsour.2011.07.071,TFSI,EC:0.500+DMC:0.500,weightedperm_weightedvisc,"weighted_permittivity, weighted_viscosity_mPa_s_25C",46.05,1,clustered,174,6,6,0.9448105888567919,False,1.245,,
175,224,10.1016/j.jpowsour.2011.07.071,TFSI,EC:0.500+DMC:0.500,weightedperm_weightedvisc,"weighted_permittivity, weighted_viscosity_mPa_s_25C",46.05,1,clustered,175,6,6,0.9448105888567919,False,1.245,,
176,225,10.1016/j.jpowsour.2011.07.071,TFSI,EC:0.500+DMC:0.500,weightedperm_weightedvisc,"weighted_permittivity, weighted_viscosity_mPa_s_25C",46.05,1,clustered,176,6,6,0.9448105888567919,False,1.245,,
177,226,10.1016/j.jpowsour.2011.07.071,TFSI,EC:0.500+DMC:0.500,weightedperm_weightedvisc,"weighted_permittivity, weighted_viscosity_mPa_s_25C",46.05,1,clustered,177,6,6,0.9448105888567919,False,1.245,,
178,227,10.1016/j.jpowsour.2011.07.071,TFSI,EC:0.500+DMC:0.500,weightedperm_weightedvisc,"weighted_permittivity, weighted_viscosity_mPa_s_25C",46.05,1,clustered,178,6,6,0.9448105888567919,False,1.245,,
179,228,10.1016/j.jpowsour.2011.07.071,TFSI,EC:0.500+DMC:0.500,weightedperm_weightedvisc,"weighted_permittivity, weighted_viscosity_mPa_s_25C",46.05,1,clustered,179,6,6,0.9448105888567919,False,1.245,,
180,229,10.1016/j.jpowsour.2011.07.071,TFSI,EC:0.500+DMC:0.500,weightedperm_weightedvisc,"weighted_permittivity, weighted_viscosity_mPa_s_25C",46.05,1,clustered,180,6,6,0.9448105888567919,False,1.245,,
181,230,10.1016/j.jpowsour.2011.07.071,TFSI,EC:0.500+DMC:0.500,weightedperm_weightedvisc,"weighted_permittivity, weighted_viscosity_mPa_s_25C",46.05,1,clustered,181,6,6,0.9448105888567919,False,1.245,,
182,231,10.1016/j.jpowsour.2011.07.071,TFSI,EC:0.500+DMC:0.500,weightedperm_weightedvisc,"weighted_permittivity, weighted_viscosity_mPa_s_25C",46.05,1,clustered,182,6,6,0.9448105888567919,False,1.245,,
183,232,10.1016/j.jpowsour.2011.07.071,TFSI,EC:0.500+DMC:0.500,weightedperm_weightedvisc,"weighted_permittivity, weighted_viscosity_mPa_s_25C",46.05,1,clustered,183,6,6,0.9448105888567919,False,1.245,,
184,233,10.1016/j.jpowsour.2011.07.071,TFSI,EC:0.500+DMC:0.500,weightedperm_weightedvisc,"weighted_permittivity, weighted_viscosity_mPa_s_25C",46.05,1,clustered,184,6,6,0.9448105888567919,False,1.245,,
185,234,10.1016/j.jpowsour.2011.07.071,TFSI,EC:0.500+DMC:0.500,weightedperm_weightedvisc,"weighted_permittivity, weighted_viscosity_mPa_s_25C",46.05,1,clustered,185,6,6,0.9448105888567919,False,1.245,,
186,235,10.1016/j.jpowsour.2011.07.071,TFSI,EC:0.500+DMC:0.500,weightedperm_weightedvisc,"weighted_permittivity, weighted_viscosity_mPa_s_25C",46.05,1,clustered,186,6,6,0.9448105888567919,False,1.245,,
187,236,10.1016/j.jpowsour.2011.07.071,TFSI,EC:0.500+DMC:0.500,weightedperm_weightedvisc,"weighted_permittivity, weighted_viscosity_mPa_s_25C",46.05,1,clustered,187,6,6,0.9448105888567919,False,1.245,,
188,237,10.1016/j.jpowsour.2011.07.071,TFSI,EC:0.500+DMC:0.500,weightedperm_weightedvisc,"weighted_permittivity, weighted_viscosity_mPa_s_25C",46.05,1,clustered,188,6,6,0.9448105888567919,False,1.245,,
189,238,10.1016/j.jpowsour.2011.07.071,TFSI,EC:0.500+DMC:0.500,weightedperm_weightedvisc,"weighted_permittivity, weighted_viscosity_mPa_s_25C",46.05,1,clustered,189,6,6,0.9448105888567919,False,1.245,,
190,239,10.1016/j.jpowsour.2011.07.071,TFSI,EC:0.500+DMC:0.500,weightedperm_weightedvisc,"weighted_permittivity, weighted_viscosity_mPa_s_25C",46.05,1,clustered,190,6,6,0.9448105888567919,False,1.245,,
191,240,10.1016/j.jpowsour.2011.07.071,TFSI,EC:0.500+DMC:0.500,weightedperm_weightedvisc,"weighted_permittivity, weighted_viscosity_mPa_s_25C",46.05,1,clustered,191,6,6,0.9448105888567919,False,1.245,,
192,241,10.1016/j.jpowsour.2011.07.071,TFSI,EC:0.500+DMC:0.500,weightedperm_weightedvisc,"weighted_permittivity, weighted_viscosity_mPa_s_25C",46.05,1,clustered,192,6,6,0.9448105888567919,False,1.245,,
193,242,10.1016/j.jpowsour.2011.07.071,TFSI,EC:0.500+DMC:0.500,weightedperm_weightedvisc,"weighted_permittivity, weighted_viscosity_mPa_s_25C",46.05,1,clustered,193,6,6,0.9448105888567919,False,1.245,,
194,243,10.1016/j.jpowsour.2011.07.071,TFSI,EC:0.500+DMC:0.500,weightedperm_weightedvisc,"weighted_permittivity, weighted_viscosity_mPa_s_25C",46.05,1,clustered,194,6,6,0.9448105888567919,False,1.245,,
195,244,10.1016/j.jpowsour.2011.07.071,TFSI,EC:0.500+DMC:0.500,weightedperm_weightedvisc,"weighted_permittivity, weighted_viscosity_mPa_s_25C",46.05,1,clustered,195,6,6,0.9448105888567919,False,1.245,,
196,245,10.1016/j.jpowsour.2011.07.071,TFSI,EC:0.500+DMC:0.500,weightedperm_weightedvisc,"weighted_permittivity, weighted_viscosity_mPa_s_25C",46.05,1,clustered,196,6,6,0.9448105888567919,False,1.245,,
197,246,10.1016/j.jpowsour.2011.07.071,TFSI,EC:0.500+DMC:0.500,weightedperm_weightedvisc,"weighted_permittivity, weighted_viscosity_mPa_s_25C",46.05,1,clustered,197,6,6,0.9448105888567919,False,1.245,,
198,247,10.1016/j.jpowsour.2011.07.071,TFSI,EC:0.500+DMC:0.500,weightedperm_weightedvisc,"weighted_permittivity, weighted_viscosity_mPa_s_25C",46.05,1,clustered,198,6,6,0.9448105888567919,False,1.245,,
199,248,10.1016/j.jpowsour.2011.07.071,TFSI,EC:0.500+DMC:0.500,weightedperm_weightedvisc,"weighted_permittivity, weighted_viscosity_mPa_s_25C",46.05,1,clustered,199,6,6,0.9448105888567919,False,1.245,,
200,249,10.1016/j.jpowsour.2011.07.071,TFSI,EC:0.500+DMC:0.500,weightedperm_weightedvisc,"weighted_permittivity, weighted_viscosity_mPa_s_25C",46.05,1,clustered,200,6,6,0.9448105888567919,False,1.245,,
201,3593,10.1149/1.1344281,TFSI,PC:1.000,weightedperm_weightedvisc,"weighted_permittivity, weighted_viscosity_mPa_s_25C",64.9,2,clustered,201,6,6,0.9448105888567919,False,2.53,,
202,3594,10.1149/1.1344281,TFSI,PC:1.000,weightedperm_weightedvisc,"weighted_permittivity, weighted_viscosity_mPa_s_25C",64.9,2,clustered,202,6,6,0.9448105888567919,False,2.53,,
203,3595,10.1149/1.1344281,TFSI,PC:1.000,weightedperm_weightedvisc,"weighted_permittivity, weighted_viscosity_mPa_s_25C",64.9,2,clustered,203,6,6,0.9448105888567919,False,2.53,,
204,3596,10.1149/1.1344281,TFSI,PC:1.000,weightedperm_weightedvisc,"weighted_permittivity, weighted_viscosity_mPa_s_25C",64.9,2,clustered,204,6,6,0.9448105888567919,False,2.53,,
205,3597,10.1149/1.1344281,TFSI,PC:1.000,weightedperm_weightedvisc,"weighted_permittivity, weighted_viscosity_mPa_s_25C",64.9,2,clustered,205,6,6,0.9448105888567919,False,2.53,,
206,3598,10.1149/1.1344281,TFSI,PC:1.000,weightedperm_weightedvisc,"weighted_permittivity, weighted_viscosity_mPa_s_25C",64.9,2,clustered,206,6,6,0.9448105888567919,False,2.53,,
207,3599,10.1149/1.1344281,TFSI,PC:1.000,weightedperm_weightedvisc,"weighted_permittivity, weighted_viscosity_mPa_s_25C",64.9,2,clustered,207,6,6,0.9448105888567919,False,2.53,,
208,3600,10.1149/1.1344281,TFSI,PC:1.000,weightedperm_weightedvisc,"weighted_permittivity, weighted_viscosity_mPa_s_25C",64.9,2,clustered,208,6,6,0.9448105888567919,False,2.53,,
209,3601,10.1149/1.1344281,TFSI,PC:1.000,weightedperm_weightedvisc,"weighted_permittivity, weighted_viscosity_mPa_s_25C",64.9,2,clustered,209,6,6,0.9448105888567919,False,2.53,,
210,3602,10.1149/1.1344281,TFSI,PC:1.000,weightedperm_weightedvisc,"weighted_permittivity, weighted_viscosity_mPa_s_25C",64.9,2,clustered,210,6,6,0.9448105888567919,False,2.53,,
211,3603,10.1149/1.1344281,TFSI,PC:1.000,weightedperm_weightedvisc,"weighted_permittivity, weighted_viscosity_mPa_s_25C",64.9,2,clustered,211,6,6,0.9448105888567919,False,2.53,,
212,3604,10.1149/1.1344281,TFSI,PC:1.000,weightedperm_weightedvisc,"weighted_permittivity, weighted_viscosity_mPa_s_25C",64.9,2,clustered,212,6,6,0.9448105888567919,False,2.53,,
213,3605,10.1149/1.1344281,TFSI,PC:1.000,weightedperm_weightedvisc,"weighted_permittivity, weighted_viscosity_mPa_s_25C",64.9,2,clustered,213,6,6,0.9448105888567919,False,2.53,,
214,3606,10.1149/1.1344281,TFSI,PC:1.000,weightedperm_weightedvisc,"weighted_permittivity, weighted_viscosity_mPa_s_25C",64.9,2,clustered,214,6,6,0.9448105888567919,False,2.53,,
215,3607,10.1149/1.1344281,TFSI,PC:1.000,weightedperm_weightedvisc,"weighted_permittivity, weighted_viscosity_mPa_s_25C",64.9,2,clustered,215,6,6,0.9448105888567919,False,2.53,,
216,3608,10.1149/1.1344281,TFSI,PC:1.000,weightedperm_weightedvisc,"weighted_permittivity, weighted_viscosity_mPa_s_25C",64.9,2,clustered,216,6,6,0.9448105888567919,False,2.53,,
217,3609,10.1149/1.1344281,TFSI,PC:1.000,weightedperm_weightedvisc,"weighted_permittivity, weighted_viscosity_mPa_s_25C",64.9,2,clustered,217,6,6,0.9448105888567919,False,2.53,,
218,3610,10.1149/1.1344281,TFSI,PC:1.000,weightedperm_weightedvisc,"weighted_permittivity, weighted_viscosity_mPa_s_25C",64.9,2,clustered,218,6,6,0.9448105888567919,False,2.53,,
219,3611,10.1149/1.1344281,TFSI,PC:1.000,weightedperm_weightedvisc,"weighted_permittivity, weighted_viscosity_mPa_s_25C",64.9,2,clustered,219,6,6,0.9448105888567919,False,2.53,,
220,3612,10.1149/1.1344281,TFSI,PC:1.000,weightedperm_weightedvisc,"weighted_permittivity, weighted_viscosity_mPa_s_25C",64.9,2,clustered,220,6,6,0.9448105888567919,False,2.53,,
221,3613,10.1149/1.1344281,TFSI,PC:1.000,weightedperm_weightedvisc,"weighted_permittivity, weighted_viscosity_mPa_s_25C",64.9,2,clustered,221,6,6,0.9448105888567919,False,2.53,,
222,3614,10.1149/1.1344281,TFSI,PC:1.000,weightedperm_weightedvisc,"weighted_permittivity, weighted_viscosity_mPa_s_25C",64.9,2,clustered,222,6,6,0.9448105888567919,False,2.53,,
223,3615,10.1149/1.1344281,TFSI,PC:1.000,weightedperm_weightedvisc,"weighted_permittivity, weighted_viscosity_mPa_s_25C",64.9,2,clustered,223,6,6,0.9448105888567919,False,2.53,,
224,3616,10.1149/1.1344281,TFSI,PC:1.000,weightedperm_weightedvisc,"weighted_permittivity, weighted_viscosity_mPa_s_25C",64.9,2,clustered,224,6,6,0.9448105888567919,False,2.53,,
225,3617,10.1149/1.1344281,TFSI,PC:1.000,weightedperm_weightedvisc,"weighted_permittivity, weighted_viscosity_mPa_s_25C",64.9,2,clustered,225,6,6,0.9448105888567919,False,2.53,,
226,3618,10.1149/1.1344281,TFSI,PC:1.000,weightedperm_weightedvisc,"weighted_permittivity, weighted_viscosity_mPa_s_25C",64.9,2,clustered,226,6,6,0.9448105888567919,False,2.53,,
227,3619,10.1149/1.1344281,TFSI,PC:1.000,weightedperm_weightedvisc,"weighted_permittivity, weighted_viscosity_mPa_s_25C",64.9,2,clustered,227,6,6,0.9448105888567919,False,2.53,,
228,3620,10.1149/1.1344281,TFSI,PC:1.000,weightedperm_weightedvisc,"weighted_permittivity, weighted_viscosity_mPa_s_25C",64.9,2,clustered,228,6,6,0.9448105888567919,False,2.53,,
229,3621,10.1149/1.1344281,TFSI,PC:1.000,weightedperm_weightedvisc,"weighted_permittivity, weighted_viscosity_mPa_s_25C",64.9,2,clustered,229,6,6,0.9448105888567919,False,2.53,,
230,3622,10.1149/1.1344281,TFSI,PC:1.000,weightedperm_weightedvisc,"weighted_permittivity, weighted_viscosity_mPa_s_25C",64.9,2,clustered,230,6,6,0.9448105888567919,False,2.53,,
231,3623,10.1149/1.1344281,TFSI,PC:1.000,weightedperm_weightedvisc,"weighted_permittivity, weighted_viscosity_mPa_s_25C",64.9,2,clustered,231,6,6,0.9448105888567919,False,2.53,,
232,3624,10.1149/1.1344281,TFSI,PC:1.000,weightedperm_weightedvisc,"weighted_permittivity, weighted_viscosity_mPa_s_25C",64.9,2,clustered,232,6,6,0.9448105888567919,False,2.53,,
233,3625,10.1149/1.1344281,TFSI,PC:1.000,weightedperm_weightedvisc,"weighted_permittivity, weighted_viscosity_mPa_s_25C",64.9,2,clustered,233,6,6,0.9448105888567919,False,2.53,,
234,3724,10.1149/1.1344281,ClO4,PC:1.000,weightedperm_weightedvisc,"weighted_permittivity, weighted_viscosity_mPa_s_25C",64.9,2,clustered,234,6,6,0.9448105888567919,False,2.53,,
235,3725,10.1149/1.1344281,ClO4,PC:1.000,weightedperm_weightedvisc,"weighted_permittivity, weighted_viscosity_mPa_s_25C",64.9,2,clustered,235,6,6,0.9448105888567919,False,2.53,,
236,3726,10.1149/1.1344281,ClO4,PC:1.000,weightedperm_weightedvisc,"weighted_permittivity, weighted_viscosity_mPa_s_25C",64.9,2,clustered,236,6,6,0.9448105888567919,False,2.53,,
237,3727,10.1149/1.1344281,ClO4,PC:1.000,weightedperm_weightedvisc,"weighted_permittivity, weighted_viscosity_mPa_s_25C",64.9,2,clustered,237,6,6,0.9448105888567919,False,2.53,,
238,3728,10.1149/1.1344281,ClO4,PC:1.000,weightedperm_weightedvisc,"weighted_permittivity, weighted_viscosity_mPa_s_25C",64.9,2,clustered,238,6,6,0.9448105888567919,False,2.53,,
239,3729,10.1149/1.1344281,ClO4,PC:1.000,weightedperm_weightedvisc,"weighted_permittivity, weighted_viscosity_mPa_s_25C",64.9,2,clustered,239,6,6,0.9448105888567919,False,2.53,,
240,3730,10.1149/1.1344281,ClO4,PC:1.000,weightedperm_weightedvisc,"weighted_permittivity, weighted_viscosity_mPa_s_25C",64.9,2,clustered,240,6,6,0.9448105888567919,False,2.53,,
241,3731,10.1149/1.1344281,ClO4,PC:1.000,weightedperm_weightedvisc,"weighted_permittivity, weighted_viscosity_mPa_s_25C",64.9,2,clustered,241,6,6,0.9448105888567919,False,2.53,,
242,3732,10.1149/1.1344281,ClO4,PC:1.000,weightedperm_weightedvisc,"weighted_permittivity, weighted_viscosity_mPa_s_25C",64.9,2,clustered,242,6,6,0.9448105888567919,False,2.53,,
243,3733,10.1149/1.1344281,ClO4,PC:1.000,weightedperm_weightedvisc,"weighted_permittivity, weighted_viscosity_mPa_s_25C",64.9,2,clustered,243,6,6,0.9448105888567919,False,2.53,,
244,3734,10.1149/1.1344281,ClO4,PC:1.000,weightedperm_weightedvisc,"weighted_permittivity, weighted_viscosity_mPa_s_25C",64.9,2,clustered,244,6,6,0.9448105888567919,False,2.53,,
245,3735,10.1149/1.1344281,ClO4,PC:1.000,weightedperm_weightedvisc,"weighted_permittivity, weighted_viscosity_mPa_s_25C",64.9,2,clustered,245,6,6,0.9448105888567919,False,2.53,,
246,3736,10.1149/1.1344281,ClO4,PC:1.000,weightedperm_weightedvisc,"weighted_permittivity, weighted_viscosity_mPa_s_25C",64.9,2,clustered,246,6,6,0.9448105888567919,False,2.53,,
247,3737,10.1149/1.1344281,ClO4,PC:1.000,weightedperm_weightedvisc,"weighted_permittivity, weighted_viscosity_mPa_s_25C",64.9,2,clustered,247,6,6,0.9448105888567919,False,2.53,,
248,3738,10.1149/1.1344281,ClO4,PC:1.000,weightedperm_weightedvisc,"weighted_permittivity, weighted_viscosity_mPa_s_25C",64.9,2,clustered,248,6,6,0.9448105888567919,False,2.53,,
249,3739,10.1149/1.1344281,ClO4,PC:1.000,weightedperm_weightedvisc,"weighted_permittivity, weighted_viscosity_mPa_s_25C",64.9,2,clustered,249,6,6,0.9448105888567919,False,2.53,,
250,3740,10.1149/1.1344281,ClO4,PC:1.000,weightedperm_weightedvisc,"weighted_permittivity, weighted_viscosity_mPa_s_25C",64.9,2,clustered,250,6,6,0.9448105888567919,False,2.53,,
251,3741,10.1149/1.1344281,ClO4,PC:1.000,weightedperm_weightedvisc,"weighted_permittivity, weighted_viscosity_mPa_s_25C",64.9,2,clustered,251,6,6,0.9448105888567919,False,2.53,,
252,3742,10.1149/1.1344281,ClO4,PC:1.000,weightedperm_weightedvisc,"weighted_permittivity, weighted_viscosity_mPa_s_25C",64.9,2,clustered,252,6,6,0.9448105888567919,False,2.53,,
253,3743,10.1149/1.1344281,ClO4,PC:1.000,weightedperm_weightedvisc,"weighted_permittivity, weighted_viscosity_mPa_s_25C",64.9,2,clustered,253,6,6,0.9448105888567919,False,2.53,,
254,3744,10.1149/1.1344281,ClO4,PC:1.000,weightedperm_weightedvisc,"weighted_permittivity, weighted_viscosity_mPa_s_25C",64.9,2,clustered,254,6,6,0.9448105888567919,False,2.53,,
255,3745,10.1149/1.1344281,ClO4,PC:1.000,weightedperm_weightedvisc,"weighted_permittivity, weighted_viscosity_mPa_s_25C",64.9,2,clustered,255,6,6,0.9448105888567919,False,2.53,,
256,3746,10.1149/1.1344281,ClO4,PC:1.000,weightedperm_weightedvisc,"weighted_permittivity, weighted_viscosity_mPa_s_25C",64.9,2,clustered,256,6,6,0.9448105888567919,False,2.53,,
257,3747,10.1149/1.1344281,ClO4,PC:1.000,weightedperm_weightedvisc,"weighted_permittivity, weighted_viscosity_mPa_s_25C",64.9,2,clustered,257,6,6,0.9448105888567919,False,2.53,,
258,3748,10.1149/1.1344281,ClO4,PC:1.000,weightedperm_weightedvisc,"weighted_permittivity, weighted_viscosity_mPa_s_25C",64.9,2,clustered,258,6,6,0.9448105888567919,False,2.53,,
259,3749,10.1149/1.1344281,ClO4,PC:1.000,weightedperm_weightedvisc,"weighted_permittivity, weighted_viscosity_mPa_s_25C",64.9,2,clustered,259,6,6,0.9448105888567919,False,2.53,,
260,3750,10.1149/1.1344281,ClO4,PC:1.000,weightedperm_weightedvisc,"weighted_permittivity, weighted_viscosity_mPa_s_25C",64.9,2,clustered,260,6,6,0.9448105888567919,False,2.53,,
261,3751,10.1149/1.1344281,ClO4,PC:1.000,weightedperm_weightedvisc,"weighted_permittivity, weighted_viscosity_mPa_s_25C",64.9,2,clustered,261,6,6,0.9448105888567919,False,2.53,,
262,3752,10.1149/1.1344281,ClO4,PC:1.000,weightedperm_weightedvisc,"weighted_permittivity, weighted_viscosity_mPa_s_25C",64.9,2,clustered,262,6,6,0.9448105888567919,False,2.53,,
263,3753,10.1149/1.1344281,ClO4,PC:1.000,weightedperm_weightedvisc,"weighted_permittivity, weighted_viscosity_mPa_s_25C",64.9,2,clustered,263,6,6,0.9448105888567919,False,2.53,,
264,3754,10.1149/1.1344281,ClO4,PC:1.000,weightedperm_weightedvisc,"weighted_permittivity, weighted_viscosity_mPa_s_25C",64.9,2,clustered,264,6,6,0.9448105888567919,False,2.53,,
265,3755,10.1149/1.1344281,ClO4,PC:1.000,weightedperm_weightedvisc,"weighted_permittivity, weighted_viscosity_mPa_s_25C",64.9,2,clustered,265,6,6,0.9448105888567919,False,2.53,,
266,3756,10.1149/1.1344281,ClO4,PC:1.000,weightedperm_weightedvisc,"weighted_permittivity, weighted_viscosity_mPa_s_25C",64.9,2,clustered,266,6,6,0.9448105888567919,False,2.53,,
267,3757,10.1149/1.1344281,ClO4,PC:1.000,weightedperm_weightedvisc,"weighted_permittivity, weighted_viscosity_mPa_s_25C",64.9,2,clustered,267,6,6,0.9448105888567919,False,2.53,,
268,3758,10.1149/1.1344281,ClO4,PC:1.000,weightedperm_weightedvisc,"weighted_permittivity, weighted_viscosity_mPa_s_25C",64.9,2,clustered,268,6,6,0.9448105888567919,False,2.53,,
269,3759,10.1149/1.1344281,ClO4,PC:1.000,weightedperm_weightedvisc,"weighted_permittivity, weighted_viscosity_mPa_s_25C",64.9,2,clustered,269,6,6,0.9448105888567919,False,2.53,,
270,3760,10.1149/1.1344281,ClO4,PC:1.000,weightedperm_weightedvisc,"weighted_permittivity, weighted_viscosity_mPa_s_25C",64.9,2,clustered,270,6,6,0.9448105888567919,False,2.53,,
271,3786,10.1149/1.1344281,ClO4,DME:1.000,weightedperm_weightedvisc,"weighted_permittivity, weighted_viscosity_mPa_s_25C",7.2,4,clustered,271,6,6,0.9448105888567919,False,0.39,,
272,3787,10.1149/1.1344281,ClO4,DME:1.000,weightedperm_weightedvisc,"weighted_permittivity, weighted_viscosity_mPa_s_25C",7.2,4,clustered,272,6,6,0.9448105888567919,False,0.39,,
273,3788,10.1149/1.1344281,ClO4,DME:1.000,weightedperm_weightedvisc,"weighted_permittivity, weighted_viscosity_mPa_s_25C",7.2,4,clustered,273,6,6,0.9448105888567919,False,0.39,,
274,3789,10.1149/1.1344281,ClO4,DME:1.000,weightedperm_weightedvisc,"weighted_permittivity, weighted_viscosity_mPa_s_25C",7.2,4,clustered,274,6,6,0.9448105888567919,False,0.39,,
275,3790,10.1149/1.1344281,ClO4,DME:1.000,weightedperm_weightedvisc,"weighted_permittivity, weighted_viscosity_mPa_s_25C",7.2,4,clustered,275,6,6,0.9448105888567919,False,0.39,,
276,3791,10.1149/1.1344281,ClO4,DME:1.000,weightedperm_weightedvisc,"weighted_permittivity, weighted_viscosity_mPa_s_25C",7.2,4,clustered,276,6,6,0.9448105888567919,False,0.39,,
277,3792,10.1149/1.1344281,ClO4,DME:1.000,weightedperm_weightedvisc,"weighted_permittivity, weighted_viscosity_mPa_s_25C",7.2,4,clustered,277,6,6,0.9448105888567919,False,0.39,,
278,3793,10.1149/1.1344281,ClO4,DME:1.000,weightedperm_weightedvisc,"weighted_permittivity, weighted_viscosity_mPa_s_25C",7.2,4,clustered,278,6,6,0.9448105888567919,False,0.39,,
279,3794,10.1149/1.1344281,ClO4,DME:1.000,weightedperm_weightedvisc,"weighted_permittivity, weighted_viscosity_mPa_s_25C",7.2,4,clustered,279,6,6,0.9448105888567919,False,0.39,,
280,3795,10.1149/1.1344281,ClO4,DME:1.000,weightedperm_weightedvisc,"weighted_permittivity, weighted_viscosity_mPa_s_25C",7.2,4,clustered,280,6,6,0.9448105888567919,False,0.39,,
281,3796,10.1149/1.1344281,ClO4,DME:1.000,weightedperm_weightedvisc,"weighted_permittivity, weighted_viscosity_mPa_s_25C",7.2,4,clustered,281,6,6,0.9448105888567919,False,0.39,,
282,3797,10.1149/1.1344281,ClO4,DME:1.000,weightedperm_weightedvisc,"weighted_permittivity, weighted_viscosity_mPa_s_25C",7.2,4,clustered,282,6,6,0.9448105888567919,False,0.39,,
283,3798,10.1149/1.1344281,ClO4,DME:1.000,weightedperm_weightedvisc,"weighted_permittivity, weighted_viscosity_mPa_s_25C",7.2,4,clustered,283,6,6,0.9448105888567919,False,0.39,,
284,3799,10.1149/1.1344281,ClO4,DME:1.000,weightedperm_weightedvisc,"weighted_permittivity, weighted_viscosity_mPa_s_25C",7.2,4,clustered,284,6,6,0.9448105888567919,False,0.39,,
285,3800,10.1149/1.1344281,ClO4,DME:1.000,weightedperm_weightedvisc,"weighted_permittivity, weighted_viscosity_mPa_s_25C",7.2,4,clustered,285,6,6,0.9448105888567919,False,0.39,,
286,3801,10.1149/1.1344281,ClO4,DME:1.000,weightedperm_weightedvisc,"weighted_permittivity, weighted_viscosity_mPa_s_25C",7.2,4,clustered,286,6,6,0.9448105888567919,False,0.39,,
287,3802,10.1149/1.1344281,ClO4,DME:1.000,weightedperm_weightedvisc,"weighted_permittivity, weighted_viscosity_mPa_s_25C",7.2,4,clustered,287,6,6,0.9448105888567919,False,0.39,,
288,3803,10.1149/1.1344281,ClO4,DME:1.000,weightedperm_weightedvisc,"weighted_permittivity, weighted_viscosity_mPa_s_25C",7.2,4,clustered,288,6,6,0.9448105888567919,False,0.39,,
289,3804,10.1149/1.1344281,ClO4,DME:1.000,weightedperm_weightedvisc,"weighted_permittivity, weighted_viscosity_mPa_s_25C",7.2,4,clustered,289,6,6,0.9448105888567919,False,0.39,,
290,3805,10.1149/1.1344281,ClO4,DME:1.000,weightedperm_weightedvisc,"weighted_permittivity, weighted_viscosity_mPa_s_25C",7.2,4,clustered,290,6,6,0.9448105888567919,False,0.39,,
291,3806,10.1149/1.1344281,ClO4,DME:1.000,weightedperm_weightedvisc,"weighted_permittivity, weighted_viscosity_mPa_s_25C",7.2,4,clustered,291,6,6,0.9448105888567919,False,0.39,,
292,3807,10.1149/1.1344281,ClO4,DME:1.000,weightedperm_weightedvisc,"weighted_permittivity, weighted_viscosity_mPa_s_25C",7.2,4,clustered,292,6,6,0.9448105888567919,False,0.39,,
293,3808,10.1149/1.1344281,ClO4,DME:1.000,weightedperm_weightedvisc,"weighted_permittivity, weighted_viscosity_mPa_s_25C",7.2,4,clustered,293,6,6,0.9448105888567919,False,0.39,,
294,3809,10.1149/1.1344281,ClO4,DME:1.000,weightedperm_weightedvisc,"weighted_permittivity, weighted_viscosity_mPa_s_25C",7.2,4,clustered,294,6,6,0.9448105888567919,False,0.39,,
295,3810,10.1149/1.1344281,ClO4,DME:1.000,weightedperm_weightedvisc,"weighted_permittivity, weighted_viscosity_mPa_s_25C",7.2,4,clustered,295,6,6,0.9448105888567919,False,0.39,,
296,3811,10.1149/1.1344281,ClO4,DME:1.000,weightedperm_weightedvisc,"weighted_permittivity, weighted_viscosity_mPa_s_25C",7.2,4,clustered,296,6,6,0.9448105888567919,False,0.39,,
297,3812,10.1149/1.1344281,ClO4,DME:1.000,weightedperm_weightedvisc,"weighted_permittivity, weighted_viscosity_mPa_s_25C",7.2,4,clustered,297,6,6,0.9448105888567919,False,0.39,,
298,3813,10.1149/1.1344281,TFSI,DME:1.000,weightedperm_weightedvisc,"weighted_permittivity, weighted_viscosity_mPa_s_25C",7.2,4,clustered,298,6,6,0.9448105888567919,False,0.39,,
299,3814,10.1149/1.1344281,TFSI,DME:1.000,weightedperm_weightedvisc,"weighted_permittivity, weighted_viscosity_mPa_s_25C",7.2,4,clustered,299,6,6,0.9448105888567919,False,0.39,,
300,3815,10.1149/1.1344281,TFSI,DME:1.000,weightedperm_weightedvisc,"weighted_permittivity, weighted_viscosity_mPa_s_25C",7.2,4,clustered,300,6,6,0.9448105888567919,False,0.39,,
301,3816,10.1149/1.1344281,TFSI,DME:1.000,weightedperm_weightedvisc,"weighted_permittivity, weighted_viscosity_mPa_s_25C",7.2,4,clustered,301,6,6,0.9448105888567919,False,0.39,,
302,3817,10.1149/1.1344281,TFSI,DME:1.000,weightedperm_weightedvisc,"weighted_permittivity, weighted_viscosity_mPa_s_25C",7.2,4,clustered,302,6,6,0.9448105888567919,False,0.39,,
303,3818,10.1149/1.1344281,TFSI,DME:1.000,weightedperm_weightedvisc,"weighted_permittivity, weighted_viscosity_mPa_s_25C",7.2,4,clustered,303,6,6,0.9448105888567919,False,0.39,,
304,3819,10.1149/1.1344281,TFSI,DME:1.000,weightedperm_weightedvisc,"weighted_permittivity, weighted_viscosity_mPa_s_25C",7.2,4,clustered,304,6,6,0.9448105888567919,False,0.39,,
305,3820,10.1149/1.1344281,TFSI,DME:1.000,weightedperm_weightedvisc,"weighted_permittivity, weighted_viscosity_mPa_s_25C",7.2,4,clustered,305,6,6,0.9448105888567919,False,0.39,,
306,3821,10.1149/1.1344281,TFSI,DME:1.000,weightedperm_weightedvisc,"weighted_permittivity, weighted_viscosity_mPa_s_25C",7.2,4,clustered,306,6,6,0.9448105888567919,False,0.39,,
307,3822,10.1149/1.1344281,TFSI,DME:1.000,weightedperm_weightedvisc,"weighted_permittivity, weighted_viscosity_mPa_s_25C",7.2,4,clustered,307,6,6,0.9448105888567919,False,0.39,,
308,3823,10.1149/1.1344281,TFSI,DME:1.000,weightedperm_weightedvisc,"weighted_permittivity, weighted_viscosity_mPa_s_25C",7.2,4,clustered,308,6,6,0.9448105888567919,False,0.39,,
309,3824,10.1149/1.1344281,TFSI,DME:1.000,weightedperm_weightedvisc,"weighted_permittivity, weighted_viscosity_mPa_s_25C",7.2,4,clustered,309,6,6,0.9448105888567919,False,0.39,,
310,3825,10.1149/1.1344281,TFSI,DME:1.000,weightedperm_weightedvisc,"weighted_permittivity, weighted_viscosity_mPa_s_25C",7.2,4,clustered,310,6,6,0.9448105888567919,False,0.39,,
311,3826,10.1149/1.1344281,TFSI,DME:1.000,weightedperm_weightedvisc,"weighted_permittivity, weighted_viscosity_mPa_s_25C",7.2,4,clustered,311,6,6,0.9448105888567919,False,0.39,,
312,3827,10.1149/1.1344281,TFSI,DME:1.000,weightedperm_weightedvisc,"weighted_permittivity, weighted_viscosity_mPa_s_25C",7.2,4,clustered,312,6,6,0.9448105888567919,False,0.39,,
313,3828,10.1149/1.1344281,TFSI,DME:1.000,weightedperm_weightedvisc,"weighted_permittivity, weighted_viscosity_mPa_s_25C",7.2,4,clustered,313,6,6,0.9448105888567919,False,0.39,,
314,3829,10.1149/1.1344281,TFSI,DME:1.000,weightedperm_weightedvisc,"weighted_permittivity, weighted_viscosity_mPa_s_25C",7.2,4,clustered,314,6,6,0.9448105888567919,False,0.39,,
315,3830,10.1149/1.1344281,TFSI,DME:1.000,weightedperm_weightedvisc,"weighted_permittivity, weighted_viscosity_mPa_s_25C",7.2,4,clustered,315,6,6,0.9448105888567919,False,0.39,,
316,3831,10.1149/1.1344281,TFSI,DME:1.000,weightedperm_weightedvisc,"weighted_permittivity, weighted_viscosity_mPa_s_25C",7.2,4,clustered,316,6,6,0.9448105888567919,False,0.39,,
317,3832,10.1149/1.1344281,TFSI,DME:1.000,weightedperm_weightedvisc,"weighted_permittivity, weighted_viscosity_mPa_s_25C",7.2,4,clustered,317,6,6,0.9448105888567919,False,0.39,,
318,3833,10.1149/1.1344281,TFSI,DME:1.000,weightedperm_weightedvisc,"weighted_permittivity, weighted_viscosity_mPa_s_25C",7.2,4,clustered,318,6,6,0.9448105888567919,False,0.39,,
319,3834,10.1149/1.1344281,TFSI,DME:1.000,weightedperm_weightedvisc,"weighted_permittivity, weighted_viscosity_mPa_s_25C",7.2,4,clustered,319,6,6,0.9448105888567919,False,0.39,,
320,3835,10.1149/1.1344281,TFSI,DME:1.000,weightedperm_weightedvisc,"weighted_permittivity, weighted_viscosity_mPa_s_25C",7.2,4,clustered,320,6,6,0.9448105888567919,False,0.39,,
321,3836,10.1149/1.1344281,TFSI,DME:1.000,weightedperm_weightedvisc,"weighted_permittivity, weighted_viscosity_mPa_s_25C",7.2,4,clustered,321,6,6,0.9448105888567919,False,0.39,,
322,3837,10.1149/1.1344281,TFSI,DME:1.000,weightedperm_weightedvisc,"weighted_permittivity, weighted_viscosity_mPa_s_25C",7.2,4,clustered,322,6,6,0.9448105888567919,False,0.39,,
323,3838,10.1149/1.1344281,TFSI,DME:1.000,weightedperm_weightedvisc,"weighted_permittivity, weighted_viscosity_mPa_s_25C",7.2,4,clustered,323,6,6,0.9448105888567919,False,0.39,,
324,4363,10.1149/1.1466857,PF6,EC:0.300+EMC:0.700,weightedperm_weightedvisc,"weighted_permittivity, weighted_viscosity_mPa_s_25C",28.73,3,clustered,324,6,6,0.9448105888567919,False,1.025,,
325,4364,10.1149/1.1466857,PF6,EC:0.300+EMC:0.700,weightedperm_weightedvisc,"weighted_permittivity, weighted_viscosity_mPa_s_25C",28.73,3,clustered,325,6,6,0.9448105888567919,False,1.025,,
326,4365,10.1149/1.1466857,PF6,EC:0.300+EMC:0.700,weightedperm_weightedvisc,"weighted_permittivity, weighted_viscosity_mPa_s_25C",28.73,3,clustered,326,6,6,0.9448105888567919,False,1.025,,
327,4366,10.1149/1.1466857,PF6,EC:0.300+EMC:0.700,weightedperm_weightedvisc,"weighted_permittivity, weighted_viscosity_mPa_s_25C",28.73,3,clustered,327,6,6,0.9448105888567919,False,1.025,,
328,4367,10.1149/1.1466857,PF6,EC:0.300+EMC:0.700,weightedperm_weightedvisc,"weighted_permittivity, weighted_viscosity_mPa_s_25C",28.73,3,clustered,328,6,6,0.9448105888567919,False,1.025,,
329,4368,10.1149/1.1466857,PF6,EC:0.300+EMC:0.700,weightedperm_weightedvisc,"weighted_permittivity, weighted_viscosity_mPa_s_25C",28.73,3,clustered,329,6,6,0.9448105888567919,False,1.025,,
330,4369,10.1149/1.1466857,PF6,EC:0.300+EMC:0.700,weightedperm_weightedvisc,"weighted_permittivity, weighted_viscosity_mPa_s_25C",28.73,3,clustered,330,6,6,0.9448105888567919,False,1.025,,
331,4370,10.1149/1.1466857,PF6,EC:0.300+EMC:0.700,weightedperm_weightedvisc,"weighted_permittivity, weighted_viscosity_mPa_s_25C",28.73,3,clustered,331,6,6,0.9448105888567919,False,1.025,,
332,4371,10.1149/1.1466857,PF6,EC:0.300+EMC:0.700,weightedperm_weightedvisc,"weighted_permittivity, weighted_viscosity_mPa_s_25C",28.73,3,clustered,332,6,6,0.9448105888567919,False,1.025,,
333,4372,10.1149/1.1466857,PF6,EC:0.300+EMC:0.700,weightedperm_weightedvisc,"weighted_permittivity, weighted_viscosity_mPa_s_25C",28.73,3,clustered,333,6,6,0.9448105888567919,False,1.025,,
334,4373,10.1149/1.1466857,PF6,EC:0.300+EMC:0.700,weightedperm_weightedvisc,"weighted_permittivity, weighted_viscosity_mPa_s_25C",28.73,3,clustered,334,6,6,0.9448105888567919,False,1.025,,
335,4374,10.1149/1.1466857,PF6,EC:0.300+EMC:0.700,weightedperm_weightedvisc,"weighted_permittivity, weighted_viscosity_mPa_s_25C",28.73,3,clustered,335,6,6,0.9448105888567919,False,1.025,,
336,4375,10.1149/1.1466857,BF4,EC:0.300+EMC:0.700,weightedperm_weightedvisc,"weighted_permittivity, weighted_viscosity_mPa_s_25C",28.73,3,clustered,336,6,6,0.9448105888567919,False,1.025,,
337,4376,10.1149/1.1466857,BF4,EC:0.300+EMC:0.700,weightedperm_weightedvisc,"weighted_permittivity, weighted_viscosity_mPa_s_25C",28.73,3,clustered,337,6,6,0.9448105888567919,False,1.025,,
338,4377,10.1149/1.1466857,BF4,EC:0.300+EMC:0.700,weightedperm_weightedvisc,"weighted_permittivity, weighted_viscosity_mPa_s_25C",28.73,3,clustered,338,6,6,0.9448105888567919,False,1.025,,
339,4378,10.1149/1.1466857,BF4,EC:0.300+EMC:0.700,weightedperm_weightedvisc,"weighted_permittivity, weighted_viscosity_mPa_s_25C",28.73,3,clustered,339,6,6,0.9448105888567919,False,1.025,,
340,4379,10.1149/1.1466857,BF4,EC:0.300+EMC:0.700,weightedperm_weightedvisc,"weighted_permittivity, weighted_viscosity_mPa_s_25C",28.73,3,clustered,340,6,6,0.9448105888567919,False,1.025,,
341,4380,10.1149/1.1466857,BF4,EC:0.300+EMC:0.700,weightedperm_weightedvisc,"weighted_permittivity, weighted_viscosity_mPa_s_25C",28.73,3,clustered,341,6,6,0.9448105888567919,False,1.025,,
342,4381,10.1149/1.1466857,BF4,EC:0.300+EMC:0.700,weightedperm_weightedvisc,"weighted_permittivity, weighted_viscosity_mPa_s_25C",28.73,3,clustered,342,6,6,0.9448105888567919,False,1.025,,
343,4382,10.1149/1.1466857,BF4,EC:0.300+EMC:0.700,weightedperm_weightedvisc,"weighted_permittivity, weighted_viscosity_mPa_s_25C",28.73,3,clustered,343,6,6,0.9448105888567919,False,1.025,,
344,4383,10.1149/1.1466857,BF4,EC:0.300+EMC:0.700,weightedperm_weightedvisc,"weighted_permittivity, weighted_viscosity_mPa_s_25C",28.73,3,clustered,344,6,6,0.9448105888567919,False,1.025,,
345,4384,10.1149/1.1466857,BF4,EC:0.300+EMC:0.700,weightedperm_weightedvisc,"weighted_permittivity, weighted_viscosity_mPa_s_25C",28.73,3,clustered,345,6,6,0.9448105888567919,False,1.025,,
346,4385,10.1149/1.1466857,BF4,EC:0.300+EMC:0.700,weightedperm_weightedvisc,"weighted_permittivity, weighted_viscosity_mPa_s_25C",28.73,3,clustered,346,6,6,0.9448105888567919,False,1.025,,
347,4386,10.1149/1.1466857,BF4,EC:0.300+EMC:0.700,weightedperm_weightedvisc,"weighted_permittivity, weighted_viscosity_mPa_s_25C",28.73,3,clustered,347,6,6,0.9448105888567919,False,1.025,,
348,10873,10.1149/1.1872737,PF6,EC:0.270+PC:0.100+DMC:0.630,weightedperm_weightedvisc,"weighted_permittivity, weighted_viscosity_mPa_s_25C",32.473,3,clustered,348,6,6,0.9448105888567919,False,1.1377,,
349,10874,10.1149/1.1872737,PF6,EC:0.270+PC:0.100+DMC:0.630,weightedperm_weightedvisc,"weighted_permittivity, weighted_viscosity_mPa_s_25C",32.473,3,clustered,349,6,6,0.9448105888567919,False,1.1377,,
350,10875,10.1149/1.1872737,PF6,EC:0.270+PC:0.100+DMC:0.630,weightedperm_weightedvisc,"weighted_permittivity, weighted_viscosity_mPa_s_25C",32.473,3,clustered,350,6,6,0.9448105888567919,False,1.1377,,
351,10877,10.1149/1.1872737,PF6,EC:0.270+PC:0.100+DMC:0.630,weightedperm_weightedvisc,"weighted_permittivity, weighted_viscosity_mPa_s_25C",32.473,3,clustered,351,6,6,0.9448105888567919,False,1.1377,,
352,10878,10.1149/1.1872737,PF6,EC:0.270+PC:0.100+DMC:0.630,weightedperm_weightedvisc,"weighted_permittivity, weighted_viscosity_mPa_s_25C",32.473,3,clustered,352,6,6,0.9448105888567919,False,1.1377,,
353,10881,10.1149/1.1872737,PF6,EC:0.270+PC:0.100+DMC:0.630,weightedperm_weightedvisc,"weighted_permittivity, weighted_viscosity_mPa_s_25C",32.473,3,clustered,353,6,6,0.9448105888567919,False,1.1377,,
354,10884,10.1149/1.1872737,PF6,EC:0.270+PC:0.100+DMC:0.630,weightedperm_weightedvisc,"weighted_permittivity, weighted_viscosity_mPa_s_25C",32.473,3,clustered,354,6,6,0.9448105888567919,False,1.1377,,
355,10885,10.1149/1.1872737,PF6,EC:0.270+PC:0.100+DMC:0.630,weightedperm_weightedvisc,"weighted_permittivity, weighted_viscosity_mPa_s_25C",32.473,3,clustered,355,6,6,0.9448105888567919,False,1.1377,,
356,10886,10.1149/1.1872737,PF6,EC:0.270+PC:0.100+DMC:0.630,weightedperm_weightedvisc,"weighted_permittivity, weighted_viscosity_mPa_s_25C",32.473,3,clustered,356,6,6,0.9448105888567919,False,1.1377,,
357,10887,10.1149/1.1872737,PF6,EC:0.270+PC:0.100+DMC:0.630,weightedperm_weightedvisc,"weighted_permittivity, weighted_viscosity_mPa_s_25C",32.473,3,clustered,357,6,6,0.9448105888567919,False,1.1377,,
358,10888,10.1149/1.1872737,PF6,EC:0.270+PC:0.100+DMC:0.630,weightedperm_weightedvisc,"weighted_permittivity, weighted_viscosity_mPa_s_25C",32.473,3,clustered,358,6,6,0.9448105888567919,False,1.1377,,
359,10889,10.1149/1.1872737,PF6,EC:0.270+PC:0.100+DMC:0.630,weightedperm_weightedvisc,"weighted_permittivity, weighted_viscosity_mPa_s_25C",32.473,3,clustered,359,6,6,0.9448105888567919,False,1.1377,,
360,10891,10.1149/1.1872737,PF6,EC:0.270+PC:0.100+DMC:0.630,weightedperm_weightedvisc,"weighted_permittivity, weighted_viscosity_mPa_s_25C",32.473,3,clustered,360,6,6,0.9448105888567919,False,1.1377,,
361,10893,10.1149/1.1872737,PF6,EC:0.270+PC:0.100+DMC:0.630,weightedperm_weightedvisc,"weighted_permittivity, weighted_viscosity_mPa_s_25C",32.473,3,clustered,361,6,6,0.9448105888567919,False,1.1377,,
362,10894,10.1149/1.1872737,PF6,EC:0.270+PC:0.100+DMC:0.630,weightedperm_weightedvisc,"weighted_permittivity, weighted_viscosity_mPa_s_25C",32.473,3,clustered,362,6,6,0.9448105888567919,False,1.1377,,
363,10895,10.1149/1.1872737,PF6,EC:0.270+PC:0.100+DMC:0.630,weightedperm_weightedvisc,"weighted_permittivity, weighted_viscosity_mPa_s_25C",32.473,3,clustered,363,6,6,0.9448105888567919,False,1.1377,,
364,10897,10.1149/1.1872737,PF6,EC:0.270+PC:0.100+DMC:0.630,weightedperm_weightedvisc,"weighted_permittivity, weighted_viscosity_mPa_s_25C",32.473,3,clustered,364,6,6,0.9448105888567919,False,1.1377,,
365,10899,10.1149/1.1872737,PF6,EC:0.270+PC:0.100+DMC:0.630,weightedperm_weightedvisc,"weighted_permittivity, weighted_viscosity_mPa_s_25C",32.473,3,clustered,365,6,6,0.9448105888567919,False,1.1377,,
366,10900,10.1149/1.1872737,PF6,EC:0.270+PC:0.100+DMC:0.630,weightedperm_weightedvisc,"weighted_permittivity, weighted_viscosity_mPa_s_25C",32.473,3,clustered,366,6,6,0.9448105888567919,False,1.1377,,
367,10901,10.1149/1.1872737,PF6,EC:0.270+PC:0.100+DMC:0.630,weightedperm_weightedvisc,"weighted_permittivity, weighted_viscosity_mPa_s_25C",32.473,3,clustered,367,6,6,0.9448105888567919,False,1.1377,,
368,10902,10.1149/1.1872737,PF6,EC:0.270+PC:0.100+DMC:0.630,weightedperm_weightedvisc,"weighted_permittivity, weighted_viscosity_mPa_s_25C",32.473,3,clustered,368,6,6,0.9448105888567919,False,1.1377,,
369,10903,10.1149/1.1872737,PF6,EC:0.270+PC:0.100+DMC:0.630,weightedperm_weightedvisc,"weighted_permittivity, weighted_viscosity_mPa_s_25C",32.473,3,clustered,369,6,6,0.9448105888567919,False,1.1377,,
370,11883,10.1149/2.0571912jes,PF6,EC:0.500+DMC:0.500,weightedperm_weightedvisc,"weighted_permittivity, weighted_viscosity_mPa_s_25C",46.05,1,clustered,370,6,6,0.9448105888567919,False,1.245,,
371,11884,10.1149/2.0571912jes,PF6,EC:0.500+DMC:0.500,weightedperm_weightedvisc,"weighted_permittivity, weighted_viscosity_mPa_s_25C",46.05,1,clustered,371,6,6,0.9448105888567919,False,1.245,,
372,11885,10.1149/2.0571912jes,PF6,EC:0.500+DMC:0.500,weightedperm_weightedvisc,"weighted_permittivity, weighted_viscosity_mPa_s_25C",46.05,1,clustered,372,6,6,0.9448105888567919,False,1.245,,
373,11886,10.1149/2.0571912jes,PF6,EC:0.500+DMC:0.500,weightedperm_weightedvisc,"weighted_permittivity, weighted_viscosity_mPa_s_25C",46.05,1,clustered,373,6,6,0.9448105888567919,False,1.245,,
374,11887,10.1149/2.0571912jes,PF6,EC:0.500+DMC:0.500,weightedperm_weightedvisc,"weighted_permittivity, weighted_viscosity_mPa_s_25C",46.05,1,clustered,374,6,6,0.9448105888567919,False,1.245,,
375,11888,10.1149/2.0571912jes,PF6,EC:0.500+DMC:0.500,weightedperm_weightedvisc,"weighted_permittivity, weighted_viscosity_mPa_s_25C",46.05,1,clustered,375,6,6,0.9448105888567919,False,1.245,,
376,11889,10.1149/2.0571912jes,PF6,EC:0.500+DMC:0.500,weightedperm_weightedvisc,"weighted_permittivity, weighted_viscosity_mPa_s_25C",46.05,1,clustered,376,6,6,0.9448105888567919,False,1.245,,
377,11890,10.1149/2.0571912jes,PF6,EC:0.500+DMC:0.500,weightedperm_weightedvisc,"weighted_permittivity, weighted_viscosity_mPa_s_25C",46.05,1,clustered,377,6,6,0.9448105888567919,False,1.245,,
378,11891,10.1149/2.0571912jes,PF6,EC:0.500+DMC:0.500,weightedperm_weightedvisc,"weighted_permittivity, weighted_viscosity_mPa_s_25C",46.05,1,clustered,378,6,6,0.9448105888567919,False,1.245,,
379,11892,10.1149/2.0571912jes,PF6,EC:0.500+DMC:0.500,weightedperm_weightedvisc,"weighted_permittivity, weighted_viscosity_mPa_s_25C",46.05,1,clustered,379,6,6,0.9448105888567919,False,1.245,,
380,11893,10.1149/2.0571912jes,PF6,EC:0.500+DMC:0.500,weightedperm_weightedvisc,"weighted_permittivity, weighted_viscosity_mPa_s_25C",46.05,1,clustered,380,6,6,0.9448105888567919,False,1.245,,
381,11894,10.1149/2.0571912jes,PF6,EC:0.500+DMC:0.500,weightedperm_weightedvisc,"weighted_permittivity, weighted_viscosity_mPa_s_25C",46.05,1,clustered,381,6,6,0.9448105888567919,False,1.245,,
382,11895,10.1149/2.0571912jes,PF6,EC:0.500+DMC:0.500,weightedperm_weightedvisc,"weighted_permittivity, weighted_viscosity_mPa_s_25C",46.05,1,clustered,382,6,6,0.9448105888567919,False,1.245,,
383,11896,10.1149/2.0571912jes,PF6,EC:0.500+DMC:0.500,weightedperm_weightedvisc,"weighted_permittivity, weighted_viscosity_mPa_s_25C",46.05,1,clustered,383,6,6,0.9448105888567919,False,1.245,,
384,11897,10.1149/2.0571912jes,PF6,EC:0.500+DMC:0.500,weightedperm_weightedvisc,"weighted_permittivity, weighted_viscosity_mPa_s_25C",46.05,1,clustered,384,6,6,0.9448105888567919,False,1.245,,
385,11898,10.1149/2.0571912jes,PF6,EC:0.500+DMC:0.500,weightedperm_weightedvisc,"weighted_permittivity, weighted_viscosity_mPa_s_25C",46.05,1,clustered,385,6,6,0.9448105888567919,False,1.245,,
386,11899,10.1149/2.0571912jes,PF6,EC:0.500+DMC:0.500,weightedperm_weightedvisc,"weighted_permittivity, weighted_viscosity_mPa_s_25C",46.05,1,clustered,386,6,6,0.9448105888567919,False,1.245,,
387,11900,10.1149/2.0571912jes,PF6,EC:0.500+DMC:0.500,weightedperm_weightedvisc,"weighted_permittivity, weighted_viscosity_mPa_s_25C",46.05,1,clustered,387,6,6,0.9448105888567919,False,1.245,,
388,11901,10.1149/2.0571912jes,PF6,EC:0.500+DMC:0.500,weightedperm_weightedvisc,"weighted_permittivity, weighted_viscosity_mPa_s_25C",46.05,1,clustered,388,6,6,0.9448105888567919,False,1.245,,
389,11902,10.1149/2.0571912jes,PF6,EC:0.500+DMC:0.500,weightedperm_weightedvisc,"weighted_permittivity, weighted_viscosity_mPa_s_25C",46.05,1,clustered,389,6,6,0.9448105888567919,False,1.245,,
390,11903,10.1149/2.0571912jes,PF6,EC:0.500+DMC:0.500,weightedperm_weightedvisc,"weighted_permittivity, weighted_viscosity_mPa_s_25C",46.05,1,clustered,390,6,6,0.9448105888567919,False,1.245,,
391,11904,10.1149/2.0571912jes,PF6,EC:0.500+DMC:0.500,weightedperm_weightedvisc,"weighted_permittivity, weighted_viscosity_mPa_s_25C",46.05,1,clustered,391,6,6,0.9448105888567919,False,1.245,,
392,11905,10.1149/2.0571912jes,PF6,EC:0.500+DMC:0.500,weightedperm_weightedvisc,"weighted_permittivity, weighted_viscosity_mPa_s_25C",46.05,1,clustered,392,6,6,0.9448105888567919,False,1.245,,
393,11906,10.1149/2.0571912jes,PF6,EC:0.500+DMC:0.500,weightedperm_weightedvisc,"weighted_permittivity, weighted_viscosity_mPa_s_25C",46.05,1,clustered,393,6,6,0.9448105888567919,False,1.245,,
394,11907,10.1149/2.0571912jes,PF6,EC:0.500+DMC:0.500,weightedperm_weightedvisc,"weighted_permittivity, weighted_viscosity_mPa_s_25C",46.05,1,clustered,394,6,6,0.9448105888567919,False,1.245,,
395,11908,10.1149/2.0571912jes,PF6,EC:0.500+DMC:0.500,weightedperm_weightedvisc,"weighted_permittivity, weighted_viscosity_mPa_s_25C",46.05,1,clustered,395,6,6,0.9448105888567919,False,1.245,,
396,11909,10.1149/2.0571912jes,PF6,EC:0.500+DMC:0.500,weightedperm_weightedvisc,"weighted_permittivity, weighted_viscosity_mPa_s_25C",46.05,1,clustered,396,6,6,0.9448105888567919,False,1.245,,
397,11910,10.1149/2.0571912jes,PF6,EC:0.500+DMC:0.500,weightedperm_weightedvisc,"weighted_permittivity, weighted_viscosity_mPa_s_25C",46.05,1,clustered,397,6,6,0.9448105888567919,False,1.245,,
398,11911,10.1149/2.0571912jes,PF6,EC:0.500+DMC:0.500,weightedperm_weightedvisc,"weighted_permittivity, weighted_viscosity_mPa_s_25C",46.05,1,clustered,398,6,6,0.9448105888567919,False,1.245,,
399,11912,10.1149/2.0571912jes,PF6,EC:0.500+DMC:0.500,weightedperm_weightedvisc,"weighted_permittivity, weighted_viscosity_mPa_s_25C",46.05,1,clustered,399,6,6,0.9448105888567919,False,1.245,,
400,11913,10.1149/2.0571912jes,PF6,EC:0.500+DMC:0.500,weightedperm_weightedvisc,"weighted_permittivity, weighted_viscosity_mPa_s_25C",46.05,1,clustered,400,6,6,0.9448105888567919,False,1.245,,
401,11914,10.1149/2.0571912jes,PF6,EC:0.500+DMC:0.500,weightedperm_weightedvisc,"weighted_permittivity, weighted_viscosity_mPa_s_25C",46.05,1,clustered,401,6,6,0.9448105888567919,False,1.245,,
402,11915,10.1149/2.0571912jes,PF6,EC:0.500+DMC:0.500,weightedperm_weightedvisc,"weighted_permittivity, weighted_viscosity_mPa_s_25C",46.05,1,clustered,402,6,6,0.9448105888567919,False,1.245,,
403,11916,10.1149/2.0571912jes,PF6,EC:0.500+DMC:0.500,weightedperm_weightedvisc,"weighted_permittivity, weighted_viscosity_mPa_s_25C",46.05,1,clustered,403,6,6,0.9448105888567919,False,1.245,,
404,11917,10.1149/2.0571912jes,PF6,EC:0.500+DMC:0.500,weightedperm_weightedvisc,"weighted_permittivity, weighted_viscosity_mPa_s_25C",46.05,1,clustered,404,6,6,0.9448105888567919,False,1.245,,
405,11918,10.1149/2.0571912jes,PF6,EC:0.300+EMC:0.700,weightedperm_weightedvisc,"weighted_permittivity, weighted_viscosity_mPa_s_25C",28.73,3,clustered,405,6,6,0.9448105888567919,False,1.025,,
406,11919,10.1149/2.0571912jes,PF6,EC:0.300+EMC:0.700,weightedperm_weightedvisc,"weighted_permittivity, weighted_viscosity_mPa_s_25C",28.73,3,clustered,406,6,6,0.9448105888567919,False,1.025,,
407,11920,10.1149/2.0571912jes,PF6,EC:0.300+EMC:0.700,weightedperm_weightedvisc,"weighted_permittivity, weighted_viscosity_mPa_s_25C",28.73,3,clustered,407,6,6,0.9448105888567919,False,1.025,,
408,11921,10.1149/2.0571912jes,PF6,EC:0.300+EMC:0.700,weightedperm_weightedvisc,"weighted_permittivity, weighted_viscosity_mPa_s_25C",28.73,3,clustered,408,6,6,0.9448105888567919,False,1.025,,
409,11922,10.1149/2.0571912jes,PF6,EC:0.300+EMC:0.700,weightedperm_weightedvisc,"weighted_permittivity, weighted_viscosity_mPa_s_25C",28.73,3,clustered,409,6,6,0.9448105888567919,False,1.025,,
410,11923,10.1149/2.0571912jes,PF6,EC:0.300+EMC:0.700,weightedperm_weightedvisc,"weighted_permittivity, weighted_viscosity_mPa_s_25C",28.73,3,clustered,410,6,6,0.9448105888567919,False,1.025,,
411,11924,10.1149/2.0571912jes,PF6,EC:0.300+EMC:0.700,weightedperm_weightedvisc,"weighted_permittivity, weighted_viscosity_mPa_s_25C",28.73,3,clustered,411,6,6,0.9448105888567919,False,1.025,,
412,11925,10.1149/2.0571912jes,PF6,EC:0.300+EMC:0.700,weightedperm_weightedvisc,"weighted_permittivity, weighted_viscosity_mPa_s_25C",28.73,3,clustered,412,6,6,0.9448105888567919,False,1.025,,
413,11926,10.1149/2.0571912jes,PF6,EC:0.300+EMC:0.700,weightedperm_weightedvisc,"weighted_permittivity, weighted_viscosity_mPa_s_25C",28.73,3,clustered,413,6,6,0.9448105888567919,False,1.025,,
414,11927,10.1149/2.0571912jes,PF6,EC:0.300+EMC:0.700,weightedperm_weightedvisc,"weighted_permittivity, weighted_viscosity_mPa_s_25C",28.73,3,clustered,414,6,6,0.9448105888567919,False,1.025,,
415,11928,10.1149/2.0571912jes,PF6,EC:0.300+EMC:0.700,weightedperm_weightedvisc,"weighted_permittivity, weighted_viscosity_mPa_s_25C",28.73,3,clustered,415,6,6,0.9448105888567919,False,1.025,,
416,11929,10.1149/2.0571912jes,PF6,EC:0.300+EMC:0.700,weightedperm_weightedvisc,"weighted_permittivity, weighted_viscosity_mPa_s_25C",28.73,3,clustered,416,6,6,0.9448105888567919,False,1.025,,
417,11930,10.1149/2.0571912jes,PF6,EC:0.300+EMC:0.700,weightedperm_weightedvisc,"weighted_permittivity, weighted_viscosity_mPa_s_25C",28.73,3,clustered,417,6,6,0.9448105888567919,False,1.025,,
418,11931,10.1149/2.0571912jes,PF6,EC:0.300+EMC:0.700,weightedperm_weightedvisc,"weighted_permittivity, weighted_viscosity_mPa_s_25C",28.73,3,clustered,418,6,6,0.9448105888567919,False,1.025,,
419,11932,10.1149/2.0571912jes,PF6,EC:0.300+EMC:0.700,weightedperm_weightedvisc,"weighted_permittivity, weighted_viscosity_mPa_s_25C",28.73,3,clustered,419,6,6,0.9448105888567919,False,1.025,,
420,11933,10.1149/2.0571912jes,PF6,EC:0.300+EMC:0.700,weightedperm_weightedvisc,"weighted_permittivity, weighted_viscosity_mPa_s_25C",28.73,3,clustered,420,6,6,0.9448105888567919,False,1.025,,
421,11934,10.1149/2.0571912jes,PF6,EC:0.300+EMC:0.700,weightedperm_weightedvisc,"weighted_permittivity, weighted_viscosity_mPa_s_25C",28.73,3,clustered,421,6,6,0.9448105888567919,False,1.025,,
422,11935,10.1149/2.0571912jes,PF6,EC:0.300+EMC:0.700,weightedperm_weightedvisc,"weighted_permittivity, weighted_viscosity_mPa_s_25C",28.73,3,clustered,422,6,6,0.9448105888567919,False,1.025,,
423,11936,10.1149/2.0571912jes,PF6,EC:0.300+EMC:0.700,weightedperm_weightedvisc,"weighted_permittivity, weighted_viscosity_mPa_s_25C",28.73,3,clustered,423,6,6,0.9448105888567919,False,1.025,,
424,11937,10.1149/2.0571912jes,PF6,EC:0.300+EMC:0.700,weightedperm_weightedvisc,"weighted_permittivity, weighted_viscosity_mPa_s_25C",28.73,3,clustered,424,6,6,0.9448105888567919,False,1.025,,
425,11938,10.1149/2.0571912jes,PF6,EC:0.300+EMC:0.700,weightedperm_weightedvisc,"weighted_permittivity, weighted_viscosity_mPa_s_25C",28.73,3,clustered,425,6,6,0.9448105888567919,False,1.025,,
426,11939,10.1149/2.0571912jes,PF6,EC:0.300+EMC:0.700,weightedperm_weightedvisc,"weighted_permittivity, weighted_viscosity_mPa_s_25C",28.73,3,clustered,426,6,6,0.9448105888567919,False,1.025,,
427,11940,10.1149/2.0571912jes,PF6,EC:0.300+EMC:0.700,weightedperm_weightedvisc,"weighted_permittivity, weighted_viscosity_mPa_s_25C",28.73,3,clustered,427,6,6,0.9448105888567919,False,1.025,,
428,11941,10.1149/2.0571912jes,PF6,EC:0.300+EMC:0.700,weightedperm_weightedvisc,"weighted_permittivity, weighted_viscosity_mPa_s_25C",28.73,3,clustered,428,6,6,0.9448105888567919,False,1.025,,
429,11942,10.1149/2.0571912jes,PF6,EC:0.300+EMC:0.700,weightedperm_weightedvisc,"weighted_permittivity, weighted_viscosity_mPa_s_25C",28.73,3,clustered,429,6,6,0.9448105888567919,False,1.025,,
430,11943,10.1149/2.0571912jes,PF6,EC:0.300+EMC:0.700,weightedperm_weightedvisc,"weighted_permittivity, weighted_viscosity_mPa_s_25C",28.73,3,clustered,430,6,6,0.9448105888567919,False,1.025,,
431,11944,10.1149/2.0571912jes,PF6,EC:0.300+EMC:0.700,weightedperm_weightedvisc,"weighted_permittivity, weighted_viscosity_mPa_s_25C",28.73,3,clustered,431,6,6,0.9448105888567919,False,1.025,,
432,11945,10.1149/2.0571912jes,PF6,EC:0.300+EMC:0.700,weightedperm_weightedvisc,"weighted_permittivity, weighted_viscosity_mPa_s_25C",28.73,3,clustered,432,6,6,0.9448105888567919,False,1.025,,
433,11946,10.1149/2.0571912jes,PF6,EC:0.300+EMC:0.700,weightedperm_weightedvisc,"weighted_permittivity, weighted_viscosity_mPa_s_25C",28.73,3,clustered,433,6,6,0.9448105888567919,False,1.025,,
434,11947,10.1149/2.0571912jes,PF6,EC:0.300+EMC:0.700,weightedperm_weightedvisc,"weighted_permittivity, weighted_viscosity_mPa_s_25C",28.73,3,clustered,434,6,6,0.9448105888567919,False,1.025,,
435,11948,10.1149/2.0571912jes,PF6,EC:0.300+EMC:0.700,weightedperm_weightedvisc,"weighted_permittivity, weighted_viscosity_mPa_s_25C",28.73,3,clustered,435,6,6,0.9448105888567919,False,1.025,,
436,11949,10.1149/2.0571912jes,PF6,EC:0.300+EMC:0.700,weightedperm_weightedvisc,"weighted_permittivity, weighted_viscosity_mPa_s_25C",28.73,3,clustered,436,6,6,0.9448105888567919,False,1.025,,
437,11950,10.1149/2.0571912jes,PF6,EC:0.300+EMC:0.700,weightedperm_weightedvisc,"weighted_permittivity, weighted_viscosity_mPa_s_25C",28.73,3,clustered,437,6,6,0.9448105888567919,False,1.025,,
438,11951,10.1149/2.0571912jes,PF6,EC:0.300+EMC:0.700,weightedperm_weightedvisc,"weighted_permittivity, weighted_viscosity_mPa_s_25C",28.73,3,clustered,438,6,6,0.9448105888567919,False,1.025,,
439,11952,10.1149/2.0571912jes,PF6,EC:0.300+EMC:0.700,weightedperm_weightedvisc,"weighted_permittivity, weighted_viscosity_mPa_s_25C",28.73,3,clustered,439,6,6,0.9448105888567919,False,1.025,,
440,11953,10.1149/2.0571912jes,PF6,EC:0.300+EMC:0.700,weightedperm_weightedvisc,"weighted_permittivity, weighted_viscosity_mPa_s_25C",28.73,3,clustered,440,6,6,0.9448105888567919,False,1.025,,
441,11954,10.1149/2.0571912jes,PF6,EC:0.300+EMC:0.700,weightedperm_weightedvisc,"weighted_permittivity, weighted_viscosity_mPa_s_25C",28.73,3,clustered,441,6,6,0.9448105888567919,False,1.025,,
442,11955,10.1149/2.0571912jes,PF6,EC:0.300+EMC:0.700,weightedperm_weightedvisc,"weighted_permittivity, weighted_viscosity_mPa_s_25C",28.73,3,clustered,442,6,6,0.9448105888567919,False,1.025,,
443,11956,10.1149/2.0571912jes,PF6,EC:0.300+EMC:0.700,weightedperm_weightedvisc,"weighted_permittivity, weighted_viscosity_mPa_s_25C",28.73,3,clustered,443,6,6,0.9448105888567919,False,1.025,,
444,11957,10.1149/2.0571912jes,PF6,EC:0.300+EMC:0.700,weightedperm_weightedvisc,"weighted_permittivity, weighted_viscosity_mPa_s_25C",28.73,3,clustered,444,6,6,0.9448105888567919,False,1.025,,
445,11958,10.1149/2.0571912jes,PF6,EC:0.300+EMC:0.700,weightedperm_weightedvisc,"weighted_permittivity, weighted_viscosity_mPa_s_25C",28.73,3,clustered,445,6,6,0.9448105888567919,False,1.025,,
446,11959,10.1149/2.0571912jes,PF6,EC:0.300+EMC:0.700,weightedperm_weightedvisc,"weighted_permittivity, weighted_viscosity_mPa_s_25C",28.73,3,clustered,446,6,6,0.9448105888567919,False,1.025,,
447,12002,10.1149/2.0641503jes,PF6,EC:0.500+DEC:0.500,weightedperm_weightedvisc,"weighted_permittivity, weighted_viscosity_mPa_s_25C",45.9,1,clustered,447,6,6,0.9448105888567919,False,1.255,,
448,12003,10.1149/2.0641503jes,PF6,EC:0.500+DEC:0.500,weightedperm_weightedvisc,"weighted_permittivity, weighted_viscosity_mPa_s_25C",45.9,1,clustered,448,6,6,0.9448105888567919,False,1.255,,
449,12004,10.1149/2.0641503jes,PF6,EC:0.500+DEC:0.500,weightedperm_weightedvisc,"weighted_permittivity, weighted_viscosity_mPa_s_25C",45.9,1,clustered,449,6,6,0.9448105888567919,False,1.255,,
450,12005,10.1149/2.0641503jes,PF6,EC:0.500+DEC:0.500,weightedperm_weightedvisc,"weighted_permittivity, weighted_viscosity_mPa_s_25C",45.9,1,clustered,450,6,6,0.9448105888567919,False,1.255,,
451,12006,10.1149/2.0641503jes,PF6,EC:0.500+DEC:0.500,weightedperm_weightedvisc,"weighted_permittivity, weighted_viscosity_mPa_s_25C",45.9,1,clustered,451,6,6,0.9448105888567919,False,1.255,,
452,12007,10.1149/2.0641503jes,PF6,EC:0.500+DEC:0.500,weightedperm_weightedvisc,"weighted_permittivity, weighted_viscosity_mPa_s_25C",45.9,1,clustered,452,6,6,0.9448105888567919,False,1.255,,
453,12008,10.1149/2.0641503jes,PF6,EC:0.500+DEC:0.500,weightedperm_weightedvisc,"weighted_permittivity, weighted_viscosity_mPa_s_25C",45.9,1,clustered,453,6,6,0.9448105888567919,False,1.255,,
454,12009,10.1149/2.0641503jes,PF6,EC:0.500+DEC:0.500,weightedperm_weightedvisc,"weighted_permittivity, weighted_viscosity_mPa_s_25C",45.9,1,clustered,454,6,6,0.9448105888567919,False,1.255,,
455,12010,10.1149/2.0641503jes,PF6,EC:0.500+DEC:0.500,weightedperm_weightedvisc,"weighted_permittivity, weighted_viscosity_mPa_s_25C",45.9,1,clustered,455,6,6,0.9448105888567919,False,1.255,,
456,12011,10.1149/2.0641503jes,PF6,EC:0.500+DEC:0.500,weightedperm_weightedvisc,"weighted_permittivity, weighted_viscosity_mPa_s_25C",45.9,1,clustered,456,6,6,0.9448105888567919,False,1.255,,
457,12012,10.1149/2.0641503jes,PF6,EC:0.500+DEC:0.500,weightedperm_weightedvisc,"weighted_permittivity, weighted_viscosity_mPa_s_25C",45.9,1,clustered,457,6,6,0.9448105888567919,False,1.255,,
458,12013,10.1149/2.0641503jes,PF6,EC:0.500+DEC:0.500,weightedperm_weightedvisc,"weighted_permittivity, weighted_viscosity_mPa_s_25C",45.9,1,clustered,458,6,6,0.9448105888567919,False,1.255,,
459,12014,10.1149/2.0641503jes,PF6,EC:0.500+DEC:0.500,weightedperm_weightedvisc,"weighted_permittivity, weighted_viscosity_mPa_s_25C",45.9,1,clustered,459,6,6,0.9448105888567919,False,1.255,,
460,12015,10.1149/2.0641503jes,PF6,EC:0.500+DEC:0.500,weightedperm_weightedvisc,"weighted_permittivity, weighted_viscosity_mPa_s_25C",45.9,1,clustered,460,6,6,0.9448105888567919,False,1.255,,
461,12016,10.1149/2.0641503jes,PF6,EC:0.500+DEC:0.500,weightedperm_weightedvisc,"weighted_permittivity, weighted_viscosity_mPa_s_25C",45.9,1,clustered,461,6,6,0.9448105888567919,False,1.255,,
462,13615,10.1016/0378-7753(91)80004-H,PF6,EC:0.150+PC:0.850,weightedperm_weightedvisc,"weighted_permittivity, weighted_viscosity_mPa_s_25C",68.515,2,clustered,462,6,6,0.9448105888567919,False,2.4355,,
463,13616,10.1016/0378-7753(91)80004-H,PF6,EC:0.500+PC:0.500,weightedperm_weightedvisc,"weighted_permittivity, weighted_viscosity_mPa_s_25C",76.95,5,clustered,463,6,6,0.9448105888567919,False,2.215,,
464,13618,10.1016/0378-7753(91)80004-H,PF6,EC:0.150+PC:0.850,weightedperm_weightedvisc,"weighted_permittivity, weighted_viscosity_mPa_s_25C",68.515,2,clustered,464,6,6,0.9448105888567919,False,2.4355,,
465,13619,10.1016/0378-7753(91)80004-H,PF6,EC:0.500+PC:0.500,weightedperm_weightedvisc,"weighted_permittivity, weighted_viscosity_mPa_s_25C",76.95,5,clustered,465,6,6,0.9448105888567919,False,2.215,,
466,13621,10.1016/0378-7753(91)80004-H,PF6,EC:0.150+PC:0.850,weightedperm_weightedvisc,"weighted_permittivity, weighted_viscosity_mPa_s_25C",68.515,2,clustered,466,6,6,0.9448105888567919,False,2.4355,,
467,13622,10.1016/0378-7753(91)80004-H,PF6,EC:0.500+PC:0.500,weightedperm_weightedvisc,"weighted_permittivity, weighted_viscosity_mPa_s_25C",76.95,5,clustered,467,6,6,0.9448105888567919,False,2.215,,
468,13624,10.1016/0378-7753(91)80004-H,PF6,EC:0.150+PC:0.850,weightedperm_weightedvisc,"weighted_permittivity, weighted_viscosity_mPa_s_25C",68.515,2,clustered,468,6,6,0.9448105888567919,False,2.4355,,
469,13625,10.1016/0378-7753(91)80004-H,PF6,EC:0.500+PC:0.500,weightedperm_weightedvisc,"weighted_permittivity, weighted_viscosity_mPa_s_25C",76.95,5,clustered,469,6,6,0.9448105888567919,False,2.215,,
470,13627,10.1016/0378-7753(91)80004-H,PF6,EC:0.150+PC:0.850,weightedperm_weightedvisc,"weighted_permittivity, weighted_viscosity_mPa_s_25C",68.515,2,clustered,470,6,6,0.9448105888567919,False,2.4355,,
471,13628,10.1016/0378-7753(91)80004-H,PF6,EC:0.500+PC:0.500,weightedperm_weightedvisc,"weighted_permittivity, weighted_viscosity_mPa_s_25C",76.95,5,clustered,471,6,6,0.9448105888567919,False,2.215,,
472,13630,10.1016/0378-7753(91)80004-H,PF6,EC:0.150+PC:0.850,weightedperm_weightedvisc,"weighted_permittivity, weighted_viscosity_mPa_s_25C",68.515,2,clustered,472,6,6,0.9448105888567919,False,2.4355,,
473,13631,10.1016/0378-7753(91)80004-H,PF6,EC:0.500+PC:0.500,weightedperm_weightedvisc,"weighted_permittivity, weighted_viscosity_mPa_s_25C",76.95,5,clustered,473,6,6,0.9448105888567919,False,2.215,,
474,13633,10.1016/0378-7753(91)80004-H,PF6,EC:0.150+PC:0.850,weightedperm_weightedvisc,"weighted_permittivity, weighted_viscosity_mPa_s_25C",68.515,2,clustered,474,6,6,0.9448105888567919,False,2.4355,,
475,13634,10.1016/0378-7753(91)80004-H,PF6,EC:0.500+PC:0.500,weightedperm_weightedvisc,"weighted_permittivity, weighted_viscosity_mPa_s_25C",76.95,5,clustered,475,6,6,0.9448105888567919,False,2.215,,
476,13636,10.1016/0378-7753(91)80004-H,PF6,EC:0.150+PC:0.850,weightedperm_weightedvisc,"weighted_permittivity, weighted_viscosity_mPa_s_25C",68.515,2,clustered,476,6,6,0.9448105888567919,False,2.4355,,
477,13637,10.1016/0378-7753(91)80004-H,PF6,EC:0.500+PC:0.500,weightedperm_weightedvisc,"weighted_permittivity, weighted_viscosity_mPa_s_25C",76.95,5,clustered,477,6,6,0.9448105888567919,False,2.215,,
478,13639,10.1016/0378-7753(91)80004-H,PF6,EC:0.150+PC:0.850,weightedperm_weightedvisc,"weighted_permittivity, weighted_viscosity_mPa_s_25C",68.515,2,clustered,478,6,6,0.9448105888567919,False,2.4355,,
479,13640,10.1016/0378-7753(91)80004-H,PF6,EC:0.500+PC:0.500,weightedperm_weightedvisc,"weighted_permittivity, weighted_viscosity_mPa_s_25C",76.95,5,clustered,479,6,6,0.9448105888567919,False,2.215,,
480,13642,10.1016/0378-7753(91)80004-H,PF6,EC:0.150+PC:0.850,weightedperm_weightedvisc,"weighted_permittivity, weighted_viscosity_mPa_s_25C",68.515,2,clustered,480,6,6,0.9448105888567919,False,2.4355,,
481,13643,10.1016/0378-7753(91)80004-H,PF6,EC:0.500+PC:0.500,weightedperm_weightedvisc,"weighted_permittivity, weighted_viscosity_mPa_s_25C",76.95,5,clustered,481,6,6,0.9448105888567919,False,2.215,,
482,13645,10.1016/0378-7753(91)80004-H,PF6,EC:0.150+PC:0.850,weightedperm_weightedvisc,"weighted_permittivity, weighted_viscosity_mPa_s_25C",68.515,2,clustered,482,6,6,0.9448105888567919,False,2.4355,,
483,13646,10.1016/0378-7753(91)80004-H,PF6,EC:0.500+PC:0.500,weightedperm_weightedvisc,"weighted_permittivity, weighted_viscosity_mPa_s_25C",76.95,5,clustered,483,6,6,0.9448105888567919,False,2.215,,
484,13793,10.1016/0378-7753(91)80004-H,BF4,EC:0.500+PC:0.500,weightedperm_weightedvisc,"weighted_permittivity, weighted_viscosity_mPa_s_25C",76.95,5,clustered,484,6,6,0.9448105888567919,False,2.215,,
485,13796,10.1016/0378-7753(91)80004-H,BF4,EC:0.500+PC:0.500,weightedperm_weightedvisc,"weighted_permittivity, weighted_viscosity_mPa_s_25C",76.95,5,clustered,485,6,6,0.9448105888567919,False,2.215,,
486,13799,10.1016/0378-7753(91)80004-H,BF4,EC:0.500+PC:0.500,weightedperm_weightedvisc,"weighted_permittivity, weighted_viscosity_mPa_s_25C",76.95,5,clustered,486,6,6,0.9448105888567919,False,2.215,,
487,13802,10.1016/0378-7753(91)80004-H,BF4,EC:0.500+PC:0.500,weightedperm_weightedvisc,"weighted_permittivity, weighted_viscosity_mPa_s_25C",76.95,5,clustered,487,6,6,0.9448105888567919,False,2.215,,
488,13805,10.1016/0378-7753(91)80004-H,BF4,EC:0.500+PC:0.500,weightedperm_weightedvisc,"weighted_permittivity, weighted_viscosity_mPa_s_25C",76.95,5,clustered,488,6,6,0.9448105888567919,False,2.215,,
489,13808,10.1016/0378-7753(91)80004-H,BF4,EC:0.500+PC:0.500,weightedperm_weightedvisc,"weighted_permittivity, weighted_viscosity_mPa_s_25C",76.95,5,clustered,489,6,6,0.9448105888567919,False,2.215,,
490,13811,10.1016/0378-7753(91)80004-H,BF4,EC:0.500+PC:0.500,weightedperm_weightedvisc,"weighted_permittivity, weighted_viscosity_mPa_s_25C",76.95,5,clustered,490,6,6,0.9448105888567919,False,2.215,,
491,13814,10.1016/0378-7753(91)80004-H,BF4,EC:0.500+PC:0.500,weightedperm_weightedvisc,"weighted_permittivity, weighted_viscosity_mPa_s_25C",76.95,5,clustered,491,6,6,0.9448105888567919,False,2.215,,
492,13817,10.1016/0378-7753(91)80004-H,BF4,EC:0.500+PC:0.500,weightedperm_weightedvisc,"weighted_permittivity, weighted_viscosity_mPa_s_25C",76.95,5,clustered,492,6,6,0.9448105888567919,False,2.215,,
493,13820,10.1016/0378-7753(91)80004-H,BF4,EC:0.500+PC:0.500,weightedperm_weightedvisc,"weighted_permittivity, weighted_viscosity_mPa_s_25C",76.95,5,clustered,493,6,6,0.9448105888567919,False,2.215,,
494,13823,10.1016/0378-7753(91)80004-H,BF4,EC:0.500+PC:0.500,weightedperm_weightedvisc,"weighted_permittivity, weighted_viscosity_mPa_s_25C",76.95,5,clustered,494,6,6,0.9448105888567919,False,2.215,,
