job_id,original_row_index,doi,cation_name,anion_name,salt_conc,solvents,solvent_fracs,temperature,salt_cluster_id,q_scale,selection_reason,sampling_order,cluster_id,cluster_rank_in_sampling,representative_doi,source_row_indices,source_dois,conductivity,conductivity_std,replicate_count,original_salt,original_concentration,original_concentration_units,salt_conc_units,solvent_ratio_basis,composition_warning,composition_summary,solvent_entropy,weighted_permittivity,weighted_viscosity_mPa_s_25C,salt_conc_x_weighted_permittivity,salt_conc_x_weighted_viscosity,anion_PF6,anion_ClO4,anion_TFSI,anion_FSI,anion_BF4,has_EC,frac_EC,has_PC,frac_PC,has_DME,frac_DME,has_DMC,frac_DMC,has_DEC,frac_DEC,has_EMC,frac_EMC,duplicate_identity,cluster_size
saltPF6_rank01_row11894_q0p70,11894,10.1149/2.0571912jes,Li,PF6,1.004,"[""EC"",""DMC""]","[0.5,0.5]",283.15,PF6,0.70,"salt-family centroid representative selected from salt_conc, temperature, weighted_permittivity, weighted_viscosity_mPa_s_25C, solvent_entropy, salt_conc_x_weighted_permittivity, salt_conc_x_weighted_viscosity, frac_EC, frac_PC, frac_DME, frac_DMC, frac_DEC, frac_EMC, conductivity descriptor space",1,1,1,10.1149/2.0571912jes,[11894],"[""10.1149/2.0571912jes""]",8.723,0.0,1,LiPF6,1.004,mol/l,mol/L,weight,,EC:0.500+DMC:0.500,0.6931471805599453,46.05,1.2449999999999999,46.234199999999994,1.2499799999999999,1,0,0,0,0,1,0.5,0,0.0,0,0.0,1,0.5,0,0.0,0,0.0,"('Li', 'PF6', 1.004, '[""EC"",""DMC""]', '[0.5,0.5]', 283.15)",242
saltPF6_rank01_row11894_q0p75,11894,10.1149/2.0571912jes,Li,PF6,1.004,"[""EC"",""DMC""]","[0.5,0.5]",283.15,PF6,0.75,"salt-family centroid representative selected from salt_conc, temperature, weighted_permittivity, weighted_viscosity_mPa_s_25C, solvent_entropy, salt_conc_x_weighted_permittivity, salt_conc_x_weighted_viscosity, frac_EC, frac_PC, frac_DME, frac_DMC, frac_DEC, frac_EMC, conductivity descriptor space",1,1,1,10.1149/2.0571912jes,[11894],"[""10.1149/2.0571912jes""]",8.723,0.0,1,LiPF6,1.004,mol/l,mol/L,weight,,EC:0.500+DMC:0.500,0.6931471805599453,46.05,1.2449999999999999,46.234199999999994,1.2499799999999999,1,0,0,0,0,1,0.5,0,0.0,0,0.0,1,0.5,0,0.0,0,0.0,"('Li', 'PF6', 1.004, '[""EC"",""DMC""]', '[0.5,0.5]', 283.15)",242
saltPF6_rank01_row11894_q0p80,11894,10.1149/2.0571912jes,Li,PF6,1.004,"[""EC"",""DMC""]","[0.5,0.5]",283.15,PF6,0.80,"salt-family centroid representative selected from salt_conc, temperature, weighted_permittivity, weighted_viscosity_mPa_s_25C, solvent_entropy, salt_conc_x_weighted_permittivity, salt_conc_x_weighted_viscosity, frac_EC, frac_PC, frac_DME, frac_DMC, frac_DEC, frac_EMC, conductivity descriptor space",1,1,1,10.1149/2.0571912jes,[11894],"[""10.1149/2.0571912jes""]",8.723,0.0,1,LiPF6,1.004,mol/l,mol/L,weight,,EC:0.500+DMC:0.500,0.6931471805599453,46.05,1.2449999999999999,46.234199999999994,1.2499799999999999,1,0,0,0,0,1,0.5,0,0.0,0,0.0,1,0.5,0,0.0,0,0.0,"('Li', 'PF6', 1.004, '[""EC"",""DMC""]', '[0.5,0.5]', 283.15)",242
saltPF6_rank01_row11894_q0p85,11894,10.1149/2.0571912jes,Li,PF6,1.004,"[""EC"",""DMC""]","[0.5,0.5]",283.15,PF6,0.85,"salt-family centroid representative selected from salt_conc, temperature, weighted_permittivity, weighted_viscosity_mPa_s_25C, solvent_entropy, salt_conc_x_weighted_permittivity, salt_conc_x_weighted_viscosity, frac_EC, frac_PC, frac_DME, frac_DMC, frac_DEC, frac_EMC, conductivity descriptor space",1,1,1,10.1149/2.0571912jes,[11894],"[""10.1149/2.0571912jes""]",8.723,0.0,1,LiPF6,1.004,mol/l,mol/L,weight,,EC:0.500+DMC:0.500,0.6931471805599453,46.05,1.2449999999999999,46.234199999999994,1.2499799999999999,1,0,0,0,0,1,0.5,0,0.0,0,0.0,1,0.5,0,0.0,0,0.0,"('Li', 'PF6', 1.004, '[""EC"",""DMC""]', '[0.5,0.5]', 283.15)",242
saltPF6_rank01_row11894_q0p90,11894,10.1149/2.0571912jes,Li,PF6,1.004,"[""EC"",""DMC""]","[0.5,0.5]",283.15,PF6,0.90,"salt-family centroid representative selected from salt_conc, temperature, weighted_permittivity, weighted_viscosity_mPa_s_25C, solvent_entropy, salt_conc_x_weighted_permittivity, salt_conc_x_weighted_viscosity, frac_EC, frac_PC, frac_DME, frac_DMC, frac_DEC, frac_EMC, conductivity descriptor space",1,1,1,10.1149/2.0571912jes,[11894],"[""10.1149/2.0571912jes""]",8.723,0.0,1,LiPF6,1.004,mol/l,mol/L,weight,,EC:0.500+DMC:0.500,0.6931471805599453,46.05,1.2449999999999999,46.234199999999994,1.2499799999999999,1,0,0,0,0,1,0.5,0,0.0,0,0.0,1,0.5,0,0.0,0,0.0,"('Li', 'PF6', 1.004, '[""EC"",""DMC""]', '[0.5,0.5]', 283.15)",242
saltPF6_rank02_row13615_q0p70,13615,10.1016/0378-7753(91)80004-H,Li,PF6,1.0,"[""EC"",""PC""]","[0.15,0.85]",213.15,PF6,0.70,maximin descriptor spread within salt family; exact duplicate simulation inputs excluded,2,1,2,10.1016/0378-7753(91)80004-H,[13615],"[""10.1016/0378-7753(91)80004-H""]",0.01,0.0,1,LiPF6,1.0,mol/l,mol/L,volume,,EC:0.150+PC:0.850,0.42270908780599087,68.515,2.4354999999999998,68.515,2.4354999999999998,1,0,0,0,0,1,0.15,1,0.85,0,0.0,0,0.0,0,0.0,0,0.0,"('Li', 'PF6', 1.0, '[""EC"",""PC""]', '[0.15,0.85]', 213.15)",242
saltPF6_rank02_row13615_q0p75,13615,10.1016/0378-7753(91)80004-H,Li,PF6,1.0,"[""EC"",""PC""]","[0.15,0.85]",213.15,PF6,0.75,maximin descriptor spread within salt family; exact duplicate simulation inputs excluded,2,1,2,10.1016/0378-7753(91)80004-H,[13615],"[""10.1016/0378-7753(91)80004-H""]",0.01,0.0,1,LiPF6,1.0,mol/l,mol/L,volume,,EC:0.150+PC:0.850,0.42270908780599087,68.515,2.4354999999999998,68.515,2.4354999999999998,1,0,0,0,0,1,0.15,1,0.85,0,0.0,0,0.0,0,0.0,0,0.0,"('Li', 'PF6', 1.0, '[""EC"",""PC""]', '[0.15,0.85]', 213.15)",242
saltPF6_rank02_row13615_q0p80,13615,10.1016/0378-7753(91)80004-H,Li,PF6,1.0,"[""EC"",""PC""]","[0.15,0.85]",213.15,PF6,0.80,maximin descriptor spread within salt family; exact duplicate simulation inputs excluded,2,1,2,10.1016/0378-7753(91)80004-H,[13615],"[""10.1016/0378-7753(91)80004-H""]",0.01,0.0,1,LiPF6,1.0,mol/l,mol/L,volume,,EC:0.150+PC:0.850,0.42270908780599087,68.515,2.4354999999999998,68.515,2.4354999999999998,1,0,0,0,0,1,0.15,1,0.85,0,0.0,0,0.0,0,0.0,0,0.0,"('Li', 'PF6', 1.0, '[""EC"",""PC""]', '[0.15,0.85]', 213.15)",242
saltPF6_rank02_row13615_q0p85,13615,10.1016/0378-7753(91)80004-H,Li,PF6,1.0,"[""EC"",""PC""]","[0.15,0.85]",213.15,PF6,0.85,maximin descriptor spread within salt family; exact duplicate simulation inputs excluded,2,1,2,10.1016/0378-7753(91)80004-H,[13615],"[""10.1016/0378-7753(91)80004-H""]",0.01,0.0,1,LiPF6,1.0,mol/l,mol/L,volume,,EC:0.150+PC:0.850,0.42270908780599087,68.515,2.4354999999999998,68.515,2.4354999999999998,1,0,0,0,0,1,0.15,1,0.85,0,0.0,0,0.0,0,0.0,0,0.0,"('Li', 'PF6', 1.0, '[""EC"",""PC""]', '[0.15,0.85]', 213.15)",242
saltPF6_rank02_row13615_q0p90,13615,10.1016/0378-7753(91)80004-H,Li,PF6,1.0,"[""EC"",""PC""]","[0.15,0.85]",213.15,PF6,0.90,maximin descriptor spread within salt family; exact duplicate simulation inputs excluded,2,1,2,10.1016/0378-7753(91)80004-H,[13615],"[""10.1016/0378-7753(91)80004-H""]",0.01,0.0,1,LiPF6,1.0,mol/l,mol/L,volume,,EC:0.150+PC:0.850,0.42270908780599087,68.515,2.4354999999999998,68.515,2.4354999999999998,1,0,0,0,0,1,0.15,1,0.85,0,0.0,0,0.0,0,0.0,0,0.0,"('Li', 'PF6', 1.0, '[""EC"",""PC""]', '[0.15,0.85]', 213.15)",242
saltPF6_rank03_row10903_q0p70,10903,10.1149/1.1872737,Li,PF6,3.327935223,"[""EC"",""PC"",""DMC""]","[0.27,0.1,0.63]",263.0,PF6,0.70,maximin descriptor spread within salt family; exact duplicate simulation inputs excluded,3,1,3,10.1149/1.1872737,[10903],"[""10.1149/1.1872737""]",0.144369586,0.0,1,LiPF6,3.327935223,mol/l,mol/L,volume,,EC:0.270+PC:0.100+DMC:0.630,0.8748608452408524,32.473,1.1377,108.068040496479,3.7861919032071,1,0,0,0,0,1,0.27,1,0.1,0,0.0,1,0.63,0,0.0,0,0.0,"('Li', 'PF6', 3.327935223, '[""EC"",""PC"",""DMC""]', '[0.27,0.1,0.63]', 263.0)",242
saltPF6_rank03_row10903_q0p75,10903,10.1149/1.1872737,Li,PF6,3.327935223,"[""EC"",""PC"",""DMC""]","[0.27,0.1,0.63]",263.0,PF6,0.75,maximin descriptor spread within salt family; exact duplicate simulation inputs excluded,3,1,3,10.1149/1.1872737,[10903],"[""10.1149/1.1872737""]",0.144369586,0.0,1,LiPF6,3.327935223,mol/l,mol/L,volume,,EC:0.270+PC:0.100+DMC:0.630,0.8748608452408524,32.473,1.1377,108.068040496479,3.7861919032071,1,0,0,0,0,1,0.27,1,0.1,0,0.0,1,0.63,0,0.0,0,0.0,"('Li', 'PF6', 3.327935223, '[""EC"",""PC"",""DMC""]', '[0.27,0.1,0.63]', 263.0)",242
saltPF6_rank03_row10903_q0p80,10903,10.1149/1.1872737,Li,PF6,3.327935223,"[""EC"",""PC"",""DMC""]","[0.27,0.1,0.63]",263.0,PF6,0.80,maximin descriptor spread within salt family; exact duplicate simulation inputs excluded,3,1,3,10.1149/1.1872737,[10903],"[""10.1149/1.1872737""]",0.144369586,0.0,1,LiPF6,3.327935223,mol/l,mol/L,volume,,EC:0.270+PC:0.100+DMC:0.630,0.8748608452408524,32.473,1.1377,108.068040496479,3.7861919032071,1,0,0,0,0,1,0.27,1,0.1,0,0.0,1,0.63,0,0.0,0,0.0,"('Li', 'PF6', 3.327935223, '[""EC"",""PC"",""DMC""]', '[0.27,0.1,0.63]', 263.0)",242
saltPF6_rank03_row10903_q0p85,10903,10.1149/1.1872737,Li,PF6,3.327935223,"[""EC"",""PC"",""DMC""]","[0.27,0.1,0.63]",263.0,PF6,0.85,maximin descriptor spread within salt family; exact duplicate simulation inputs excluded,3,1,3,10.1149/1.1872737,[10903],"[""10.1149/1.1872737""]",0.144369586,0.0,1,LiPF6,3.327935223,mol/l,mol/L,volume,,EC:0.270+PC:0.100+DMC:0.630,0.8748608452408524,32.473,1.1377,108.068040496479,3.7861919032071,1,0,0,0,0,1,0.27,1,0.1,0,0.0,1,0.63,0,0.0,0,0.0,"('Li', 'PF6', 3.327935223, '[""EC"",""PC"",""DMC""]', '[0.27,0.1,0.63]', 263.0)",242
saltPF6_rank03_row10903_q0p90,10903,10.1149/1.1872737,Li,PF6,3.327935223,"[""EC"",""PC"",""DMC""]","[0.27,0.1,0.63]",263.0,PF6,0.90,maximin descriptor spread within salt family; exact duplicate simulation inputs excluded,3,1,3,10.1149/1.1872737,[10903],"[""10.1149/1.1872737""]",0.144369586,0.0,1,LiPF6,3.327935223,mol/l,mol/L,volume,,EC:0.270+PC:0.100+DMC:0.630,0.8748608452408524,32.473,1.1377,108.068040496479,3.7861919032071,1,0,0,0,0,1,0.27,1,0.1,0,0.0,1,0.63,0,0.0,0,0.0,"('Li', 'PF6', 3.327935223, '[""EC"",""PC"",""DMC""]', '[0.27,0.1,0.63]', 263.0)",242
saltPF6_rank04_row13645_q0p70,13645,10.1016/0378-7753(91)80004-H,Li,PF6,1.0,"[""EC"",""PC""]","[0.15,0.85]",353.15,PF6,0.70,maximin descriptor spread within salt family; exact duplicate simulation inputs excluded,4,1,4,10.1016/0378-7753(91)80004-H,[13645],"[""10.1016/0378-7753(91)80004-H""]",16.88,0.0,1,LiPF6,1.0,mol/l,mol/L,volume,,EC:0.150+PC:0.850,0.42270908780599087,68.515,2.4354999999999998,68.515,2.4354999999999998,1,0,0,0,0,1,0.15,1,0.85,0,0.0,0,0.0,0,0.0,0,0.0,"('Li', 'PF6', 1.0, '[""EC"",""PC""]', '[0.15,0.85]', 353.15)",242
saltPF6_rank04_row13645_q0p75,13645,10.1016/0378-7753(91)80004-H,Li,PF6,1.0,"[""EC"",""PC""]","[0.15,0.85]",353.15,PF6,0.75,maximin descriptor spread within salt family; exact duplicate simulation inputs excluded,4,1,4,10.1016/0378-7753(91)80004-H,[13645],"[""10.1016/0378-7753(91)80004-H""]",16.88,0.0,1,LiPF6,1.0,mol/l,mol/L,volume,,EC:0.150+PC:0.850,0.42270908780599087,68.515,2.4354999999999998,68.515,2.4354999999999998,1,0,0,0,0,1,0.15,1,0.85,0,0.0,0,0.0,0,0.0,0,0.0,"('Li', 'PF6', 1.0, '[""EC"",""PC""]', '[0.15,0.85]', 353.15)",242
saltPF6_rank04_row13645_q0p80,13645,10.1016/0378-7753(91)80004-H,Li,PF6,1.0,"[""EC"",""PC""]","[0.15,0.85]",353.15,PF6,0.80,maximin descriptor spread within salt family; exact duplicate simulation inputs excluded,4,1,4,10.1016/0378-7753(91)80004-H,[13645],"[""10.1016/0378-7753(91)80004-H""]",16.88,0.0,1,LiPF6,1.0,mol/l,mol/L,volume,,EC:0.150+PC:0.850,0.42270908780599087,68.515,2.4354999999999998,68.515,2.4354999999999998,1,0,0,0,0,1,0.15,1,0.85,0,0.0,0,0.0,0,0.0,0,0.0,"('Li', 'PF6', 1.0, '[""EC"",""PC""]', '[0.15,0.85]', 353.15)",242
saltPF6_rank04_row13645_q0p85,13645,10.1016/0378-7753(91)80004-H,Li,PF6,1.0,"[""EC"",""PC""]","[0.15,0.85]",353.15,PF6,0.85,maximin descriptor spread within salt family; exact duplicate simulation inputs excluded,4,1,4,10.1016/0378-7753(91)80004-H,[13645],"[""10.1016/0378-7753(91)80004-H""]",16.88,0.0,1,LiPF6,1.0,mol/l,mol/L,volume,,EC:0.150+PC:0.850,0.42270908780599087,68.515,2.4354999999999998,68.515,2.4354999999999998,1,0,0,0,0,1,0.15,1,0.85,0,0.0,0,0.0,0,0.0,0,0.0,"('Li', 'PF6', 1.0, '[""EC"",""PC""]', '[0.15,0.85]', 353.15)",242
saltPF6_rank04_row13645_q0p90,13645,10.1016/0378-7753(91)80004-H,Li,PF6,1.0,"[""EC"",""PC""]","[0.15,0.85]",353.15,PF6,0.90,maximin descriptor spread within salt family; exact duplicate simulation inputs excluded,4,1,4,10.1016/0378-7753(91)80004-H,[13645],"[""10.1016/0378-7753(91)80004-H""]",16.88,0.0,1,LiPF6,1.0,mol/l,mol/L,volume,,EC:0.150+PC:0.850,0.42270908780599087,68.515,2.4354999999999998,68.515,2.4354999999999998,1,0,0,0,0,1,0.15,1,0.85,0,0.0,0,0.0,0,0.0,0,0.0,"('Li', 'PF6', 1.0, '[""EC"",""PC""]', '[0.15,0.85]', 353.15)",242
saltPF6_rank05_row11959_q0p70,11959,10.1149/2.0571912jes,Li,PF6,2.996,"[""EC"",""EMC""]","[0.3,0.7]",323.15,PF6,0.70,maximin descriptor spread within salt family; exact duplicate simulation inputs excluded,5,1,5,10.1149/2.0571912jes,[11959],"[""10.1149/2.0571912jes""]",5.617,0.0,1,LiPF6,2.996,mol/l,mol/L,weight,,EC:0.300+EMC:0.700,0.6108643020548935,28.73,1.025,86.07508,3.0708999999999995,1,0,0,0,0,1,0.3,0,0.0,0,0.0,0,0.0,0,0.0,1,0.7,"('Li', 'PF6', 2.996, '[""EC"",""EMC""]', '[0.3,0.7]', 323.15)",242
saltPF6_rank05_row11959_q0p75,11959,10.1149/2.0571912jes,Li,PF6,2.996,"[""EC"",""EMC""]","[0.3,0.7]",323.15,PF6,0.75,maximin descriptor spread within salt family; exact duplicate simulation inputs excluded,5,1,5,10.1149/2.0571912jes,[11959],"[""10.1149/2.0571912jes""]",5.617,0.0,1,LiPF6,2.996,mol/l,mol/L,weight,,EC:0.300+EMC:0.700,0.6108643020548935,28.73,1.025,86.07508,3.0708999999999995,1,0,0,0,0,1,0.3,0,0.0,0,0.0,0,0.0,0,0.0,1,0.7,"('Li', 'PF6', 2.996, '[""EC"",""EMC""]', '[0.3,0.7]', 323.15)",242
saltPF6_rank05_row11959_q0p80,11959,10.1149/2.0571912jes,Li,PF6,2.996,"[""EC"",""EMC""]","[0.3,0.7]",323.15,PF6,0.80,maximin descriptor spread within salt family; exact duplicate simulation inputs excluded,5,1,5,10.1149/2.0571912jes,[11959],"[""10.1149/2.0571912jes""]",5.617,0.0,1,LiPF6,2.996,mol/l,mol/L,weight,,EC:0.300+EMC:0.700,0.6108643020548935,28.73,1.025,86.07508,3.0708999999999995,1,0,0,0,0,1,0.3,0,0.0,0,0.0,0,0.0,0,0.0,1,0.7,"('Li', 'PF6', 2.996, '[""EC"",""EMC""]', '[0.3,0.7]', 323.15)",242
saltPF6_rank05_row11959_q0p85,11959,10.1149/2.0571912jes,Li,PF6,2.996,"[""EC"",""EMC""]","[0.3,0.7]",323.15,PF6,0.85,maximin descriptor spread within salt family; exact duplicate simulation inputs excluded,5,1,5,10.1149/2.0571912jes,[11959],"[""10.1149/2.0571912jes""]",5.617,0.0,1,LiPF6,2.996,mol/l,mol/L,weight,,EC:0.300+EMC:0.700,0.6108643020548935,28.73,1.025,86.07508,3.0708999999999995,1,0,0,0,0,1,0.3,0,0.0,0,0.0,0,0.0,0,0.0,1,0.7,"('Li', 'PF6', 2.996, '[""EC"",""EMC""]', '[0.3,0.7]', 323.15)",242
saltPF6_rank05_row11959_q0p90,11959,10.1149/2.0571912jes,Li,PF6,2.996,"[""EC"",""EMC""]","[0.3,0.7]",323.15,PF6,0.90,maximin descriptor spread within salt family; exact duplicate simulation inputs excluded,5,1,5,10.1149/2.0571912jes,[11959],"[""10.1149/2.0571912jes""]",5.617,0.0,1,LiPF6,2.996,mol/l,mol/L,weight,,EC:0.300+EMC:0.700,0.6108643020548935,28.73,1.025,86.07508,3.0708999999999995,1,0,0,0,0,1,0.3,0,0.0,0,0.0,0,0.0,0,0.0,1,0.7,"('Li', 'PF6', 2.996, '[""EC"",""EMC""]', '[0.3,0.7]', 323.15)",242
saltPF6_rank06_row13634_q0p70,13634,10.1016/0378-7753(91)80004-H,Li,PF6,1.0,"[""EC"",""PC""]","[0.5,0.5]",273.15,PF6,0.70,maximin descriptor spread within salt family; exact duplicate simulation inputs excluded,6,1,6,10.1016/0378-7753(91)80004-H,[13634],"[""10.1016/0378-7753(91)80004-H""]",3.46,0.0,1,LiPF6,1.0,mol/l,mol/L,volume,,EC:0.500+PC:0.500,0.6931471805599453,76.95,2.215,76.95,2.215,1,0,0,0,0,1,0.5,1,0.5,0,0.0,0,0.0,0,0.0,0,0.0,"('Li', 'PF6', 1.0, '[""EC"",""PC""]', '[0.5,0.5]', 273.15)",242
saltPF6_rank06_row13634_q0p75,13634,10.1016/0378-7753(91)80004-H,Li,PF6,1.0,"[""EC"",""PC""]","[0.5,0.5]",273.15,PF6,0.75,maximin descriptor spread within salt family; exact duplicate simulation inputs excluded,6,1,6,10.1016/0378-7753(91)80004-H,[13634],"[""10.1016/0378-7753(91)80004-H""]",3.46,0.0,1,LiPF6,1.0,mol/l,mol/L,volume,,EC:0.500+PC:0.500,0.6931471805599453,76.95,2.215,76.95,2.215,1,0,0,0,0,1,0.5,1,0.5,0,0.0,0,0.0,0,0.0,0,0.0,"('Li', 'PF6', 1.0, '[""EC"",""PC""]', '[0.5,0.5]', 273.15)",242
saltPF6_rank06_row13634_q0p80,13634,10.1016/0378-7753(91)80004-H,Li,PF6,1.0,"[""EC"",""PC""]","[0.5,0.5]",273.15,PF6,0.80,maximin descriptor spread within salt family; exact duplicate simulation inputs excluded,6,1,6,10.1016/0378-7753(91)80004-H,[13634],"[""10.1016/0378-7753(91)80004-H""]",3.46,0.0,1,LiPF6,1.0,mol/l,mol/L,volume,,EC:0.500+PC:0.500,0.6931471805599453,76.95,2.215,76.95,2.215,1,0,0,0,0,1,0.5,1,0.5,0,0.0,0,0.0,0,0.0,0,0.0,"('Li', 'PF6', 1.0, '[""EC"",""PC""]', '[0.5,0.5]', 273.15)",242
saltPF6_rank06_row13634_q0p85,13634,10.1016/0378-7753(91)80004-H,Li,PF6,1.0,"[""EC"",""PC""]","[0.5,0.5]",273.15,PF6,0.85,maximin descriptor spread within salt family; exact duplicate simulation inputs excluded,6,1,6,10.1016/0378-7753(91)80004-H,[13634],"[""10.1016/0378-7753(91)80004-H""]",3.46,0.0,1,LiPF6,1.0,mol/l,mol/L,volume,,EC:0.500+PC:0.500,0.6931471805599453,76.95,2.215,76.95,2.215,1,0,0,0,0,1,0.5,1,0.5,0,0.0,0,0.0,0,0.0,0,0.0,"('Li', 'PF6', 1.0, '[""EC"",""PC""]', '[0.5,0.5]', 273.15)",242
saltPF6_rank06_row13634_q0p90,13634,10.1016/0378-7753(91)80004-H,Li,PF6,1.0,"[""EC"",""PC""]","[0.5,0.5]",273.15,PF6,0.90,maximin descriptor spread within salt family; exact duplicate simulation inputs excluded,6,1,6,10.1016/0378-7753(91)80004-H,[13634],"[""10.1016/0378-7753(91)80004-H""]",3.46,0.0,1,LiPF6,1.0,mol/l,mol/L,volume,,EC:0.500+PC:0.500,0.6931471805599453,76.95,2.215,76.95,2.215,1,0,0,0,0,1,0.5,1,0.5,0,0.0,0,0.0,0,0.0,0,0.0,"('Li', 'PF6', 1.0, '[""EC"",""PC""]', '[0.5,0.5]', 273.15)",242
saltPF6_rank07_row11954_q0p70,11954,10.1149/2.0571912jes,Li,PF6,0.096,"[""EC"",""EMC""]","[0.3,0.7]",323.15,PF6,0.70,maximin descriptor spread within salt family; exact duplicate simulation inputs excluded,7,1,7,10.1149/2.0571912jes,[11954],"[""10.1149/2.0571912jes""]",3.556,0.0,1,LiPF6,0.096,mol/l,mol/L,weight,,EC:0.300+EMC:0.700,0.6108643020548935,28.73,1.025,2.75808,0.09839999999999999,1,0,0,0,0,1,0.3,0,0.0,0,0.0,0,0.0,0,0.0,1,0.7,"('Li', 'PF6', 0.096, '[""EC"",""EMC""]', '[0.3,0.7]', 323.15)",242
saltPF6_rank07_row11954_q0p75,11954,10.1149/2.0571912jes,Li,PF6,0.096,"[""EC"",""EMC""]","[0.3,0.7]",323.15,PF6,0.75,maximin descriptor spread within salt family; exact duplicate simulation inputs excluded,7,1,7,10.1149/2.0571912jes,[11954],"[""10.1149/2.0571912jes""]",3.556,0.0,1,LiPF6,0.096,mol/l,mol/L,weight,,EC:0.300+EMC:0.700,0.6108643020548935,28.73,1.025,2.75808,0.09839999999999999,1,0,0,0,0,1,0.3,0,0.0,0,0.0,0,0.0,0,0.0,1,0.7,"('Li', 'PF6', 0.096, '[""EC"",""EMC""]', '[0.3,0.7]', 323.15)",242
saltPF6_rank07_row11954_q0p80,11954,10.1149/2.0571912jes,Li,PF6,0.096,"[""EC"",""EMC""]","[0.3,0.7]",323.15,PF6,0.80,maximin descriptor spread within salt family; exact duplicate simulation inputs excluded,7,1,7,10.1149/2.0571912jes,[11954],"[""10.1149/2.0571912jes""]",3.556,0.0,1,LiPF6,0.096,mol/l,mol/L,weight,,EC:0.300+EMC:0.700,0.6108643020548935,28.73,1.025,2.75808,0.09839999999999999,1,0,0,0,0,1,0.3,0,0.0,0,0.0,0,0.0,0,0.0,1,0.7,"('Li', 'PF6', 0.096, '[""EC"",""EMC""]', '[0.3,0.7]', 323.15)",242
saltPF6_rank07_row11954_q0p85,11954,10.1149/2.0571912jes,Li,PF6,0.096,"[""EC"",""EMC""]","[0.3,0.7]",323.15,PF6,0.85,maximin descriptor spread within salt family; exact duplicate simulation inputs excluded,7,1,7,10.1149/2.0571912jes,[11954],"[""10.1149/2.0571912jes""]",3.556,0.0,1,LiPF6,0.096,mol/l,mol/L,weight,,EC:0.300+EMC:0.700,0.6108643020548935,28.73,1.025,2.75808,0.09839999999999999,1,0,0,0,0,1,0.3,0,0.0,0,0.0,0,0.0,0,0.0,1,0.7,"('Li', 'PF6', 0.096, '[""EC"",""EMC""]', '[0.3,0.7]', 323.15)",242
saltPF6_rank07_row11954_q0p90,11954,10.1149/2.0571912jes,Li,PF6,0.096,"[""EC"",""EMC""]","[0.3,0.7]",323.15,PF6,0.90,maximin descriptor spread within salt family; exact duplicate simulation inputs excluded,7,1,7,10.1149/2.0571912jes,[11954],"[""10.1149/2.0571912jes""]",3.556,0.0,1,LiPF6,0.096,mol/l,mol/L,weight,,EC:0.300+EMC:0.700,0.6108643020548935,28.73,1.025,2.75808,0.09839999999999999,1,0,0,0,0,1,0.3,0,0.0,0,0.0,0,0.0,0,0.0,1,0.7,"('Li', 'PF6', 0.096, '[""EC"",""EMC""]', '[0.3,0.7]', 323.15)",242
saltPF6_rank08_row12004_q0p70,12004,10.1149/2.0641503jes,Li,PF6,0.5,"[""EC"",""DEC""]","[0.5,0.5]",313.15,PF6,0.70,maximin descriptor spread within salt family; exact duplicate simulation inputs excluded,8,1,8,10.1149/2.0641503jes,[12004],"[""10.1149/2.0641503jes""]",8.738205467,0.0,1,LiPF6,0.5,mol/l,mol/L,weight,,EC:0.500+DEC:0.500,0.6931471805599453,45.9,1.255,22.95,0.6275,1,0,0,0,0,1,0.5,0,0.0,0,0.0,0,0.0,1,0.5,0,0.0,"('Li', 'PF6', 0.5, '[""EC"",""DEC""]', '[0.5,0.5]', 313.15)",242
saltPF6_rank08_row12004_q0p75,12004,10.1149/2.0641503jes,Li,PF6,0.5,"[""EC"",""DEC""]","[0.5,0.5]",313.15,PF6,0.75,maximin descriptor spread within salt family; exact duplicate simulation inputs excluded,8,1,8,10.1149/2.0641503jes,[12004],"[""10.1149/2.0641503jes""]",8.738205467,0.0,1,LiPF6,0.5,mol/l,mol/L,weight,,EC:0.500+DEC:0.500,0.6931471805599453,45.9,1.255,22.95,0.6275,1,0,0,0,0,1,0.5,0,0.0,0,0.0,0,0.0,1,0.5,0,0.0,"('Li', 'PF6', 0.5, '[""EC"",""DEC""]', '[0.5,0.5]', 313.15)",242
saltPF6_rank08_row12004_q0p80,12004,10.1149/2.0641503jes,Li,PF6,0.5,"[""EC"",""DEC""]","[0.5,0.5]",313.15,PF6,0.80,maximin descriptor spread within salt family; exact duplicate simulation inputs excluded,8,1,8,10.1149/2.0641503jes,[12004],"[""10.1149/2.0641503jes""]",8.738205467,0.0,1,LiPF6,0.5,mol/l,mol/L,weight,,EC:0.500+DEC:0.500,0.6931471805599453,45.9,1.255,22.95,0.6275,1,0,0,0,0,1,0.5,0,0.0,0,0.0,0,0.0,1,0.5,0,0.0,"('Li', 'PF6', 0.5, '[""EC"",""DEC""]', '[0.5,0.5]', 313.15)",242
saltPF6_rank08_row12004_q0p85,12004,10.1149/2.0641503jes,Li,PF6,0.5,"[""EC"",""DEC""]","[0.5,0.5]",313.15,PF6,0.85,maximin descriptor spread within salt family; exact duplicate simulation inputs excluded,8,1,8,10.1149/2.0641503jes,[12004],"[""10.1149/2.0641503jes""]",8.738205467,0.0,1,LiPF6,0.5,mol/l,mol/L,weight,,EC:0.500+DEC:0.500,0.6931471805599453,45.9,1.255,22.95,0.6275,1,0,0,0,0,1,0.5,0,0.0,0,0.0,0,0.0,1,0.5,0,0.0,"('Li', 'PF6', 0.5, '[""EC"",""DEC""]', '[0.5,0.5]', 313.15)",242
saltPF6_rank08_row12004_q0p90,12004,10.1149/2.0641503jes,Li,PF6,0.5,"[""EC"",""DEC""]","[0.5,0.5]",313.15,PF6,0.90,maximin descriptor spread within salt family; exact duplicate simulation inputs excluded,8,1,8,10.1149/2.0641503jes,[12004],"[""10.1149/2.0641503jes""]",8.738205467,0.0,1,LiPF6,0.5,mol/l,mol/L,weight,,EC:0.500+DEC:0.500,0.6931471805599453,45.9,1.255,22.95,0.6275,1,0,0,0,0,1,0.5,0,0.0,0,0.0,0,0.0,1,0.5,0,0.0,"('Li', 'PF6', 0.5, '[""EC"",""DEC""]', '[0.5,0.5]', 313.15)",242
saltPF6_rank09_row10878_q0p70,10878,10.1149/1.1872737,Li,PF6,2.240215924,"[""EC"",""PC"",""DMC""]","[0.27,0.1,0.63]",333.0,PF6,0.70,maximin descriptor spread within salt family; exact duplicate simulation inputs excluded,9,1,9,10.1149/1.1872737,"[10878,10879,10880]","[""10.1149/1.1872737""]",15.816490216666667,0.48859462094887013,3,LiPF6,2.240215924,mol/l,mol/L,volume,,EC:0.270+PC:0.100+DMC:0.630,0.8748608452408524,32.473,1.1377,72.746531700052,2.5486936567348,1,0,0,0,0,1,0.27,1,0.1,0,0.0,1,0.63,0,0.0,0,0.0,"('Li', 'PF6', 2.240215924, '[""EC"",""PC"",""DMC""]', '[0.27,0.1,0.63]', 333.0)",242
saltPF6_rank09_row10878_q0p75,10878,10.1149/1.1872737,Li,PF6,2.240215924,"[""EC"",""PC"",""DMC""]","[0.27,0.1,0.63]",333.0,PF6,0.75,maximin descriptor spread within salt family; exact duplicate simulation inputs excluded,9,1,9,10.1149/1.1872737,"[10878,10879,10880]","[""10.1149/1.1872737""]",15.816490216666667,0.48859462094887013,3,LiPF6,2.240215924,mol/l,mol/L,volume,,EC:0.270+PC:0.100+DMC:0.630,0.8748608452408524,32.473,1.1377,72.746531700052,2.5486936567348,1,0,0,0,0,1,0.27,1,0.1,0,0.0,1,0.63,0,0.0,0,0.0,"('Li', 'PF6', 2.240215924, '[""EC"",""PC"",""DMC""]', '[0.27,0.1,0.63]', 333.0)",242
saltPF6_rank09_row10878_q0p80,10878,10.1149/1.1872737,Li,PF6,2.240215924,"[""EC"",""PC"",""DMC""]","[0.27,0.1,0.63]",333.0,PF6,0.80,maximin descriptor spread within salt family; exact duplicate simulation inputs excluded,9,1,9,10.1149/1.1872737,"[10878,10879,10880]","[""10.1149/1.1872737""]",15.816490216666667,0.48859462094887013,3,LiPF6,2.240215924,mol/l,mol/L,volume,,EC:0.270+PC:0.100+DMC:0.630,0.8748608452408524,32.473,1.1377,72.746531700052,2.5486936567348,1,0,0,0,0,1,0.27,1,0.1,0,0.0,1,0.63,0,0.0,0,0.0,"('Li', 'PF6', 2.240215924, '[""EC"",""PC"",""DMC""]', '[0.27,0.1,0.63]', 333.0)",242
saltPF6_rank09_row10878_q0p85,10878,10.1149/1.1872737,Li,PF6,2.240215924,"[""EC"",""PC"",""DMC""]","[0.27,0.1,0.63]",333.0,PF6,0.85,maximin descriptor spread within salt family; exact duplicate simulation inputs excluded,9,1,9,10.1149/1.1872737,"[10878,10879,10880]","[""10.1149/1.1872737""]",15.816490216666667,0.48859462094887013,3,LiPF6,2.240215924,mol/l,mol/L,volume,,EC:0.270+PC:0.100+DMC:0.630,0.8748608452408524,32.473,1.1377,72.746531700052,2.5486936567348,1,0,0,0,0,1,0.27,1,0.1,0,0.0,1,0.63,0,0.0,0,0.0,"('Li', 'PF6', 2.240215924, '[""EC"",""PC"",""DMC""]', '[0.27,0.1,0.63]', 333.0)",242
saltPF6_rank09_row10878_q0p90,10878,10.1149/1.1872737,Li,PF6,2.240215924,"[""EC"",""PC"",""DMC""]","[0.27,0.1,0.63]",333.0,PF6,0.90,maximin descriptor spread within salt family; exact duplicate simulation inputs excluded,9,1,9,10.1149/1.1872737,"[10878,10879,10880]","[""10.1149/1.1872737""]",15.816490216666667,0.48859462094887013,3,LiPF6,2.240215924,mol/l,mol/L,volume,,EC:0.270+PC:0.100+DMC:0.630,0.8748608452408524,32.473,1.1377,72.746531700052,2.5486936567348,1,0,0,0,0,1,0.27,1,0.1,0,0.0,1,0.63,0,0.0,0,0.0,"('Li', 'PF6', 2.240215924, '[""EC"",""PC"",""DMC""]', '[0.27,0.1,0.63]', 333.0)",242
saltPF6_rank10_row13646_q0p70,13646,10.1016/0378-7753(91)80004-H,Li,PF6,1.0,"[""EC"",""PC""]","[0.5,0.5]",353.15,PF6,0.70,maximin descriptor spread within salt family; exact duplicate simulation inputs excluded,10,1,10,10.1016/0378-7753(91)80004-H,[13646],"[""10.1016/0378-7753(91)80004-H""]",19.35,0.0,1,LiPF6,1.0,mol/l,mol/L,volume,,EC:0.500+PC:0.500,0.6931471805599453,76.95,2.215,76.95,2.215,1,0,0,0,0,1,0.5,1,0.5,0,0.0,0,0.0,0,0.0,0,0.0,"('Li', 'PF6', 1.0, '[""EC"",""PC""]', '[0.5,0.5]', 353.15)",242
saltPF6_rank10_row13646_q0p75,13646,10.1016/0378-7753(91)80004-H,Li,PF6,1.0,"[""EC"",""PC""]","[0.5,0.5]",353.15,PF6,0.75,maximin descriptor spread within salt family; exact duplicate simulation inputs excluded,10,1,10,10.1016/0378-7753(91)80004-H,[13646],"[""10.1016/0378-7753(91)80004-H""]",19.35,0.0,1,LiPF6,1.0,mol/l,mol/L,volume,,EC:0.500+PC:0.500,0.6931471805599453,76.95,2.215,76.95,2.215,1,0,0,0,0,1,0.5,1,0.5,0,0.0,0,0.0,0,0.0,0,0.0,"('Li', 'PF6', 1.0, '[""EC"",""PC""]', '[0.5,0.5]', 353.15)",242
saltPF6_rank10_row13646_q0p80,13646,10.1016/0378-7753(91)80004-H,Li,PF6,1.0,"[""EC"",""PC""]","[0.5,0.5]",353.15,PF6,0.80,maximin descriptor spread within salt family; exact duplicate simulation inputs excluded,10,1,10,10.1016/0378-7753(91)80004-H,[13646],"[""10.1016/0378-7753(91)80004-H""]",19.35,0.0,1,LiPF6,1.0,mol/l,mol/L,volume,,EC:0.500+PC:0.500,0.6931471805599453,76.95,2.215,76.95,2.215,1,0,0,0,0,1,0.5,1,0.5,0,0.0,0,0.0,0,0.0,0,0.0,"('Li', 'PF6', 1.0, '[""EC"",""PC""]', '[0.5,0.5]', 353.15)",242
saltPF6_rank10_row13646_q0p85,13646,10.1016/0378-7753(91)80004-H,Li,PF6,1.0,"[""EC"",""PC""]","[0.5,0.5]",353.15,PF6,0.85,maximin descriptor spread within salt family; exact duplicate simulation inputs excluded,10,1,10,10.1016/0378-7753(91)80004-H,[13646],"[""10.1016/0378-7753(91)80004-H""]",19.35,0.0,1,LiPF6,1.0,mol/l,mol/L,volume,,EC:0.500+PC:0.500,0.6931471805599453,76.95,2.215,76.95,2.215,1,0,0,0,0,1,0.5,1,0.5,0,0.0,0,0.0,0,0.0,0,0.0,"('Li', 'PF6', 1.0, '[""EC"",""PC""]', '[0.5,0.5]', 353.15)",242
saltPF6_rank10_row13646_q0p90,13646,10.1016/0378-7753(91)80004-H,Li,PF6,1.0,"[""EC"",""PC""]","[0.5,0.5]",353.15,PF6,0.90,maximin descriptor spread within salt family; exact duplicate simulation inputs excluded,10,1,10,10.1016/0378-7753(91)80004-H,[13646],"[""10.1016/0378-7753(91)80004-H""]",19.35,0.0,1,LiPF6,1.0,mol/l,mol/L,volume,,EC:0.500+PC:0.500,0.6931471805599453,76.95,2.215,76.95,2.215,1,0,0,0,0,1,0.5,1,0.5,0,0.0,0,0.0,0,0.0,0,0.0,"('Li', 'PF6', 1.0, '[""EC"",""PC""]', '[0.5,0.5]', 353.15)",242
saltPF6_rank11_row11917_q0p70,11917,10.1149/2.0571912jes,Li,PF6,3.0,"[""EC"",""DMC""]","[0.5,0.5]",323.15,PF6,0.70,maximin descriptor spread within salt family; exact duplicate simulation inputs excluded,11,1,11,10.1149/2.0571912jes,[11917],"[""10.1149/2.0571912jes""]",7.98,0.0,1,LiPF6,3.0,mol/l,mol/L,weight,,EC:0.500+DMC:0.500,0.6931471805599453,46.05,1.2449999999999999,138.14999999999998,3.7349999999999994,1,0,0,0,0,1,0.5,0,0.0,0,0.0,1,0.5,0,0.0,0,0.0,"('Li', 'PF6', 3.0, '[""EC"",""DMC""]', '[0.5,0.5]', 323.15)",242
saltPF6_rank11_row11917_q0p75,11917,10.1149/2.0571912jes,Li,PF6,3.0,"[""EC"",""DMC""]","[0.5,0.5]",323.15,PF6,0.75,maximin descriptor spread within salt family; exact duplicate simulation inputs excluded,11,1,11,10.1149/2.0571912jes,[11917],"[""10.1149/2.0571912jes""]",7.98,0.0,1,LiPF6,3.0,mol/l,mol/L,weight,,EC:0.500+DMC:0.500,0.6931471805599453,46.05,1.2449999999999999,138.14999999999998,3.7349999999999994,1,0,0,0,0,1,0.5,0,0.0,0,0.0,1,0.5,0,0.0,0,0.0,"('Li', 'PF6', 3.0, '[""EC"",""DMC""]', '[0.5,0.5]', 323.15)",242
saltPF6_rank11_row11917_q0p80,11917,10.1149/2.0571912jes,Li,PF6,3.0,"[""EC"",""DMC""]","[0.5,0.5]",323.15,PF6,0.80,maximin descriptor spread within salt family; exact duplicate simulation inputs excluded,11,1,11,10.1149/2.0571912jes,[11917],"[""10.1149/2.0571912jes""]",7.98,0.0,1,LiPF6,3.0,mol/l,mol/L,weight,,EC:0.500+DMC:0.500,0.6931471805599453,46.05,1.2449999999999999,138.14999999999998,3.7349999999999994,1,0,0,0,0,1,0.5,0,0.0,0,0.0,1,0.5,0,0.0,0,0.0,"('Li', 'PF6', 3.0, '[""EC"",""DMC""]', '[0.5,0.5]', 323.15)",242
saltPF6_rank11_row11917_q0p85,11917,10.1149/2.0571912jes,Li,PF6,3.0,"[""EC"",""DMC""]","[0.5,0.5]",323.15,PF6,0.85,maximin descriptor spread within salt family; exact duplicate simulation inputs excluded,11,1,11,10.1149/2.0571912jes,[11917],"[""10.1149/2.0571912jes""]",7.98,0.0,1,LiPF6,3.0,mol/l,mol/L,weight,,EC:0.500+DMC:0.500,0.6931471805599453,46.05,1.2449999999999999,138.14999999999998,3.7349999999999994,1,0,0,0,0,1,0.5,0,0.0,0,0.0,1,0.5,0,0.0,0,0.0,"('Li', 'PF6', 3.0, '[""EC"",""DMC""]', '[0.5,0.5]', 323.15)",242
saltPF6_rank11_row11917_q0p90,11917,10.1149/2.0571912jes,Li,PF6,3.0,"[""EC"",""DMC""]","[0.5,0.5]",323.15,PF6,0.90,maximin descriptor spread within salt family; exact duplicate simulation inputs excluded,11,1,11,10.1149/2.0571912jes,[11917],"[""10.1149/2.0571912jes""]",7.98,0.0,1,LiPF6,3.0,mol/l,mol/L,weight,,EC:0.500+DMC:0.500,0.6931471805599453,46.05,1.2449999999999999,138.14999999999998,3.7349999999999994,1,0,0,0,0,1,0.5,0,0.0,0,0.0,1,0.5,0,0.0,0,0.0,"('Li', 'PF6', 3.0, '[""EC"",""DMC""]', '[0.5,0.5]', 323.15)",242
saltPF6_rank12_row4363_q0p70,4363,10.1149/1.1466857,Li,PF6,1.0,"[""EC"",""EMC""]","[0.3,0.7]",222.7274648,PF6,0.70,maximin descriptor spread within salt family; exact duplicate simulation inputs excluded,12,1,12,10.1149/1.1466857,[4363],"[""10.1149/1.1466857""]",0.551948052,0.0,1,LiPF6,1.0,mol/l,mol/L,weight,,EC:0.300+EMC:0.700,0.6108643020548935,28.73,1.025,28.73,1.025,1,0,0,0,0,1,0.3,0,0.0,0,0.0,0,0.0,0,0.0,1,0.7,"('Li', 'PF6', 1.0, '[""EC"",""EMC""]', '[0.3,0.7]', 222.7274648)",242
saltPF6_rank12_row4363_q0p75,4363,10.1149/1.1466857,Li,PF6,1.0,"[""EC"",""EMC""]","[0.3,0.7]",222.7274648,PF6,0.75,maximin descriptor spread within salt family; exact duplicate simulation inputs excluded,12,1,12,10.1149/1.1466857,[4363],"[""10.1149/1.1466857""]",0.551948052,0.0,1,LiPF6,1.0,mol/l,mol/L,weight,,EC:0.300+EMC:0.700,0.6108643020548935,28.73,1.025,28.73,1.025,1,0,0,0,0,1,0.3,0,0.0,0,0.0,0,0.0,0,0.0,1,0.7,"('Li', 'PF6', 1.0, '[""EC"",""EMC""]', '[0.3,0.7]', 222.7274648)",242
saltPF6_rank12_row4363_q0p80,4363,10.1149/1.1466857,Li,PF6,1.0,"[""EC"",""EMC""]","[0.3,0.7]",222.7274648,PF6,0.80,maximin descriptor spread within salt family; exact duplicate simulation inputs excluded,12,1,12,10.1149/1.1466857,[4363],"[""10.1149/1.1466857""]",0.551948052,0.0,1,LiPF6,1.0,mol/l,mol/L,weight,,EC:0.300+EMC:0.700,0.6108643020548935,28.73,1.025,28.73,1.025,1,0,0,0,0,1,0.3,0,0.0,0,0.0,0,0.0,0,0.0,1,0.7,"('Li', 'PF6', 1.0, '[""EC"",""EMC""]', '[0.3,0.7]', 222.7274648)",242
saltPF6_rank12_row4363_q0p85,4363,10.1149/1.1466857,Li,PF6,1.0,"[""EC"",""EMC""]","[0.3,0.7]",222.7274648,PF6,0.85,maximin descriptor spread within salt family; exact duplicate simulation inputs excluded,12,1,12,10.1149/1.1466857,[4363],"[""10.1149/1.1466857""]",0.551948052,0.0,1,LiPF6,1.0,mol/l,mol/L,weight,,EC:0.300+EMC:0.700,0.6108643020548935,28.73,1.025,28.73,1.025,1,0,0,0,0,1,0.3,0,0.0,0,0.0,0,0.0,0,0.0,1,0.7,"('Li', 'PF6', 1.0, '[""EC"",""EMC""]', '[0.3,0.7]', 222.7274648)",242
saltPF6_rank12_row4363_q0p90,4363,10.1149/1.1466857,Li,PF6,1.0,"[""EC"",""EMC""]","[0.3,0.7]",222.7274648,PF6,0.90,maximin descriptor spread within salt family; exact duplicate simulation inputs excluded,12,1,12,10.1149/1.1466857,[4363],"[""10.1149/1.1466857""]",0.551948052,0.0,1,LiPF6,1.0,mol/l,mol/L,weight,,EC:0.300+EMC:0.700,0.6108643020548935,28.73,1.025,28.73,1.025,1,0,0,0,0,1,0.3,0,0.0,0,0.0,0,0.0,0,0.0,1,0.7,"('Li', 'PF6', 1.0, '[""EC"",""EMC""]', '[0.3,0.7]', 222.7274648)",242
saltPF6_rank13_row10874_q0p70,10874,10.1149/1.1872737,Li,PF6,0.391363023,"[""EC"",""PC"",""DMC""]","[0.27,0.1,0.63]",333.0,PF6,0.70,maximin descriptor spread within salt family; exact duplicate simulation inputs excluded,13,1,13,10.1149/1.1872737,[10874],"[""10.1149/1.1872737""]",12.82483157,0.0,1,LiPF6,0.391363023,mol/l,mol/L,volume,,EC:0.270+PC:0.100+DMC:0.630,0.8748608452408524,32.473,1.1377,12.708731445879,0.44525371126709995,1,0,0,0,0,1,0.27,1,0.1,0,0.0,1,0.63,0,0.0,0,0.0,"('Li', 'PF6', 0.391363023, '[""EC"",""PC"",""DMC""]', '[0.27,0.1,0.63]', 333.0)",242
saltPF6_rank13_row10874_q0p75,10874,10.1149/1.1872737,Li,PF6,0.391363023,"[""EC"",""PC"",""DMC""]","[0.27,0.1,0.63]",333.0,PF6,0.75,maximin descriptor spread within salt family; exact duplicate simulation inputs excluded,13,1,13,10.1149/1.1872737,[10874],"[""10.1149/1.1872737""]",12.82483157,0.0,1,LiPF6,0.391363023,mol/l,mol/L,volume,,EC:0.270+PC:0.100+DMC:0.630,0.8748608452408524,32.473,1.1377,12.708731445879,0.44525371126709995,1,0,0,0,0,1,0.27,1,0.1,0,0.0,1,0.63,0,0.0,0,0.0,"('Li', 'PF6', 0.391363023, '[""EC"",""PC"",""DMC""]', '[0.27,0.1,0.63]', 333.0)",242
saltPF6_rank13_row10874_q0p80,10874,10.1149/1.1872737,Li,PF6,0.391363023,"[""EC"",""PC"",""DMC""]","[0.27,0.1,0.63]",333.0,PF6,0.80,maximin descriptor spread within salt family; exact duplicate simulation inputs excluded,13,1,13,10.1149/1.1872737,[10874],"[""10.1149/1.1872737""]",12.82483157,0.0,1,LiPF6,0.391363023,mol/l,mol/L,volume,,EC:0.270+PC:0.100+DMC:0.630,0.8748608452408524,32.473,1.1377,12.708731445879,0.44525371126709995,1,0,0,0,0,1,0.27,1,0.1,0,0.0,1,0.63,0,0.0,0,0.0,"('Li', 'PF6', 0.391363023, '[""EC"",""PC"",""DMC""]', '[0.27,0.1,0.63]', 333.0)",242
saltPF6_rank13_row10874_q0p85,10874,10.1149/1.1872737,Li,PF6,0.391363023,"[""EC"",""PC"",""DMC""]","[0.27,0.1,0.63]",333.0,PF6,0.85,maximin descriptor spread within salt family; exact duplicate simulation inputs excluded,13,1,13,10.1149/1.1872737,[10874],"[""10.1149/1.1872737""]",12.82483157,0.0,1,LiPF6,0.391363023,mol/l,mol/L,volume,,EC:0.270+PC:0.100+DMC:0.630,0.8748608452408524,32.473,1.1377,12.708731445879,0.44525371126709995,1,0,0,0,0,1,0.27,1,0.1,0,0.0,1,0.63,0,0.0,0,0.0,"('Li', 'PF6', 0.391363023, '[""EC"",""PC"",""DMC""]', '[0.27,0.1,0.63]', 333.0)",242
saltPF6_rank13_row10874_q0p90,10874,10.1149/1.1872737,Li,PF6,0.391363023,"[""EC"",""PC"",""DMC""]","[0.27,0.1,0.63]",333.0,PF6,0.90,maximin descriptor spread within salt family; exact duplicate simulation inputs excluded,13,1,13,10.1149/1.1872737,[10874],"[""10.1149/1.1872737""]",12.82483157,0.0,1,LiPF6,0.391363023,mol/l,mol/L,volume,,EC:0.270+PC:0.100+DMC:0.630,0.8748608452408524,32.473,1.1377,12.708731445879,0.44525371126709995,1,0,0,0,0,1,0.27,1,0.1,0,0.0,1,0.63,0,0.0,0,0.0,"('Li', 'PF6', 0.391363023, '[""EC"",""PC"",""DMC""]', '[0.27,0.1,0.63]', 333.0)",242
saltPF6_rank14_row192_q0p70,192,10.1016/j.jpowsour.2011.07.071,Li,PF6,1.0,"[""EC"",""DMC""]","[0.5,0.5]",354.0952676,PF6,0.70,maximin descriptor spread within salt family; exact duplicate simulation inputs excluded,14,1,14,10.1016/j.jpowsour.2011.07.071,[192],"[""10.1016/j.jpowsour.2011.07.071""]",22.55335602,0.0,1,LiPF6,1.0,mol/l,mol/L,molar,,EC:0.500+DMC:0.500,0.6931471805599453,46.05,1.2449999999999999,46.05,1.2449999999999999,1,0,0,0,0,1,0.5,0,0.0,0,0.0,1,0.5,0,0.0,0,0.0,"('Li', 'PF6', 1.0, '[""EC"",""DMC""]', '[0.5,0.5]', 354.0952676)",242
saltPF6_rank14_row192_q0p75,192,10.1016/j.jpowsour.2011.07.071,Li,PF6,1.0,"[""EC"",""DMC""]","[0.5,0.5]",354.0952676,PF6,0.75,maximin descriptor spread within salt family; exact duplicate simulation inputs excluded,14,1,14,10.1016/j.jpowsour.2011.07.071,[192],"[""10.1016/j.jpowsour.2011.07.071""]",22.55335602,0.0,1,LiPF6,1.0,mol/l,mol/L,molar,,EC:0.500+DMC:0.500,0.6931471805599453,46.05,1.2449999999999999,46.05,1.2449999999999999,1,0,0,0,0,1,0.5,0,0.0,0,0.0,1,0.5,0,0.0,0,0.0,"('Li', 'PF6', 1.0, '[""EC"",""DMC""]', '[0.5,0.5]', 354.0952676)",242
saltPF6_rank14_row192_q0p80,192,10.1016/j.jpowsour.2011.07.071,Li,PF6,1.0,"[""EC"",""DMC""]","[0.5,0.5]",354.0952676,PF6,0.80,maximin descriptor spread within salt family; exact duplicate simulation inputs excluded,14,1,14,10.1016/j.jpowsour.2011.07.071,[192],"[""10.1016/j.jpowsour.2011.07.071""]",22.55335602,0.0,1,LiPF6,1.0,mol/l,mol/L,molar,,EC:0.500+DMC:0.500,0.6931471805599453,46.05,1.2449999999999999,46.05,1.2449999999999999,1,0,0,0,0,1,0.5,0,0.0,0,0.0,1,0.5,0,0.0,0,0.0,"('Li', 'PF6', 1.0, '[""EC"",""DMC""]', '[0.5,0.5]', 354.0952676)",242
saltPF6_rank14_row192_q0p85,192,10.1016/j.jpowsour.2011.07.071,Li,PF6,1.0,"[""EC"",""DMC""]","[0.5,0.5]",354.0952676,PF6,0.85,maximin descriptor spread within salt family; exact duplicate simulation inputs excluded,14,1,14,10.1016/j.jpowsour.2011.07.071,[192],"[""10.1016/j.jpowsour.2011.07.071""]",22.55335602,0.0,1,LiPF6,1.0,mol/l,mol/L,molar,,EC:0.500+DMC:0.500,0.6931471805599453,46.05,1.2449999999999999,46.05,1.2449999999999999,1,0,0,0,0,1,0.5,0,0.0,0,0.0,1,0.5,0,0.0,0,0.0,"('Li', 'PF6', 1.0, '[""EC"",""DMC""]', '[0.5,0.5]', 354.0952676)",242
saltPF6_rank14_row192_q0p90,192,10.1016/j.jpowsour.2011.07.071,Li,PF6,1.0,"[""EC"",""DMC""]","[0.5,0.5]",354.0952676,PF6,0.90,maximin descriptor spread within salt family; exact duplicate simulation inputs excluded,14,1,14,10.1016/j.jpowsour.2011.07.071,[192],"[""10.1016/j.jpowsour.2011.07.071""]",22.55335602,0.0,1,LiPF6,1.0,mol/l,mol/L,molar,,EC:0.500+DMC:0.500,0.6931471805599453,46.05,1.2449999999999999,46.05,1.2449999999999999,1,0,0,0,0,1,0.5,0,0.0,0,0.0,1,0.5,0,0.0,0,0.0,"('Li', 'PF6', 1.0, '[""EC"",""DMC""]', '[0.5,0.5]', 354.0952676)",242
saltPF6_rank15_row10901_q0p70,10901,10.1149/1.1872737,Li,PF6,1.738191633,"[""EC"",""PC"",""DMC""]","[0.27,0.1,0.63]",263.0,PF6,0.70,maximin descriptor spread within salt family; exact duplicate simulation inputs excluded,15,1,15,10.1149/1.1872737,[10901],"[""10.1149/1.1872737""]",2.935514918,0.0,1,LiPF6,1.738191633,mol/l,mol/L,volume,,EC:0.270+PC:0.100+DMC:0.630,0.8748608452408524,32.473,1.1377,56.444296898409,1.9775406208641,1,0,0,0,0,1,0.27,1,0.1,0,0.0,1,0.63,0,0.0,0,0.0,"('Li', 'PF6', 1.738191633, '[""EC"",""PC"",""DMC""]', '[0.27,0.1,0.63]', 263.0)",242
saltPF6_rank15_row10901_q0p75,10901,10.1149/1.1872737,Li,PF6,1.738191633,"[""EC"",""PC"",""DMC""]","[0.27,0.1,0.63]",263.0,PF6,0.75,maximin descriptor spread within salt family; exact duplicate simulation inputs excluded,15,1,15,10.1149/1.1872737,[10901],"[""10.1149/1.1872737""]",2.935514918,0.0,1,LiPF6,1.738191633,mol/l,mol/L,volume,,EC:0.270+PC:0.100+DMC:0.630,0.8748608452408524,32.473,1.1377,56.444296898409,1.9775406208641,1,0,0,0,0,1,0.27,1,0.1,0,0.0,1,0.63,0,0.0,0,0.0,"('Li', 'PF6', 1.738191633, '[""EC"",""PC"",""DMC""]', '[0.27,0.1,0.63]', 263.0)",242
saltPF6_rank15_row10901_q0p80,10901,10.1149/1.1872737,Li,PF6,1.738191633,"[""EC"",""PC"",""DMC""]","[0.27,0.1,0.63]",263.0,PF6,0.80,maximin descriptor spread within salt family; exact duplicate simulation inputs excluded,15,1,15,10.1149/1.1872737,[10901],"[""10.1149/1.1872737""]",2.935514918,0.0,1,LiPF6,1.738191633,mol/l,mol/L,volume,,EC:0.270+PC:0.100+DMC:0.630,0.8748608452408524,32.473,1.1377,56.444296898409,1.9775406208641,1,0,0,0,0,1,0.27,1,0.1,0,0.0,1,0.63,0,0.0,0,0.0,"('Li', 'PF6', 1.738191633, '[""EC"",""PC"",""DMC""]', '[0.27,0.1,0.63]', 263.0)",242
saltPF6_rank15_row10901_q0p85,10901,10.1149/1.1872737,Li,PF6,1.738191633,"[""EC"",""PC"",""DMC""]","[0.27,0.1,0.63]",263.0,PF6,0.85,maximin descriptor spread within salt family; exact duplicate simulation inputs excluded,15,1,15,10.1149/1.1872737,[10901],"[""10.1149/1.1872737""]",2.935514918,0.0,1,LiPF6,1.738191633,mol/l,mol/L,volume,,EC:0.270+PC:0.100+DMC:0.630,0.8748608452408524,32.473,1.1377,56.444296898409,1.9775406208641,1,0,0,0,0,1,0.27,1,0.1,0,0.0,1,0.63,0,0.0,0,0.0,"('Li', 'PF6', 1.738191633, '[""EC"",""PC"",""DMC""]', '[0.27,0.1,0.63]', 263.0)",242
saltPF6_rank15_row10901_q0p90,10901,10.1149/1.1872737,Li,PF6,1.738191633,"[""EC"",""PC"",""DMC""]","[0.27,0.1,0.63]",263.0,PF6,0.90,maximin descriptor spread within salt family; exact duplicate simulation inputs excluded,15,1,15,10.1149/1.1872737,[10901],"[""10.1149/1.1872737""]",2.935514918,0.0,1,LiPF6,1.738191633,mol/l,mol/L,volume,,EC:0.270+PC:0.100+DMC:0.630,0.8748608452408524,32.473,1.1377,56.444296898409,1.9775406208641,1,0,0,0,0,1,0.27,1,0.1,0,0.0,1,0.63,0,0.0,0,0.0,"('Li', 'PF6', 1.738191633, '[""EC"",""PC"",""DMC""]', '[0.27,0.1,0.63]', 263.0)",242
saltPF6_rank16_row11957_q0p70,11957,10.1149/2.0571912jes,Li,PF6,1.497,"[""EC"",""EMC""]","[0.3,0.7]",323.15,PF6,0.70,maximin descriptor spread within salt family; exact duplicate simulation inputs excluded,16,1,16,10.1149/2.0571912jes,[11957],"[""10.1149/2.0571912jes""]",11.934,0.0,1,LiPF6,1.497,mol/l,mol/L,weight,,EC:0.300+EMC:0.700,0.6108643020548935,28.73,1.025,43.008810000000004,1.534425,1,0,0,0,0,1,0.3,0,0.0,0,0.0,0,0.0,0,0.0,1,0.7,"('Li', 'PF6', 1.497, '[""EC"",""EMC""]', '[0.3,0.7]', 323.15)",242
saltPF6_rank16_row11957_q0p75,11957,10.1149/2.0571912jes,Li,PF6,1.497,"[""EC"",""EMC""]","[0.3,0.7]",323.15,PF6,0.75,maximin descriptor spread within salt family; exact duplicate simulation inputs excluded,16,1,16,10.1149/2.0571912jes,[11957],"[""10.1149/2.0571912jes""]",11.934,0.0,1,LiPF6,1.497,mol/l,mol/L,weight,,EC:0.300+EMC:0.700,0.6108643020548935,28.73,1.025,43.008810000000004,1.534425,1,0,0,0,0,1,0.3,0,0.0,0,0.0,0,0.0,0,0.0,1,0.7,"('Li', 'PF6', 1.497, '[""EC"",""EMC""]', '[0.3,0.7]', 323.15)",242
saltPF6_rank16_row11957_q0p80,11957,10.1149/2.0571912jes,Li,PF6,1.497,"[""EC"",""EMC""]","[0.3,0.7]",323.15,PF6,0.80,maximin descriptor spread within salt family; exact duplicate simulation inputs excluded,16,1,16,10.1149/2.0571912jes,[11957],"[""10.1149/2.0571912jes""]",11.934,0.0,1,LiPF6,1.497,mol/l,mol/L,weight,,EC:0.300+EMC:0.700,0.6108643020548935,28.73,1.025,43.008810000000004,1.534425,1,0,0,0,0,1,0.3,0,0.0,0,0.0,0,0.0,0,0.0,1,0.7,"('Li', 'PF6', 1.497, '[""EC"",""EMC""]', '[0.3,0.7]', 323.15)",242
saltPF6_rank16_row11957_q0p85,11957,10.1149/2.0571912jes,Li,PF6,1.497,"[""EC"",""EMC""]","[0.3,0.7]",323.15,PF6,0.85,maximin descriptor spread within salt family; exact duplicate simulation inputs excluded,16,1,16,10.1149/2.0571912jes,[11957],"[""10.1149/2.0571912jes""]",11.934,0.0,1,LiPF6,1.497,mol/l,mol/L,weight,,EC:0.300+EMC:0.700,0.6108643020548935,28.73,1.025,43.008810000000004,1.534425,1,0,0,0,0,1,0.3,0,0.0,0,0.0,0,0.0,0,0.0,1,0.7,"('Li', 'PF6', 1.497, '[""EC"",""EMC""]', '[0.3,0.7]', 323.15)",242
saltPF6_rank16_row11957_q0p90,11957,10.1149/2.0571912jes,Li,PF6,1.497,"[""EC"",""EMC""]","[0.3,0.7]",323.15,PF6,0.90,maximin descriptor spread within salt family; exact duplicate simulation inputs excluded,16,1,16,10.1149/2.0571912jes,[11957],"[""10.1149/2.0571912jes""]",11.934,0.0,1,LiPF6,1.497,mol/l,mol/L,weight,,EC:0.300+EMC:0.700,0.6108643020548935,28.73,1.025,43.008810000000004,1.534425,1,0,0,0,0,1,0.3,0,0.0,0,0.0,0,0.0,0,0.0,1,0.7,"('Li', 'PF6', 1.497, '[""EC"",""EMC""]', '[0.3,0.7]', 323.15)",242
saltPF6_rank17_row13636_q0p70,13636,10.1016/0378-7753(91)80004-H,Li,PF6,1.0,"[""EC"",""PC""]","[0.15,0.85]",293.15,PF6,0.70,maximin descriptor spread within salt family; exact duplicate simulation inputs excluded,17,1,17,10.1016/0378-7753(91)80004-H,[13636],"[""10.1016/0378-7753(91)80004-H""]",5.64,0.0,1,LiPF6,1.0,mol/l,mol/L,volume,,EC:0.150+PC:0.850,0.42270908780599087,68.515,2.4354999999999998,68.515,2.4354999999999998,1,0,0,0,0,1,0.15,1,0.85,0,0.0,0,0.0,0,0.0,0,0.0,"('Li', 'PF6', 1.0, '[""EC"",""PC""]', '[0.15,0.85]', 293.15)",242
saltPF6_rank17_row13636_q0p75,13636,10.1016/0378-7753(91)80004-H,Li,PF6,1.0,"[""EC"",""PC""]","[0.15,0.85]",293.15,PF6,0.75,maximin descriptor spread within salt family; exact duplicate simulation inputs excluded,17,1,17,10.1016/0378-7753(91)80004-H,[13636],"[""10.1016/0378-7753(91)80004-H""]",5.64,0.0,1,LiPF6,1.0,mol/l,mol/L,volume,,EC:0.150+PC:0.850,0.42270908780599087,68.515,2.4354999999999998,68.515,2.4354999999999998,1,0,0,0,0,1,0.15,1,0.85,0,0.0,0,0.0,0,0.0,0,0.0,"('Li', 'PF6', 1.0, '[""EC"",""PC""]', '[0.15,0.85]', 293.15)",242
saltPF6_rank17_row13636_q0p80,13636,10.1016/0378-7753(91)80004-H,Li,PF6,1.0,"[""EC"",""PC""]","[0.15,0.85]",293.15,PF6,0.80,maximin descriptor spread within salt family; exact duplicate simulation inputs excluded,17,1,17,10.1016/0378-7753(91)80004-H,[13636],"[""10.1016/0378-7753(91)80004-H""]",5.64,0.0,1,LiPF6,1.0,mol/l,mol/L,volume,,EC:0.150+PC:0.850,0.42270908780599087,68.515,2.4354999999999998,68.515,2.4354999999999998,1,0,0,0,0,1,0.15,1,0.85,0,0.0,0,0.0,0,0.0,0,0.0,"('Li', 'PF6', 1.0, '[""EC"",""PC""]', '[0.15,0.85]', 293.15)",242
saltPF6_rank17_row13636_q0p85,13636,10.1016/0378-7753(91)80004-H,Li,PF6,1.0,"[""EC"",""PC""]","[0.15,0.85]",293.15,PF6,0.85,maximin descriptor spread within salt family; exact duplicate simulation inputs excluded,17,1,17,10.1016/0378-7753(91)80004-H,[13636],"[""10.1016/0378-7753(91)80004-H""]",5.64,0.0,1,LiPF6,1.0,mol/l,mol/L,volume,,EC:0.150+PC:0.850,0.42270908780599087,68.515,2.4354999999999998,68.515,2.4354999999999998,1,0,0,0,0,1,0.15,1,0.85,0,0.0,0,0.0,0,0.0,0,0.0,"('Li', 'PF6', 1.0, '[""EC"",""PC""]', '[0.15,0.85]', 293.15)",242
saltPF6_rank17_row13636_q0p90,13636,10.1016/0378-7753(91)80004-H,Li,PF6,1.0,"[""EC"",""PC""]","[0.15,0.85]",293.15,PF6,0.90,maximin descriptor spread within salt family; exact duplicate simulation inputs excluded,17,1,17,10.1016/0378-7753(91)80004-H,[13636],"[""10.1016/0378-7753(91)80004-H""]",5.64,0.0,1,LiPF6,1.0,mol/l,mol/L,volume,,EC:0.150+PC:0.850,0.42270908780599087,68.515,2.4354999999999998,68.515,2.4354999999999998,1,0,0,0,0,1,0.15,1,0.85,0,0.0,0,0.0,0,0.0,0,0.0,"('Li', 'PF6', 1.0, '[""EC"",""PC""]', '[0.15,0.85]', 293.15)",242
saltPF6_rank18_row11886_q0p70,11886,10.1149/2.0571912jes,Li,PF6,2.0,"[""EC"",""DMC""]","[0.5,0.5]",263.15,PF6,0.70,maximin descriptor spread within salt family; exact duplicate simulation inputs excluded,18,1,18,10.1149/2.0571912jes,[11886],"[""10.1149/2.0571912jes""]",1.824,0.0,1,LiPF6,2.0,mol/l,mol/L,weight,,EC:0.500+DMC:0.500,0.6931471805599453,46.05,1.2449999999999999,92.1,2.4899999999999998,1,0,0,0,0,1,0.5,0,0.0,0,0.0,1,0.5,0,0.0,0,0.0,"('Li', 'PF6', 2.0, '[""EC"",""DMC""]', '[0.5,0.5]', 263.15)",242
saltPF6_rank18_row11886_q0p75,11886,10.1149/2.0571912jes,Li,PF6,2.0,"[""EC"",""DMC""]","[0.5,0.5]",263.15,PF6,0.75,maximin descriptor spread within salt family; exact duplicate simulation inputs excluded,18,1,18,10.1149/2.0571912jes,[11886],"[""10.1149/2.0571912jes""]",1.824,0.0,1,LiPF6,2.0,mol/l,mol/L,weight,,EC:0.500+DMC:0.500,0.6931471805599453,46.05,1.2449999999999999,92.1,2.4899999999999998,1,0,0,0,0,1,0.5,0,0.0,0,0.0,1,0.5,0,0.0,0,0.0,"('Li', 'PF6', 2.0, '[""EC"",""DMC""]', '[0.5,0.5]', 263.15)",242
saltPF6_rank18_row11886_q0p80,11886,10.1149/2.0571912jes,Li,PF6,2.0,"[""EC"",""DMC""]","[0.5,0.5]",263.15,PF6,0.80,maximin descriptor spread within salt family; exact duplicate simulation inputs excluded,18,1,18,10.1149/2.0571912jes,[11886],"[""10.1149/2.0571912jes""]",1.824,0.0,1,LiPF6,2.0,mol/l,mol/L,weight,,EC:0.500+DMC:0.500,0.6931471805599453,46.05,1.2449999999999999,92.1,2.4899999999999998,1,0,0,0,0,1,0.5,0,0.0,0,0.0,1,0.5,0,0.0,0,0.0,"('Li', 'PF6', 2.0, '[""EC"",""DMC""]', '[0.5,0.5]', 263.15)",242
saltPF6_rank18_row11886_q0p85,11886,10.1149/2.0571912jes,Li,PF6,2.0,"[""EC"",""DMC""]","[0.5,0.5]",263.15,PF6,0.85,maximin descriptor spread within salt family; exact duplicate simulation inputs excluded,18,1,18,10.1149/2.0571912jes,[11886],"[""10.1149/2.0571912jes""]",1.824,0.0,1,LiPF6,2.0,mol/l,mol/L,weight,,EC:0.500+DMC:0.500,0.6931471805599453,46.05,1.2449999999999999,92.1,2.4899999999999998,1,0,0,0,0,1,0.5,0,0.0,0,0.0,1,0.5,0,0.0,0,0.0,"('Li', 'PF6', 2.0, '[""EC"",""DMC""]', '[0.5,0.5]', 263.15)",242
saltPF6_rank18_row11886_q0p90,11886,10.1149/2.0571912jes,Li,PF6,2.0,"[""EC"",""DMC""]","[0.5,0.5]",263.15,PF6,0.90,maximin descriptor spread within salt family; exact duplicate simulation inputs excluded,18,1,18,10.1149/2.0571912jes,[11886],"[""10.1149/2.0571912jes""]",1.824,0.0,1,LiPF6,2.0,mol/l,mol/L,weight,,EC:0.500+DMC:0.500,0.6931471805599453,46.05,1.2449999999999999,92.1,2.4899999999999998,1,0,0,0,0,1,0.5,0,0.0,0,0.0,1,0.5,0,0.0,0,0.0,"('Li', 'PF6', 2.0, '[""EC"",""DMC""]', '[0.5,0.5]', 263.15)",242
saltPF6_rank19_row10899_q0p70,10899,10.1149/1.1872737,Li,PF6,0.391363023,"[""EC"",""PC"",""DMC""]","[0.27,0.1,0.63]",263.0,PF6,0.70,maximin descriptor spread within salt family; exact duplicate simulation inputs excluded,19,1,19,10.1149/1.1872737,[10899],"[""10.1149/1.1872737""]",4.234841193,0.0,1,LiPF6,0.391363023,mol/l,mol/L,volume,,EC:0.270+PC:0.100+DMC:0.630,0.8748608452408524,32.473,1.1377,12.708731445879,0.44525371126709995,1,0,0,0,0,1,0.27,1,0.1,0,0.0,1,0.63,0,0.0,0,0.0,"('Li', 'PF6', 0.391363023, '[""EC"",""PC"",""DMC""]', '[0.27,0.1,0.63]', 263.0)",242
saltPF6_rank19_row10899_q0p75,10899,10.1149/1.1872737,Li,PF6,0.391363023,"[""EC"",""PC"",""DMC""]","[0.27,0.1,0.63]",263.0,PF6,0.75,maximin descriptor spread within salt family; exact duplicate simulation inputs excluded,19,1,19,10.1149/1.1872737,[10899],"[""10.1149/1.1872737""]",4.234841193,0.0,1,LiPF6,0.391363023,mol/l,mol/L,volume,,EC:0.270+PC:0.100+DMC:0.630,0.8748608452408524,32.473,1.1377,12.708731445879,0.44525371126709995,1,0,0,0,0,1,0.27,1,0.1,0,0.0,1,0.63,0,0.0,0,0.0,"('Li', 'PF6', 0.391363023, '[""EC"",""PC"",""DMC""]', '[0.27,0.1,0.63]', 263.0)",242
saltPF6_rank19_row10899_q0p80,10899,10.1149/1.1872737,Li,PF6,0.391363023,"[""EC"",""PC"",""DMC""]","[0.27,0.1,0.63]",263.0,PF6,0.80,maximin descriptor spread within salt family; exact duplicate simulation inputs excluded,19,1,19,10.1149/1.1872737,[10899],"[""10.1149/1.1872737""]",4.234841193,0.0,1,LiPF6,0.391363023,mol/l,mol/L,volume,,EC:0.270+PC:0.100+DMC:0.630,0.8748608452408524,32.473,1.1377,12.708731445879,0.44525371126709995,1,0,0,0,0,1,0.27,1,0.1,0,0.0,1,0.63,0,0.0,0,0.0,"('Li', 'PF6', 0.391363023, '[""EC"",""PC"",""DMC""]', '[0.27,0.1,0.63]', 263.0)",242
saltPF6_rank19_row10899_q0p85,10899,10.1149/1.1872737,Li,PF6,0.391363023,"[""EC"",""PC"",""DMC""]","[0.27,0.1,0.63]",263.0,PF6,0.85,maximin descriptor spread within salt family; exact duplicate simulation inputs excluded,19,1,19,10.1149/1.1872737,[10899],"[""10.1149/1.1872737""]",4.234841193,0.0,1,LiPF6,0.391363023,mol/l,mol/L,volume,,EC:0.270+PC:0.100+DMC:0.630,0.8748608452408524,32.473,1.1377,12.708731445879,0.44525371126709995,1,0,0,0,0,1,0.27,1,0.1,0,0.0,1,0.63,0,0.0,0,0.0,"('Li', 'PF6', 0.391363023, '[""EC"",""PC"",""DMC""]', '[0.27,0.1,0.63]', 263.0)",242
saltPF6_rank19_row10899_q0p90,10899,10.1149/1.1872737,Li,PF6,0.391363023,"[""EC"",""PC"",""DMC""]","[0.27,0.1,0.63]",263.0,PF6,0.90,maximin descriptor spread within salt family; exact duplicate simulation inputs excluded,19,1,19,10.1149/1.1872737,[10899],"[""10.1149/1.1872737""]",4.234841193,0.0,1,LiPF6,0.391363023,mol/l,mol/L,volume,,EC:0.270+PC:0.100+DMC:0.630,0.8748608452408524,32.473,1.1377,12.708731445879,0.44525371126709995,1,0,0,0,0,1,0.27,1,0.1,0,0.0,1,0.63,0,0.0,0,0.0,"('Li', 'PF6', 0.391363023, '[""EC"",""PC"",""DMC""]', '[0.27,0.1,0.63]', 263.0)",242
saltPF6_rank20_row12014_q0p70,12014,10.1149/2.0641503jes,Li,PF6,1.5,"[""EC"",""DEC""]","[0.5,0.5]",283.15,PF6,0.70,maximin descriptor spread within salt family; exact duplicate simulation inputs excluded,20,1,20,10.1149/2.0641503jes,[12014],"[""10.1149/2.0641503jes""]",3.785824515,0.0,1,LiPF6,1.5,mol/l,mol/L,weight,,EC:0.500+DEC:0.500,0.6931471805599453,45.9,1.255,68.85,1.8824999999999998,1,0,0,0,0,1,0.5,0,0.0,0,0.0,0,0.0,1,0.5,0,0.0,"('Li', 'PF6', 1.5, '[""EC"",""DEC""]', '[0.5,0.5]', 283.15)",242
saltPF6_rank20_row12014_q0p75,12014,10.1149/2.0641503jes,Li,PF6,1.5,"[""EC"",""DEC""]","[0.5,0.5]",283.15,PF6,0.75,maximin descriptor spread within salt family; exact duplicate simulation inputs excluded,20,1,20,10.1149/2.0641503jes,[12014],"[""10.1149/2.0641503jes""]",3.785824515,0.0,1,LiPF6,1.5,mol/l,mol/L,weight,,EC:0.500+DEC:0.500,0.6931471805599453,45.9,1.255,68.85,1.8824999999999998,1,0,0,0,0,1,0.5,0,0.0,0,0.0,0,0.0,1,0.5,0,0.0,"('Li', 'PF6', 1.5, '[""EC"",""DEC""]', '[0.5,0.5]', 283.15)",242
saltPF6_rank20_row12014_q0p80,12014,10.1149/2.0641503jes,Li,PF6,1.5,"[""EC"",""DEC""]","[0.5,0.5]",283.15,PF6,0.80,maximin descriptor spread within salt family; exact duplicate simulation inputs excluded,20,1,20,10.1149/2.0641503jes,[12014],"[""10.1149/2.0641503jes""]",3.785824515,0.0,1,LiPF6,1.5,mol/l,mol/L,weight,,EC:0.500+DEC:0.500,0.6931471805599453,45.9,1.255,68.85,1.8824999999999998,1,0,0,0,0,1,0.5,0,0.0,0,0.0,0,0.0,1,0.5,0,0.0,"('Li', 'PF6', 1.5, '[""EC"",""DEC""]', '[0.5,0.5]', 283.15)",242
saltPF6_rank20_row12014_q0p85,12014,10.1149/2.0641503jes,Li,PF6,1.5,"[""EC"",""DEC""]","[0.5,0.5]",283.15,PF6,0.85,maximin descriptor spread within salt family; exact duplicate simulation inputs excluded,20,1,20,10.1149/2.0641503jes,[12014],"[""10.1149/2.0641503jes""]",3.785824515,0.0,1,LiPF6,1.5,mol/l,mol/L,weight,,EC:0.500+DEC:0.500,0.6931471805599453,45.9,1.255,68.85,1.8824999999999998,1,0,0,0,0,1,0.5,0,0.0,0,0.0,0,0.0,1,0.5,0,0.0,"('Li', 'PF6', 1.5, '[""EC"",""DEC""]', '[0.5,0.5]', 283.15)",242
saltPF6_rank20_row12014_q0p90,12014,10.1149/2.0641503jes,Li,PF6,1.5,"[""EC"",""DEC""]","[0.5,0.5]",283.15,PF6,0.90,maximin descriptor spread within salt family; exact duplicate simulation inputs excluded,20,1,20,10.1149/2.0641503jes,[12014],"[""10.1149/2.0641503jes""]",3.785824515,0.0,1,LiPF6,1.5,mol/l,mol/L,weight,,EC:0.500+DEC:0.500,0.6931471805599453,45.9,1.255,68.85,1.8824999999999998,1,0,0,0,0,1,0.5,0,0.0,0,0.0,0,0.0,1,0.5,0,0.0,"('Li', 'PF6', 1.5, '[""EC"",""DEC""]', '[0.5,0.5]', 283.15)",242
saltPF6_rank21_row10881_q0p70,10881,10.1149/1.1872737,Li,PF6,3.330634278,"[""EC"",""PC"",""DMC""]","[0.27,0.1,0.63]",333.0,PF6,0.70,maximin descriptor spread within salt family; exact duplicate simulation inputs excluded,21,1,21,10.1149/1.1872737,"[10881,10882]","[""10.1149/1.1872737""]",7.747834456,0.10208471325769433,2,LiPF6,3.330634278,mol/l,mol/L,volume,,EC:0.270+PC:0.100+DMC:0.630,0.8748608452408524,32.473,1.1377,108.155686909494,3.7892626180805995,1,0,0,0,0,1,0.27,1,0.1,0,0.0,1,0.63,0,0.0,0,0.0,"('Li', 'PF6', 3.330634278, '[""EC"",""PC"",""DMC""]', '[0.27,0.1,0.63]', 333.0)",242
saltPF6_rank21_row10881_q0p75,10881,10.1149/1.1872737,Li,PF6,3.330634278,"[""EC"",""PC"",""DMC""]","[0.27,0.1,0.63]",333.0,PF6,0.75,maximin descriptor spread within salt family; exact duplicate simulation inputs excluded,21,1,21,10.1149/1.1872737,"[10881,10882]","[""10.1149/1.1872737""]",7.747834456,0.10208471325769433,2,LiPF6,3.330634278,mol/l,mol/L,volume,,EC:0.270+PC:0.100+DMC:0.630,0.8748608452408524,32.473,1.1377,108.155686909494,3.7892626180805995,1,0,0,0,0,1,0.27,1,0.1,0,0.0,1,0.63,0,0.0,0,0.0,"('Li', 'PF6', 3.330634278, '[""EC"",""PC"",""DMC""]', '[0.27,0.1,0.63]', 333.0)",242
saltPF6_rank21_row10881_q0p80,10881,10.1149/1.1872737,Li,PF6,3.330634278,"[""EC"",""PC"",""DMC""]","[0.27,0.1,0.63]",333.0,PF6,0.80,maximin descriptor spread within salt family; exact duplicate simulation inputs excluded,21,1,21,10.1149/1.1872737,"[10881,10882]","[""10.1149/1.1872737""]",7.747834456,0.10208471325769433,2,LiPF6,3.330634278,mol/l,mol/L,volume,,EC:0.270+PC:0.100+DMC:0.630,0.8748608452408524,32.473,1.1377,108.155686909494,3.7892626180805995,1,0,0,0,0,1,0.27,1,0.1,0,0.0,1,0.63,0,0.0,0,0.0,"('Li', 'PF6', 3.330634278, '[""EC"",""PC"",""DMC""]', '[0.27,0.1,0.63]', 333.0)",242
saltPF6_rank21_row10881_q0p85,10881,10.1149/1.1872737,Li,PF6,3.330634278,"[""EC"",""PC"",""DMC""]","[0.27,0.1,0.63]",333.0,PF6,0.85,maximin descriptor spread within salt family; exact duplicate simulation inputs excluded,21,1,21,10.1149/1.1872737,"[10881,10882]","[""10.1149/1.1872737""]",7.747834456,0.10208471325769433,2,LiPF6,3.330634278,mol/l,mol/L,volume,,EC:0.270+PC:0.100+DMC:0.630,0.8748608452408524,32.473,1.1377,108.155686909494,3.7892626180805995,1,0,0,0,0,1,0.27,1,0.1,0,0.0,1,0.63,0,0.0,0,0.0,"('Li', 'PF6', 3.330634278, '[""EC"",""PC"",""DMC""]', '[0.27,0.1,0.63]', 333.0)",242
saltPF6_rank21_row10881_q0p90,10881,10.1149/1.1872737,Li,PF6,3.330634278,"[""EC"",""PC"",""DMC""]","[0.27,0.1,0.63]",333.0,PF6,0.90,maximin descriptor spread within salt family; exact duplicate simulation inputs excluded,21,1,21,10.1149/1.1872737,"[10881,10882]","[""10.1149/1.1872737""]",7.747834456,0.10208471325769433,2,LiPF6,3.330634278,mol/l,mol/L,volume,,EC:0.270+PC:0.100+DMC:0.630,0.8748608452408524,32.473,1.1377,108.155686909494,3.7892626180805995,1,0,0,0,0,1,0.27,1,0.1,0,0.0,1,0.63,0,0.0,0,0.0,"('Li', 'PF6', 3.330634278, '[""EC"",""PC"",""DMC""]', '[0.27,0.1,0.63]', 333.0)",242
saltPF6_rank22_row11916_q0p70,11916,10.1149/2.0571912jes,Li,PF6,2.005,"[""EC"",""DMC""]","[0.5,0.5]",323.15,PF6,0.70,maximin descriptor spread within salt family; exact duplicate simulation inputs excluded,22,1,22,10.1149/2.0571912jes,[11916],"[""10.1149/2.0571912jes""]",13.108,0.0,1,LiPF6,2.005,mol/l,mol/L,weight,,EC:0.500+DMC:0.500,0.6931471805599453,46.05,1.2449999999999999,92.33024999999999,2.4962249999999995,1,0,0,0,0,1,0.5,0,0.0,0,0.0,1,0.5,0,0.0,0,0.0,"('Li', 'PF6', 2.005, '[""EC"",""DMC""]', '[0.5,0.5]', 323.15)",242
saltPF6_rank22_row11916_q0p75,11916,10.1149/2.0571912jes,Li,PF6,2.005,"[""EC"",""DMC""]","[0.5,0.5]",323.15,PF6,0.75,maximin descriptor spread within salt family; exact duplicate simulation inputs excluded,22,1,22,10.1149/2.0571912jes,[11916],"[""10.1149/2.0571912jes""]",13.108,0.0,1,LiPF6,2.005,mol/l,mol/L,weight,,EC:0.500+DMC:0.500,0.6931471805599453,46.05,1.2449999999999999,92.33024999999999,2.4962249999999995,1,0,0,0,0,1,0.5,0,0.0,0,0.0,1,0.5,0,0.0,0,0.0,"('Li', 'PF6', 2.005, '[""EC"",""DMC""]', '[0.5,0.5]', 323.15)",242
saltPF6_rank22_row11916_q0p80,11916,10.1149/2.0571912jes,Li,PF6,2.005,"[""EC"",""DMC""]","[0.5,0.5]",323.15,PF6,0.80,maximin descriptor spread within salt family; exact duplicate simulation inputs excluded,22,1,22,10.1149/2.0571912jes,[11916],"[""10.1149/2.0571912jes""]",13.108,0.0,1,LiPF6,2.005,mol/l,mol/L,weight,,EC:0.500+DMC:0.500,0.6931471805599453,46.05,1.2449999999999999,92.33024999999999,2.4962249999999995,1,0,0,0,0,1,0.5,0,0.0,0,0.0,1,0.5,0,0.0,0,0.0,"('Li', 'PF6', 2.005, '[""EC"",""DMC""]', '[0.5,0.5]', 323.15)",242
saltPF6_rank22_row11916_q0p85,11916,10.1149/2.0571912jes,Li,PF6,2.005,"[""EC"",""DMC""]","[0.5,0.5]",323.15,PF6,0.85,maximin descriptor spread within salt family; exact duplicate simulation inputs excluded,22,1,22,10.1149/2.0571912jes,[11916],"[""10.1149/2.0571912jes""]",13.108,0.0,1,LiPF6,2.005,mol/l,mol/L,weight,,EC:0.500+DMC:0.500,0.6931471805599453,46.05,1.2449999999999999,92.33024999999999,2.4962249999999995,1,0,0,0,0,1,0.5,0,0.0,0,0.0,1,0.5,0,0.0,0,0.0,"('Li', 'PF6', 2.005, '[""EC"",""DMC""]', '[0.5,0.5]', 323.15)",242
saltPF6_rank22_row11916_q0p90,11916,10.1149/2.0571912jes,Li,PF6,2.005,"[""EC"",""DMC""]","[0.5,0.5]",323.15,PF6,0.90,maximin descriptor spread within salt family; exact duplicate simulation inputs excluded,22,1,22,10.1149/2.0571912jes,[11916],"[""10.1149/2.0571912jes""]",13.108,0.0,1,LiPF6,2.005,mol/l,mol/L,weight,,EC:0.500+DMC:0.500,0.6931471805599453,46.05,1.2449999999999999,92.33024999999999,2.4962249999999995,1,0,0,0,0,1,0.5,0,0.0,0,0.0,1,0.5,0,0.0,0,0.0,"('Li', 'PF6', 2.005, '[""EC"",""DMC""]', '[0.5,0.5]', 323.15)",242
saltPF6_rank23_row11928_q0p70,11928,10.1149/2.0571912jes,Li,PF6,1.999,"[""EC"",""EMC""]","[0.3,0.7]",273.15,PF6,0.70,maximin descriptor spread within salt family; exact duplicate simulation inputs excluded,23,1,23,10.1149/2.0571912jes,[11928],"[""10.1149/2.0571912jes""]",2.637,0.0,1,LiPF6,1.999,mol/l,mol/L,weight,,EC:0.300+EMC:0.700,0.6108643020548935,28.73,1.025,57.431270000000005,2.048975,1,0,0,0,0,1,0.3,0,0.0,0,0.0,0,0.0,0,0.0,1,0.7,"('Li', 'PF6', 1.999, '[""EC"",""EMC""]', '[0.3,0.7]', 273.15)",242
saltPF6_rank23_row11928_q0p75,11928,10.1149/2.0571912jes,Li,PF6,1.999,"[""EC"",""EMC""]","[0.3,0.7]",273.15,PF6,0.75,maximin descriptor spread within salt family; exact duplicate simulation inputs excluded,23,1,23,10.1149/2.0571912jes,[11928],"[""10.1149/2.0571912jes""]",2.637,0.0,1,LiPF6,1.999,mol/l,mol/L,weight,,EC:0.300+EMC:0.700,0.6108643020548935,28.73,1.025,57.431270000000005,2.048975,1,0,0,0,0,1,0.3,0,0.0,0,0.0,0,0.0,0,0.0,1,0.7,"('Li', 'PF6', 1.999, '[""EC"",""EMC""]', '[0.3,0.7]', 273.15)",242
saltPF6_rank23_row11928_q0p80,11928,10.1149/2.0571912jes,Li,PF6,1.999,"[""EC"",""EMC""]","[0.3,0.7]",273.15,PF6,0.80,maximin descriptor spread within salt family; exact duplicate simulation inputs excluded,23,1,23,10.1149/2.0571912jes,[11928],"[""10.1149/2.0571912jes""]",2.637,0.0,1,LiPF6,1.999,mol/l,mol/L,weight,,EC:0.300+EMC:0.700,0.6108643020548935,28.73,1.025,57.431270000000005,2.048975,1,0,0,0,0,1,0.3,0,0.0,0,0.0,0,0.0,0,0.0,1,0.7,"('Li', 'PF6', 1.999, '[""EC"",""EMC""]', '[0.3,0.7]', 273.15)",242
saltPF6_rank23_row11928_q0p85,11928,10.1149/2.0571912jes,Li,PF6,1.999,"[""EC"",""EMC""]","[0.3,0.7]",273.15,PF6,0.85,maximin descriptor spread within salt family; exact duplicate simulation inputs excluded,23,1,23,10.1149/2.0571912jes,[11928],"[""10.1149/2.0571912jes""]",2.637,0.0,1,LiPF6,1.999,mol/l,mol/L,weight,,EC:0.300+EMC:0.700,0.6108643020548935,28.73,1.025,57.431270000000005,2.048975,1,0,0,0,0,1,0.3,0,0.0,0,0.0,0,0.0,0,0.0,1,0.7,"('Li', 'PF6', 1.999, '[""EC"",""EMC""]', '[0.3,0.7]', 273.15)",242
saltPF6_rank23_row11928_q0p90,11928,10.1149/2.0571912jes,Li,PF6,1.999,"[""EC"",""EMC""]","[0.3,0.7]",273.15,PF6,0.90,maximin descriptor spread within salt family; exact duplicate simulation inputs excluded,23,1,23,10.1149/2.0571912jes,[11928],"[""10.1149/2.0571912jes""]",2.637,0.0,1,LiPF6,1.999,mol/l,mol/L,weight,,EC:0.300+EMC:0.700,0.6108643020548935,28.73,1.025,57.431270000000005,2.048975,1,0,0,0,0,1,0.3,0,0.0,0,0.0,0,0.0,0,0.0,1,0.7,"('Li', 'PF6', 1.999, '[""EC"",""EMC""]', '[0.3,0.7]', 273.15)",242
saltPF6_rank24_row11887_q0p70,11887,10.1149/2.0571912jes,Li,PF6,3.0,"[""EC"",""DMC""]","[0.5,0.5]",263.15,PF6,0.70,maximin descriptor spread within salt family; exact duplicate simulation inputs excluded,24,1,24,10.1149/2.0571912jes,[11887],"[""10.1149/2.0571912jes""]",0.756,0.0,1,LiPF6,3.0,mol/l,mol/L,weight,,EC:0.500+DMC:0.500,0.6931471805599453,46.05,1.2449999999999999,138.14999999999998,3.7349999999999994,1,0,0,0,0,1,0.5,0,0.0,0,0.0,1,0.5,0,0.0,0,0.0,"('Li', 'PF6', 3.0, '[""EC"",""DMC""]', '[0.5,0.5]', 263.15)",242
saltPF6_rank24_row11887_q0p75,11887,10.1149/2.0571912jes,Li,PF6,3.0,"[""EC"",""DMC""]","[0.5,0.5]",263.15,PF6,0.75,maximin descriptor spread within salt family; exact duplicate simulation inputs excluded,24,1,24,10.1149/2.0571912jes,[11887],"[""10.1149/2.0571912jes""]",0.756,0.0,1,LiPF6,3.0,mol/l,mol/L,weight,,EC:0.500+DMC:0.500,0.6931471805599453,46.05,1.2449999999999999,138.14999999999998,3.7349999999999994,1,0,0,0,0,1,0.5,0,0.0,0,0.0,1,0.5,0,0.0,0,0.0,"('Li', 'PF6', 3.0, '[""EC"",""DMC""]', '[0.5,0.5]', 263.15)",242
saltPF6_rank24_row11887_q0p80,11887,10.1149/2.0571912jes,Li,PF6,3.0,"[""EC"",""DMC""]","[0.5,0.5]",263.15,PF6,0.80,maximin descriptor spread within salt family; exact duplicate simulation inputs excluded,24,1,24,10.1149/2.0571912jes,[11887],"[""10.1149/2.0571912jes""]",0.756,0.0,1,LiPF6,3.0,mol/l,mol/L,weight,,EC:0.500+DMC:0.500,0.6931471805599453,46.05,1.2449999999999999,138.14999999999998,3.7349999999999994,1,0,0,0,0,1,0.5,0,0.0,0,0.0,1,0.5,0,0.0,0,0.0,"('Li', 'PF6', 3.0, '[""EC"",""DMC""]', '[0.5,0.5]', 263.15)",242
saltPF6_rank24_row11887_q0p85,11887,10.1149/2.0571912jes,Li,PF6,3.0,"[""EC"",""DMC""]","[0.5,0.5]",263.15,PF6,0.85,maximin descriptor spread within salt family; exact duplicate simulation inputs excluded,24,1,24,10.1149/2.0571912jes,[11887],"[""10.1149/2.0571912jes""]",0.756,0.0,1,LiPF6,3.0,mol/l,mol/L,weight,,EC:0.500+DMC:0.500,0.6931471805599453,46.05,1.2449999999999999,138.14999999999998,3.7349999999999994,1,0,0,0,0,1,0.5,0,0.0,0,0.0,1,0.5,0,0.0,0,0.0,"('Li', 'PF6', 3.0, '[""EC"",""DMC""]', '[0.5,0.5]', 263.15)",242
saltPF6_rank24_row11887_q0p90,11887,10.1149/2.0571912jes,Li,PF6,3.0,"[""EC"",""DMC""]","[0.5,0.5]",263.15,PF6,0.90,maximin descriptor spread within salt family; exact duplicate simulation inputs excluded,24,1,24,10.1149/2.0571912jes,[11887],"[""10.1149/2.0571912jes""]",0.756,0.0,1,LiPF6,3.0,mol/l,mol/L,weight,,EC:0.500+DMC:0.500,0.6931471805599453,46.05,1.2449999999999999,138.14999999999998,3.7349999999999994,1,0,0,0,0,1,0.5,0,0.0,0,0.0,1,0.5,0,0.0,0,0.0,"('Li', 'PF6', 3.0, '[""EC"",""DMC""]', '[0.5,0.5]', 263.15)",242
saltPF6_rank25_row13616_q0p70,13616,10.1016/0378-7753(91)80004-H,Li,PF6,1.0,"[""EC"",""PC""]","[0.5,0.5]",213.15,PF6,0.70,maximin descriptor spread within salt family; exact duplicate simulation inputs excluded,25,1,25,10.1016/0378-7753(91)80004-H,[13616],"[""10.1016/0378-7753(91)80004-H""]",0.01,0.0,1,LiPF6,1.0,mol/l,mol/L,volume,,EC:0.500+PC:0.500,0.6931471805599453,76.95,2.215,76.95,2.215,1,0,0,0,0,1,0.5,1,0.5,0,0.0,0,0.0,0,0.0,0,0.0,"('Li', 'PF6', 1.0, '[""EC"",""PC""]', '[0.5,0.5]', 213.15)",242
saltPF6_rank25_row13616_q0p75,13616,10.1016/0378-7753(91)80004-H,Li,PF6,1.0,"[""EC"",""PC""]","[0.5,0.5]",213.15,PF6,0.75,maximin descriptor spread within salt family; exact duplicate simulation inputs excluded,25,1,25,10.1016/0378-7753(91)80004-H,[13616],"[""10.1016/0378-7753(91)80004-H""]",0.01,0.0,1,LiPF6,1.0,mol/l,mol/L,volume,,EC:0.500+PC:0.500,0.6931471805599453,76.95,2.215,76.95,2.215,1,0,0,0,0,1,0.5,1,0.5,0,0.0,0,0.0,0,0.0,0,0.0,"('Li', 'PF6', 1.0, '[""EC"",""PC""]', '[0.5,0.5]', 213.15)",242
saltPF6_rank25_row13616_q0p80,13616,10.1016/0378-7753(91)80004-H,Li,PF6,1.0,"[""EC"",""PC""]","[0.5,0.5]",213.15,PF6,0.80,maximin descriptor spread within salt family; exact duplicate simulation inputs excluded,25,1,25,10.1016/0378-7753(91)80004-H,[13616],"[""10.1016/0378-7753(91)80004-H""]",0.01,0.0,1,LiPF6,1.0,mol/l,mol/L,volume,,EC:0.500+PC:0.500,0.6931471805599453,76.95,2.215,76.95,2.215,1,0,0,0,0,1,0.5,1,0.5,0,0.0,0,0.0,0,0.0,0,0.0,"('Li', 'PF6', 1.0, '[""EC"",""PC""]', '[0.5,0.5]', 213.15)",242
saltPF6_rank25_row13616_q0p85,13616,10.1016/0378-7753(91)80004-H,Li,PF6,1.0,"[""EC"",""PC""]","[0.5,0.5]",213.15,PF6,0.85,maximin descriptor spread within salt family; exact duplicate simulation inputs excluded,25,1,25,10.1016/0378-7753(91)80004-H,[13616],"[""10.1016/0378-7753(91)80004-H""]",0.01,0.0,1,LiPF6,1.0,mol/l,mol/L,volume,,EC:0.500+PC:0.500,0.6931471805599453,76.95,2.215,76.95,2.215,1,0,0,0,0,1,0.5,1,0.5,0,0.0,0,0.0,0,0.0,0,0.0,"('Li', 'PF6', 1.0, '[""EC"",""PC""]', '[0.5,0.5]', 213.15)",242
saltPF6_rank25_row13616_q0p90,13616,10.1016/0378-7753(91)80004-H,Li,PF6,1.0,"[""EC"",""PC""]","[0.5,0.5]",213.15,PF6,0.90,maximin descriptor spread within salt family; exact duplicate simulation inputs excluded,25,1,25,10.1016/0378-7753(91)80004-H,[13616],"[""10.1016/0378-7753(91)80004-H""]",0.01,0.0,1,LiPF6,1.0,mol/l,mol/L,volume,,EC:0.500+PC:0.500,0.6931471805599453,76.95,2.215,76.95,2.215,1,0,0,0,0,1,0.5,1,0.5,0,0.0,0,0.0,0,0.0,0,0.0,"('Li', 'PF6', 1.0, '[""EC"",""PC""]', '[0.5,0.5]', 213.15)",242
saltPF6_rank26_row11913_q0p70,11913,10.1149/2.0571912jes,Li,PF6,0.501,"[""EC"",""DMC""]","[0.5,0.5]",323.15,PF6,0.70,maximin descriptor spread within salt family; exact duplicate simulation inputs excluded,26,1,26,10.1149/2.0571912jes,[11913],"[""10.1149/2.0571912jes""]",14.172,0.0,1,LiPF6,0.501,mol/l,mol/L,weight,,EC:0.500+DMC:0.500,0.6931471805599453,46.05,1.2449999999999999,23.07105,0.623745,1,0,0,0,0,1,0.5,0,0.0,0,0.0,1,0.5,0,0.0,0,0.0,"('Li', 'PF6', 0.501, '[""EC"",""DMC""]', '[0.5,0.5]', 323.15)",242
saltPF6_rank26_row11913_q0p75,11913,10.1149/2.0571912jes,Li,PF6,0.501,"[""EC"",""DMC""]","[0.5,0.5]",323.15,PF6,0.75,maximin descriptor spread within salt family; exact duplicate simulation inputs excluded,26,1,26,10.1149/2.0571912jes,[11913],"[""10.1149/2.0571912jes""]",14.172,0.0,1,LiPF6,0.501,mol/l,mol/L,weight,,EC:0.500+DMC:0.500,0.6931471805599453,46.05,1.2449999999999999,23.07105,0.623745,1,0,0,0,0,1,0.5,0,0.0,0,0.0,1,0.5,0,0.0,0,0.0,"('Li', 'PF6', 0.501, '[""EC"",""DMC""]', '[0.5,0.5]', 323.15)",242
saltPF6_rank26_row11913_q0p80,11913,10.1149/2.0571912jes,Li,PF6,0.501,"[""EC"",""DMC""]","[0.5,0.5]",323.15,PF6,0.80,maximin descriptor spread within salt family; exact duplicate simulation inputs excluded,26,1,26,10.1149/2.0571912jes,[11913],"[""10.1149/2.0571912jes""]",14.172,0.0,1,LiPF6,0.501,mol/l,mol/L,weight,,EC:0.500+DMC:0.500,0.6931471805599453,46.05,1.2449999999999999,23.07105,0.623745,1,0,0,0,0,1,0.5,0,0.0,0,0.0,1,0.5,0,0.0,0,0.0,"('Li', 'PF6', 0.501, '[""EC"",""DMC""]', '[0.5,0.5]', 323.15)",242
saltPF6_rank26_row11913_q0p85,11913,10.1149/2.0571912jes,Li,PF6,0.501,"[""EC"",""DMC""]","[0.5,0.5]",323.15,PF6,0.85,maximin descriptor spread within salt family; exact duplicate simulation inputs excluded,26,1,26,10.1149/2.0571912jes,[11913],"[""10.1149/2.0571912jes""]",14.172,0.0,1,LiPF6,0.501,mol/l,mol/L,weight,,EC:0.500+DMC:0.500,0.6931471805599453,46.05,1.2449999999999999,23.07105,0.623745,1,0,0,0,0,1,0.5,0,0.0,0,0.0,1,0.5,0,0.0,0,0.0,"('Li', 'PF6', 0.501, '[""EC"",""DMC""]', '[0.5,0.5]', 323.15)",242
saltPF6_rank26_row11913_q0p90,11913,10.1149/2.0571912jes,Li,PF6,0.501,"[""EC"",""DMC""]","[0.5,0.5]",323.15,PF6,0.90,maximin descriptor spread within salt family; exact duplicate simulation inputs excluded,26,1,26,10.1149/2.0571912jes,[11913],"[""10.1149/2.0571912jes""]",14.172,0.0,1,LiPF6,0.501,mol/l,mol/L,weight,,EC:0.500+DMC:0.500,0.6931471805599453,46.05,1.2449999999999999,23.07105,0.623745,1,0,0,0,0,1,0.5,0,0.0,0,0.0,1,0.5,0,0.0,0,0.0,"('Li', 'PF6', 0.501, '[""EC"",""DMC""]', '[0.5,0.5]', 323.15)",242
saltPF6_rank27_row11923_q0p70,11923,10.1149/2.0571912jes,Li,PF6,3.002,"[""EC"",""EMC""]","[0.3,0.7]",263.15,PF6,0.70,maximin descriptor spread within salt family; exact duplicate simulation inputs excluded,27,1,27,10.1149/2.0571912jes,[11923],"[""10.1149/2.0571912jes""]",0.35,0.0,1,LiPF6,3.002,mol/l,mol/L,weight,,EC:0.300+EMC:0.700,0.6108643020548935,28.73,1.025,86.24745999999999,3.0770499999999994,1,0,0,0,0,1,0.3,0,0.0,0,0.0,0,0.0,0,0.0,1,0.7,"('Li', 'PF6', 3.002, '[""EC"",""EMC""]', '[0.3,0.7]', 263.15)",242
saltPF6_rank27_row11923_q0p75,11923,10.1149/2.0571912jes,Li,PF6,3.002,"[""EC"",""EMC""]","[0.3,0.7]",263.15,PF6,0.75,maximin descriptor spread within salt family; exact duplicate simulation inputs excluded,27,1,27,10.1149/2.0571912jes,[11923],"[""10.1149/2.0571912jes""]",0.35,0.0,1,LiPF6,3.002,mol/l,mol/L,weight,,EC:0.300+EMC:0.700,0.6108643020548935,28.73,1.025,86.24745999999999,3.0770499999999994,1,0,0,0,0,1,0.3,0,0.0,0,0.0,0,0.0,0,0.0,1,0.7,"('Li', 'PF6', 3.002, '[""EC"",""EMC""]', '[0.3,0.7]', 263.15)",242
saltPF6_rank27_row11923_q0p80,11923,10.1149/2.0571912jes,Li,PF6,3.002,"[""EC"",""EMC""]","[0.3,0.7]",263.15,PF6,0.80,maximin descriptor spread within salt family; exact duplicate simulation inputs excluded,27,1,27,10.1149/2.0571912jes,[11923],"[""10.1149/2.0571912jes""]",0.35,0.0,1,LiPF6,3.002,mol/l,mol/L,weight,,EC:0.300+EMC:0.700,0.6108643020548935,28.73,1.025,86.24745999999999,3.0770499999999994,1,0,0,0,0,1,0.3,0,0.0,0,0.0,0,0.0,0,0.0,1,0.7,"('Li', 'PF6', 3.002, '[""EC"",""EMC""]', '[0.3,0.7]', 263.15)",242
saltPF6_rank27_row11923_q0p85,11923,10.1149/2.0571912jes,Li,PF6,3.002,"[""EC"",""EMC""]","[0.3,0.7]",263.15,PF6,0.85,maximin descriptor spread within salt family; exact duplicate simulation inputs excluded,27,1,27,10.1149/2.0571912jes,[11923],"[""10.1149/2.0571912jes""]",0.35,0.0,1,LiPF6,3.002,mol/l,mol/L,weight,,EC:0.300+EMC:0.700,0.6108643020548935,28.73,1.025,86.24745999999999,3.0770499999999994,1,0,0,0,0,1,0.3,0,0.0,0,0.0,0,0.0,0,0.0,1,0.7,"('Li', 'PF6', 3.002, '[""EC"",""EMC""]', '[0.3,0.7]', 263.15)",242
saltPF6_rank27_row11923_q0p90,11923,10.1149/2.0571912jes,Li,PF6,3.002,"[""EC"",""EMC""]","[0.3,0.7]",263.15,PF6,0.90,maximin descriptor spread within salt family; exact duplicate simulation inputs excluded,27,1,27,10.1149/2.0571912jes,[11923],"[""10.1149/2.0571912jes""]",0.35,0.0,1,LiPF6,3.002,mol/l,mol/L,weight,,EC:0.300+EMC:0.700,0.6108643020548935,28.73,1.025,86.24745999999999,3.0770499999999994,1,0,0,0,0,1,0.3,0,0.0,0,0.0,0,0.0,0,0.0,1,0.7,"('Li', 'PF6', 3.002, '[""EC"",""EMC""]', '[0.3,0.7]', 263.15)",242
saltPF6_rank28_row11918_q0p70,11918,10.1149/2.0571912jes,Li,PF6,0.111,"[""EC"",""EMC""]","[0.3,0.7]",263.15,PF6,0.70,maximin descriptor spread within salt family; exact duplicate simulation inputs excluded,28,1,28,10.1149/2.0571912jes,[11918],"[""10.1149/2.0571912jes""]",1.417,0.0,1,LiPF6,0.111,mol/l,mol/L,weight,,EC:0.300+EMC:0.700,0.6108643020548935,28.73,1.025,3.1890300000000003,0.11377499999999999,1,0,0,0,0,1,0.3,0,0.0,0,0.0,0,0.0,0,0.0,1,0.7,"('Li', 'PF6', 0.111, '[""EC"",""EMC""]', '[0.3,0.7]', 263.15)",242
saltPF6_rank28_row11918_q0p75,11918,10.1149/2.0571912jes,Li,PF6,0.111,"[""EC"",""EMC""]","[0.3,0.7]",263.15,PF6,0.75,maximin descriptor spread within salt family; exact duplicate simulation inputs excluded,28,1,28,10.1149/2.0571912jes,[11918],"[""10.1149/2.0571912jes""]",1.417,0.0,1,LiPF6,0.111,mol/l,mol/L,weight,,EC:0.300+EMC:0.700,0.6108643020548935,28.73,1.025,3.1890300000000003,0.11377499999999999,1,0,0,0,0,1,0.3,0,0.0,0,0.0,0,0.0,0,0.0,1,0.7,"('Li', 'PF6', 0.111, '[""EC"",""EMC""]', '[0.3,0.7]', 263.15)",242
saltPF6_rank28_row11918_q0p80,11918,10.1149/2.0571912jes,Li,PF6,0.111,"[""EC"",""EMC""]","[0.3,0.7]",263.15,PF6,0.80,maximin descriptor spread within salt family; exact duplicate simulation inputs excluded,28,1,28,10.1149/2.0571912jes,[11918],"[""10.1149/2.0571912jes""]",1.417,0.0,1,LiPF6,0.111,mol/l,mol/L,weight,,EC:0.300+EMC:0.700,0.6108643020548935,28.73,1.025,3.1890300000000003,0.11377499999999999,1,0,0,0,0,1,0.3,0,0.0,0,0.0,0,0.0,0,0.0,1,0.7,"('Li', 'PF6', 0.111, '[""EC"",""EMC""]', '[0.3,0.7]', 263.15)",242
saltPF6_rank28_row11918_q0p85,11918,10.1149/2.0571912jes,Li,PF6,0.111,"[""EC"",""EMC""]","[0.3,0.7]",263.15,PF6,0.85,maximin descriptor spread within salt family; exact duplicate simulation inputs excluded,28,1,28,10.1149/2.0571912jes,[11918],"[""10.1149/2.0571912jes""]",1.417,0.0,1,LiPF6,0.111,mol/l,mol/L,weight,,EC:0.300+EMC:0.700,0.6108643020548935,28.73,1.025,3.1890300000000003,0.11377499999999999,1,0,0,0,0,1,0.3,0,0.0,0,0.0,0,0.0,0,0.0,1,0.7,"('Li', 'PF6', 0.111, '[""EC"",""EMC""]', '[0.3,0.7]', 263.15)",242
saltPF6_rank28_row11918_q0p90,11918,10.1149/2.0571912jes,Li,PF6,0.111,"[""EC"",""EMC""]","[0.3,0.7]",263.15,PF6,0.90,maximin descriptor spread within salt family; exact duplicate simulation inputs excluded,28,1,28,10.1149/2.0571912jes,[11918],"[""10.1149/2.0571912jes""]",1.417,0.0,1,LiPF6,0.111,mol/l,mol/L,weight,,EC:0.300+EMC:0.700,0.6108643020548935,28.73,1.025,3.1890300000000003,0.11377499999999999,1,0,0,0,0,1,0.3,0,0.0,0,0.0,0,0.0,0,0.0,1,0.7,"('Li', 'PF6', 0.111, '[""EC"",""EMC""]', '[0.3,0.7]', 263.15)",242
saltPF6_rank29_row4369_q0p70,4369,10.1149/1.1466857,Li,PF6,1.0,"[""EC"",""EMC""]","[0.3,0.7]",283.0091549,PF6,0.70,maximin descriptor spread within salt family; exact duplicate simulation inputs excluded,29,1,29,10.1149/1.1466857,[4369],"[""10.1149/1.1466857""]",6.493506494,0.0,1,LiPF6,1.0,mol/l,mol/L,weight,,EC:0.300+EMC:0.700,0.6108643020548935,28.73,1.025,28.73,1.025,1,0,0,0,0,1,0.3,0,0.0,0,0.0,0,0.0,0,0.0,1,0.7,"('Li', 'PF6', 1.0, '[""EC"",""EMC""]', '[0.3,0.7]', 283.0091549)",242
saltPF6_rank29_row4369_q0p75,4369,10.1149/1.1466857,Li,PF6,1.0,"[""EC"",""EMC""]","[0.3,0.7]",283.0091549,PF6,0.75,maximin descriptor spread within salt family; exact duplicate simulation inputs excluded,29,1,29,10.1149/1.1466857,[4369],"[""10.1149/1.1466857""]",6.493506494,0.0,1,LiPF6,1.0,mol/l,mol/L,weight,,EC:0.300+EMC:0.700,0.6108643020548935,28.73,1.025,28.73,1.025,1,0,0,0,0,1,0.3,0,0.0,0,0.0,0,0.0,0,0.0,1,0.7,"('Li', 'PF6', 1.0, '[""EC"",""EMC""]', '[0.3,0.7]', 283.0091549)",242
saltPF6_rank29_row4369_q0p80,4369,10.1149/1.1466857,Li,PF6,1.0,"[""EC"",""EMC""]","[0.3,0.7]",283.0091549,PF6,0.80,maximin descriptor spread within salt family; exact duplicate simulation inputs excluded,29,1,29,10.1149/1.1466857,[4369],"[""10.1149/1.1466857""]",6.493506494,0.0,1,LiPF6,1.0,mol/l,mol/L,weight,,EC:0.300+EMC:0.700,0.6108643020548935,28.73,1.025,28.73,1.025,1,0,0,0,0,1,0.3,0,0.0,0,0.0,0,0.0,0,0.0,1,0.7,"('Li', 'PF6', 1.0, '[""EC"",""EMC""]', '[0.3,0.7]', 283.0091549)",242
saltPF6_rank29_row4369_q0p85,4369,10.1149/1.1466857,Li,PF6,1.0,"[""EC"",""EMC""]","[0.3,0.7]",283.0091549,PF6,0.85,maximin descriptor spread within salt family; exact duplicate simulation inputs excluded,29,1,29,10.1149/1.1466857,[4369],"[""10.1149/1.1466857""]",6.493506494,0.0,1,LiPF6,1.0,mol/l,mol/L,weight,,EC:0.300+EMC:0.700,0.6108643020548935,28.73,1.025,28.73,1.025,1,0,0,0,0,1,0.3,0,0.0,0,0.0,0,0.0,0,0.0,1,0.7,"('Li', 'PF6', 1.0, '[""EC"",""EMC""]', '[0.3,0.7]', 283.0091549)",242
saltPF6_rank29_row4369_q0p90,4369,10.1149/1.1466857,Li,PF6,1.0,"[""EC"",""EMC""]","[0.3,0.7]",283.0091549,PF6,0.90,maximin descriptor spread within salt family; exact duplicate simulation inputs excluded,29,1,29,10.1149/1.1466857,[4369],"[""10.1149/1.1466857""]",6.493506494,0.0,1,LiPF6,1.0,mol/l,mol/L,weight,,EC:0.300+EMC:0.700,0.6108643020548935,28.73,1.025,28.73,1.025,1,0,0,0,0,1,0.3,0,0.0,0,0.0,0,0.0,0,0.0,1,0.7,"('Li', 'PF6', 1.0, '[""EC"",""EMC""]', '[0.3,0.7]', 283.0091549)",242
saltPF6_rank30_row10893_q0p70,10893,10.1149/1.1872737,Li,PF6,0.955465587,"[""EC"",""PC"",""DMC""]","[0.27,0.1,0.63]",293.0,PF6,0.70,maximin descriptor spread within salt family; exact duplicate simulation inputs excluded,30,1,30,10.1149/1.1872737,[10893],"[""10.1149/1.1872737""]",10.77959577,0.0,1,LiPF6,0.955465587,mol/l,mol/L,volume,,EC:0.270+PC:0.100+DMC:0.630,0.8748608452408524,32.473,1.1377,31.026834006650997,1.0870331983299,1,0,0,0,0,1,0.27,1,0.1,0,0.0,1,0.63,0,0.0,0,0.0,"('Li', 'PF6', 0.955465587, '[""EC"",""PC"",""DMC""]', '[0.27,0.1,0.63]', 293.0)",242
saltPF6_rank30_row10893_q0p75,10893,10.1149/1.1872737,Li,PF6,0.955465587,"[""EC"",""PC"",""DMC""]","[0.27,0.1,0.63]",293.0,PF6,0.75,maximin descriptor spread within salt family; exact duplicate simulation inputs excluded,30,1,30,10.1149/1.1872737,[10893],"[""10.1149/1.1872737""]",10.77959577,0.0,1,LiPF6,0.955465587,mol/l,mol/L,volume,,EC:0.270+PC:0.100+DMC:0.630,0.8748608452408524,32.473,1.1377,31.026834006650997,1.0870331983299,1,0,0,0,0,1,0.27,1,0.1,0,0.0,1,0.63,0,0.0,0,0.0,"('Li', 'PF6', 0.955465587, '[""EC"",""PC"",""DMC""]', '[0.27,0.1,0.63]', 293.0)",242
saltPF6_rank30_row10893_q0p80,10893,10.1149/1.1872737,Li,PF6,0.955465587,"[""EC"",""PC"",""DMC""]","[0.27,0.1,0.63]",293.0,PF6,0.80,maximin descriptor spread within salt family; exact duplicate simulation inputs excluded,30,1,30,10.1149/1.1872737,[10893],"[""10.1149/1.1872737""]",10.77959577,0.0,1,LiPF6,0.955465587,mol/l,mol/L,volume,,EC:0.270+PC:0.100+DMC:0.630,0.8748608452408524,32.473,1.1377,31.026834006650997,1.0870331983299,1,0,0,0,0,1,0.27,1,0.1,0,0.0,1,0.63,0,0.0,0,0.0,"('Li', 'PF6', 0.955465587, '[""EC"",""PC"",""DMC""]', '[0.27,0.1,0.63]', 293.0)",242
saltPF6_rank30_row10893_q0p85,10893,10.1149/1.1872737,Li,PF6,0.955465587,"[""EC"",""PC"",""DMC""]","[0.27,0.1,0.63]",293.0,PF6,0.85,maximin descriptor spread within salt family; exact duplicate simulation inputs excluded,30,1,30,10.1149/1.1872737,[10893],"[""10.1149/1.1872737""]",10.77959577,0.0,1,LiPF6,0.955465587,mol/l,mol/L,volume,,EC:0.270+PC:0.100+DMC:0.630,0.8748608452408524,32.473,1.1377,31.026834006650997,1.0870331983299,1,0,0,0,0,1,0.27,1,0.1,0,0.0,1,0.63,0,0.0,0,0.0,"('Li', 'PF6', 0.955465587, '[""EC"",""PC"",""DMC""]', '[0.27,0.1,0.63]', 293.0)",242
saltPF6_rank30_row10893_q0p90,10893,10.1149/1.1872737,Li,PF6,0.955465587,"[""EC"",""PC"",""DMC""]","[0.27,0.1,0.63]",293.0,PF6,0.90,maximin descriptor spread within salt family; exact duplicate simulation inputs excluded,30,1,30,10.1149/1.1872737,[10893],"[""10.1149/1.1872737""]",10.77959577,0.0,1,LiPF6,0.955465587,mol/l,mol/L,volume,,EC:0.270+PC:0.100+DMC:0.630,0.8748608452408524,32.473,1.1377,31.026834006650997,1.0870331983299,1,0,0,0,0,1,0.27,1,0.1,0,0.0,1,0.63,0,0.0,0,0.0,"('Li', 'PF6', 0.955465587, '[""EC"",""PC"",""DMC""]', '[0.27,0.1,0.63]', 293.0)",242
saltPF6_rank31_row13640_q0p70,13640,10.1016/0378-7753(91)80004-H,Li,PF6,1.0,"[""EC"",""PC""]","[0.5,0.5]",313.15,PF6,0.70,maximin descriptor spread within salt family; exact duplicate simulation inputs excluded,31,1,31,10.1016/0378-7753(91)80004-H,[13640],"[""10.1016/0378-7753(91)80004-H""]",10.34,0.0,1,LiPF6,1.0,mol/l,mol/L,volume,,EC:0.500+PC:0.500,0.6931471805599453,76.95,2.215,76.95,2.215,1,0,0,0,0,1,0.5,1,0.5,0,0.0,0,0.0,0,0.0,0,0.0,"('Li', 'PF6', 1.0, '[""EC"",""PC""]', '[0.5,0.5]', 313.15)",242
saltPF6_rank31_row13640_q0p75,13640,10.1016/0378-7753(91)80004-H,Li,PF6,1.0,"[""EC"",""PC""]","[0.5,0.5]",313.15,PF6,0.75,maximin descriptor spread within salt family; exact duplicate simulation inputs excluded,31,1,31,10.1016/0378-7753(91)80004-H,[13640],"[""10.1016/0378-7753(91)80004-H""]",10.34,0.0,1,LiPF6,1.0,mol/l,mol/L,volume,,EC:0.500+PC:0.500,0.6931471805599453,76.95,2.215,76.95,2.215,1,0,0,0,0,1,0.5,1,0.5,0,0.0,0,0.0,0,0.0,0,0.0,"('Li', 'PF6', 1.0, '[""EC"",""PC""]', '[0.5,0.5]', 313.15)",242
saltPF6_rank31_row13640_q0p80,13640,10.1016/0378-7753(91)80004-H,Li,PF6,1.0,"[""EC"",""PC""]","[0.5,0.5]",313.15,PF6,0.80,maximin descriptor spread within salt family; exact duplicate simulation inputs excluded,31,1,31,10.1016/0378-7753(91)80004-H,[13640],"[""10.1016/0378-7753(91)80004-H""]",10.34,0.0,1,LiPF6,1.0,mol/l,mol/L,volume,,EC:0.500+PC:0.500,0.6931471805599453,76.95,2.215,76.95,2.215,1,0,0,0,0,1,0.5,1,0.5,0,0.0,0,0.0,0,0.0,0,0.0,"('Li', 'PF6', 1.0, '[""EC"",""PC""]', '[0.5,0.5]', 313.15)",242
saltPF6_rank31_row13640_q0p85,13640,10.1016/0378-7753(91)80004-H,Li,PF6,1.0,"[""EC"",""PC""]","[0.5,0.5]",313.15,PF6,0.85,maximin descriptor spread within salt family; exact duplicate simulation inputs excluded,31,1,31,10.1016/0378-7753(91)80004-H,[13640],"[""10.1016/0378-7753(91)80004-H""]",10.34,0.0,1,LiPF6,1.0,mol/l,mol/L,volume,,EC:0.500+PC:0.500,0.6931471805599453,76.95,2.215,76.95,2.215,1,0,0,0,0,1,0.5,1,0.5,0,0.0,0,0.0,0,0.0,0,0.0,"('Li', 'PF6', 1.0, '[""EC"",""PC""]', '[0.5,0.5]', 313.15)",242
saltPF6_rank31_row13640_q0p90,13640,10.1016/0378-7753(91)80004-H,Li,PF6,1.0,"[""EC"",""PC""]","[0.5,0.5]",313.15,PF6,0.90,maximin descriptor spread within salt family; exact duplicate simulation inputs excluded,31,1,31,10.1016/0378-7753(91)80004-H,[13640],"[""10.1016/0378-7753(91)80004-H""]",10.34,0.0,1,LiPF6,1.0,mol/l,mol/L,volume,,EC:0.500+PC:0.500,0.6931471805599453,76.95,2.215,76.95,2.215,1,0,0,0,0,1,0.5,1,0.5,0,0.0,0,0.0,0,0.0,0,0.0,"('Li', 'PF6', 1.0, '[""EC"",""PC""]', '[0.5,0.5]', 313.15)",242
saltPF6_rank32_row12013_q0p70,12013,10.1149/2.0641503jes,Li,PF6,1.201388889,"[""EC"",""DEC""]","[0.5,0.5]",313.15,PF6,0.70,maximin descriptor spread within salt family; exact duplicate simulation inputs excluded,32,1,32,10.1149/2.0641503jes,[12013],"[""10.1149/2.0641503jes""]",10.204806,0.0,1,LiPF6,1.201388889,mol/l,mol/L,weight,,EC:0.500+DEC:0.500,0.6931471805599453,45.9,1.255,55.143750005099996,1.5077430556949998,1,0,0,0,0,1,0.5,0,0.0,0,0.0,0,0.0,1,0.5,0,0.0,"('Li', 'PF6', 1.201388889, '[""EC"",""DEC""]', '[0.5,0.5]', 313.15)",242
saltPF6_rank32_row12013_q0p75,12013,10.1149/2.0641503jes,Li,PF6,1.201388889,"[""EC"",""DEC""]","[0.5,0.5]",313.15,PF6,0.75,maximin descriptor spread within salt family; exact duplicate simulation inputs excluded,32,1,32,10.1149/2.0641503jes,[12013],"[""10.1149/2.0641503jes""]",10.204806,0.0,1,LiPF6,1.201388889,mol/l,mol/L,weight,,EC:0.500+DEC:0.500,0.6931471805599453,45.9,1.255,55.143750005099996,1.5077430556949998,1,0,0,0,0,1,0.5,0,0.0,0,0.0,0,0.0,1,0.5,0,0.0,"('Li', 'PF6', 1.201388889, '[""EC"",""DEC""]', '[0.5,0.5]', 313.15)",242
saltPF6_rank32_row12013_q0p80,12013,10.1149/2.0641503jes,Li,PF6,1.201388889,"[""EC"",""DEC""]","[0.5,0.5]",313.15,PF6,0.80,maximin descriptor spread within salt family; exact duplicate simulation inputs excluded,32,1,32,10.1149/2.0641503jes,[12013],"[""10.1149/2.0641503jes""]",10.204806,0.0,1,LiPF6,1.201388889,mol/l,mol/L,weight,,EC:0.500+DEC:0.500,0.6931471805599453,45.9,1.255,55.143750005099996,1.5077430556949998,1,0,0,0,0,1,0.5,0,0.0,0,0.0,0,0.0,1,0.5,0,0.0,"('Li', 'PF6', 1.201388889, '[""EC"",""DEC""]', '[0.5,0.5]', 313.15)",242
saltPF6_rank32_row12013_q0p85,12013,10.1149/2.0641503jes,Li,PF6,1.201388889,"[""EC"",""DEC""]","[0.5,0.5]",313.15,PF6,0.85,maximin descriptor spread within salt family; exact duplicate simulation inputs excluded,32,1,32,10.1149/2.0641503jes,[12013],"[""10.1149/2.0641503jes""]",10.204806,0.0,1,LiPF6,1.201388889,mol/l,mol/L,weight,,EC:0.500+DEC:0.500,0.6931471805599453,45.9,1.255,55.143750005099996,1.5077430556949998,1,0,0,0,0,1,0.5,0,0.0,0,0.0,0,0.0,1,0.5,0,0.0,"('Li', 'PF6', 1.201388889, '[""EC"",""DEC""]', '[0.5,0.5]', 313.15)",242
saltPF6_rank32_row12013_q0p90,12013,10.1149/2.0641503jes,Li,PF6,1.201388889,"[""EC"",""DEC""]","[0.5,0.5]",313.15,PF6,0.90,maximin descriptor spread within salt family; exact duplicate simulation inputs excluded,32,1,32,10.1149/2.0641503jes,[12013],"[""10.1149/2.0641503jes""]",10.204806,0.0,1,LiPF6,1.201388889,mol/l,mol/L,weight,,EC:0.500+DEC:0.500,0.6931471805599453,45.9,1.255,55.143750005099996,1.5077430556949998,1,0,0,0,0,1,0.5,0,0.0,0,0.0,0,0.0,1,0.5,0,0.0,"('Li', 'PF6', 1.201388889, '[""EC"",""DEC""]', '[0.5,0.5]', 313.15)",242
saltPF6_rank33_row10875_q0p70,10875,10.1149/1.1872737,Li,PF6,0.960863698,"[""EC"",""PC"",""DMC""]","[0.27,0.1,0.63]",333.0,PF6,0.70,maximin descriptor spread within salt family; exact duplicate simulation inputs excluded,33,1,33,10.1149/1.1872737,"[10875,10876]","[""10.1149/1.1872737""]",19.30943215,0.45938121178094626,2,LiPF6,0.960863698,mol/l,mol/L,volume,,EC:0.270+PC:0.100+DMC:0.630,0.8748608452408524,32.473,1.1377,31.202126865154,1.0931746292146,1,0,0,0,0,1,0.27,1,0.1,0,0.0,1,0.63,0,0.0,0,0.0,"('Li', 'PF6', 0.960863698, '[""EC"",""PC"",""DMC""]', '[0.27,0.1,0.63]', 333.0)",242
saltPF6_rank33_row10875_q0p75,10875,10.1149/1.1872737,Li,PF6,0.960863698,"[""EC"",""PC"",""DMC""]","[0.27,0.1,0.63]",333.0,PF6,0.75,maximin descriptor spread within salt family; exact duplicate simulation inputs excluded,33,1,33,10.1149/1.1872737,"[10875,10876]","[""10.1149/1.1872737""]",19.30943215,0.45938121178094626,2,LiPF6,0.960863698,mol/l,mol/L,volume,,EC:0.270+PC:0.100+DMC:0.630,0.8748608452408524,32.473,1.1377,31.202126865154,1.0931746292146,1,0,0,0,0,1,0.27,1,0.1,0,0.0,1,0.63,0,0.0,0,0.0,"('Li', 'PF6', 0.960863698, '[""EC"",""PC"",""DMC""]', '[0.27,0.1,0.63]', 333.0)",242
saltPF6_rank33_row10875_q0p80,10875,10.1149/1.1872737,Li,PF6,0.960863698,"[""EC"",""PC"",""DMC""]","[0.27,0.1,0.63]",333.0,PF6,0.80,maximin descriptor spread within salt family; exact duplicate simulation inputs excluded,33,1,33,10.1149/1.1872737,"[10875,10876]","[""10.1149/1.1872737""]",19.30943215,0.45938121178094626,2,LiPF6,0.960863698,mol/l,mol/L,volume,,EC:0.270+PC:0.100+DMC:0.630,0.8748608452408524,32.473,1.1377,31.202126865154,1.0931746292146,1,0,0,0,0,1,0.27,1,0.1,0,0.0,1,0.63,0,0.0,0,0.0,"('Li', 'PF6', 0.960863698, '[""EC"",""PC"",""DMC""]', '[0.27,0.1,0.63]', 333.0)",242
saltPF6_rank33_row10875_q0p85,10875,10.1149/1.1872737,Li,PF6,0.960863698,"[""EC"",""PC"",""DMC""]","[0.27,0.1,0.63]",333.0,PF6,0.85,maximin descriptor spread within salt family; exact duplicate simulation inputs excluded,33,1,33,10.1149/1.1872737,"[10875,10876]","[""10.1149/1.1872737""]",19.30943215,0.45938121178094626,2,LiPF6,0.960863698,mol/l,mol/L,volume,,EC:0.270+PC:0.100+DMC:0.630,0.8748608452408524,32.473,1.1377,31.202126865154,1.0931746292146,1,0,0,0,0,1,0.27,1,0.1,0,0.0,1,0.63,0,0.0,0,0.0,"('Li', 'PF6', 0.960863698, '[""EC"",""PC"",""DMC""]', '[0.27,0.1,0.63]', 333.0)",242
saltPF6_rank33_row10875_q0p90,10875,10.1149/1.1872737,Li,PF6,0.960863698,"[""EC"",""PC"",""DMC""]","[0.27,0.1,0.63]",333.0,PF6,0.90,maximin descriptor spread within salt family; exact duplicate simulation inputs excluded,33,1,33,10.1149/1.1872737,"[10875,10876]","[""10.1149/1.1872737""]",19.30943215,0.45938121178094626,2,LiPF6,0.960863698,mol/l,mol/L,volume,,EC:0.270+PC:0.100+DMC:0.630,0.8748608452408524,32.473,1.1377,31.202126865154,1.0931746292146,1,0,0,0,0,1,0.27,1,0.1,0,0.0,1,0.63,0,0.0,0,0.0,"('Li', 'PF6', 0.960863698, '[""EC"",""PC"",""DMC""]', '[0.27,0.1,0.63]', 333.0)",242
saltPF6_rank34_row10895_q0p70,10895,10.1149/1.1872737,Li,PF6,2.237516869,"[""EC"",""PC"",""DMC""]","[0.27,0.1,0.63]",293.0,PF6,0.70,maximin descriptor spread within salt family; exact duplicate simulation inputs excluded,34,1,34,10.1149/1.1872737,"[10895,10896]","[""10.1149/1.1872737""]",6.207892204,0.4763953294787168,2,LiPF6,2.237516869,mol/l,mol/L,volume,,EC:0.270+PC:0.100+DMC:0.630,0.8748608452408524,32.473,1.1377,72.658885287037,2.5456229418612994,1,0,0,0,0,1,0.27,1,0.1,0,0.0,1,0.63,0,0.0,0,0.0,"('Li', 'PF6', 2.237516869, '[""EC"",""PC"",""DMC""]', '[0.27,0.1,0.63]', 293.0)",242
saltPF6_rank34_row10895_q0p75,10895,10.1149/1.1872737,Li,PF6,2.237516869,"[""EC"",""PC"",""DMC""]","[0.27,0.1,0.63]",293.0,PF6,0.75,maximin descriptor spread within salt family; exact duplicate simulation inputs excluded,34,1,34,10.1149/1.1872737,"[10895,10896]","[""10.1149/1.1872737""]",6.207892204,0.4763953294787168,2,LiPF6,2.237516869,mol/l,mol/L,volume,,EC:0.270+PC:0.100+DMC:0.630,0.8748608452408524,32.473,1.1377,72.658885287037,2.5456229418612994,1,0,0,0,0,1,0.27,1,0.1,0,0.0,1,0.63,0,0.0,0,0.0,"('Li', 'PF6', 2.237516869, '[""EC"",""PC"",""DMC""]', '[0.27,0.1,0.63]', 293.0)",242
saltPF6_rank34_row10895_q0p80,10895,10.1149/1.1872737,Li,PF6,2.237516869,"[""EC"",""PC"",""DMC""]","[0.27,0.1,0.63]",293.0,PF6,0.80,maximin descriptor spread within salt family; exact duplicate simulation inputs excluded,34,1,34,10.1149/1.1872737,"[10895,10896]","[""10.1149/1.1872737""]",6.207892204,0.4763953294787168,2,LiPF6,2.237516869,mol/l,mol/L,volume,,EC:0.270+PC:0.100+DMC:0.630,0.8748608452408524,32.473,1.1377,72.658885287037,2.5456229418612994,1,0,0,0,0,1,0.27,1,0.1,0,0.0,1,0.63,0,0.0,0,0.0,"('Li', 'PF6', 2.237516869, '[""EC"",""PC"",""DMC""]', '[0.27,0.1,0.63]', 293.0)",242
saltPF6_rank34_row10895_q0p85,10895,10.1149/1.1872737,Li,PF6,2.237516869,"[""EC"",""PC"",""DMC""]","[0.27,0.1,0.63]",293.0,PF6,0.85,maximin descriptor spread within salt family; exact duplicate simulation inputs excluded,34,1,34,10.1149/1.1872737,"[10895,10896]","[""10.1149/1.1872737""]",6.207892204,0.4763953294787168,2,LiPF6,2.237516869,mol/l,mol/L,volume,,EC:0.270+PC:0.100+DMC:0.630,0.8748608452408524,32.473,1.1377,72.658885287037,2.5456229418612994,1,0,0,0,0,1,0.27,1,0.1,0,0.0,1,0.63,0,0.0,0,0.0,"('Li', 'PF6', 2.237516869, '[""EC"",""PC"",""DMC""]', '[0.27,0.1,0.63]', 293.0)",242
saltPF6_rank34_row10895_q0p90,10895,10.1149/1.1872737,Li,PF6,2.237516869,"[""EC"",""PC"",""DMC""]","[0.27,0.1,0.63]",293.0,PF6,0.90,maximin descriptor spread within salt family; exact duplicate simulation inputs excluded,34,1,34,10.1149/1.1872737,"[10895,10896]","[""10.1149/1.1872737""]",6.207892204,0.4763953294787168,2,LiPF6,2.237516869,mol/l,mol/L,volume,,EC:0.270+PC:0.100+DMC:0.630,0.8748608452408524,32.473,1.1377,72.658885287037,2.5456229418612994,1,0,0,0,0,1,0.27,1,0.1,0,0.0,1,0.63,0,0.0,0,0.0,"('Li', 'PF6', 2.237516869, '[""EC"",""PC"",""DMC""]', '[0.27,0.1,0.63]', 293.0)",242
saltPF6_rank35_row11883_q0p70,11883,10.1149/2.0571912jes,Li,PF6,0.503,"[""EC"",""DMC""]","[0.5,0.5]",263.15,PF6,0.70,maximin descriptor spread within salt family; exact duplicate simulation inputs excluded,35,1,35,10.1149/2.0571912jes,[11883],"[""10.1149/2.0571912jes""]",4.959,0.0,1,LiPF6,0.503,mol/l,mol/L,weight,,EC:0.500+DMC:0.500,0.6931471805599453,46.05,1.2449999999999999,23.163149999999998,0.626235,1,0,0,0,0,1,0.5,0,0.0,0,0.0,1,0.5,0,0.0,0,0.0,"('Li', 'PF6', 0.503, '[""EC"",""DMC""]', '[0.5,0.5]', 263.15)",242
saltPF6_rank35_row11883_q0p75,11883,10.1149/2.0571912jes,Li,PF6,0.503,"[""EC"",""DMC""]","[0.5,0.5]",263.15,PF6,0.75,maximin descriptor spread within salt family; exact duplicate simulation inputs excluded,35,1,35,10.1149/2.0571912jes,[11883],"[""10.1149/2.0571912jes""]",4.959,0.0,1,LiPF6,0.503,mol/l,mol/L,weight,,EC:0.500+DMC:0.500,0.6931471805599453,46.05,1.2449999999999999,23.163149999999998,0.626235,1,0,0,0,0,1,0.5,0,0.0,0,0.0,1,0.5,0,0.0,0,0.0,"('Li', 'PF6', 0.503, '[""EC"",""DMC""]', '[0.5,0.5]', 263.15)",242
saltPF6_rank35_row11883_q0p80,11883,10.1149/2.0571912jes,Li,PF6,0.503,"[""EC"",""DMC""]","[0.5,0.5]",263.15,PF6,0.80,maximin descriptor spread within salt family; exact duplicate simulation inputs excluded,35,1,35,10.1149/2.0571912jes,[11883],"[""10.1149/2.0571912jes""]",4.959,0.0,1,LiPF6,0.503,mol/l,mol/L,weight,,EC:0.500+DMC:0.500,0.6931471805599453,46.05,1.2449999999999999,23.163149999999998,0.626235,1,0,0,0,0,1,0.5,0,0.0,0,0.0,1,0.5,0,0.0,0,0.0,"('Li', 'PF6', 0.503, '[""EC"",""DMC""]', '[0.5,0.5]', 263.15)",242
saltPF6_rank35_row11883_q0p85,11883,10.1149/2.0571912jes,Li,PF6,0.503,"[""EC"",""DMC""]","[0.5,0.5]",263.15,PF6,0.85,maximin descriptor spread within salt family; exact duplicate simulation inputs excluded,35,1,35,10.1149/2.0571912jes,[11883],"[""10.1149/2.0571912jes""]",4.959,0.0,1,LiPF6,0.503,mol/l,mol/L,weight,,EC:0.500+DMC:0.500,0.6931471805599453,46.05,1.2449999999999999,23.163149999999998,0.626235,1,0,0,0,0,1,0.5,0,0.0,0,0.0,1,0.5,0,0.0,0,0.0,"('Li', 'PF6', 0.503, '[""EC"",""DMC""]', '[0.5,0.5]', 263.15)",242
saltPF6_rank35_row11883_q0p90,11883,10.1149/2.0571912jes,Li,PF6,0.503,"[""EC"",""DMC""]","[0.5,0.5]",263.15,PF6,0.90,maximin descriptor spread within salt family; exact duplicate simulation inputs excluded,35,1,35,10.1149/2.0571912jes,[11883],"[""10.1149/2.0571912jes""]",4.959,0.0,1,LiPF6,0.503,mol/l,mol/L,weight,,EC:0.500+DMC:0.500,0.6931471805599453,46.05,1.2449999999999999,23.163149999999998,0.626235,1,0,0,0,0,1,0.5,0,0.0,0,0.0,1,0.5,0,0.0,0,0.0,"('Li', 'PF6', 0.503, '[""EC"",""DMC""]', '[0.5,0.5]', 263.15)",242
saltPF6_rank36_row11905_q0p70,11905,10.1149/2.0571912jes,Li,PF6,1.505,"[""EC"",""DMC""]","[0.5,0.5]",303.15,PF6,0.70,maximin descriptor spread within salt family; exact duplicate simulation inputs excluded,36,1,36,10.1149/2.0571912jes,[11905],"[""10.1149/2.0571912jes""]",10.896,0.0,1,LiPF6,1.505,mol/l,mol/L,weight,,EC:0.500+DMC:0.500,0.6931471805599453,46.05,1.2449999999999999,69.30524999999999,1.8737249999999996,1,0,0,0,0,1,0.5,0,0.0,0,0.0,1,0.5,0,0.0,0,0.0,"('Li', 'PF6', 1.505, '[""EC"",""DMC""]', '[0.5,0.5]', 303.15)",242
saltPF6_rank36_row11905_q0p75,11905,10.1149/2.0571912jes,Li,PF6,1.505,"[""EC"",""DMC""]","[0.5,0.5]",303.15,PF6,0.75,maximin descriptor spread within salt family; exact duplicate simulation inputs excluded,36,1,36,10.1149/2.0571912jes,[11905],"[""10.1149/2.0571912jes""]",10.896,0.0,1,LiPF6,1.505,mol/l,mol/L,weight,,EC:0.500+DMC:0.500,0.6931471805599453,46.05,1.2449999999999999,69.30524999999999,1.8737249999999996,1,0,0,0,0,1,0.5,0,0.0,0,0.0,1,0.5,0,0.0,0,0.0,"('Li', 'PF6', 1.505, '[""EC"",""DMC""]', '[0.5,0.5]', 303.15)",242
saltPF6_rank36_row11905_q0p80,11905,10.1149/2.0571912jes,Li,PF6,1.505,"[""EC"",""DMC""]","[0.5,0.5]",303.15,PF6,0.80,maximin descriptor spread within salt family; exact duplicate simulation inputs excluded,36,1,36,10.1149/2.0571912jes,[11905],"[""10.1149/2.0571912jes""]",10.896,0.0,1,LiPF6,1.505,mol/l,mol/L,weight,,EC:0.500+DMC:0.500,0.6931471805599453,46.05,1.2449999999999999,69.30524999999999,1.8737249999999996,1,0,0,0,0,1,0.5,0,0.0,0,0.0,1,0.5,0,0.0,0,0.0,"('Li', 'PF6', 1.505, '[""EC"",""DMC""]', '[0.5,0.5]', 303.15)",242
saltPF6_rank36_row11905_q0p85,11905,10.1149/2.0571912jes,Li,PF6,1.505,"[""EC"",""DMC""]","[0.5,0.5]",303.15,PF6,0.85,maximin descriptor spread within salt family; exact duplicate simulation inputs excluded,36,1,36,10.1149/2.0571912jes,[11905],"[""10.1149/2.0571912jes""]",10.896,0.0,1,LiPF6,1.505,mol/l,mol/L,weight,,EC:0.500+DMC:0.500,0.6931471805599453,46.05,1.2449999999999999,69.30524999999999,1.8737249999999996,1,0,0,0,0,1,0.5,0,0.0,0,0.0,1,0.5,0,0.0,0,0.0,"('Li', 'PF6', 1.505, '[""EC"",""DMC""]', '[0.5,0.5]', 303.15)",242
saltPF6_rank36_row11905_q0p90,11905,10.1149/2.0571912jes,Li,PF6,1.505,"[""EC"",""DMC""]","[0.5,0.5]",303.15,PF6,0.90,maximin descriptor spread within salt family; exact duplicate simulation inputs excluded,36,1,36,10.1149/2.0571912jes,[11905],"[""10.1149/2.0571912jes""]",10.896,0.0,1,LiPF6,1.505,mol/l,mol/L,weight,,EC:0.500+DMC:0.500,0.6931471805599453,46.05,1.2449999999999999,69.30524999999999,1.8737249999999996,1,0,0,0,0,1,0.5,0,0.0,0,0.0,1,0.5,0,0.0,0,0.0,"('Li', 'PF6', 1.505, '[""EC"",""DMC""]', '[0.5,0.5]', 303.15)",242
saltClO4_rank01_row3744_q0p70,3744,10.1149/1.1344281,Li,ClO4,1.0,"[""PC""]",[1.0],296.4654522,ClO4,0.70,"salt-family centroid representative selected from salt_conc, temperature, weighted_permittivity, weighted_viscosity_mPa_s_25C, solvent_entropy, salt_conc_x_weighted_permittivity, salt_conc_x_weighted_viscosity, frac_EC, frac_PC, frac_DME, frac_DMC, frac_DEC, frac_EMC, conductivity descriptor space",37,2,1,10.1149/1.1344281,[3744],"[""10.1149/1.1344281""]",3.736059577,0.0,1,LiClO4,1.0,mol/l,mol/L,molar,,PC:1.000,-0.0,64.9,2.53,64.9,2.53,0,1,0,0,0,0,0.0,1,1.0,0,0.0,0,0.0,0,0.0,0,0.0,"('Li', 'ClO4', 1.0, '[""PC""]', '[1.0]', 296.4654522)",64
saltClO4_rank01_row3744_q0p75,3744,10.1149/1.1344281,Li,ClO4,1.0,"[""PC""]",[1.0],296.4654522,ClO4,0.75,"salt-family centroid representative selected from salt_conc, temperature, weighted_permittivity, weighted_viscosity_mPa_s_25C, solvent_entropy, salt_conc_x_weighted_permittivity, salt_conc_x_weighted_viscosity, frac_EC, frac_PC, frac_DME, frac_DMC, frac_DEC, frac_EMC, conductivity descriptor space",37,2,1,10.1149/1.1344281,[3744],"[""10.1149/1.1344281""]",3.736059577,0.0,1,LiClO4,1.0,mol/l,mol/L,molar,,PC:1.000,-0.0,64.9,2.53,64.9,2.53,0,1,0,0,0,0,0.0,1,1.0,0,0.0,0,0.0,0,0.0,0,0.0,"('Li', 'ClO4', 1.0, '[""PC""]', '[1.0]', 296.4654522)",64
saltClO4_rank01_row3744_q0p80,3744,10.1149/1.1344281,Li,ClO4,1.0,"[""PC""]",[1.0],296.4654522,ClO4,0.80,"salt-family centroid representative selected from salt_conc, temperature, weighted_permittivity, weighted_viscosity_mPa_s_25C, solvent_entropy, salt_conc_x_weighted_permittivity, salt_conc_x_weighted_viscosity, frac_EC, frac_PC, frac_DME, frac_DMC, frac_DEC, frac_EMC, conductivity descriptor space",37,2,1,10.1149/1.1344281,[3744],"[""10.1149/1.1344281""]",3.736059577,0.0,1,LiClO4,1.0,mol/l,mol/L,molar,,PC:1.000,-0.0,64.9,2.53,64.9,2.53,0,1,0,0,0,0,0.0,1,1.0,0,0.0,0,0.0,0,0.0,0,0.0,"('Li', 'ClO4', 1.0, '[""PC""]', '[1.0]', 296.4654522)",64
saltClO4_rank01_row3744_q0p85,3744,10.1149/1.1344281,Li,ClO4,1.0,"[""PC""]",[1.0],296.4654522,ClO4,0.85,"salt-family centroid representative selected from salt_conc, temperature, weighted_permittivity, weighted_viscosity_mPa_s_25C, solvent_entropy, salt_conc_x_weighted_permittivity, salt_conc_x_weighted_viscosity, frac_EC, frac_PC, frac_DME, frac_DMC, frac_DEC, frac_EMC, conductivity descriptor space",37,2,1,10.1149/1.1344281,[3744],"[""10.1149/1.1344281""]",3.736059577,0.0,1,LiClO4,1.0,mol/l,mol/L,molar,,PC:1.000,-0.0,64.9,2.53,64.9,2.53,0,1,0,0,0,0,0.0,1,1.0,0,0.0,0,0.0,0,0.0,0,0.0,"('Li', 'ClO4', 1.0, '[""PC""]', '[1.0]', 296.4654522)",64
saltClO4_rank01_row3744_q0p90,3744,10.1149/1.1344281,Li,ClO4,1.0,"[""PC""]",[1.0],296.4654522,ClO4,0.90,"salt-family centroid representative selected from salt_conc, temperature, weighted_permittivity, weighted_viscosity_mPa_s_25C, solvent_entropy, salt_conc_x_weighted_permittivity, salt_conc_x_weighted_viscosity, frac_EC, frac_PC, frac_DME, frac_DMC, frac_DEC, frac_EMC, conductivity descriptor space",37,2,1,10.1149/1.1344281,[3744],"[""10.1149/1.1344281""]",3.736059577,0.0,1,LiClO4,1.0,mol/l,mol/L,molar,,PC:1.000,-0.0,64.9,2.53,64.9,2.53,0,1,0,0,0,0,0.0,1,1.0,0,0.0,0,0.0,0,0.0,0,0.0,"('Li', 'ClO4', 1.0, '[""PC""]', '[1.0]', 296.4654522)",64
saltClO4_rank02_row3812_q0p70,3812,10.1149/1.1344281,Li,ClO4,0.5,"[""DME""]",[1.0],212.2342837,ClO4,0.70,maximin descriptor spread within salt family; exact duplicate simulation inputs excluded,38,2,2,10.1149/1.1344281,[3812],"[""10.1149/1.1344281""]",0.220060166,0.0,1,LiClO4,0.5,mol/l,mol/L,molar,,DME:1.000,-0.0,7.2,0.39,3.6,0.195,0,1,0,0,0,0,0.0,0,0.0,1,1.0,0,0.0,0,0.0,0,0.0,"('Li', 'ClO4', 0.5, '[""DME""]', '[1.0]', 212.2342837)",64
saltClO4_rank02_row3812_q0p75,3812,10.1149/1.1344281,Li,ClO4,0.5,"[""DME""]",[1.0],212.2342837,ClO4,0.75,maximin descriptor spread within salt family; exact duplicate simulation inputs excluded,38,2,2,10.1149/1.1344281,[3812],"[""10.1149/1.1344281""]",0.220060166,0.0,1,LiClO4,0.5,mol/l,mol/L,molar,,DME:1.000,-0.0,7.2,0.39,3.6,0.195,0,1,0,0,0,0,0.0,0,0.0,1,1.0,0,0.0,0,0.0,0,0.0,"('Li', 'ClO4', 0.5, '[""DME""]', '[1.0]', 212.2342837)",64
saltClO4_rank02_row3812_q0p80,3812,10.1149/1.1344281,Li,ClO4,0.5,"[""DME""]",[1.0],212.2342837,ClO4,0.80,maximin descriptor spread within salt family; exact duplicate simulation inputs excluded,38,2,2,10.1149/1.1344281,[3812],"[""10.1149/1.1344281""]",0.220060166,0.0,1,LiClO4,0.5,mol/l,mol/L,molar,,DME:1.000,-0.0,7.2,0.39,3.6,0.195,0,1,0,0,0,0,0.0,0,0.0,1,1.0,0,0.0,0,0.0,0,0.0,"('Li', 'ClO4', 0.5, '[""DME""]', '[1.0]', 212.2342837)",64
saltClO4_rank02_row3812_q0p85,3812,10.1149/1.1344281,Li,ClO4,0.5,"[""DME""]",[1.0],212.2342837,ClO4,0.85,maximin descriptor spread within salt family; exact duplicate simulation inputs excluded,38,2,2,10.1149/1.1344281,[3812],"[""10.1149/1.1344281""]",0.220060166,0.0,1,LiClO4,0.5,mol/l,mol/L,molar,,DME:1.000,-0.0,7.2,0.39,3.6,0.195,0,1,0,0,0,0,0.0,0,0.0,1,1.0,0,0.0,0,0.0,0,0.0,"('Li', 'ClO4', 0.5, '[""DME""]', '[1.0]', 212.2342837)",64
saltClO4_rank02_row3812_q0p90,3812,10.1149/1.1344281,Li,ClO4,0.5,"[""DME""]",[1.0],212.2342837,ClO4,0.90,maximin descriptor spread within salt family; exact duplicate simulation inputs excluded,38,2,2,10.1149/1.1344281,[3812],"[""10.1149/1.1344281""]",0.220060166,0.0,1,LiClO4,0.5,mol/l,mol/L,molar,,DME:1.000,-0.0,7.2,0.39,3.6,0.195,0,1,0,0,0,0,0.0,0,0.0,1,1.0,0,0.0,0,0.0,0,0.0,"('Li', 'ClO4', 0.5, '[""DME""]', '[1.0]', 212.2342837)",64
saltClO4_rank03_row3724_q0p70,3724,10.1149/1.1344281,Li,ClO4,1.0,"[""PC""]",[1.0],393.6420782,ClO4,0.70,maximin descriptor spread within salt family; exact duplicate simulation inputs excluded,39,2,3,10.1149/1.1344281,[3724],"[""10.1149/1.1344281""]",15.11159636,0.0,1,LiClO4,1.0,mol/l,mol/L,molar,,PC:1.000,-0.0,64.9,2.53,64.9,2.53,0,1,0,0,0,0,0.0,1,1.0,0,0.0,0,0.0,0,0.0,0,0.0,"('Li', 'ClO4', 1.0, '[""PC""]', '[1.0]', 393.6420782)",64
saltClO4_rank03_row3724_q0p75,3724,10.1149/1.1344281,Li,ClO4,1.0,"[""PC""]",[1.0],393.6420782,ClO4,0.75,maximin descriptor spread within salt family; exact duplicate simulation inputs excluded,39,2,3,10.1149/1.1344281,[3724],"[""10.1149/1.1344281""]",15.11159636,0.0,1,LiClO4,1.0,mol/l,mol/L,molar,,PC:1.000,-0.0,64.9,2.53,64.9,2.53,0,1,0,0,0,0,0.0,1,1.0,0,0.0,0,0.0,0,0.0,0,0.0,"('Li', 'ClO4', 1.0, '[""PC""]', '[1.0]', 393.6420782)",64
saltClO4_rank03_row3724_q0p80,3724,10.1149/1.1344281,Li,ClO4,1.0,"[""PC""]",[1.0],393.6420782,ClO4,0.80,maximin descriptor spread within salt family; exact duplicate simulation inputs excluded,39,2,3,10.1149/1.1344281,[3724],"[""10.1149/1.1344281""]",15.11159636,0.0,1,LiClO4,1.0,mol/l,mol/L,molar,,PC:1.000,-0.0,64.9,2.53,64.9,2.53,0,1,0,0,0,0,0.0,1,1.0,0,0.0,0,0.0,0,0.0,0,0.0,"('Li', 'ClO4', 1.0, '[""PC""]', '[1.0]', 393.6420782)",64
saltClO4_rank03_row3724_q0p85,3724,10.1149/1.1344281,Li,ClO4,1.0,"[""PC""]",[1.0],393.6420782,ClO4,0.85,maximin descriptor spread within salt family; exact duplicate simulation inputs excluded,39,2,3,10.1149/1.1344281,[3724],"[""10.1149/1.1344281""]",15.11159636,0.0,1,LiClO4,1.0,mol/l,mol/L,molar,,PC:1.000,-0.0,64.9,2.53,64.9,2.53,0,1,0,0,0,0,0.0,1,1.0,0,0.0,0,0.0,0,0.0,0,0.0,"('Li', 'ClO4', 1.0, '[""PC""]', '[1.0]', 393.6420782)",64
saltClO4_rank03_row3724_q0p90,3724,10.1149/1.1344281,Li,ClO4,1.0,"[""PC""]",[1.0],393.6420782,ClO4,0.90,maximin descriptor spread within salt family; exact duplicate simulation inputs excluded,39,2,3,10.1149/1.1344281,[3724],"[""10.1149/1.1344281""]",15.11159636,0.0,1,LiClO4,1.0,mol/l,mol/L,molar,,PC:1.000,-0.0,64.9,2.53,64.9,2.53,0,1,0,0,0,0,0.0,1,1.0,0,0.0,0,0.0,0,0.0,0,0.0,"('Li', 'ClO4', 1.0, '[""PC""]', '[1.0]', 393.6420782)",64
saltClO4_rank04_row3786_q0p70,3786,10.1149/1.1344281,Li,ClO4,0.5,"[""DME""]",[1.0],342.1636336,ClO4,0.70,maximin descriptor spread within salt family; exact duplicate simulation inputs excluded,40,2,4,10.1149/1.1344281,[3786],"[""10.1149/1.1344281""]",2.579896064,0.0,1,LiClO4,0.5,mol/l,mol/L,molar,,DME:1.000,-0.0,7.2,0.39,3.6,0.195,0,1,0,0,0,0,0.0,0,0.0,1,1.0,0,0.0,0,0.0,0,0.0,"('Li', 'ClO4', 0.5, '[""DME""]', '[1.0]', 342.1636336)",64
saltClO4_rank04_row3786_q0p75,3786,10.1149/1.1344281,Li,ClO4,0.5,"[""DME""]",[1.0],342.1636336,ClO4,0.75,maximin descriptor spread within salt family; exact duplicate simulation inputs excluded,40,2,4,10.1149/1.1344281,[3786],"[""10.1149/1.1344281""]",2.579896064,0.0,1,LiClO4,0.5,mol/l,mol/L,molar,,DME:1.000,-0.0,7.2,0.39,3.6,0.195,0,1,0,0,0,0,0.0,0,0.0,1,1.0,0,0.0,0,0.0,0,0.0,"('Li', 'ClO4', 0.5, '[""DME""]', '[1.0]', 342.1636336)",64
saltClO4_rank04_row3786_q0p80,3786,10.1149/1.1344281,Li,ClO4,0.5,"[""DME""]",[1.0],342.1636336,ClO4,0.80,maximin descriptor spread within salt family; exact duplicate simulation inputs excluded,40,2,4,10.1149/1.1344281,[3786],"[""10.1149/1.1344281""]",2.579896064,0.0,1,LiClO4,0.5,mol/l,mol/L,molar,,DME:1.000,-0.0,7.2,0.39,3.6,0.195,0,1,0,0,0,0,0.0,0,0.0,1,1.0,0,0.0,0,0.0,0,0.0,"('Li', 'ClO4', 0.5, '[""DME""]', '[1.0]', 342.1636336)",64
saltClO4_rank04_row3786_q0p85,3786,10.1149/1.1344281,Li,ClO4,0.5,"[""DME""]",[1.0],342.1636336,ClO4,0.85,maximin descriptor spread within salt family; exact duplicate simulation inputs excluded,40,2,4,10.1149/1.1344281,[3786],"[""10.1149/1.1344281""]",2.579896064,0.0,1,LiClO4,0.5,mol/l,mol/L,molar,,DME:1.000,-0.0,7.2,0.39,3.6,0.195,0,1,0,0,0,0,0.0,0,0.0,1,1.0,0,0.0,0,0.0,0,0.0,"('Li', 'ClO4', 0.5, '[""DME""]', '[1.0]', 342.1636336)",64
saltClO4_rank04_row3786_q0p90,3786,10.1149/1.1344281,Li,ClO4,0.5,"[""DME""]",[1.0],342.1636336,ClO4,0.90,maximin descriptor spread within salt family; exact duplicate simulation inputs excluded,40,2,4,10.1149/1.1344281,[3786],"[""10.1149/1.1344281""]",2.579896064,0.0,1,LiClO4,0.5,mol/l,mol/L,molar,,DME:1.000,-0.0,7.2,0.39,3.6,0.195,0,1,0,0,0,0,0.0,0,0.0,1,1.0,0,0.0,0,0.0,0,0.0,"('Li', 'ClO4', 0.5, '[""DME""]', '[1.0]', 342.1636336)",64
saltClO4_rank05_row3760_q0p70,3760,10.1149/1.1344281,Li,ClO4,1.0,"[""PC""]",[1.0],217.5511705,ClO4,0.70,maximin descriptor spread within salt family; exact duplicate simulation inputs excluded,41,2,5,10.1149/1.1344281,[3760],"[""10.1149/1.1344281""]",0.016360369,0.0,1,LiClO4,1.0,mol/l,mol/L,molar,,PC:1.000,-0.0,64.9,2.53,64.9,2.53,0,1,0,0,0,0,0.0,1,1.0,0,0.0,0,0.0,0,0.0,0,0.0,"('Li', 'ClO4', 1.0, '[""PC""]', '[1.0]', 217.5511705)",64
saltClO4_rank05_row3760_q0p75,3760,10.1149/1.1344281,Li,ClO4,1.0,"[""PC""]",[1.0],217.5511705,ClO4,0.75,maximin descriptor spread within salt family; exact duplicate simulation inputs excluded,41,2,5,10.1149/1.1344281,[3760],"[""10.1149/1.1344281""]",0.016360369,0.0,1,LiClO4,1.0,mol/l,mol/L,molar,,PC:1.000,-0.0,64.9,2.53,64.9,2.53,0,1,0,0,0,0,0.0,1,1.0,0,0.0,0,0.0,0,0.0,0,0.0,"('Li', 'ClO4', 1.0, '[""PC""]', '[1.0]', 217.5511705)",64
saltClO4_rank05_row3760_q0p80,3760,10.1149/1.1344281,Li,ClO4,1.0,"[""PC""]",[1.0],217.5511705,ClO4,0.80,maximin descriptor spread within salt family; exact duplicate simulation inputs excluded,41,2,5,10.1149/1.1344281,[3760],"[""10.1149/1.1344281""]",0.016360369,0.0,1,LiClO4,1.0,mol/l,mol/L,molar,,PC:1.000,-0.0,64.9,2.53,64.9,2.53,0,1,0,0,0,0,0.0,1,1.0,0,0.0,0,0.0,0,0.0,0,0.0,"('Li', 'ClO4', 1.0, '[""PC""]', '[1.0]', 217.5511705)",64
saltClO4_rank05_row3760_q0p85,3760,10.1149/1.1344281,Li,ClO4,1.0,"[""PC""]",[1.0],217.5511705,ClO4,0.85,maximin descriptor spread within salt family; exact duplicate simulation inputs excluded,41,2,5,10.1149/1.1344281,[3760],"[""10.1149/1.1344281""]",0.016360369,0.0,1,LiClO4,1.0,mol/l,mol/L,molar,,PC:1.000,-0.0,64.9,2.53,64.9,2.53,0,1,0,0,0,0,0.0,1,1.0,0,0.0,0,0.0,0,0.0,0,0.0,"('Li', 'ClO4', 1.0, '[""PC""]', '[1.0]', 217.5511705)",64
saltClO4_rank05_row3760_q0p90,3760,10.1149/1.1344281,Li,ClO4,1.0,"[""PC""]",[1.0],217.5511705,ClO4,0.90,maximin descriptor spread within salt family; exact duplicate simulation inputs excluded,41,2,5,10.1149/1.1344281,[3760],"[""10.1149/1.1344281""]",0.016360369,0.0,1,LiClO4,1.0,mol/l,mol/L,molar,,PC:1.000,-0.0,64.9,2.53,64.9,2.53,0,1,0,0,0,0,0.0,1,1.0,0,0.0,0,0.0,0,0.0,0,0.0,"('Li', 'ClO4', 1.0, '[""PC""]', '[1.0]', 217.5511705)",64
saltClO4_rank06_row3734_q0p70,3734,10.1149/1.1344281,Li,ClO4,1.0,"[""PC""]",[1.0],345.6484223,ClO4,0.70,maximin descriptor spread within salt family; exact duplicate simulation inputs excluded,42,2,6,10.1149/1.1344281,[3734],"[""10.1149/1.1344281""]",9.091189065,0.0,1,LiClO4,1.0,mol/l,mol/L,molar,,PC:1.000,-0.0,64.9,2.53,64.9,2.53,0,1,0,0,0,0,0.0,1,1.0,0,0.0,0,0.0,0,0.0,0,0.0,"('Li', 'ClO4', 1.0, '[""PC""]', '[1.0]', 345.6484223)",64
saltClO4_rank06_row3734_q0p75,3734,10.1149/1.1344281,Li,ClO4,1.0,"[""PC""]",[1.0],345.6484223,ClO4,0.75,maximin descriptor spread within salt family; exact duplicate simulation inputs excluded,42,2,6,10.1149/1.1344281,[3734],"[""10.1149/1.1344281""]",9.091189065,0.0,1,LiClO4,1.0,mol/l,mol/L,molar,,PC:1.000,-0.0,64.9,2.53,64.9,2.53,0,1,0,0,0,0,0.0,1,1.0,0,0.0,0,0.0,0,0.0,0,0.0,"('Li', 'ClO4', 1.0, '[""PC""]', '[1.0]', 345.6484223)",64
saltClO4_rank06_row3734_q0p80,3734,10.1149/1.1344281,Li,ClO4,1.0,"[""PC""]",[1.0],345.6484223,ClO4,0.80,maximin descriptor spread within salt family; exact duplicate simulation inputs excluded,42,2,6,10.1149/1.1344281,[3734],"[""10.1149/1.1344281""]",9.091189065,0.0,1,LiClO4,1.0,mol/l,mol/L,molar,,PC:1.000,-0.0,64.9,2.53,64.9,2.53,0,1,0,0,0,0,0.0,1,1.0,0,0.0,0,0.0,0,0.0,0,0.0,"('Li', 'ClO4', 1.0, '[""PC""]', '[1.0]', 345.6484223)",64
saltClO4_rank06_row3734_q0p85,3734,10.1149/1.1344281,Li,ClO4,1.0,"[""PC""]",[1.0],345.6484223,ClO4,0.85,maximin descriptor spread within salt family; exact duplicate simulation inputs excluded,42,2,6,10.1149/1.1344281,[3734],"[""10.1149/1.1344281""]",9.091189065,0.0,1,LiClO4,1.0,mol/l,mol/L,molar,,PC:1.000,-0.0,64.9,2.53,64.9,2.53,0,1,0,0,0,0,0.0,1,1.0,0,0.0,0,0.0,0,0.0,0,0.0,"('Li', 'ClO4', 1.0, '[""PC""]', '[1.0]', 345.6484223)",64
saltClO4_rank06_row3734_q0p90,3734,10.1149/1.1344281,Li,ClO4,1.0,"[""PC""]",[1.0],345.6484223,ClO4,0.90,maximin descriptor spread within salt family; exact duplicate simulation inputs excluded,42,2,6,10.1149/1.1344281,[3734],"[""10.1149/1.1344281""]",9.091189065,0.0,1,LiClO4,1.0,mol/l,mol/L,molar,,PC:1.000,-0.0,64.9,2.53,64.9,2.53,0,1,0,0,0,0,0.0,1,1.0,0,0.0,0,0.0,0,0.0,0,0.0,"('Li', 'ClO4', 1.0, '[""PC""]', '[1.0]', 345.6484223)",64
saltClO4_rank07_row3800_q0p70,3800,10.1149/1.1344281,Li,ClO4,0.5,"[""DME""]",[1.0],273.3744374,ClO4,0.70,maximin descriptor spread within salt family; exact duplicate simulation inputs excluded,43,2,7,10.1149/1.1344281,[3800],"[""10.1149/1.1344281""]",2.784526666,0.0,1,LiClO4,0.5,mol/l,mol/L,molar,,DME:1.000,-0.0,7.2,0.39,3.6,0.195,0,1,0,0,0,0,0.0,0,0.0,1,1.0,0,0.0,0,0.0,0,0.0,"('Li', 'ClO4', 0.5, '[""DME""]', '[1.0]', 273.3744374)",64
saltClO4_rank07_row3800_q0p75,3800,10.1149/1.1344281,Li,ClO4,0.5,"[""DME""]",[1.0],273.3744374,ClO4,0.75,maximin descriptor spread within salt family; exact duplicate simulation inputs excluded,43,2,7,10.1149/1.1344281,[3800],"[""10.1149/1.1344281""]",2.784526666,0.0,1,LiClO4,0.5,mol/l,mol/L,molar,,DME:1.000,-0.0,7.2,0.39,3.6,0.195,0,1,0,0,0,0,0.0,0,0.0,1,1.0,0,0.0,0,0.0,0,0.0,"('Li', 'ClO4', 0.5, '[""DME""]', '[1.0]', 273.3744374)",64
saltClO4_rank07_row3800_q0p80,3800,10.1149/1.1344281,Li,ClO4,0.5,"[""DME""]",[1.0],273.3744374,ClO4,0.80,maximin descriptor spread within salt family; exact duplicate simulation inputs excluded,43,2,7,10.1149/1.1344281,[3800],"[""10.1149/1.1344281""]",2.784526666,0.0,1,LiClO4,0.5,mol/l,mol/L,molar,,DME:1.000,-0.0,7.2,0.39,3.6,0.195,0,1,0,0,0,0,0.0,0,0.0,1,1.0,0,0.0,0,0.0,0,0.0,"('Li', 'ClO4', 0.5, '[""DME""]', '[1.0]', 273.3744374)",64
saltClO4_rank07_row3800_q0p85,3800,10.1149/1.1344281,Li,ClO4,0.5,"[""DME""]",[1.0],273.3744374,ClO4,0.85,maximin descriptor spread within salt family; exact duplicate simulation inputs excluded,43,2,7,10.1149/1.1344281,[3800],"[""10.1149/1.1344281""]",2.784526666,0.0,1,LiClO4,0.5,mol/l,mol/L,molar,,DME:1.000,-0.0,7.2,0.39,3.6,0.195,0,1,0,0,0,0,0.0,0,0.0,1,1.0,0,0.0,0,0.0,0,0.0,"('Li', 'ClO4', 0.5, '[""DME""]', '[1.0]', 273.3744374)",64
saltClO4_rank07_row3800_q0p90,3800,10.1149/1.1344281,Li,ClO4,0.5,"[""DME""]",[1.0],273.3744374,ClO4,0.90,maximin descriptor spread within salt family; exact duplicate simulation inputs excluded,43,2,7,10.1149/1.1344281,[3800],"[""10.1149/1.1344281""]",2.784526666,0.0,1,LiClO4,0.5,mol/l,mol/L,molar,,DME:1.000,-0.0,7.2,0.39,3.6,0.195,0,1,0,0,0,0,0.0,0,0.0,1,1.0,0,0.0,0,0.0,0,0.0,"('Li', 'ClO4', 0.5, '[""DME""]', '[1.0]', 273.3744374)",64
saltClO4_rank08_row3751_q0p70,3751,10.1149/1.1344281,Li,ClO4,1.0,"[""PC""]",[1.0],261.8047361,ClO4,0.70,maximin descriptor spread within salt family; exact duplicate simulation inputs excluded,44,2,8,10.1149/1.1344281,[3751],"[""10.1149/1.1344281""]",1.099966124,0.0,1,LiClO4,1.0,mol/l,mol/L,molar,,PC:1.000,-0.0,64.9,2.53,64.9,2.53,0,1,0,0,0,0,0.0,1,1.0,0,0.0,0,0.0,0,0.0,0,0.0,"('Li', 'ClO4', 1.0, '[""PC""]', '[1.0]', 261.8047361)",64
saltClO4_rank08_row3751_q0p75,3751,10.1149/1.1344281,Li,ClO4,1.0,"[""PC""]",[1.0],261.8047361,ClO4,0.75,maximin descriptor spread within salt family; exact duplicate simulation inputs excluded,44,2,8,10.1149/1.1344281,[3751],"[""10.1149/1.1344281""]",1.099966124,0.0,1,LiClO4,1.0,mol/l,mol/L,molar,,PC:1.000,-0.0,64.9,2.53,64.9,2.53,0,1,0,0,0,0,0.0,1,1.0,0,0.0,0,0.0,0,0.0,0,0.0,"('Li', 'ClO4', 1.0, '[""PC""]', '[1.0]', 261.8047361)",64
saltClO4_rank08_row3751_q0p80,3751,10.1149/1.1344281,Li,ClO4,1.0,"[""PC""]",[1.0],261.8047361,ClO4,0.80,maximin descriptor spread within salt family; exact duplicate simulation inputs excluded,44,2,8,10.1149/1.1344281,[3751],"[""10.1149/1.1344281""]",1.099966124,0.0,1,LiClO4,1.0,mol/l,mol/L,molar,,PC:1.000,-0.0,64.9,2.53,64.9,2.53,0,1,0,0,0,0,0.0,1,1.0,0,0.0,0,0.0,0,0.0,0,0.0,"('Li', 'ClO4', 1.0, '[""PC""]', '[1.0]', 261.8047361)",64
saltClO4_rank08_row3751_q0p85,3751,10.1149/1.1344281,Li,ClO4,1.0,"[""PC""]",[1.0],261.8047361,ClO4,0.85,maximin descriptor spread within salt family; exact duplicate simulation inputs excluded,44,2,8,10.1149/1.1344281,[3751],"[""10.1149/1.1344281""]",1.099966124,0.0,1,LiClO4,1.0,mol/l,mol/L,molar,,PC:1.000,-0.0,64.9,2.53,64.9,2.53,0,1,0,0,0,0,0.0,1,1.0,0,0.0,0,0.0,0,0.0,0,0.0,"('Li', 'ClO4', 1.0, '[""PC""]', '[1.0]', 261.8047361)",64
saltClO4_rank08_row3751_q0p90,3751,10.1149/1.1344281,Li,ClO4,1.0,"[""PC""]",[1.0],261.8047361,ClO4,0.90,maximin descriptor spread within salt family; exact duplicate simulation inputs excluded,44,2,8,10.1149/1.1344281,[3751],"[""10.1149/1.1344281""]",1.099966124,0.0,1,LiClO4,1.0,mol/l,mol/L,molar,,PC:1.000,-0.0,64.9,2.53,64.9,2.53,0,1,0,0,0,0,0.0,1,1.0,0,0.0,0,0.0,0,0.0,0,0.0,"('Li', 'ClO4', 1.0, '[""PC""]', '[1.0]', 261.8047361)",64
saltClO4_rank09_row3739_q0p70,3739,10.1149/1.1344281,Li,ClO4,1.0,"[""PC""]",[1.0],321.2048223,ClO4,0.70,maximin descriptor spread within salt family; exact duplicate simulation inputs excluded,45,2,9,10.1149/1.1344281,[3739],"[""10.1149/1.1344281""]",6.309573445,0.0,1,LiClO4,1.0,mol/l,mol/L,molar,,PC:1.000,-0.0,64.9,2.53,64.9,2.53,0,1,0,0,0,0,0.0,1,1.0,0,0.0,0,0.0,0,0.0,0,0.0,"('Li', 'ClO4', 1.0, '[""PC""]', '[1.0]', 321.2048223)",64
saltClO4_rank09_row3739_q0p75,3739,10.1149/1.1344281,Li,ClO4,1.0,"[""PC""]",[1.0],321.2048223,ClO4,0.75,maximin descriptor spread within salt family; exact duplicate simulation inputs excluded,45,2,9,10.1149/1.1344281,[3739],"[""10.1149/1.1344281""]",6.309573445,0.0,1,LiClO4,1.0,mol/l,mol/L,molar,,PC:1.000,-0.0,64.9,2.53,64.9,2.53,0,1,0,0,0,0,0.0,1,1.0,0,0.0,0,0.0,0,0.0,0,0.0,"('Li', 'ClO4', 1.0, '[""PC""]', '[1.0]', 321.2048223)",64
saltClO4_rank09_row3739_q0p80,3739,10.1149/1.1344281,Li,ClO4,1.0,"[""PC""]",[1.0],321.2048223,ClO4,0.80,maximin descriptor spread within salt family; exact duplicate simulation inputs excluded,45,2,9,10.1149/1.1344281,[3739],"[""10.1149/1.1344281""]",6.309573445,0.0,1,LiClO4,1.0,mol/l,mol/L,molar,,PC:1.000,-0.0,64.9,2.53,64.9,2.53,0,1,0,0,0,0,0.0,1,1.0,0,0.0,0,0.0,0,0.0,0,0.0,"('Li', 'ClO4', 1.0, '[""PC""]', '[1.0]', 321.2048223)",64
saltClO4_rank09_row3739_q0p85,3739,10.1149/1.1344281,Li,ClO4,1.0,"[""PC""]",[1.0],321.2048223,ClO4,0.85,maximin descriptor spread within salt family; exact duplicate simulation inputs excluded,45,2,9,10.1149/1.1344281,[3739],"[""10.1149/1.1344281""]",6.309573445,0.0,1,LiClO4,1.0,mol/l,mol/L,molar,,PC:1.000,-0.0,64.9,2.53,64.9,2.53,0,1,0,0,0,0,0.0,1,1.0,0,0.0,0,0.0,0,0.0,0,0.0,"('Li', 'ClO4', 1.0, '[""PC""]', '[1.0]', 321.2048223)",64
saltClO4_rank09_row3739_q0p90,3739,10.1149/1.1344281,Li,ClO4,1.0,"[""PC""]",[1.0],321.2048223,ClO4,0.90,maximin descriptor spread within salt family; exact duplicate simulation inputs excluded,45,2,9,10.1149/1.1344281,[3739],"[""10.1149/1.1344281""]",6.309573445,0.0,1,LiClO4,1.0,mol/l,mol/L,molar,,PC:1.000,-0.0,64.9,2.53,64.9,2.53,0,1,0,0,0,0,0.0,1,1.0,0,0.0,0,0.0,0,0.0,0,0.0,"('Li', 'ClO4', 1.0, '[""PC""]', '[1.0]', 321.2048223)",64
saltTFSI_rank01_row224_q0p70,224,10.1016/j.jpowsour.2011.07.071,Li,TFSI,1.0,"[""EC"",""DMC""]","[0.5,0.5]",292.1342406,TFSI,0.70,"salt-family centroid representative selected from salt_conc, temperature, weighted_permittivity, weighted_viscosity_mPa_s_25C, solvent_entropy, salt_conc_x_weighted_permittivity, salt_conc_x_weighted_viscosity, frac_EC, frac_PC, frac_DME, frac_DMC, frac_DEC, frac_EMC, conductivity descriptor space",46,3,1,10.1016/j.jpowsour.2011.07.071,[224],"[""10.1016/j.jpowsour.2011.07.071""]",7.696412001,0.0,1,LiTFSI,1.0,mol/l,mol/L,molar,,EC:0.500+DMC:0.500,0.6931471805599453,46.05,1.2449999999999999,46.05,1.2449999999999999,0,0,1,0,0,1,0.5,0,0.0,0,0.0,1,0.5,0,0.0,0,0.0,"('Li', 'TFSI', 1.0, '[""EC"",""DMC""]', '[0.5,0.5]', 292.1342406)",127
saltTFSI_rank01_row224_q0p75,224,10.1016/j.jpowsour.2011.07.071,Li,TFSI,1.0,"[""EC"",""DMC""]","[0.5,0.5]",292.1342406,TFSI,0.75,"salt-family centroid representative selected from salt_conc, temperature, weighted_permittivity, weighted_viscosity_mPa_s_25C, solvent_entropy, salt_conc_x_weighted_permittivity, salt_conc_x_weighted_viscosity, frac_EC, frac_PC, frac_DME, frac_DMC, frac_DEC, frac_EMC, conductivity descriptor space",46,3,1,10.1016/j.jpowsour.2011.07.071,[224],"[""10.1016/j.jpowsour.2011.07.071""]",7.696412001,0.0,1,LiTFSI,1.0,mol/l,mol/L,molar,,EC:0.500+DMC:0.500,0.6931471805599453,46.05,1.2449999999999999,46.05,1.2449999999999999,0,0,1,0,0,1,0.5,0,0.0,0,0.0,1,0.5,0,0.0,0,0.0,"('Li', 'TFSI', 1.0, '[""EC"",""DMC""]', '[0.5,0.5]', 292.1342406)",127
saltTFSI_rank01_row224_q0p80,224,10.1016/j.jpowsour.2011.07.071,Li,TFSI,1.0,"[""EC"",""DMC""]","[0.5,0.5]",292.1342406,TFSI,0.80,"salt-family centroid representative selected from salt_conc, temperature, weighted_permittivity, weighted_viscosity_mPa_s_25C, solvent_entropy, salt_conc_x_weighted_permittivity, salt_conc_x_weighted_viscosity, frac_EC, frac_PC, frac_DME, frac_DMC, frac_DEC, frac_EMC, conductivity descriptor space",46,3,1,10.1016/j.jpowsour.2011.07.071,[224],"[""10.1016/j.jpowsour.2011.07.071""]",7.696412001,0.0,1,LiTFSI,1.0,mol/l,mol/L,molar,,EC:0.500+DMC:0.500,0.6931471805599453,46.05,1.2449999999999999,46.05,1.2449999999999999,0,0,1,0,0,1,0.5,0,0.0,0,0.0,1,0.5,0,0.0,0,0.0,"('Li', 'TFSI', 1.0, '[""EC"",""DMC""]', '[0.5,0.5]', 292.1342406)",127
saltTFSI_rank01_row224_q0p85,224,10.1016/j.jpowsour.2011.07.071,Li,TFSI,1.0,"[""EC"",""DMC""]","[0.5,0.5]",292.1342406,TFSI,0.85,"salt-family centroid representative selected from salt_conc, temperature, weighted_permittivity, weighted_viscosity_mPa_s_25C, solvent_entropy, salt_conc_x_weighted_permittivity, salt_conc_x_weighted_viscosity, frac_EC, frac_PC, frac_DME, frac_DMC, frac_DEC, frac_EMC, conductivity descriptor space",46,3,1,10.1016/j.jpowsour.2011.07.071,[224],"[""10.1016/j.jpowsour.2011.07.071""]",7.696412001,0.0,1,LiTFSI,1.0,mol/l,mol/L,molar,,EC:0.500+DMC:0.500,0.6931471805599453,46.05,1.2449999999999999,46.05,1.2449999999999999,0,0,1,0,0,1,0.5,0,0.0,0,0.0,1,0.5,0,0.0,0,0.0,"('Li', 'TFSI', 1.0, '[""EC"",""DMC""]', '[0.5,0.5]', 292.1342406)",127
saltTFSI_rank01_row224_q0p90,224,10.1016/j.jpowsour.2011.07.071,Li,TFSI,1.0,"[""EC"",""DMC""]","[0.5,0.5]",292.1342406,TFSI,0.90,"salt-family centroid representative selected from salt_conc, temperature, weighted_permittivity, weighted_viscosity_mPa_s_25C, solvent_entropy, salt_conc_x_weighted_permittivity, salt_conc_x_weighted_viscosity, frac_EC, frac_PC, frac_DME, frac_DMC, frac_DEC, frac_EMC, conductivity descriptor space",46,3,1,10.1016/j.jpowsour.2011.07.071,[224],"[""10.1016/j.jpowsour.2011.07.071""]",7.696412001,0.0,1,LiTFSI,1.0,mol/l,mol/L,molar,,EC:0.500+DMC:0.500,0.6931471805599453,46.05,1.2449999999999999,46.05,1.2449999999999999,0,0,1,0,0,1,0.5,0,0.0,0,0.0,1,0.5,0,0.0,0,0.0,"('Li', 'TFSI', 1.0, '[""EC"",""DMC""]', '[0.5,0.5]', 292.1342406)",127
saltTFSI_rank02_row3838_q0p70,3838,10.1149/1.1344281,Li,TFSI,0.5,"[""DME""]",[1.0],211.8374067,TFSI,0.70,maximin descriptor spread within salt family; exact duplicate simulation inputs excluded,47,3,2,10.1149/1.1344281,[3838],"[""10.1149/1.1344281""]",2.271713669,0.0,1,LiTFSI,0.5,mol/l,mol/L,molar,,DME:1.000,-0.0,7.2,0.39,3.6,0.195,0,0,1,0,0,0,0.0,0,0.0,1,1.0,0,0.0,0,0.0,0,0.0,"('Li', 'TFSI', 0.5, '[""DME""]', '[1.0]', 211.8374067)",127
saltTFSI_rank02_row3838_q0p75,3838,10.1149/1.1344281,Li,TFSI,0.5,"[""DME""]",[1.0],211.8374067,TFSI,0.75,maximin descriptor spread within salt family; exact duplicate simulation inputs excluded,47,3,2,10.1149/1.1344281,[3838],"[""10.1149/1.1344281""]",2.271713669,0.0,1,LiTFSI,0.5,mol/l,mol/L,molar,,DME:1.000,-0.0,7.2,0.39,3.6,0.195,0,0,1,0,0,0,0.0,0,0.0,1,1.0,0,0.0,0,0.0,0,0.0,"('Li', 'TFSI', 0.5, '[""DME""]', '[1.0]', 211.8374067)",127
saltTFSI_rank02_row3838_q0p80,3838,10.1149/1.1344281,Li,TFSI,0.5,"[""DME""]",[1.0],211.8374067,TFSI,0.80,maximin descriptor spread within salt family; exact duplicate simulation inputs excluded,47,3,2,10.1149/1.1344281,[3838],"[""10.1149/1.1344281""]",2.271713669,0.0,1,LiTFSI,0.5,mol/l,mol/L,molar,,DME:1.000,-0.0,7.2,0.39,3.6,0.195,0,0,1,0,0,0,0.0,0,0.0,1,1.0,0,0.0,0,0.0,0,0.0,"('Li', 'TFSI', 0.5, '[""DME""]', '[1.0]', 211.8374067)",127
saltTFSI_rank02_row3838_q0p85,3838,10.1149/1.1344281,Li,TFSI,0.5,"[""DME""]",[1.0],211.8374067,TFSI,0.85,maximin descriptor spread within salt family; exact duplicate simulation inputs excluded,47,3,2,10.1149/1.1344281,[3838],"[""10.1149/1.1344281""]",2.271713669,0.0,1,LiTFSI,0.5,mol/l,mol/L,molar,,DME:1.000,-0.0,7.2,0.39,3.6,0.195,0,0,1,0,0,0,0.0,0,0.0,1,1.0,0,0.0,0,0.0,0,0.0,"('Li', 'TFSI', 0.5, '[""DME""]', '[1.0]', 211.8374067)",127
saltTFSI_rank02_row3838_q0p90,3838,10.1149/1.1344281,Li,TFSI,0.5,"[""DME""]",[1.0],211.8374067,TFSI,0.90,maximin descriptor spread within salt family; exact duplicate simulation inputs excluded,47,3,2,10.1149/1.1344281,[3838],"[""10.1149/1.1344281""]",2.271713669,0.0,1,LiTFSI,0.5,mol/l,mol/L,molar,,DME:1.000,-0.0,7.2,0.39,3.6,0.195,0,0,1,0,0,0,0.0,0,0.0,1,1.0,0,0.0,0,0.0,0,0.0,"('Li', 'TFSI', 0.5, '[""DME""]', '[1.0]', 211.8374067)",127
saltTFSI_rank03_row3593_q0p70,3593,10.1149/1.1344281,Li,TFSI,1.0,"[""PC""]",[1.0],375.3490984,TFSI,0.70,maximin descriptor spread within salt family; exact duplicate simulation inputs excluded,48,3,3,10.1149/1.1344281,[3593],"[""10.1149/1.1344281""]",16.88831057,0.0,1,LiTFSI,1.0,mol/l,mol/L,molar,,PC:1.000,-0.0,64.9,2.53,64.9,2.53,0,0,1,0,0,0,0.0,1,1.0,0,0.0,0,0.0,0,0.0,0,0.0,"('Li', 'TFSI', 1.0, '[""PC""]', '[1.0]', 375.3490984)",127
saltTFSI_rank03_row3593_q0p75,3593,10.1149/1.1344281,Li,TFSI,1.0,"[""PC""]",[1.0],375.3490984,TFSI,0.75,maximin descriptor spread within salt family; exact duplicate simulation inputs excluded,48,3,3,10.1149/1.1344281,[3593],"[""10.1149/1.1344281""]",16.88831057,0.0,1,LiTFSI,1.0,mol/l,mol/L,molar,,PC:1.000,-0.0,64.9,2.53,64.9,2.53,0,0,1,0,0,0,0.0,1,1.0,0,0.0,0,0.0,0,0.0,0,0.0,"('Li', 'TFSI', 1.0, '[""PC""]', '[1.0]', 375.3490984)",127
saltTFSI_rank03_row3593_q0p80,3593,10.1149/1.1344281,Li,TFSI,1.0,"[""PC""]",[1.0],375.3490984,TFSI,0.80,maximin descriptor spread within salt family; exact duplicate simulation inputs excluded,48,3,3,10.1149/1.1344281,[3593],"[""10.1149/1.1344281""]",16.88831057,0.0,1,LiTFSI,1.0,mol/l,mol/L,molar,,PC:1.000,-0.0,64.9,2.53,64.9,2.53,0,0,1,0,0,0,0.0,1,1.0,0,0.0,0,0.0,0,0.0,0,0.0,"('Li', 'TFSI', 1.0, '[""PC""]', '[1.0]', 375.3490984)",127
saltTFSI_rank03_row3593_q0p85,3593,10.1149/1.1344281,Li,TFSI,1.0,"[""PC""]",[1.0],375.3490984,TFSI,0.85,maximin descriptor spread within salt family; exact duplicate simulation inputs excluded,48,3,3,10.1149/1.1344281,[3593],"[""10.1149/1.1344281""]",16.88831057,0.0,1,LiTFSI,1.0,mol/l,mol/L,molar,,PC:1.000,-0.0,64.9,2.53,64.9,2.53,0,0,1,0,0,0,0.0,1,1.0,0,0.0,0,0.0,0,0.0,0,0.0,"('Li', 'TFSI', 1.0, '[""PC""]', '[1.0]', 375.3490984)",127
saltTFSI_rank03_row3593_q0p90,3593,10.1149/1.1344281,Li,TFSI,1.0,"[""PC""]",[1.0],375.3490984,TFSI,0.90,maximin descriptor spread within salt family; exact duplicate simulation inputs excluded,48,3,3,10.1149/1.1344281,[3593],"[""10.1149/1.1344281""]",16.88831057,0.0,1,LiTFSI,1.0,mol/l,mol/L,molar,,PC:1.000,-0.0,64.9,2.53,64.9,2.53,0,0,1,0,0,0,0.0,1,1.0,0,0.0,0,0.0,0,0.0,0,0.0,"('Li', 'TFSI', 1.0, '[""PC""]', '[1.0]', 375.3490984)",127
saltTFSI_rank04_row3625_q0p70,3625,10.1149/1.1344281,Li,TFSI,1.0,"[""PC""]",[1.0],217.6928575,TFSI,0.70,maximin descriptor spread within salt family; exact duplicate simulation inputs excluded,49,3,4,10.1149/1.1344281,[3625],"[""10.1149/1.1344281""]",0.018873918,0.0,1,LiTFSI,1.0,mol/l,mol/L,molar,,PC:1.000,-0.0,64.9,2.53,64.9,2.53,0,0,1,0,0,0,0.0,1,1.0,0,0.0,0,0.0,0,0.0,0,0.0,"('Li', 'TFSI', 1.0, '[""PC""]', '[1.0]', 217.6928575)",127
saltTFSI_rank04_row3625_q0p75,3625,10.1149/1.1344281,Li,TFSI,1.0,"[""PC""]",[1.0],217.6928575,TFSI,0.75,maximin descriptor spread within salt family; exact duplicate simulation inputs excluded,49,3,4,10.1149/1.1344281,[3625],"[""10.1149/1.1344281""]",0.018873918,0.0,1,LiTFSI,1.0,mol/l,mol/L,molar,,PC:1.000,-0.0,64.9,2.53,64.9,2.53,0,0,1,0,0,0,0.0,1,1.0,0,0.0,0,0.0,0,0.0,0,0.0,"('Li', 'TFSI', 1.0, '[""PC""]', '[1.0]', 217.6928575)",127
saltTFSI_rank04_row3625_q0p80,3625,10.1149/1.1344281,Li,TFSI,1.0,"[""PC""]",[1.0],217.6928575,TFSI,0.80,maximin descriptor spread within salt family; exact duplicate simulation inputs excluded,49,3,4,10.1149/1.1344281,[3625],"[""10.1149/1.1344281""]",0.018873918,0.0,1,LiTFSI,1.0,mol/l,mol/L,molar,,PC:1.000,-0.0,64.9,2.53,64.9,2.53,0,0,1,0,0,0,0.0,1,1.0,0,0.0,0,0.0,0,0.0,0,0.0,"('Li', 'TFSI', 1.0, '[""PC""]', '[1.0]', 217.6928575)",127
saltTFSI_rank04_row3625_q0p85,3625,10.1149/1.1344281,Li,TFSI,1.0,"[""PC""]",[1.0],217.6928575,TFSI,0.85,maximin descriptor spread within salt family; exact duplicate simulation inputs excluded,49,3,4,10.1149/1.1344281,[3625],"[""10.1149/1.1344281""]",0.018873918,0.0,1,LiTFSI,1.0,mol/l,mol/L,molar,,PC:1.000,-0.0,64.9,2.53,64.9,2.53,0,0,1,0,0,0,0.0,1,1.0,0,0.0,0,0.0,0,0.0,0,0.0,"('Li', 'TFSI', 1.0, '[""PC""]', '[1.0]', 217.6928575)",127
saltTFSI_rank04_row3625_q0p90,3625,10.1149/1.1344281,Li,TFSI,1.0,"[""PC""]",[1.0],217.6928575,TFSI,0.90,maximin descriptor spread within salt family; exact duplicate simulation inputs excluded,49,3,4,10.1149/1.1344281,[3625],"[""10.1149/1.1344281""]",0.018873918,0.0,1,LiTFSI,1.0,mol/l,mol/L,molar,,PC:1.000,-0.0,64.9,2.53,64.9,2.53,0,0,1,0,0,0,0.0,1,1.0,0,0.0,0,0.0,0,0.0,0,0.0,"('Li', 'TFSI', 1.0, '[""PC""]', '[1.0]', 217.6928575)",127
saltTFSI_rank05_row129_q0p70,129,10.1016/j.jpowsour.2011.07.071,Li,TFSI,1.0,"[""DMC""]",[1.0],298.0,TFSI,0.70,maximin descriptor spread within salt family; exact duplicate simulation inputs excluded,50,3,5,10.1016/j.jpowsour.2011.07.071,[129],"[""10.1016/j.jpowsour.2011.07.071""]",6.993333333,0.0,1,LiTFSI,1.0,mol/l,mol/L,weight,,DMC:1.000,-0.0,3.1,0.59,3.1,0.59,0,0,1,0,0,0,0.0,0,0.0,0,0.0,1,1.0,0,0.0,0,0.0,"('Li', 'TFSI', 1.0, '[""DMC""]', '[1.0]', 298.0)",127
saltTFSI_rank05_row129_q0p75,129,10.1016/j.jpowsour.2011.07.071,Li,TFSI,1.0,"[""DMC""]",[1.0],298.0,TFSI,0.75,maximin descriptor spread within salt family; exact duplicate simulation inputs excluded,50,3,5,10.1016/j.jpowsour.2011.07.071,[129],"[""10.1016/j.jpowsour.2011.07.071""]",6.993333333,0.0,1,LiTFSI,1.0,mol/l,mol/L,weight,,DMC:1.000,-0.0,3.1,0.59,3.1,0.59,0,0,1,0,0,0,0.0,0,0.0,0,0.0,1,1.0,0,0.0,0,0.0,"('Li', 'TFSI', 1.0, '[""DMC""]', '[1.0]', 298.0)",127
saltTFSI_rank05_row129_q0p80,129,10.1016/j.jpowsour.2011.07.071,Li,TFSI,1.0,"[""DMC""]",[1.0],298.0,TFSI,0.80,maximin descriptor spread within salt family; exact duplicate simulation inputs excluded,50,3,5,10.1016/j.jpowsour.2011.07.071,[129],"[""10.1016/j.jpowsour.2011.07.071""]",6.993333333,0.0,1,LiTFSI,1.0,mol/l,mol/L,weight,,DMC:1.000,-0.0,3.1,0.59,3.1,0.59,0,0,1,0,0,0,0.0,0,0.0,0,0.0,1,1.0,0,0.0,0,0.0,"('Li', 'TFSI', 1.0, '[""DMC""]', '[1.0]', 298.0)",127
saltTFSI_rank05_row129_q0p85,129,10.1016/j.jpowsour.2011.07.071,Li,TFSI,1.0,"[""DMC""]",[1.0],298.0,TFSI,0.85,maximin descriptor spread within salt family; exact duplicate simulation inputs excluded,50,3,5,10.1016/j.jpowsour.2011.07.071,[129],"[""10.1016/j.jpowsour.2011.07.071""]",6.993333333,0.0,1,LiTFSI,1.0,mol/l,mol/L,weight,,DMC:1.000,-0.0,3.1,0.59,3.1,0.59,0,0,1,0,0,0,0.0,0,0.0,0,0.0,1,1.0,0,0.0,0,0.0,"('Li', 'TFSI', 1.0, '[""DMC""]', '[1.0]', 298.0)",127
saltTFSI_rank05_row129_q0p90,129,10.1016/j.jpowsour.2011.07.071,Li,TFSI,1.0,"[""DMC""]",[1.0],298.0,TFSI,0.90,maximin descriptor spread within salt family; exact duplicate simulation inputs excluded,50,3,5,10.1016/j.jpowsour.2011.07.071,[129],"[""10.1016/j.jpowsour.2011.07.071""]",6.993333333,0.0,1,LiTFSI,1.0,mol/l,mol/L,weight,,DMC:1.000,-0.0,3.1,0.59,3.1,0.59,0,0,1,0,0,0,0.0,0,0.0,0,0.0,1,1.0,0,0.0,0,0.0,"('Li', 'TFSI', 1.0, '[""DMC""]', '[1.0]', 298.0)",127
saltTFSI_rank06_row128_q0p70,128,10.1016/j.jpowsour.2011.07.071,Li,TFSI,1.0,"[""EC""]",[1.0],298.0,TFSI,0.70,maximin descriptor spread within salt family; exact duplicate simulation inputs excluded,51,3,6,10.1016/j.jpowsour.2011.07.071,[128],"[""10.1016/j.jpowsour.2011.07.071""]",7.906666667,0.0,1,LiTFSI,1.0,mol/l,mol/L,weight,,EC:1.000,-0.0,89.0,1.9,89.0,1.9,0,0,1,0,0,1,1.0,0,0.0,0,0.0,0,0.0,0,0.0,0,0.0,"('Li', 'TFSI', 1.0, '[""EC""]', '[1.0]', 298.0)",127
saltTFSI_rank06_row128_q0p75,128,10.1016/j.jpowsour.2011.07.071,Li,TFSI,1.0,"[""EC""]",[1.0],298.0,TFSI,0.75,maximin descriptor spread within salt family; exact duplicate simulation inputs excluded,51,3,6,10.1016/j.jpowsour.2011.07.071,[128],"[""10.1016/j.jpowsour.2011.07.071""]",7.906666667,0.0,1,LiTFSI,1.0,mol/l,mol/L,weight,,EC:1.000,-0.0,89.0,1.9,89.0,1.9,0,0,1,0,0,1,1.0,0,0.0,0,0.0,0,0.0,0,0.0,0,0.0,"('Li', 'TFSI', 1.0, '[""EC""]', '[1.0]', 298.0)",127
saltTFSI_rank06_row128_q0p80,128,10.1016/j.jpowsour.2011.07.071,Li,TFSI,1.0,"[""EC""]",[1.0],298.0,TFSI,0.80,maximin descriptor spread within salt family; exact duplicate simulation inputs excluded,51,3,6,10.1016/j.jpowsour.2011.07.071,[128],"[""10.1016/j.jpowsour.2011.07.071""]",7.906666667,0.0,1,LiTFSI,1.0,mol/l,mol/L,weight,,EC:1.000,-0.0,89.0,1.9,89.0,1.9,0,0,1,0,0,1,1.0,0,0.0,0,0.0,0,0.0,0,0.0,0,0.0,"('Li', 'TFSI', 1.0, '[""EC""]', '[1.0]', 298.0)",127
saltTFSI_rank06_row128_q0p85,128,10.1016/j.jpowsour.2011.07.071,Li,TFSI,1.0,"[""EC""]",[1.0],298.0,TFSI,0.85,maximin descriptor spread within salt family; exact duplicate simulation inputs excluded,51,3,6,10.1016/j.jpowsour.2011.07.071,[128],"[""10.1016/j.jpowsour.2011.07.071""]",7.906666667,0.0,1,LiTFSI,1.0,mol/l,mol/L,weight,,EC:1.000,-0.0,89.0,1.9,89.0,1.9,0,0,1,0,0,1,1.0,0,0.0,0,0.0,0,0.0,0,0.0,0,0.0,"('Li', 'TFSI', 1.0, '[""EC""]', '[1.0]', 298.0)",127
saltTFSI_rank06_row128_q0p90,128,10.1016/j.jpowsour.2011.07.071,Li,TFSI,1.0,"[""EC""]",[1.0],298.0,TFSI,0.90,maximin descriptor spread within salt family; exact duplicate simulation inputs excluded,51,3,6,10.1016/j.jpowsour.2011.07.071,[128],"[""10.1016/j.jpowsour.2011.07.071""]",7.906666667,0.0,1,LiTFSI,1.0,mol/l,mol/L,weight,,EC:1.000,-0.0,89.0,1.9,89.0,1.9,0,0,1,0,0,1,1.0,0,0.0,0,0.0,0,0.0,0,0.0,0,0.0,"('Li', 'TFSI', 1.0, '[""EC""]', '[1.0]', 298.0)",127
saltTFSI_rank07_row3813_q0p70,3813,10.1149/1.1344281,Li,TFSI,0.5,"[""DME""]",[1.0],338.3557034,TFSI,0.70,maximin descriptor spread within salt family; exact duplicate simulation inputs excluded,52,3,7,10.1149/1.1344281,[3813],"[""10.1149/1.1344281""]",10.25769363,0.0,1,LiTFSI,0.5,mol/l,mol/L,molar,,DME:1.000,-0.0,7.2,0.39,3.6,0.195,0,0,1,0,0,0,0.0,0,0.0,1,1.0,0,0.0,0,0.0,0,0.0,"('Li', 'TFSI', 0.5, '[""DME""]', '[1.0]', 338.3557034)",127
saltTFSI_rank07_row3813_q0p75,3813,10.1149/1.1344281,Li,TFSI,0.5,"[""DME""]",[1.0],338.3557034,TFSI,0.75,maximin descriptor spread within salt family; exact duplicate simulation inputs excluded,52,3,7,10.1149/1.1344281,[3813],"[""10.1149/1.1344281""]",10.25769363,0.0,1,LiTFSI,0.5,mol/l,mol/L,molar,,DME:1.000,-0.0,7.2,0.39,3.6,0.195,0,0,1,0,0,0,0.0,0,0.0,1,1.0,0,0.0,0,0.0,0,0.0,"('Li', 'TFSI', 0.5, '[""DME""]', '[1.0]', 338.3557034)",127
saltTFSI_rank07_row3813_q0p80,3813,10.1149/1.1344281,Li,TFSI,0.5,"[""DME""]",[1.0],338.3557034,TFSI,0.80,maximin descriptor spread within salt family; exact duplicate simulation inputs excluded,52,3,7,10.1149/1.1344281,[3813],"[""10.1149/1.1344281""]",10.25769363,0.0,1,LiTFSI,0.5,mol/l,mol/L,molar,,DME:1.000,-0.0,7.2,0.39,3.6,0.195,0,0,1,0,0,0,0.0,0,0.0,1,1.0,0,0.0,0,0.0,0,0.0,"('Li', 'TFSI', 0.5, '[""DME""]', '[1.0]', 338.3557034)",127
saltTFSI_rank07_row3813_q0p85,3813,10.1149/1.1344281,Li,TFSI,0.5,"[""DME""]",[1.0],338.3557034,TFSI,0.85,maximin descriptor spread within salt family; exact duplicate simulation inputs excluded,52,3,7,10.1149/1.1344281,[3813],"[""10.1149/1.1344281""]",10.25769363,0.0,1,LiTFSI,0.5,mol/l,mol/L,molar,,DME:1.000,-0.0,7.2,0.39,3.6,0.195,0,0,1,0,0,0,0.0,0,0.0,1,1.0,0,0.0,0,0.0,0,0.0,"('Li', 'TFSI', 0.5, '[""DME""]', '[1.0]', 338.3557034)",127
saltTFSI_rank07_row3813_q0p90,3813,10.1149/1.1344281,Li,TFSI,0.5,"[""DME""]",[1.0],338.3557034,TFSI,0.90,maximin descriptor spread within salt family; exact duplicate simulation inputs excluded,52,3,7,10.1149/1.1344281,[3813],"[""10.1149/1.1344281""]",10.25769363,0.0,1,LiTFSI,0.5,mol/l,mol/L,molar,,DME:1.000,-0.0,7.2,0.39,3.6,0.195,0,0,1,0,0,0,0.0,0,0.0,1,1.0,0,0.0,0,0.0,0,0.0,"('Li', 'TFSI', 0.5, '[""DME""]', '[1.0]', 338.3557034)",127
saltTFSI_rank08_row3606_q0p70,3606,10.1149/1.1344281,Li,TFSI,1.0,"[""PC""]",[1.0],310.8093421,TFSI,0.70,maximin descriptor spread within salt family; exact duplicate simulation inputs excluded,53,3,8,10.1149/1.1344281,[3606],"[""10.1149/1.1344281""]",6.830975986,0.0,1,LiTFSI,1.0,mol/l,mol/L,molar,,PC:1.000,-0.0,64.9,2.53,64.9,2.53,0,0,1,0,0,0,0.0,1,1.0,0,0.0,0,0.0,0,0.0,0,0.0,"('Li', 'TFSI', 1.0, '[""PC""]', '[1.0]', 310.8093421)",127
saltTFSI_rank08_row3606_q0p75,3606,10.1149/1.1344281,Li,TFSI,1.0,"[""PC""]",[1.0],310.8093421,TFSI,0.75,maximin descriptor spread within salt family; exact duplicate simulation inputs excluded,53,3,8,10.1149/1.1344281,[3606],"[""10.1149/1.1344281""]",6.830975986,0.0,1,LiTFSI,1.0,mol/l,mol/L,molar,,PC:1.000,-0.0,64.9,2.53,64.9,2.53,0,0,1,0,0,0,0.0,1,1.0,0,0.0,0,0.0,0,0.0,0,0.0,"('Li', 'TFSI', 1.0, '[""PC""]', '[1.0]', 310.8093421)",127
saltTFSI_rank08_row3606_q0p80,3606,10.1149/1.1344281,Li,TFSI,1.0,"[""PC""]",[1.0],310.8093421,TFSI,0.80,maximin descriptor spread within salt family; exact duplicate simulation inputs excluded,53,3,8,10.1149/1.1344281,[3606],"[""10.1149/1.1344281""]",6.830975986,0.0,1,LiTFSI,1.0,mol/l,mol/L,molar,,PC:1.000,-0.0,64.9,2.53,64.9,2.53,0,0,1,0,0,0,0.0,1,1.0,0,0.0,0,0.0,0,0.0,0,0.0,"('Li', 'TFSI', 1.0, '[""PC""]', '[1.0]', 310.8093421)",127
saltTFSI_rank08_row3606_q0p85,3606,10.1149/1.1344281,Li,TFSI,1.0,"[""PC""]",[1.0],310.8093421,TFSI,0.85,maximin descriptor spread within salt family; exact duplicate simulation inputs excluded,53,3,8,10.1149/1.1344281,[3606],"[""10.1149/1.1344281""]",6.830975986,0.0,1,LiTFSI,1.0,mol/l,mol/L,molar,,PC:1.000,-0.0,64.9,2.53,64.9,2.53,0,0,1,0,0,0,0.0,1,1.0,0,0.0,0,0.0,0,0.0,0,0.0,"('Li', 'TFSI', 1.0, '[""PC""]', '[1.0]', 310.8093421)",127
saltTFSI_rank08_row3606_q0p90,3606,10.1149/1.1344281,Li,TFSI,1.0,"[""PC""]",[1.0],310.8093421,TFSI,0.90,maximin descriptor spread within salt family; exact duplicate simulation inputs excluded,53,3,8,10.1149/1.1344281,[3606],"[""10.1149/1.1344281""]",6.830975986,0.0,1,LiTFSI,1.0,mol/l,mol/L,molar,,PC:1.000,-0.0,64.9,2.53,64.9,2.53,0,0,1,0,0,0,0.0,1,1.0,0,0.0,0,0.0,0,0.0,0,0.0,"('Li', 'TFSI', 1.0, '[""PC""]', '[1.0]', 310.8093421)",127
saltTFSI_rank09_row247_q0p70,247,10.1016/j.jpowsour.2011.07.071,Li,TFSI,1.0,"[""EC"",""DMC""]","[0.5,0.5]",334.9025673,TFSI,0.70,maximin descriptor spread within salt family; exact duplicate simulation inputs excluded,54,3,9,10.1016/j.jpowsour.2011.07.071,[247],"[""10.1016/j.jpowsour.2011.07.071""]",15.87380142,0.0,1,LiTFSI,1.0,mol/l,mol/L,molar,,EC:0.500+DMC:0.500,0.6931471805599453,46.05,1.2449999999999999,46.05,1.2449999999999999,0,0,1,0,0,1,0.5,0,0.0,0,0.0,1,0.5,0,0.0,0,0.0,"('Li', 'TFSI', 1.0, '[""EC"",""DMC""]', '[0.5,0.5]', 334.9025673)",127
saltTFSI_rank09_row247_q0p75,247,10.1016/j.jpowsour.2011.07.071,Li,TFSI,1.0,"[""EC"",""DMC""]","[0.5,0.5]",334.9025673,TFSI,0.75,maximin descriptor spread within salt family; exact duplicate simulation inputs excluded,54,3,9,10.1016/j.jpowsour.2011.07.071,[247],"[""10.1016/j.jpowsour.2011.07.071""]",15.87380142,0.0,1,LiTFSI,1.0,mol/l,mol/L,molar,,EC:0.500+DMC:0.500,0.6931471805599453,46.05,1.2449999999999999,46.05,1.2449999999999999,0,0,1,0,0,1,0.5,0,0.0,0,0.0,1,0.5,0,0.0,0,0.0,"('Li', 'TFSI', 1.0, '[""EC"",""DMC""]', '[0.5,0.5]', 334.9025673)",127
saltTFSI_rank09_row247_q0p80,247,10.1016/j.jpowsour.2011.07.071,Li,TFSI,1.0,"[""EC"",""DMC""]","[0.5,0.5]",334.9025673,TFSI,0.80,maximin descriptor spread within salt family; exact duplicate simulation inputs excluded,54,3,9,10.1016/j.jpowsour.2011.07.071,[247],"[""10.1016/j.jpowsour.2011.07.071""]",15.87380142,0.0,1,LiTFSI,1.0,mol/l,mol/L,molar,,EC:0.500+DMC:0.500,0.6931471805599453,46.05,1.2449999999999999,46.05,1.2449999999999999,0,0,1,0,0,1,0.5,0,0.0,0,0.0,1,0.5,0,0.0,0,0.0,"('Li', 'TFSI', 1.0, '[""EC"",""DMC""]', '[0.5,0.5]', 334.9025673)",127
saltTFSI_rank09_row247_q0p85,247,10.1016/j.jpowsour.2011.07.071,Li,TFSI,1.0,"[""EC"",""DMC""]","[0.5,0.5]",334.9025673,TFSI,0.85,maximin descriptor spread within salt family; exact duplicate simulation inputs excluded,54,3,9,10.1016/j.jpowsour.2011.07.071,[247],"[""10.1016/j.jpowsour.2011.07.071""]",15.87380142,0.0,1,LiTFSI,1.0,mol/l,mol/L,molar,,EC:0.500+DMC:0.500,0.6931471805599453,46.05,1.2449999999999999,46.05,1.2449999999999999,0,0,1,0,0,1,0.5,0,0.0,0,0.0,1,0.5,0,0.0,0,0.0,"('Li', 'TFSI', 1.0, '[""EC"",""DMC""]', '[0.5,0.5]', 334.9025673)",127
saltTFSI_rank09_row247_q0p90,247,10.1016/j.jpowsour.2011.07.071,Li,TFSI,1.0,"[""EC"",""DMC""]","[0.5,0.5]",334.9025673,TFSI,0.90,maximin descriptor spread within salt family; exact duplicate simulation inputs excluded,54,3,9,10.1016/j.jpowsour.2011.07.071,[247],"[""10.1016/j.jpowsour.2011.07.071""]",15.87380142,0.0,1,LiTFSI,1.0,mol/l,mol/L,molar,,EC:0.500+DMC:0.500,0.6931471805599453,46.05,1.2449999999999999,46.05,1.2449999999999999,0,0,1,0,0,1,0.5,0,0.0,0,0.0,1,0.5,0,0.0,0,0.0,"('Li', 'TFSI', 1.0, '[""EC"",""DMC""]', '[0.5,0.5]', 334.9025673)",127
saltTFSI_rank10_row120_q0p70,120,10.1016/j.jpowsour.2011.07.071,Li,TFSI,1.0,"[""EC"",""DMC""]","[0.2,0.8]",298.0,TFSI,0.70,maximin descriptor spread within salt family; exact duplicate simulation inputs excluded,55,3,10,10.1016/j.jpowsour.2011.07.071,[120],"[""10.1016/j.jpowsour.2011.07.071""]",9.066666667,0.0,1,LiTFSI,1.0,mol/l,mol/L,weight,,EC:0.200+DMC:0.800,0.5004024235381879,20.28,0.852,20.28,0.852,0,0,1,0,0,1,0.2,0,0.0,0,0.0,1,0.8,0,0.0,0,0.0,"('Li', 'TFSI', 1.0, '[""EC"",""DMC""]', '[0.2,0.8]', 298.0)",127
saltTFSI_rank10_row120_q0p75,120,10.1016/j.jpowsour.2011.07.071,Li,TFSI,1.0,"[""EC"",""DMC""]","[0.2,0.8]",298.0,TFSI,0.75,maximin descriptor spread within salt family; exact duplicate simulation inputs excluded,55,3,10,10.1016/j.jpowsour.2011.07.071,[120],"[""10.1016/j.jpowsour.2011.07.071""]",9.066666667,0.0,1,LiTFSI,1.0,mol/l,mol/L,weight,,EC:0.200+DMC:0.800,0.5004024235381879,20.28,0.852,20.28,0.852,0,0,1,0,0,1,0.2,0,0.0,0,0.0,1,0.8,0,0.0,0,0.0,"('Li', 'TFSI', 1.0, '[""EC"",""DMC""]', '[0.2,0.8]', 298.0)",127
saltTFSI_rank10_row120_q0p80,120,10.1016/j.jpowsour.2011.07.071,Li,TFSI,1.0,"[""EC"",""DMC""]","[0.2,0.8]",298.0,TFSI,0.80,maximin descriptor spread within salt family; exact duplicate simulation inputs excluded,55,3,10,10.1016/j.jpowsour.2011.07.071,[120],"[""10.1016/j.jpowsour.2011.07.071""]",9.066666667,0.0,1,LiTFSI,1.0,mol/l,mol/L,weight,,EC:0.200+DMC:0.800,0.5004024235381879,20.28,0.852,20.28,0.852,0,0,1,0,0,1,0.2,0,0.0,0,0.0,1,0.8,0,0.0,0,0.0,"('Li', 'TFSI', 1.0, '[""EC"",""DMC""]', '[0.2,0.8]', 298.0)",127
saltTFSI_rank10_row120_q0p85,120,10.1016/j.jpowsour.2011.07.071,Li,TFSI,1.0,"[""EC"",""DMC""]","[0.2,0.8]",298.0,TFSI,0.85,maximin descriptor spread within salt family; exact duplicate simulation inputs excluded,55,3,10,10.1016/j.jpowsour.2011.07.071,[120],"[""10.1016/j.jpowsour.2011.07.071""]",9.066666667,0.0,1,LiTFSI,1.0,mol/l,mol/L,weight,,EC:0.200+DMC:0.800,0.5004024235381879,20.28,0.852,20.28,0.852,0,0,1,0,0,1,0.2,0,0.0,0,0.0,1,0.8,0,0.0,0,0.0,"('Li', 'TFSI', 1.0, '[""EC"",""DMC""]', '[0.2,0.8]', 298.0)",127
saltTFSI_rank10_row120_q0p90,120,10.1016/j.jpowsour.2011.07.071,Li,TFSI,1.0,"[""EC"",""DMC""]","[0.2,0.8]",298.0,TFSI,0.90,maximin descriptor spread within salt family; exact duplicate simulation inputs excluded,55,3,10,10.1016/j.jpowsour.2011.07.071,[120],"[""10.1016/j.jpowsour.2011.07.071""]",9.066666667,0.0,1,LiTFSI,1.0,mol/l,mol/L,weight,,EC:0.200+DMC:0.800,0.5004024235381879,20.28,0.852,20.28,0.852,0,0,1,0,0,1,0.2,0,0.0,0,0.0,1,0.8,0,0.0,0,0.0,"('Li', 'TFSI', 1.0, '[""EC"",""DMC""]', '[0.2,0.8]', 298.0)",127
saltTFSI_rank11_row127_q0p70,127,10.1016/j.jpowsour.2011.07.071,Li,TFSI,1.0,"[""EC"",""DMC""]","[0.8,0.2]",298.0,TFSI,0.70,maximin descriptor spread within salt family; exact duplicate simulation inputs excluded,56,3,11,10.1016/j.jpowsour.2011.07.071,[127],"[""10.1016/j.jpowsour.2011.07.071""]",8.666666667,0.0,1,LiTFSI,1.0,mol/l,mol/L,weight,,EC:0.800+DMC:0.200,0.5004024235381879,71.82000000000001,1.638,71.82000000000001,1.638,0,0,1,0,0,1,0.8,0,0.0,0,0.0,1,0.2,0,0.0,0,0.0,"('Li', 'TFSI', 1.0, '[""EC"",""DMC""]', '[0.8,0.2]', 298.0)",127
saltTFSI_rank11_row127_q0p75,127,10.1016/j.jpowsour.2011.07.071,Li,TFSI,1.0,"[""EC"",""DMC""]","[0.8,0.2]",298.0,TFSI,0.75,maximin descriptor spread within salt family; exact duplicate simulation inputs excluded,56,3,11,10.1016/j.jpowsour.2011.07.071,[127],"[""10.1016/j.jpowsour.2011.07.071""]",8.666666667,0.0,1,LiTFSI,1.0,mol/l,mol/L,weight,,EC:0.800+DMC:0.200,0.5004024235381879,71.82000000000001,1.638,71.82000000000001,1.638,0,0,1,0,0,1,0.8,0,0.0,0,0.0,1,0.2,0,0.0,0,0.0,"('Li', 'TFSI', 1.0, '[""EC"",""DMC""]', '[0.8,0.2]', 298.0)",127
saltTFSI_rank11_row127_q0p80,127,10.1016/j.jpowsour.2011.07.071,Li,TFSI,1.0,"[""EC"",""DMC""]","[0.8,0.2]",298.0,TFSI,0.80,maximin descriptor spread within salt family; exact duplicate simulation inputs excluded,56,3,11,10.1016/j.jpowsour.2011.07.071,[127],"[""10.1016/j.jpowsour.2011.07.071""]",8.666666667,0.0,1,LiTFSI,1.0,mol/l,mol/L,weight,,EC:0.800+DMC:0.200,0.5004024235381879,71.82000000000001,1.638,71.82000000000001,1.638,0,0,1,0,0,1,0.8,0,0.0,0,0.0,1,0.2,0,0.0,0,0.0,"('Li', 'TFSI', 1.0, '[""EC"",""DMC""]', '[0.8,0.2]', 298.0)",127
saltTFSI_rank11_row127_q0p85,127,10.1016/j.jpowsour.2011.07.071,Li,TFSI,1.0,"[""EC"",""DMC""]","[0.8,0.2]",298.0,TFSI,0.85,maximin descriptor spread within salt family; exact duplicate simulation inputs excluded,56,3,11,10.1016/j.jpowsour.2011.07.071,[127],"[""10.1016/j.jpowsour.2011.07.071""]",8.666666667,0.0,1,LiTFSI,1.0,mol/l,mol/L,weight,,EC:0.800+DMC:0.200,0.5004024235381879,71.82000000000001,1.638,71.82000000000001,1.638,0,0,1,0,0,1,0.8,0,0.0,0,0.0,1,0.2,0,0.0,0,0.0,"('Li', 'TFSI', 1.0, '[""EC"",""DMC""]', '[0.8,0.2]', 298.0)",127
saltTFSI_rank11_row127_q0p90,127,10.1016/j.jpowsour.2011.07.071,Li,TFSI,1.0,"[""EC"",""DMC""]","[0.8,0.2]",298.0,TFSI,0.90,maximin descriptor spread within salt family; exact duplicate simulation inputs excluded,56,3,11,10.1016/j.jpowsour.2011.07.071,[127],"[""10.1016/j.jpowsour.2011.07.071""]",8.666666667,0.0,1,LiTFSI,1.0,mol/l,mol/L,weight,,EC:0.800+DMC:0.200,0.5004024235381879,71.82000000000001,1.638,71.82000000000001,1.638,0,0,1,0,0,1,0.8,0,0.0,0,0.0,1,0.2,0,0.0,0,0.0,"('Li', 'TFSI', 1.0, '[""EC"",""DMC""]', '[0.8,0.2]', 298.0)",127
saltTFSI_rank12_row3827_q0p70,3827,10.1149/1.1344281,Li,TFSI,0.5,"[""DME""]",[1.0],267.3436967,TFSI,0.70,maximin descriptor spread within salt family; exact duplicate simulation inputs excluded,57,3,12,10.1149/1.1344281,[3827],"[""10.1149/1.1344281""]",7.558803207,0.0,1,LiTFSI,0.5,mol/l,mol/L,molar,,DME:1.000,-0.0,7.2,0.39,3.6,0.195,0,0,1,0,0,0,0.0,0,0.0,1,1.0,0,0.0,0,0.0,0,0.0,"('Li', 'TFSI', 0.5, '[""DME""]', '[1.0]', 267.3436967)",127
saltTFSI_rank12_row3827_q0p75,3827,10.1149/1.1344281,Li,TFSI,0.5,"[""DME""]",[1.0],267.3436967,TFSI,0.75,maximin descriptor spread within salt family; exact duplicate simulation inputs excluded,57,3,12,10.1149/1.1344281,[3827],"[""10.1149/1.1344281""]",7.558803207,0.0,1,LiTFSI,0.5,mol/l,mol/L,molar,,DME:1.000,-0.0,7.2,0.39,3.6,0.195,0,0,1,0,0,0,0.0,0,0.0,1,1.0,0,0.0,0,0.0,0,0.0,"('Li', 'TFSI', 0.5, '[""DME""]', '[1.0]', 267.3436967)",127
saltTFSI_rank12_row3827_q0p80,3827,10.1149/1.1344281,Li,TFSI,0.5,"[""DME""]",[1.0],267.3436967,TFSI,0.80,maximin descriptor spread within salt family; exact duplicate simulation inputs excluded,57,3,12,10.1149/1.1344281,[3827],"[""10.1149/1.1344281""]",7.558803207,0.0,1,LiTFSI,0.5,mol/l,mol/L,molar,,DME:1.000,-0.0,7.2,0.39,3.6,0.195,0,0,1,0,0,0,0.0,0,0.0,1,1.0,0,0.0,0,0.0,0,0.0,"('Li', 'TFSI', 0.5, '[""DME""]', '[1.0]', 267.3436967)",127
saltTFSI_rank12_row3827_q0p85,3827,10.1149/1.1344281,Li,TFSI,0.5,"[""DME""]",[1.0],267.3436967,TFSI,0.85,maximin descriptor spread within salt family; exact duplicate simulation inputs excluded,57,3,12,10.1149/1.1344281,[3827],"[""10.1149/1.1344281""]",7.558803207,0.0,1,LiTFSI,0.5,mol/l,mol/L,molar,,DME:1.000,-0.0,7.2,0.39,3.6,0.195,0,0,1,0,0,0,0.0,0,0.0,1,1.0,0,0.0,0,0.0,0,0.0,"('Li', 'TFSI', 0.5, '[""DME""]', '[1.0]', 267.3436967)",127
saltTFSI_rank12_row3827_q0p90,3827,10.1149/1.1344281,Li,TFSI,0.5,"[""DME""]",[1.0],267.3436967,TFSI,0.90,maximin descriptor spread within salt family; exact duplicate simulation inputs excluded,57,3,12,10.1149/1.1344281,[3827],"[""10.1149/1.1344281""]",7.558803207,0.0,1,LiTFSI,0.5,mol/l,mol/L,molar,,DME:1.000,-0.0,7.2,0.39,3.6,0.195,0,0,1,0,0,0,0.0,0,0.0,1,1.0,0,0.0,0,0.0,0,0.0,"('Li', 'TFSI', 0.5, '[""DME""]', '[1.0]', 267.3436967)",127
saltTFSI_rank13_row3614_q0p70,3614,10.1149/1.1344281,Li,TFSI,1.0,"[""PC""]",[1.0],271.8869669,TFSI,0.70,maximin descriptor spread within salt family; exact duplicate simulation inputs excluded,58,3,13,10.1149/1.1344281,[3614],"[""10.1149/1.1344281""]",2.109297952,0.0,1,LiTFSI,1.0,mol/l,mol/L,molar,,PC:1.000,-0.0,64.9,2.53,64.9,2.53,0,0,1,0,0,0,0.0,1,1.0,0,0.0,0,0.0,0,0.0,0,0.0,"('Li', 'TFSI', 1.0, '[""PC""]', '[1.0]', 271.8869669)",127
saltTFSI_rank13_row3614_q0p75,3614,10.1149/1.1344281,Li,TFSI,1.0,"[""PC""]",[1.0],271.8869669,TFSI,0.75,maximin descriptor spread within salt family; exact duplicate simulation inputs excluded,58,3,13,10.1149/1.1344281,[3614],"[""10.1149/1.1344281""]",2.109297952,0.0,1,LiTFSI,1.0,mol/l,mol/L,molar,,PC:1.000,-0.0,64.9,2.53,64.9,2.53,0,0,1,0,0,0,0.0,1,1.0,0,0.0,0,0.0,0,0.0,0,0.0,"('Li', 'TFSI', 1.0, '[""PC""]', '[1.0]', 271.8869669)",127
saltTFSI_rank13_row3614_q0p80,3614,10.1149/1.1344281,Li,TFSI,1.0,"[""PC""]",[1.0],271.8869669,TFSI,0.80,maximin descriptor spread within salt family; exact duplicate simulation inputs excluded,58,3,13,10.1149/1.1344281,[3614],"[""10.1149/1.1344281""]",2.109297952,0.0,1,LiTFSI,1.0,mol/l,mol/L,molar,,PC:1.000,-0.0,64.9,2.53,64.9,2.53,0,0,1,0,0,0,0.0,1,1.0,0,0.0,0,0.0,0,0.0,0,0.0,"('Li', 'TFSI', 1.0, '[""PC""]', '[1.0]', 271.8869669)",127
saltTFSI_rank13_row3614_q0p85,3614,10.1149/1.1344281,Li,TFSI,1.0,"[""PC""]",[1.0],271.8869669,TFSI,0.85,maximin descriptor spread within salt family; exact duplicate simulation inputs excluded,58,3,13,10.1149/1.1344281,[3614],"[""10.1149/1.1344281""]",2.109297952,0.0,1,LiTFSI,1.0,mol/l,mol/L,molar,,PC:1.000,-0.0,64.9,2.53,64.9,2.53,0,0,1,0,0,0,0.0,1,1.0,0,0.0,0,0.0,0,0.0,0,0.0,"('Li', 'TFSI', 1.0, '[""PC""]', '[1.0]', 271.8869669)",127
saltTFSI_rank13_row3614_q0p90,3614,10.1149/1.1344281,Li,TFSI,1.0,"[""PC""]",[1.0],271.8869669,TFSI,0.90,maximin descriptor spread within salt family; exact duplicate simulation inputs excluded,58,3,13,10.1149/1.1344281,[3614],"[""10.1149/1.1344281""]",2.109297952,0.0,1,LiTFSI,1.0,mol/l,mol/L,molar,,PC:1.000,-0.0,64.9,2.53,64.9,2.53,0,0,1,0,0,0,0.0,1,1.0,0,0.0,0,0.0,0,0.0,0,0.0,"('Li', 'TFSI', 1.0, '[""PC""]', '[1.0]', 271.8869669)",127
saltTFSI_rank14_row3599_q0p70,3599,10.1149/1.1344281,Li,TFSI,1.0,"[""PC""]",[1.0],345.6878836,TFSI,0.70,maximin descriptor spread within salt family; exact duplicate simulation inputs excluded,59,3,14,10.1149/1.1344281,[3599],"[""10.1149/1.1344281""]",11.90863732,0.0,1,LiTFSI,1.0,mol/l,mol/L,molar,,PC:1.000,-0.0,64.9,2.53,64.9,2.53,0,0,1,0,0,0,0.0,1,1.0,0,0.0,0,0.0,0,0.0,0,0.0,"('Li', 'TFSI', 1.0, '[""PC""]', '[1.0]', 345.6878836)",127
saltTFSI_rank14_row3599_q0p75,3599,10.1149/1.1344281,Li,TFSI,1.0,"[""PC""]",[1.0],345.6878836,TFSI,0.75,maximin descriptor spread within salt family; exact duplicate simulation inputs excluded,59,3,14,10.1149/1.1344281,[3599],"[""10.1149/1.1344281""]",11.90863732,0.0,1,LiTFSI,1.0,mol/l,mol/L,molar,,PC:1.000,-0.0,64.9,2.53,64.9,2.53,0,0,1,0,0,0,0.0,1,1.0,0,0.0,0,0.0,0,0.0,0,0.0,"('Li', 'TFSI', 1.0, '[""PC""]', '[1.0]', 345.6878836)",127
saltTFSI_rank14_row3599_q0p80,3599,10.1149/1.1344281,Li,TFSI,1.0,"[""PC""]",[1.0],345.6878836,TFSI,0.80,maximin descriptor spread within salt family; exact duplicate simulation inputs excluded,59,3,14,10.1149/1.1344281,[3599],"[""10.1149/1.1344281""]",11.90863732,0.0,1,LiTFSI,1.0,mol/l,mol/L,molar,,PC:1.000,-0.0,64.9,2.53,64.9,2.53,0,0,1,0,0,0,0.0,1,1.0,0,0.0,0,0.0,0,0.0,0,0.0,"('Li', 'TFSI', 1.0, '[""PC""]', '[1.0]', 345.6878836)",127
saltTFSI_rank14_row3599_q0p85,3599,10.1149/1.1344281,Li,TFSI,1.0,"[""PC""]",[1.0],345.6878836,TFSI,0.85,maximin descriptor spread within salt family; exact duplicate simulation inputs excluded,59,3,14,10.1149/1.1344281,[3599],"[""10.1149/1.1344281""]",11.90863732,0.0,1,LiTFSI,1.0,mol/l,mol/L,molar,,PC:1.000,-0.0,64.9,2.53,64.9,2.53,0,0,1,0,0,0,0.0,1,1.0,0,0.0,0,0.0,0,0.0,0,0.0,"('Li', 'TFSI', 1.0, '[""PC""]', '[1.0]', 345.6878836)",127
saltTFSI_rank14_row3599_q0p90,3599,10.1149/1.1344281,Li,TFSI,1.0,"[""PC""]",[1.0],345.6878836,TFSI,0.90,maximin descriptor spread within salt family; exact duplicate simulation inputs excluded,59,3,14,10.1149/1.1344281,[3599],"[""10.1149/1.1344281""]",11.90863732,0.0,1,LiTFSI,1.0,mol/l,mol/L,molar,,PC:1.000,-0.0,64.9,2.53,64.9,2.53,0,0,1,0,0,0,0.0,1,1.0,0,0.0,0,0.0,0,0.0,0,0.0,"('Li', 'TFSI', 1.0, '[""PC""]', '[1.0]', 345.6878836)",127
saltTFSI_rank15_row193_q0p70,193,10.1016/j.jpowsour.2011.07.071,Li,TFSI,1.0,"[""EC"",""DMC""]","[0.5,0.5]",256.1150634,TFSI,0.70,maximin descriptor spread within salt family; exact duplicate simulation inputs excluded,60,3,15,10.1016/j.jpowsour.2011.07.071,[193],"[""10.1016/j.jpowsour.2011.07.071""]",3.379987628,0.0,1,LiTFSI,1.0,mol/l,mol/L,molar,,EC:0.500+DMC:0.500,0.6931471805599453,46.05,1.2449999999999999,46.05,1.2449999999999999,0,0,1,0,0,1,0.5,0,0.0,0,0.0,1,0.5,0,0.0,0,0.0,"('Li', 'TFSI', 1.0, '[""EC"",""DMC""]', '[0.5,0.5]', 256.1150634)",127
saltTFSI_rank15_row193_q0p75,193,10.1016/j.jpowsour.2011.07.071,Li,TFSI,1.0,"[""EC"",""DMC""]","[0.5,0.5]",256.1150634,TFSI,0.75,maximin descriptor spread within salt family; exact duplicate simulation inputs excluded,60,3,15,10.1016/j.jpowsour.2011.07.071,[193],"[""10.1016/j.jpowsour.2011.07.071""]",3.379987628,0.0,1,LiTFSI,1.0,mol/l,mol/L,molar,,EC:0.500+DMC:0.500,0.6931471805599453,46.05,1.2449999999999999,46.05,1.2449999999999999,0,0,1,0,0,1,0.5,0,0.0,0,0.0,1,0.5,0,0.0,0,0.0,"('Li', 'TFSI', 1.0, '[""EC"",""DMC""]', '[0.5,0.5]', 256.1150634)",127
saltTFSI_rank15_row193_q0p80,193,10.1016/j.jpowsour.2011.07.071,Li,TFSI,1.0,"[""EC"",""DMC""]","[0.5,0.5]",256.1150634,TFSI,0.80,maximin descriptor spread within salt family; exact duplicate simulation inputs excluded,60,3,15,10.1016/j.jpowsour.2011.07.071,[193],"[""10.1016/j.jpowsour.2011.07.071""]",3.379987628,0.0,1,LiTFSI,1.0,mol/l,mol/L,molar,,EC:0.500+DMC:0.500,0.6931471805599453,46.05,1.2449999999999999,46.05,1.2449999999999999,0,0,1,0,0,1,0.5,0,0.0,0,0.0,1,0.5,0,0.0,0,0.0,"('Li', 'TFSI', 1.0, '[""EC"",""DMC""]', '[0.5,0.5]', 256.1150634)",127
saltTFSI_rank15_row193_q0p85,193,10.1016/j.jpowsour.2011.07.071,Li,TFSI,1.0,"[""EC"",""DMC""]","[0.5,0.5]",256.1150634,TFSI,0.85,maximin descriptor spread within salt family; exact duplicate simulation inputs excluded,60,3,15,10.1016/j.jpowsour.2011.07.071,[193],"[""10.1016/j.jpowsour.2011.07.071""]",3.379987628,0.0,1,LiTFSI,1.0,mol/l,mol/L,molar,,EC:0.500+DMC:0.500,0.6931471805599453,46.05,1.2449999999999999,46.05,1.2449999999999999,0,0,1,0,0,1,0.5,0,0.0,0,0.0,1,0.5,0,0.0,0,0.0,"('Li', 'TFSI', 1.0, '[""EC"",""DMC""]', '[0.5,0.5]', 256.1150634)",127
saltTFSI_rank15_row193_q0p90,193,10.1016/j.jpowsour.2011.07.071,Li,TFSI,1.0,"[""EC"",""DMC""]","[0.5,0.5]",256.1150634,TFSI,0.90,maximin descriptor spread within salt family; exact duplicate simulation inputs excluded,60,3,15,10.1016/j.jpowsour.2011.07.071,[193],"[""10.1016/j.jpowsour.2011.07.071""]",3.379987628,0.0,1,LiTFSI,1.0,mol/l,mol/L,molar,,EC:0.500+DMC:0.500,0.6931471805599453,46.05,1.2449999999999999,46.05,1.2449999999999999,0,0,1,0,0,1,0.5,0,0.0,0,0.0,1,0.5,0,0.0,0,0.0,"('Li', 'TFSI', 1.0, '[""EC"",""DMC""]', '[0.5,0.5]', 256.1150634)",127
saltTFSI_rank16_row234_q0p70,234,10.1016/j.jpowsour.2011.07.071,Li,TFSI,1.0,"[""EC"",""DMC""]","[0.5,0.5]",312.99103,TFSI,0.70,maximin descriptor spread within salt family; exact duplicate simulation inputs excluded,61,3,16,10.1016/j.jpowsour.2011.07.071,[234],"[""10.1016/j.jpowsour.2011.07.071""]",11.83343644,0.0,1,LiTFSI,1.0,mol/l,mol/L,molar,,EC:0.500+DMC:0.500,0.6931471805599453,46.05,1.2449999999999999,46.05,1.2449999999999999,0,0,1,0,0,1,0.5,0,0.0,0,0.0,1,0.5,0,0.0,0,0.0,"('Li', 'TFSI', 1.0, '[""EC"",""DMC""]', '[0.5,0.5]', 312.99103)",127
saltTFSI_rank16_row234_q0p75,234,10.1016/j.jpowsour.2011.07.071,Li,TFSI,1.0,"[""EC"",""DMC""]","[0.5,0.5]",312.99103,TFSI,0.75,maximin descriptor spread within salt family; exact duplicate simulation inputs excluded,61,3,16,10.1016/j.jpowsour.2011.07.071,[234],"[""10.1016/j.jpowsour.2011.07.071""]",11.83343644,0.0,1,LiTFSI,1.0,mol/l,mol/L,molar,,EC:0.500+DMC:0.500,0.6931471805599453,46.05,1.2449999999999999,46.05,1.2449999999999999,0,0,1,0,0,1,0.5,0,0.0,0,0.0,1,0.5,0,0.0,0,0.0,"('Li', 'TFSI', 1.0, '[""EC"",""DMC""]', '[0.5,0.5]', 312.99103)",127
saltTFSI_rank16_row234_q0p80,234,10.1016/j.jpowsour.2011.07.071,Li,TFSI,1.0,"[""EC"",""DMC""]","[0.5,0.5]",312.99103,TFSI,0.80,maximin descriptor spread within salt family; exact duplicate simulation inputs excluded,61,3,16,10.1016/j.jpowsour.2011.07.071,[234],"[""10.1016/j.jpowsour.2011.07.071""]",11.83343644,0.0,1,LiTFSI,1.0,mol/l,mol/L,molar,,EC:0.500+DMC:0.500,0.6931471805599453,46.05,1.2449999999999999,46.05,1.2449999999999999,0,0,1,0,0,1,0.5,0,0.0,0,0.0,1,0.5,0,0.0,0,0.0,"('Li', 'TFSI', 1.0, '[""EC"",""DMC""]', '[0.5,0.5]', 312.99103)",127
saltTFSI_rank16_row234_q0p85,234,10.1016/j.jpowsour.2011.07.071,Li,TFSI,1.0,"[""EC"",""DMC""]","[0.5,0.5]",312.99103,TFSI,0.85,maximin descriptor spread within salt family; exact duplicate simulation inputs excluded,61,3,16,10.1016/j.jpowsour.2011.07.071,[234],"[""10.1016/j.jpowsour.2011.07.071""]",11.83343644,0.0,1,LiTFSI,1.0,mol/l,mol/L,molar,,EC:0.500+DMC:0.500,0.6931471805599453,46.05,1.2449999999999999,46.05,1.2449999999999999,0,0,1,0,0,1,0.5,0,0.0,0,0.0,1,0.5,0,0.0,0,0.0,"('Li', 'TFSI', 1.0, '[""EC"",""DMC""]', '[0.5,0.5]', 312.99103)",127
saltTFSI_rank16_row234_q0p90,234,10.1016/j.jpowsour.2011.07.071,Li,TFSI,1.0,"[""EC"",""DMC""]","[0.5,0.5]",312.99103,TFSI,0.90,maximin descriptor spread within salt family; exact duplicate simulation inputs excluded,61,3,16,10.1016/j.jpowsour.2011.07.071,[234],"[""10.1016/j.jpowsour.2011.07.071""]",11.83343644,0.0,1,LiTFSI,1.0,mol/l,mol/L,molar,,EC:0.500+DMC:0.500,0.6931471805599453,46.05,1.2449999999999999,46.05,1.2449999999999999,0,0,1,0,0,1,0.5,0,0.0,0,0.0,1,0.5,0,0.0,0,0.0,"('Li', 'TFSI', 1.0, '[""EC"",""DMC""]', '[0.5,0.5]', 312.99103)",127
saltTFSI_rank17_row3820_q0p70,3820,10.1149/1.1344281,Li,TFSI,0.5,"[""DME""]",[1.0],303.2356303,TFSI,0.70,maximin descriptor spread within salt family; exact duplicate simulation inputs excluded,62,3,17,10.1149/1.1344281,[3820],"[""10.1149/1.1344281""]",9.873591112,0.0,1,LiTFSI,0.5,mol/l,mol/L,molar,,DME:1.000,-0.0,7.2,0.39,3.6,0.195,0,0,1,0,0,0,0.0,0,0.0,1,1.0,0,0.0,0,0.0,0,0.0,"('Li', 'TFSI', 0.5, '[""DME""]', '[1.0]', 303.2356303)",127
saltTFSI_rank17_row3820_q0p75,3820,10.1149/1.1344281,Li,TFSI,0.5,"[""DME""]",[1.0],303.2356303,TFSI,0.75,maximin descriptor spread within salt family; exact duplicate simulation inputs excluded,62,3,17,10.1149/1.1344281,[3820],"[""10.1149/1.1344281""]",9.873591112,0.0,1,LiTFSI,0.5,mol/l,mol/L,molar,,DME:1.000,-0.0,7.2,0.39,3.6,0.195,0,0,1,0,0,0,0.0,0,0.0,1,1.0,0,0.0,0,0.0,0,0.0,"('Li', 'TFSI', 0.5, '[""DME""]', '[1.0]', 303.2356303)",127
saltTFSI_rank17_row3820_q0p80,3820,10.1149/1.1344281,Li,TFSI,0.5,"[""DME""]",[1.0],303.2356303,TFSI,0.80,maximin descriptor spread within salt family; exact duplicate simulation inputs excluded,62,3,17,10.1149/1.1344281,[3820],"[""10.1149/1.1344281""]",9.873591112,0.0,1,LiTFSI,0.5,mol/l,mol/L,molar,,DME:1.000,-0.0,7.2,0.39,3.6,0.195,0,0,1,0,0,0,0.0,0,0.0,1,1.0,0,0.0,0,0.0,0,0.0,"('Li', 'TFSI', 0.5, '[""DME""]', '[1.0]', 303.2356303)",127
saltTFSI_rank17_row3820_q0p85,3820,10.1149/1.1344281,Li,TFSI,0.5,"[""DME""]",[1.0],303.2356303,TFSI,0.85,maximin descriptor spread within salt family; exact duplicate simulation inputs excluded,62,3,17,10.1149/1.1344281,[3820],"[""10.1149/1.1344281""]",9.873591112,0.0,1,LiTFSI,0.5,mol/l,mol/L,molar,,DME:1.000,-0.0,7.2,0.39,3.6,0.195,0,0,1,0,0,0,0.0,0,0.0,1,1.0,0,0.0,0,0.0,0,0.0,"('Li', 'TFSI', 0.5, '[""DME""]', '[1.0]', 303.2356303)",127
saltTFSI_rank17_row3820_q0p90,3820,10.1149/1.1344281,Li,TFSI,0.5,"[""DME""]",[1.0],303.2356303,TFSI,0.90,maximin descriptor spread within salt family; exact duplicate simulation inputs excluded,62,3,17,10.1149/1.1344281,[3820],"[""10.1149/1.1344281""]",9.873591112,0.0,1,LiTFSI,0.5,mol/l,mol/L,molar,,DME:1.000,-0.0,7.2,0.39,3.6,0.195,0,0,1,0,0,0,0.0,0,0.0,1,1.0,0,0.0,0,0.0,0,0.0,"('Li', 'TFSI', 0.5, '[""DME""]', '[1.0]', 303.2356303)",127
saltTFSI_rank18_row119_q0p70,119,10.1016/j.jpowsour.2011.07.071,Li,TFSI,1.0,"[""EC"",""DMC""]","[0.1,0.9]",298.0,TFSI,0.70,maximin descriptor spread within salt family; exact duplicate simulation inputs excluded,63,3,18,10.1016/j.jpowsour.2011.07.071,[119],"[""10.1016/j.jpowsour.2011.07.071""]",8.373333333,0.0,1,LiTFSI,1.0,mol/l,mol/L,weight,,EC:0.100+DMC:0.900,0.3250829733914482,11.690000000000001,0.7210000000000001,11.690000000000001,0.7210000000000001,0,0,1,0,0,1,0.1,0,0.0,0,0.0,1,0.9,0,0.0,0,0.0,"('Li', 'TFSI', 1.0, '[""EC"",""DMC""]', '[0.1,0.9]', 298.0)",127
saltTFSI_rank18_row119_q0p75,119,10.1016/j.jpowsour.2011.07.071,Li,TFSI,1.0,"[""EC"",""DMC""]","[0.1,0.9]",298.0,TFSI,0.75,maximin descriptor spread within salt family; exact duplicate simulation inputs excluded,63,3,18,10.1016/j.jpowsour.2011.07.071,[119],"[""10.1016/j.jpowsour.2011.07.071""]",8.373333333,0.0,1,LiTFSI,1.0,mol/l,mol/L,weight,,EC:0.100+DMC:0.900,0.3250829733914482,11.690000000000001,0.7210000000000001,11.690000000000001,0.7210000000000001,0,0,1,0,0,1,0.1,0,0.0,0,0.0,1,0.9,0,0.0,0,0.0,"('Li', 'TFSI', 1.0, '[""EC"",""DMC""]', '[0.1,0.9]', 298.0)",127
saltTFSI_rank18_row119_q0p80,119,10.1016/j.jpowsour.2011.07.071,Li,TFSI,1.0,"[""EC"",""DMC""]","[0.1,0.9]",298.0,TFSI,0.80,maximin descriptor spread within salt family; exact duplicate simulation inputs excluded,63,3,18,10.1016/j.jpowsour.2011.07.071,[119],"[""10.1016/j.jpowsour.2011.07.071""]",8.373333333,0.0,1,LiTFSI,1.0,mol/l,mol/L,weight,,EC:0.100+DMC:0.900,0.3250829733914482,11.690000000000001,0.7210000000000001,11.690000000000001,0.7210000000000001,0,0,1,0,0,1,0.1,0,0.0,0,0.0,1,0.9,0,0.0,0,0.0,"('Li', 'TFSI', 1.0, '[""EC"",""DMC""]', '[0.1,0.9]', 298.0)",127
saltTFSI_rank18_row119_q0p85,119,10.1016/j.jpowsour.2011.07.071,Li,TFSI,1.0,"[""EC"",""DMC""]","[0.1,0.9]",298.0,TFSI,0.85,maximin descriptor spread within salt family; exact duplicate simulation inputs excluded,63,3,18,10.1016/j.jpowsour.2011.07.071,[119],"[""10.1016/j.jpowsour.2011.07.071""]",8.373333333,0.0,1,LiTFSI,1.0,mol/l,mol/L,weight,,EC:0.100+DMC:0.900,0.3250829733914482,11.690000000000001,0.7210000000000001,11.690000000000001,0.7210000000000001,0,0,1,0,0,1,0.1,0,0.0,0,0.0,1,0.9,0,0.0,0,0.0,"('Li', 'TFSI', 1.0, '[""EC"",""DMC""]', '[0.1,0.9]', 298.0)",127
saltTFSI_rank18_row119_q0p90,119,10.1016/j.jpowsour.2011.07.071,Li,TFSI,1.0,"[""EC"",""DMC""]","[0.1,0.9]",298.0,TFSI,0.90,maximin descriptor spread within salt family; exact duplicate simulation inputs excluded,63,3,18,10.1016/j.jpowsour.2011.07.071,[119],"[""10.1016/j.jpowsour.2011.07.071""]",8.373333333,0.0,1,LiTFSI,1.0,mol/l,mol/L,weight,,EC:0.100+DMC:0.900,0.3250829733914482,11.690000000000001,0.7210000000000001,11.690000000000001,0.7210000000000001,0,0,1,0,0,1,0.1,0,0.0,0,0.0,1,0.9,0,0.0,0,0.0,"('Li', 'TFSI', 1.0, '[""EC"",""DMC""]', '[0.1,0.9]', 298.0)",127
saltTFSI_rank19_row3832_q0p70,3832,10.1149/1.1344281,Li,TFSI,0.5,"[""DME""]",[1.0],241.4678399,TFSI,0.70,maximin descriptor spread within salt family; exact duplicate simulation inputs excluded,64,3,19,10.1149/1.1344281,[3832],"[""10.1149/1.1344281""]",4.904646766,0.0,1,LiTFSI,0.5,mol/l,mol/L,molar,,DME:1.000,-0.0,7.2,0.39,3.6,0.195,0,0,1,0,0,0,0.0,0,0.0,1,1.0,0,0.0,0,0.0,0,0.0,"('Li', 'TFSI', 0.5, '[""DME""]', '[1.0]', 241.4678399)",127
saltTFSI_rank19_row3832_q0p75,3832,10.1149/1.1344281,Li,TFSI,0.5,"[""DME""]",[1.0],241.4678399,TFSI,0.75,maximin descriptor spread within salt family; exact duplicate simulation inputs excluded,64,3,19,10.1149/1.1344281,[3832],"[""10.1149/1.1344281""]",4.904646766,0.0,1,LiTFSI,0.5,mol/l,mol/L,molar,,DME:1.000,-0.0,7.2,0.39,3.6,0.195,0,0,1,0,0,0,0.0,0,0.0,1,1.0,0,0.0,0,0.0,0,0.0,"('Li', 'TFSI', 0.5, '[""DME""]', '[1.0]', 241.4678399)",127
saltTFSI_rank19_row3832_q0p80,3832,10.1149/1.1344281,Li,TFSI,0.5,"[""DME""]",[1.0],241.4678399,TFSI,0.80,maximin descriptor spread within salt family; exact duplicate simulation inputs excluded,64,3,19,10.1149/1.1344281,[3832],"[""10.1149/1.1344281""]",4.904646766,0.0,1,LiTFSI,0.5,mol/l,mol/L,molar,,DME:1.000,-0.0,7.2,0.39,3.6,0.195,0,0,1,0,0,0,0.0,0,0.0,1,1.0,0,0.0,0,0.0,0,0.0,"('Li', 'TFSI', 0.5, '[""DME""]', '[1.0]', 241.4678399)",127
saltTFSI_rank19_row3832_q0p85,3832,10.1149/1.1344281,Li,TFSI,0.5,"[""DME""]",[1.0],241.4678399,TFSI,0.85,maximin descriptor spread within salt family; exact duplicate simulation inputs excluded,64,3,19,10.1149/1.1344281,[3832],"[""10.1149/1.1344281""]",4.904646766,0.0,1,LiTFSI,0.5,mol/l,mol/L,molar,,DME:1.000,-0.0,7.2,0.39,3.6,0.195,0,0,1,0,0,0,0.0,0,0.0,1,1.0,0,0.0,0,0.0,0,0.0,"('Li', 'TFSI', 0.5, '[""DME""]', '[1.0]', 241.4678399)",127
saltTFSI_rank19_row3832_q0p90,3832,10.1149/1.1344281,Li,TFSI,0.5,"[""DME""]",[1.0],241.4678399,TFSI,0.90,maximin descriptor spread within salt family; exact duplicate simulation inputs excluded,64,3,19,10.1149/1.1344281,[3832],"[""10.1149/1.1344281""]",4.904646766,0.0,1,LiTFSI,0.5,mol/l,mol/L,molar,,DME:1.000,-0.0,7.2,0.39,3.6,0.195,0,0,1,0,0,0,0.0,0,0.0,1,1.0,0,0.0,0,0.0,0,0.0,"('Li', 'TFSI', 0.5, '[""DME""]', '[1.0]', 241.4678399)",127
saltFSI_rank01_row44_q0p70,44,10.1016/j.jpowsour.2010.12.040,Li,FSI,1.0,"[""EC"",""EMC""]","[0.3,0.7]",297.7574305,FSI,0.70,"salt-family centroid representative selected from salt_conc, temperature, weighted_permittivity, weighted_viscosity_mPa_s_25C, solvent_entropy, salt_conc_x_weighted_permittivity, salt_conc_x_weighted_viscosity, frac_EC, frac_PC, frac_DME, frac_DMC, frac_DEC, frac_EMC, conductivity descriptor space",65,4,1,10.1016/j.jpowsour.2010.12.040,[44],"[""10.1016/j.jpowsour.2010.12.040""]",7.638732831,0.0,1,LiFSI,1.0,mol/l,mol/L,volume,,EC:0.300+EMC:0.700,0.6108643020548935,28.73,1.025,28.73,1.025,0,0,0,1,0,1,0.3,0,0.0,0,0.0,0,0.0,0,0.0,1,0.7,"('Li', 'FSI', 1.0, '[""EC"",""EMC""]', '[0.3,0.7]', 297.7574305)",19
saltFSI_rank01_row44_q0p75,44,10.1016/j.jpowsour.2010.12.040,Li,FSI,1.0,"[""EC"",""EMC""]","[0.3,0.7]",297.7574305,FSI,0.75,"salt-family centroid representative selected from salt_conc, temperature, weighted_permittivity, weighted_viscosity_mPa_s_25C, solvent_entropy, salt_conc_x_weighted_permittivity, salt_conc_x_weighted_viscosity, frac_EC, frac_PC, frac_DME, frac_DMC, frac_DEC, frac_EMC, conductivity descriptor space",65,4,1,10.1016/j.jpowsour.2010.12.040,[44],"[""10.1016/j.jpowsour.2010.12.040""]",7.638732831,0.0,1,LiFSI,1.0,mol/l,mol/L,volume,,EC:0.300+EMC:0.700,0.6108643020548935,28.73,1.025,28.73,1.025,0,0,0,1,0,1,0.3,0,0.0,0,0.0,0,0.0,0,0.0,1,0.7,"('Li', 'FSI', 1.0, '[""EC"",""EMC""]', '[0.3,0.7]', 297.7574305)",19
saltFSI_rank01_row44_q0p80,44,10.1016/j.jpowsour.2010.12.040,Li,FSI,1.0,"[""EC"",""EMC""]","[0.3,0.7]",297.7574305,FSI,0.80,"salt-family centroid representative selected from salt_conc, temperature, weighted_permittivity, weighted_viscosity_mPa_s_25C, solvent_entropy, salt_conc_x_weighted_permittivity, salt_conc_x_weighted_viscosity, frac_EC, frac_PC, frac_DME, frac_DMC, frac_DEC, frac_EMC, conductivity descriptor space",65,4,1,10.1016/j.jpowsour.2010.12.040,[44],"[""10.1016/j.jpowsour.2010.12.040""]",7.638732831,0.0,1,LiFSI,1.0,mol/l,mol/L,volume,,EC:0.300+EMC:0.700,0.6108643020548935,28.73,1.025,28.73,1.025,0,0,0,1,0,1,0.3,0,0.0,0,0.0,0,0.0,0,0.0,1,0.7,"('Li', 'FSI', 1.0, '[""EC"",""EMC""]', '[0.3,0.7]', 297.7574305)",19
saltFSI_rank01_row44_q0p85,44,10.1016/j.jpowsour.2010.12.040,Li,FSI,1.0,"[""EC"",""EMC""]","[0.3,0.7]",297.7574305,FSI,0.85,"salt-family centroid representative selected from salt_conc, temperature, weighted_permittivity, weighted_viscosity_mPa_s_25C, solvent_entropy, salt_conc_x_weighted_permittivity, salt_conc_x_weighted_viscosity, frac_EC, frac_PC, frac_DME, frac_DMC, frac_DEC, frac_EMC, conductivity descriptor space",65,4,1,10.1016/j.jpowsour.2010.12.040,[44],"[""10.1016/j.jpowsour.2010.12.040""]",7.638732831,0.0,1,LiFSI,1.0,mol/l,mol/L,volume,,EC:0.300+EMC:0.700,0.6108643020548935,28.73,1.025,28.73,1.025,0,0,0,1,0,1,0.3,0,0.0,0,0.0,0,0.0,0,0.0,1,0.7,"('Li', 'FSI', 1.0, '[""EC"",""EMC""]', '[0.3,0.7]', 297.7574305)",19
saltFSI_rank01_row44_q0p90,44,10.1016/j.jpowsour.2010.12.040,Li,FSI,1.0,"[""EC"",""EMC""]","[0.3,0.7]",297.7574305,FSI,0.90,"salt-family centroid representative selected from salt_conc, temperature, weighted_permittivity, weighted_viscosity_mPa_s_25C, solvent_entropy, salt_conc_x_weighted_permittivity, salt_conc_x_weighted_viscosity, frac_EC, frac_PC, frac_DME, frac_DMC, frac_DEC, frac_EMC, conductivity descriptor space",65,4,1,10.1016/j.jpowsour.2010.12.040,[44],"[""10.1016/j.jpowsour.2010.12.040""]",7.638732831,0.0,1,LiFSI,1.0,mol/l,mol/L,volume,,EC:0.300+EMC:0.700,0.6108643020548935,28.73,1.025,28.73,1.025,0,0,0,1,0,1,0.3,0,0.0,0,0.0,0,0.0,0,0.0,1,0.7,"('Li', 'FSI', 1.0, '[""EC"",""EMC""]', '[0.3,0.7]', 297.7574305)",19
saltFSI_rank02_row31_q0p70,31,10.1016/j.jpowsour.2010.12.040,Li,FSI,1.0,"[""EC"",""EMC""]","[0.3,0.7]",332.5420421,FSI,0.70,maximin descriptor spread within salt family; exact duplicate simulation inputs excluded,66,4,2,10.1016/j.jpowsour.2010.12.040,[31],"[""10.1016/j.jpowsour.2010.12.040""]",15.58303956,0.0,1,LiFSI,1.0,mol/l,mol/L,volume,,EC:0.300+EMC:0.700,0.6108643020548935,28.73,1.025,28.73,1.025,0,0,0,1,0,1,0.3,0,0.0,0,0.0,0,0.0,0,0.0,1,0.7,"('Li', 'FSI', 1.0, '[""EC"",""EMC""]', '[0.3,0.7]', 332.5420421)",19
saltFSI_rank02_row31_q0p75,31,10.1016/j.jpowsour.2010.12.040,Li,FSI,1.0,"[""EC"",""EMC""]","[0.3,0.7]",332.5420421,FSI,0.75,maximin descriptor spread within salt family; exact duplicate simulation inputs excluded,66,4,2,10.1016/j.jpowsour.2010.12.040,[31],"[""10.1016/j.jpowsour.2010.12.040""]",15.58303956,0.0,1,LiFSI,1.0,mol/l,mol/L,volume,,EC:0.300+EMC:0.700,0.6108643020548935,28.73,1.025,28.73,1.025,0,0,0,1,0,1,0.3,0,0.0,0,0.0,0,0.0,0,0.0,1,0.7,"('Li', 'FSI', 1.0, '[""EC"",""EMC""]', '[0.3,0.7]', 332.5420421)",19
saltFSI_rank02_row31_q0p80,31,10.1016/j.jpowsour.2010.12.040,Li,FSI,1.0,"[""EC"",""EMC""]","[0.3,0.7]",332.5420421,FSI,0.80,maximin descriptor spread within salt family; exact duplicate simulation inputs excluded,66,4,2,10.1016/j.jpowsour.2010.12.040,[31],"[""10.1016/j.jpowsour.2010.12.040""]",15.58303956,0.0,1,LiFSI,1.0,mol/l,mol/L,volume,,EC:0.300+EMC:0.700,0.6108643020548935,28.73,1.025,28.73,1.025,0,0,0,1,0,1,0.3,0,0.0,0,0.0,0,0.0,0,0.0,1,0.7,"('Li', 'FSI', 1.0, '[""EC"",""EMC""]', '[0.3,0.7]', 332.5420421)",19
saltFSI_rank02_row31_q0p85,31,10.1016/j.jpowsour.2010.12.040,Li,FSI,1.0,"[""EC"",""EMC""]","[0.3,0.7]",332.5420421,FSI,0.85,maximin descriptor spread within salt family; exact duplicate simulation inputs excluded,66,4,2,10.1016/j.jpowsour.2010.12.040,[31],"[""10.1016/j.jpowsour.2010.12.040""]",15.58303956,0.0,1,LiFSI,1.0,mol/l,mol/L,volume,,EC:0.300+EMC:0.700,0.6108643020548935,28.73,1.025,28.73,1.025,0,0,0,1,0,1,0.3,0,0.0,0,0.0,0,0.0,0,0.0,1,0.7,"('Li', 'FSI', 1.0, '[""EC"",""EMC""]', '[0.3,0.7]', 332.5420421)",19
saltFSI_rank02_row31_q0p90,31,10.1016/j.jpowsour.2010.12.040,Li,FSI,1.0,"[""EC"",""EMC""]","[0.3,0.7]",332.5420421,FSI,0.90,maximin descriptor spread within salt family; exact duplicate simulation inputs excluded,66,4,2,10.1016/j.jpowsour.2010.12.040,[31],"[""10.1016/j.jpowsour.2010.12.040""]",15.58303956,0.0,1,LiFSI,1.0,mol/l,mol/L,volume,,EC:0.300+EMC:0.700,0.6108643020548935,28.73,1.025,28.73,1.025,0,0,0,1,0,1,0.3,0,0.0,0,0.0,0,0.0,0,0.0,1,0.7,"('Li', 'FSI', 1.0, '[""EC"",""EMC""]', '[0.3,0.7]', 332.5420421)",19
saltFSI_rank03_row49_q0p70,49,10.1016/j.jpowsour.2010.12.040,Li,FSI,1.0,"[""EC"",""EMC""]","[0.3,0.7]",253.1626323,FSI,0.70,maximin descriptor spread within salt family; exact duplicate simulation inputs excluded,67,4,3,10.1016/j.jpowsour.2010.12.040,[49],"[""10.1016/j.jpowsour.2010.12.040""]",2.406050072,0.0,1,LiFSI,1.0,mol/l,mol/L,volume,,EC:0.300+EMC:0.700,0.6108643020548935,28.73,1.025,28.73,1.025,0,0,0,1,0,1,0.3,0,0.0,0,0.0,0,0.0,0,0.0,1,0.7,"('Li', 'FSI', 1.0, '[""EC"",""EMC""]', '[0.3,0.7]', 253.1626323)",19
saltFSI_rank03_row49_q0p75,49,10.1016/j.jpowsour.2010.12.040,Li,FSI,1.0,"[""EC"",""EMC""]","[0.3,0.7]",253.1626323,FSI,0.75,maximin descriptor spread within salt family; exact duplicate simulation inputs excluded,67,4,3,10.1016/j.jpowsour.2010.12.040,[49],"[""10.1016/j.jpowsour.2010.12.040""]",2.406050072,0.0,1,LiFSI,1.0,mol/l,mol/L,volume,,EC:0.300+EMC:0.700,0.6108643020548935,28.73,1.025,28.73,1.025,0,0,0,1,0,1,0.3,0,0.0,0,0.0,0,0.0,0,0.0,1,0.7,"('Li', 'FSI', 1.0, '[""EC"",""EMC""]', '[0.3,0.7]', 253.1626323)",19
saltFSI_rank03_row49_q0p80,49,10.1016/j.jpowsour.2010.12.040,Li,FSI,1.0,"[""EC"",""EMC""]","[0.3,0.7]",253.1626323,FSI,0.80,maximin descriptor spread within salt family; exact duplicate simulation inputs excluded,67,4,3,10.1016/j.jpowsour.2010.12.040,[49],"[""10.1016/j.jpowsour.2010.12.040""]",2.406050072,0.0,1,LiFSI,1.0,mol/l,mol/L,volume,,EC:0.300+EMC:0.700,0.6108643020548935,28.73,1.025,28.73,1.025,0,0,0,1,0,1,0.3,0,0.0,0,0.0,0,0.0,0,0.0,1,0.7,"('Li', 'FSI', 1.0, '[""EC"",""EMC""]', '[0.3,0.7]', 253.1626323)",19
saltFSI_rank03_row49_q0p85,49,10.1016/j.jpowsour.2010.12.040,Li,FSI,1.0,"[""EC"",""EMC""]","[0.3,0.7]",253.1626323,FSI,0.85,maximin descriptor spread within salt family; exact duplicate simulation inputs excluded,67,4,3,10.1016/j.jpowsour.2010.12.040,[49],"[""10.1016/j.jpowsour.2010.12.040""]",2.406050072,0.0,1,LiFSI,1.0,mol/l,mol/L,volume,,EC:0.300+EMC:0.700,0.6108643020548935,28.73,1.025,28.73,1.025,0,0,0,1,0,1,0.3,0,0.0,0,0.0,0,0.0,0,0.0,1,0.7,"('Li', 'FSI', 1.0, '[""EC"",""EMC""]', '[0.3,0.7]', 253.1626323)",19
saltFSI_rank03_row49_q0p90,49,10.1016/j.jpowsour.2010.12.040,Li,FSI,1.0,"[""EC"",""EMC""]","[0.3,0.7]",253.1626323,FSI,0.90,maximin descriptor spread within salt family; exact duplicate simulation inputs excluded,67,4,3,10.1016/j.jpowsour.2010.12.040,[49],"[""10.1016/j.jpowsour.2010.12.040""]",2.406050072,0.0,1,LiFSI,1.0,mol/l,mol/L,volume,,EC:0.300+EMC:0.700,0.6108643020548935,28.73,1.025,28.73,1.025,0,0,0,1,0,1,0.3,0,0.0,0,0.0,0,0.0,0,0.0,1,0.7,"('Li', 'FSI', 1.0, '[""EC"",""EMC""]', '[0.3,0.7]', 253.1626323)",19
saltFSI_rank04_row41_q0p70,41,10.1016/j.jpowsour.2010.12.040,Li,FSI,1.0,"[""EC"",""EMC""]","[0.3,0.7]",322.7762915,FSI,0.70,maximin descriptor spread within salt family; exact duplicate simulation inputs excluded,68,4,4,10.1016/j.jpowsour.2010.12.040,[41],"[""10.1016/j.jpowsour.2010.12.040""]",10.9825629,0.0,1,LiFSI,1.0,mol/l,mol/L,volume,,EC:0.300+EMC:0.700,0.6108643020548935,28.73,1.025,28.73,1.025,0,0,0,1,0,1,0.3,0,0.0,0,0.0,0,0.0,0,0.0,1,0.7,"('Li', 'FSI', 1.0, '[""EC"",""EMC""]', '[0.3,0.7]', 322.7762915)",19
saltFSI_rank04_row41_q0p75,41,10.1016/j.jpowsour.2010.12.040,Li,FSI,1.0,"[""EC"",""EMC""]","[0.3,0.7]",322.7762915,FSI,0.75,maximin descriptor spread within salt family; exact duplicate simulation inputs excluded,68,4,4,10.1016/j.jpowsour.2010.12.040,[41],"[""10.1016/j.jpowsour.2010.12.040""]",10.9825629,0.0,1,LiFSI,1.0,mol/l,mol/L,volume,,EC:0.300+EMC:0.700,0.6108643020548935,28.73,1.025,28.73,1.025,0,0,0,1,0,1,0.3,0,0.0,0,0.0,0,0.0,0,0.0,1,0.7,"('Li', 'FSI', 1.0, '[""EC"",""EMC""]', '[0.3,0.7]', 322.7762915)",19
saltFSI_rank04_row41_q0p80,41,10.1016/j.jpowsour.2010.12.040,Li,FSI,1.0,"[""EC"",""EMC""]","[0.3,0.7]",322.7762915,FSI,0.80,maximin descriptor spread within salt family; exact duplicate simulation inputs excluded,68,4,4,10.1016/j.jpowsour.2010.12.040,[41],"[""10.1016/j.jpowsour.2010.12.040""]",10.9825629,0.0,1,LiFSI,1.0,mol/l,mol/L,volume,,EC:0.300+EMC:0.700,0.6108643020548935,28.73,1.025,28.73,1.025,0,0,0,1,0,1,0.3,0,0.0,0,0.0,0,0.0,0,0.0,1,0.7,"('Li', 'FSI', 1.0, '[""EC"",""EMC""]', '[0.3,0.7]', 322.7762915)",19
saltFSI_rank04_row41_q0p85,41,10.1016/j.jpowsour.2010.12.040,Li,FSI,1.0,"[""EC"",""EMC""]","[0.3,0.7]",322.7762915,FSI,0.85,maximin descriptor spread within salt family; exact duplicate simulation inputs excluded,68,4,4,10.1016/j.jpowsour.2010.12.040,[41],"[""10.1016/j.jpowsour.2010.12.040""]",10.9825629,0.0,1,LiFSI,1.0,mol/l,mol/L,volume,,EC:0.300+EMC:0.700,0.6108643020548935,28.73,1.025,28.73,1.025,0,0,0,1,0,1,0.3,0,0.0,0,0.0,0,0.0,0,0.0,1,0.7,"('Li', 'FSI', 1.0, '[""EC"",""EMC""]', '[0.3,0.7]', 322.7762915)",19
saltFSI_rank04_row41_q0p90,41,10.1016/j.jpowsour.2010.12.040,Li,FSI,1.0,"[""EC"",""EMC""]","[0.3,0.7]",322.7762915,FSI,0.90,maximin descriptor spread within salt family; exact duplicate simulation inputs excluded,68,4,4,10.1016/j.jpowsour.2010.12.040,[41],"[""10.1016/j.jpowsour.2010.12.040""]",10.9825629,0.0,1,LiFSI,1.0,mol/l,mol/L,volume,,EC:0.300+EMC:0.700,0.6108643020548935,28.73,1.025,28.73,1.025,0,0,0,1,0,1,0.3,0,0.0,0,0.0,0,0.0,0,0.0,1,0.7,"('Li', 'FSI', 1.0, '[""EC"",""EMC""]', '[0.3,0.7]', 322.7762915)",19
saltFSI_rank05_row37_q0p70,37,10.1016/j.jpowsour.2010.12.040,Li,FSI,1.0,"[""EC"",""EMC""]","[0.3,0.7]",273.0531347,FSI,0.70,maximin descriptor spread within salt family; exact duplicate simulation inputs excluded,69,4,5,10.1016/j.jpowsour.2010.12.040,[37],"[""10.1016/j.jpowsour.2010.12.040""]",5.943977157,0.0,1,LiFSI,1.0,mol/l,mol/L,volume,,EC:0.300+EMC:0.700,0.6108643020548935,28.73,1.025,28.73,1.025,0,0,0,1,0,1,0.3,0,0.0,0,0.0,0,0.0,0,0.0,1,0.7,"('Li', 'FSI', 1.0, '[""EC"",""EMC""]', '[0.3,0.7]', 273.0531347)",19
saltFSI_rank05_row37_q0p75,37,10.1016/j.jpowsour.2010.12.040,Li,FSI,1.0,"[""EC"",""EMC""]","[0.3,0.7]",273.0531347,FSI,0.75,maximin descriptor spread within salt family; exact duplicate simulation inputs excluded,69,4,5,10.1016/j.jpowsour.2010.12.040,[37],"[""10.1016/j.jpowsour.2010.12.040""]",5.943977157,0.0,1,LiFSI,1.0,mol/l,mol/L,volume,,EC:0.300+EMC:0.700,0.6108643020548935,28.73,1.025,28.73,1.025,0,0,0,1,0,1,0.3,0,0.0,0,0.0,0,0.0,0,0.0,1,0.7,"('Li', 'FSI', 1.0, '[""EC"",""EMC""]', '[0.3,0.7]', 273.0531347)",19
saltFSI_rank05_row37_q0p80,37,10.1016/j.jpowsour.2010.12.040,Li,FSI,1.0,"[""EC"",""EMC""]","[0.3,0.7]",273.0531347,FSI,0.80,maximin descriptor spread within salt family; exact duplicate simulation inputs excluded,69,4,5,10.1016/j.jpowsour.2010.12.040,[37],"[""10.1016/j.jpowsour.2010.12.040""]",5.943977157,0.0,1,LiFSI,1.0,mol/l,mol/L,volume,,EC:0.300+EMC:0.700,0.6108643020548935,28.73,1.025,28.73,1.025,0,0,0,1,0,1,0.3,0,0.0,0,0.0,0,0.0,0,0.0,1,0.7,"('Li', 'FSI', 1.0, '[""EC"",""EMC""]', '[0.3,0.7]', 273.0531347)",19
saltFSI_rank05_row37_q0p85,37,10.1016/j.jpowsour.2010.12.040,Li,FSI,1.0,"[""EC"",""EMC""]","[0.3,0.7]",273.0531347,FSI,0.85,maximin descriptor spread within salt family; exact duplicate simulation inputs excluded,69,4,5,10.1016/j.jpowsour.2010.12.040,[37],"[""10.1016/j.jpowsour.2010.12.040""]",5.943977157,0.0,1,LiFSI,1.0,mol/l,mol/L,volume,,EC:0.300+EMC:0.700,0.6108643020548935,28.73,1.025,28.73,1.025,0,0,0,1,0,1,0.3,0,0.0,0,0.0,0,0.0,0,0.0,1,0.7,"('Li', 'FSI', 1.0, '[""EC"",""EMC""]', '[0.3,0.7]', 273.0531347)",19
saltFSI_rank05_row37_q0p90,37,10.1016/j.jpowsour.2010.12.040,Li,FSI,1.0,"[""EC"",""EMC""]","[0.3,0.7]",273.0531347,FSI,0.90,maximin descriptor spread within salt family; exact duplicate simulation inputs excluded,69,4,5,10.1016/j.jpowsour.2010.12.040,[37],"[""10.1016/j.jpowsour.2010.12.040""]",5.943977157,0.0,1,LiFSI,1.0,mol/l,mol/L,volume,,EC:0.300+EMC:0.700,0.6108643020548935,28.73,1.025,28.73,1.025,0,0,0,1,0,1,0.3,0,0.0,0,0.0,0,0.0,0,0.0,1,0.7,"('Li', 'FSI', 1.0, '[""EC"",""EMC""]', '[0.3,0.7]', 273.0531347)",19
saltBF4_rank01_row66_q0p70,66,10.1016/j.jpowsour.2010.12.040,Li,BF4,1.0,"[""EC"",""EMC""]","[0.3,0.7]",283.0889854,BF4,0.70,"salt-family centroid representative selected from salt_conc, temperature, weighted_permittivity, weighted_viscosity_mPa_s_25C, solvent_entropy, salt_conc_x_weighted_permittivity, salt_conc_x_weighted_viscosity, frac_EC, frac_PC, frac_DME, frac_DMC, frac_DEC, frac_EMC, conductivity descriptor space",70,5,1,10.1016/j.jpowsour.2010.12.040,[66],"[""10.1016/j.jpowsour.2010.12.040""]",2.856573625,0.0,1,LiBF4,1.0,mol/l,mol/L,volume,,EC:0.300+EMC:0.700,0.6108643020548935,28.73,1.025,28.73,1.025,0,0,0,0,1,1,0.3,0,0.0,0,0.0,0,0.0,0,0.0,1,0.7,"('Li', 'BF4', 1.0, '[""EC"",""EMC""]', '[0.3,0.7]', 283.0889854)",43
saltBF4_rank01_row66_q0p75,66,10.1016/j.jpowsour.2010.12.040,Li,BF4,1.0,"[""EC"",""EMC""]","[0.3,0.7]",283.0889854,BF4,0.75,"salt-family centroid representative selected from salt_conc, temperature, weighted_permittivity, weighted_viscosity_mPa_s_25C, solvent_entropy, salt_conc_x_weighted_permittivity, salt_conc_x_weighted_viscosity, frac_EC, frac_PC, frac_DME, frac_DMC, frac_DEC, frac_EMC, conductivity descriptor space",70,5,1,10.1016/j.jpowsour.2010.12.040,[66],"[""10.1016/j.jpowsour.2010.12.040""]",2.856573625,0.0,1,LiBF4,1.0,mol/l,mol/L,volume,,EC:0.300+EMC:0.700,0.6108643020548935,28.73,1.025,28.73,1.025,0,0,0,0,1,1,0.3,0,0.0,0,0.0,0,0.0,0,0.0,1,0.7,"('Li', 'BF4', 1.0, '[""EC"",""EMC""]', '[0.3,0.7]', 283.0889854)",43
saltBF4_rank01_row66_q0p80,66,10.1016/j.jpowsour.2010.12.040,Li,BF4,1.0,"[""EC"",""EMC""]","[0.3,0.7]",283.0889854,BF4,0.80,"salt-family centroid representative selected from salt_conc, temperature, weighted_permittivity, weighted_viscosity_mPa_s_25C, solvent_entropy, salt_conc_x_weighted_permittivity, salt_conc_x_weighted_viscosity, frac_EC, frac_PC, frac_DME, frac_DMC, frac_DEC, frac_EMC, conductivity descriptor space",70,5,1,10.1016/j.jpowsour.2010.12.040,[66],"[""10.1016/j.jpowsour.2010.12.040""]",2.856573625,0.0,1,LiBF4,1.0,mol/l,mol/L,volume,,EC:0.300+EMC:0.700,0.6108643020548935,28.73,1.025,28.73,1.025,0,0,0,0,1,1,0.3,0,0.0,0,0.0,0,0.0,0,0.0,1,0.7,"('Li', 'BF4', 1.0, '[""EC"",""EMC""]', '[0.3,0.7]', 283.0889854)",43
saltBF4_rank01_row66_q0p85,66,10.1016/j.jpowsour.2010.12.040,Li,BF4,1.0,"[""EC"",""EMC""]","[0.3,0.7]",283.0889854,BF4,0.85,"salt-family centroid representative selected from salt_conc, temperature, weighted_permittivity, weighted_viscosity_mPa_s_25C, solvent_entropy, salt_conc_x_weighted_permittivity, salt_conc_x_weighted_viscosity, frac_EC, frac_PC, frac_DME, frac_DMC, frac_DEC, frac_EMC, conductivity descriptor space",70,5,1,10.1016/j.jpowsour.2010.12.040,[66],"[""10.1016/j.jpowsour.2010.12.040""]",2.856573625,0.0,1,LiBF4,1.0,mol/l,mol/L,volume,,EC:0.300+EMC:0.700,0.6108643020548935,28.73,1.025,28.73,1.025,0,0,0,0,1,1,0.3,0,0.0,0,0.0,0,0.0,0,0.0,1,0.7,"('Li', 'BF4', 1.0, '[""EC"",""EMC""]', '[0.3,0.7]', 283.0889854)",43
saltBF4_rank01_row66_q0p90,66,10.1016/j.jpowsour.2010.12.040,Li,BF4,1.0,"[""EC"",""EMC""]","[0.3,0.7]",283.0889854,BF4,0.90,"salt-family centroid representative selected from salt_conc, temperature, weighted_permittivity, weighted_viscosity_mPa_s_25C, solvent_entropy, salt_conc_x_weighted_permittivity, salt_conc_x_weighted_viscosity, frac_EC, frac_PC, frac_DME, frac_DMC, frac_DEC, frac_EMC, conductivity descriptor space",70,5,1,10.1016/j.jpowsour.2010.12.040,[66],"[""10.1016/j.jpowsour.2010.12.040""]",2.856573625,0.0,1,LiBF4,1.0,mol/l,mol/L,volume,,EC:0.300+EMC:0.700,0.6108643020548935,28.73,1.025,28.73,1.025,0,0,0,0,1,1,0.3,0,0.0,0,0.0,0,0.0,0,0.0,1,0.7,"('Li', 'BF4', 1.0, '[""EC"",""EMC""]', '[0.3,0.7]', 283.0889854)",43
saltBF4_rank02_row13823_q0p70,13823,10.1016/0378-7753(91)80004-H,Li,BF4,1.0,"[""EC"",""PC""]","[0.5,0.5]",353.15,BF4,0.70,maximin descriptor spread within salt family; exact duplicate simulation inputs excluded,71,5,2,10.1016/0378-7753(91)80004-H,[13823],"[""10.1016/0378-7753(91)80004-H""]",10.79,0.0,1,LiBF4,1.0,mol/l,mol/L,volume,,EC:0.500+PC:0.500,0.6931471805599453,76.95,2.215,76.95,2.215,0,0,0,0,1,1,0.5,1,0.5,0,0.0,0,0.0,0,0.0,0,0.0,"('Li', 'BF4', 1.0, '[""EC"",""PC""]', '[0.5,0.5]', 353.15)",43
saltBF4_rank02_row13823_q0p75,13823,10.1016/0378-7753(91)80004-H,Li,BF4,1.0,"[""EC"",""PC""]","[0.5,0.5]",353.15,BF4,0.75,maximin descriptor spread within salt family; exact duplicate simulation inputs excluded,71,5,2,10.1016/0378-7753(91)80004-H,[13823],"[""10.1016/0378-7753(91)80004-H""]",10.79,0.0,1,LiBF4,1.0,mol/l,mol/L,volume,,EC:0.500+PC:0.500,0.6931471805599453,76.95,2.215,76.95,2.215,0,0,0,0,1,1,0.5,1,0.5,0,0.0,0,0.0,0,0.0,0,0.0,"('Li', 'BF4', 1.0, '[""EC"",""PC""]', '[0.5,0.5]', 353.15)",43
saltBF4_rank02_row13823_q0p80,13823,10.1016/0378-7753(91)80004-H,Li,BF4,1.0,"[""EC"",""PC""]","[0.5,0.5]",353.15,BF4,0.80,maximin descriptor spread within salt family; exact duplicate simulation inputs excluded,71,5,2,10.1016/0378-7753(91)80004-H,[13823],"[""10.1016/0378-7753(91)80004-H""]",10.79,0.0,1,LiBF4,1.0,mol/l,mol/L,volume,,EC:0.500+PC:0.500,0.6931471805599453,76.95,2.215,76.95,2.215,0,0,0,0,1,1,0.5,1,0.5,0,0.0,0,0.0,0,0.0,0,0.0,"('Li', 'BF4', 1.0, '[""EC"",""PC""]', '[0.5,0.5]', 353.15)",43
saltBF4_rank02_row13823_q0p85,13823,10.1016/0378-7753(91)80004-H,Li,BF4,1.0,"[""EC"",""PC""]","[0.5,0.5]",353.15,BF4,0.85,maximin descriptor spread within salt family; exact duplicate simulation inputs excluded,71,5,2,10.1016/0378-7753(91)80004-H,[13823],"[""10.1016/0378-7753(91)80004-H""]",10.79,0.0,1,LiBF4,1.0,mol/l,mol/L,volume,,EC:0.500+PC:0.500,0.6931471805599453,76.95,2.215,76.95,2.215,0,0,0,0,1,1,0.5,1,0.5,0,0.0,0,0.0,0,0.0,0,0.0,"('Li', 'BF4', 1.0, '[""EC"",""PC""]', '[0.5,0.5]', 353.15)",43
saltBF4_rank02_row13823_q0p90,13823,10.1016/0378-7753(91)80004-H,Li,BF4,1.0,"[""EC"",""PC""]","[0.5,0.5]",353.15,BF4,0.90,maximin descriptor spread within salt family; exact duplicate simulation inputs excluded,71,5,2,10.1016/0378-7753(91)80004-H,[13823],"[""10.1016/0378-7753(91)80004-H""]",10.79,0.0,1,LiBF4,1.0,mol/l,mol/L,volume,,EC:0.500+PC:0.500,0.6931471805599453,76.95,2.215,76.95,2.215,0,0,0,0,1,1,0.5,1,0.5,0,0.0,0,0.0,0,0.0,0,0.0,"('Li', 'BF4', 1.0, '[""EC"",""PC""]', '[0.5,0.5]', 353.15)",43
saltBF4_rank03_row13793_q0p70,13793,10.1016/0378-7753(91)80004-H,Li,BF4,1.0,"[""EC"",""PC""]","[0.5,0.5]",213.15,BF4,0.70,maximin descriptor spread within salt family; exact duplicate simulation inputs excluded,72,5,3,10.1016/0378-7753(91)80004-H,[13793],"[""10.1016/0378-7753(91)80004-H""]",0.02,0.0,1,LiBF4,1.0,mol/l,mol/L,volume,,EC:0.500+PC:0.500,0.6931471805599453,76.95,2.215,76.95,2.215,0,0,0,0,1,1,0.5,1,0.5,0,0.0,0,0.0,0,0.0,0,0.0,"('Li', 'BF4', 1.0, '[""EC"",""PC""]', '[0.5,0.5]', 213.15)",43
saltBF4_rank03_row13793_q0p75,13793,10.1016/0378-7753(91)80004-H,Li,BF4,1.0,"[""EC"",""PC""]","[0.5,0.5]",213.15,BF4,0.75,maximin descriptor spread within salt family; exact duplicate simulation inputs excluded,72,5,3,10.1016/0378-7753(91)80004-H,[13793],"[""10.1016/0378-7753(91)80004-H""]",0.02,0.0,1,LiBF4,1.0,mol/l,mol/L,volume,,EC:0.500+PC:0.500,0.6931471805599453,76.95,2.215,76.95,2.215,0,0,0,0,1,1,0.5,1,0.5,0,0.0,0,0.0,0,0.0,0,0.0,"('Li', 'BF4', 1.0, '[""EC"",""PC""]', '[0.5,0.5]', 213.15)",43
saltBF4_rank03_row13793_q0p80,13793,10.1016/0378-7753(91)80004-H,Li,BF4,1.0,"[""EC"",""PC""]","[0.5,0.5]",213.15,BF4,0.80,maximin descriptor spread within salt family; exact duplicate simulation inputs excluded,72,5,3,10.1016/0378-7753(91)80004-H,[13793],"[""10.1016/0378-7753(91)80004-H""]",0.02,0.0,1,LiBF4,1.0,mol/l,mol/L,volume,,EC:0.500+PC:0.500,0.6931471805599453,76.95,2.215,76.95,2.215,0,0,0,0,1,1,0.5,1,0.5,0,0.0,0,0.0,0,0.0,0,0.0,"('Li', 'BF4', 1.0, '[""EC"",""PC""]', '[0.5,0.5]', 213.15)",43
saltBF4_rank03_row13793_q0p85,13793,10.1016/0378-7753(91)80004-H,Li,BF4,1.0,"[""EC"",""PC""]","[0.5,0.5]",213.15,BF4,0.85,maximin descriptor spread within salt family; exact duplicate simulation inputs excluded,72,5,3,10.1016/0378-7753(91)80004-H,[13793],"[""10.1016/0378-7753(91)80004-H""]",0.02,0.0,1,LiBF4,1.0,mol/l,mol/L,volume,,EC:0.500+PC:0.500,0.6931471805599453,76.95,2.215,76.95,2.215,0,0,0,0,1,1,0.5,1,0.5,0,0.0,0,0.0,0,0.0,0,0.0,"('Li', 'BF4', 1.0, '[""EC"",""PC""]', '[0.5,0.5]', 213.15)",43
saltBF4_rank03_row13793_q0p90,13793,10.1016/0378-7753(91)80004-H,Li,BF4,1.0,"[""EC"",""PC""]","[0.5,0.5]",213.15,BF4,0.90,maximin descriptor spread within salt family; exact duplicate simulation inputs excluded,72,5,3,10.1016/0378-7753(91)80004-H,[13793],"[""10.1016/0378-7753(91)80004-H""]",0.02,0.0,1,LiBF4,1.0,mol/l,mol/L,volume,,EC:0.500+PC:0.500,0.6931471805599453,76.95,2.215,76.95,2.215,0,0,0,0,1,1,0.5,1,0.5,0,0.0,0,0.0,0,0.0,0,0.0,"('Li', 'BF4', 1.0, '[""EC"",""PC""]', '[0.5,0.5]', 213.15)",43
saltBF4_rank04_row70_q0p70,70,10.1016/j.jpowsour.2010.12.040,Li,BF4,1.0,"[""EC"",""EMC""]","[0.3,0.7]",332.6559387,BF4,0.70,maximin descriptor spread within salt family; exact duplicate simulation inputs excluded,73,5,4,10.1016/j.jpowsour.2010.12.040,[70],"[""10.1016/j.jpowsour.2010.12.040""]",10.48660798,0.0,1,LiBF4,1.0,mol/l,mol/L,volume,,EC:0.300+EMC:0.700,0.6108643020548935,28.73,1.025,28.73,1.025,0,0,0,0,1,1,0.3,0,0.0,0,0.0,0,0.0,0,0.0,1,0.7,"('Li', 'BF4', 1.0, '[""EC"",""EMC""]', '[0.3,0.7]', 332.6559387)",43
saltBF4_rank04_row70_q0p75,70,10.1016/j.jpowsour.2010.12.040,Li,BF4,1.0,"[""EC"",""EMC""]","[0.3,0.7]",332.6559387,BF4,0.75,maximin descriptor spread within salt family; exact duplicate simulation inputs excluded,73,5,4,10.1016/j.jpowsour.2010.12.040,[70],"[""10.1016/j.jpowsour.2010.12.040""]",10.48660798,0.0,1,LiBF4,1.0,mol/l,mol/L,volume,,EC:0.300+EMC:0.700,0.6108643020548935,28.73,1.025,28.73,1.025,0,0,0,0,1,1,0.3,0,0.0,0,0.0,0,0.0,0,0.0,1,0.7,"('Li', 'BF4', 1.0, '[""EC"",""EMC""]', '[0.3,0.7]', 332.6559387)",43
saltBF4_rank04_row70_q0p80,70,10.1016/j.jpowsour.2010.12.040,Li,BF4,1.0,"[""EC"",""EMC""]","[0.3,0.7]",332.6559387,BF4,0.80,maximin descriptor spread within salt family; exact duplicate simulation inputs excluded,73,5,4,10.1016/j.jpowsour.2010.12.040,[70],"[""10.1016/j.jpowsour.2010.12.040""]",10.48660798,0.0,1,LiBF4,1.0,mol/l,mol/L,volume,,EC:0.300+EMC:0.700,0.6108643020548935,28.73,1.025,28.73,1.025,0,0,0,0,1,1,0.3,0,0.0,0,0.0,0,0.0,0,0.0,1,0.7,"('Li', 'BF4', 1.0, '[""EC"",""EMC""]', '[0.3,0.7]', 332.6559387)",43
saltBF4_rank04_row70_q0p85,70,10.1016/j.jpowsour.2010.12.040,Li,BF4,1.0,"[""EC"",""EMC""]","[0.3,0.7]",332.6559387,BF4,0.85,maximin descriptor spread within salt family; exact duplicate simulation inputs excluded,73,5,4,10.1016/j.jpowsour.2010.12.040,[70],"[""10.1016/j.jpowsour.2010.12.040""]",10.48660798,0.0,1,LiBF4,1.0,mol/l,mol/L,volume,,EC:0.300+EMC:0.700,0.6108643020548935,28.73,1.025,28.73,1.025,0,0,0,0,1,1,0.3,0,0.0,0,0.0,0,0.0,0,0.0,1,0.7,"('Li', 'BF4', 1.0, '[""EC"",""EMC""]', '[0.3,0.7]', 332.6559387)",43
saltBF4_rank04_row70_q0p90,70,10.1016/j.jpowsour.2010.12.040,Li,BF4,1.0,"[""EC"",""EMC""]","[0.3,0.7]",332.6559387,BF4,0.90,maximin descriptor spread within salt family; exact duplicate simulation inputs excluded,73,5,4,10.1016/j.jpowsour.2010.12.040,[70],"[""10.1016/j.jpowsour.2010.12.040""]",10.48660798,0.0,1,LiBF4,1.0,mol/l,mol/L,volume,,EC:0.300+EMC:0.700,0.6108643020548935,28.73,1.025,28.73,1.025,0,0,0,0,1,1,0.3,0,0.0,0,0.0,0,0.0,0,0.0,1,0.7,"('Li', 'BF4', 1.0, '[""EC"",""EMC""]', '[0.3,0.7]', 332.6559387)",43
saltBF4_rank05_row13814_q0p70,13814,10.1016/0378-7753(91)80004-H,Li,BF4,1.0,"[""EC"",""PC""]","[0.5,0.5]",293.15,BF4,0.70,maximin descriptor spread within salt family; exact duplicate simulation inputs excluded,74,5,5,10.1016/0378-7753(91)80004-H,[13814],"[""10.1016/0378-7753(91)80004-H""]",4.25,0.0,1,LiBF4,1.0,mol/l,mol/L,volume,,EC:0.500+PC:0.500,0.6931471805599453,76.95,2.215,76.95,2.215,0,0,0,0,1,1,0.5,1,0.5,0,0.0,0,0.0,0,0.0,0,0.0,"('Li', 'BF4', 1.0, '[""EC"",""PC""]', '[0.5,0.5]', 293.15)",43
saltBF4_rank05_row13814_q0p75,13814,10.1016/0378-7753(91)80004-H,Li,BF4,1.0,"[""EC"",""PC""]","[0.5,0.5]",293.15,BF4,0.75,maximin descriptor spread within salt family; exact duplicate simulation inputs excluded,74,5,5,10.1016/0378-7753(91)80004-H,[13814],"[""10.1016/0378-7753(91)80004-H""]",4.25,0.0,1,LiBF4,1.0,mol/l,mol/L,volume,,EC:0.500+PC:0.500,0.6931471805599453,76.95,2.215,76.95,2.215,0,0,0,0,1,1,0.5,1,0.5,0,0.0,0,0.0,0,0.0,0,0.0,"('Li', 'BF4', 1.0, '[""EC"",""PC""]', '[0.5,0.5]', 293.15)",43
saltBF4_rank05_row13814_q0p80,13814,10.1016/0378-7753(91)80004-H,Li,BF4,1.0,"[""EC"",""PC""]","[0.5,0.5]",293.15,BF4,0.80,maximin descriptor spread within salt family; exact duplicate simulation inputs excluded,74,5,5,10.1016/0378-7753(91)80004-H,[13814],"[""10.1016/0378-7753(91)80004-H""]",4.25,0.0,1,LiBF4,1.0,mol/l,mol/L,volume,,EC:0.500+PC:0.500,0.6931471805599453,76.95,2.215,76.95,2.215,0,0,0,0,1,1,0.5,1,0.5,0,0.0,0,0.0,0,0.0,0,0.0,"('Li', 'BF4', 1.0, '[""EC"",""PC""]', '[0.5,0.5]', 293.15)",43
saltBF4_rank05_row13814_q0p85,13814,10.1016/0378-7753(91)80004-H,Li,BF4,1.0,"[""EC"",""PC""]","[0.5,0.5]",293.15,BF4,0.85,maximin descriptor spread within salt family; exact duplicate simulation inputs excluded,74,5,5,10.1016/0378-7753(91)80004-H,[13814],"[""10.1016/0378-7753(91)80004-H""]",4.25,0.0,1,LiBF4,1.0,mol/l,mol/L,volume,,EC:0.500+PC:0.500,0.6931471805599453,76.95,2.215,76.95,2.215,0,0,0,0,1,1,0.5,1,0.5,0,0.0,0,0.0,0,0.0,0,0.0,"('Li', 'BF4', 1.0, '[""EC"",""PC""]', '[0.5,0.5]', 293.15)",43
saltBF4_rank05_row13814_q0p90,13814,10.1016/0378-7753(91)80004-H,Li,BF4,1.0,"[""EC"",""PC""]","[0.5,0.5]",293.15,BF4,0.90,maximin descriptor spread within salt family; exact duplicate simulation inputs excluded,74,5,5,10.1016/0378-7753(91)80004-H,[13814],"[""10.1016/0378-7753(91)80004-H""]",4.25,0.0,1,LiBF4,1.0,mol/l,mol/L,volume,,EC:0.500+PC:0.500,0.6931471805599453,76.95,2.215,76.95,2.215,0,0,0,0,1,1,0.5,1,0.5,0,0.0,0,0.0,0,0.0,0,0.0,"('Li', 'BF4', 1.0, '[""EC"",""PC""]', '[0.5,0.5]', 293.15)",43
saltBF4_rank06_row4375_q0p70,4375,10.1149/1.1466857,Li,BF4,1.0,"[""EC"",""EMC""]","[0.3,0.7]",222.4457746,BF4,0.70,maximin descriptor spread within salt family; exact duplicate simulation inputs excluded,75,5,6,10.1149/1.1466857,[4375],"[""10.1149/1.1466857""]",0.12987013,0.0,1,LiBF4,1.0,mol/l,mol/L,weight,,EC:0.300+EMC:0.700,0.6108643020548935,28.73,1.025,28.73,1.025,0,0,0,0,1,1,0.3,0,0.0,0,0.0,0,0.0,0,0.0,1,0.7,"('Li', 'BF4', 1.0, '[""EC"",""EMC""]', '[0.3,0.7]', 222.4457746)",43
saltBF4_rank06_row4375_q0p75,4375,10.1149/1.1466857,Li,BF4,1.0,"[""EC"",""EMC""]","[0.3,0.7]",222.4457746,BF4,0.75,maximin descriptor spread within salt family; exact duplicate simulation inputs excluded,75,5,6,10.1149/1.1466857,[4375],"[""10.1149/1.1466857""]",0.12987013,0.0,1,LiBF4,1.0,mol/l,mol/L,weight,,EC:0.300+EMC:0.700,0.6108643020548935,28.73,1.025,28.73,1.025,0,0,0,0,1,1,0.3,0,0.0,0,0.0,0,0.0,0,0.0,1,0.7,"('Li', 'BF4', 1.0, '[""EC"",""EMC""]', '[0.3,0.7]', 222.4457746)",43
saltBF4_rank06_row4375_q0p80,4375,10.1149/1.1466857,Li,BF4,1.0,"[""EC"",""EMC""]","[0.3,0.7]",222.4457746,BF4,0.80,maximin descriptor spread within salt family; exact duplicate simulation inputs excluded,75,5,6,10.1149/1.1466857,[4375],"[""10.1149/1.1466857""]",0.12987013,0.0,1,LiBF4,1.0,mol/l,mol/L,weight,,EC:0.300+EMC:0.700,0.6108643020548935,28.73,1.025,28.73,1.025,0,0,0,0,1,1,0.3,0,0.0,0,0.0,0,0.0,0,0.0,1,0.7,"('Li', 'BF4', 1.0, '[""EC"",""EMC""]', '[0.3,0.7]', 222.4457746)",43
saltBF4_rank06_row4375_q0p85,4375,10.1149/1.1466857,Li,BF4,1.0,"[""EC"",""EMC""]","[0.3,0.7]",222.4457746,BF4,0.85,maximin descriptor spread within salt family; exact duplicate simulation inputs excluded,75,5,6,10.1149/1.1466857,[4375],"[""10.1149/1.1466857""]",0.12987013,0.0,1,LiBF4,1.0,mol/l,mol/L,weight,,EC:0.300+EMC:0.700,0.6108643020548935,28.73,1.025,28.73,1.025,0,0,0,0,1,1,0.3,0,0.0,0,0.0,0,0.0,0,0.0,1,0.7,"('Li', 'BF4', 1.0, '[""EC"",""EMC""]', '[0.3,0.7]', 222.4457746)",43
saltBF4_rank06_row4375_q0p90,4375,10.1149/1.1466857,Li,BF4,1.0,"[""EC"",""EMC""]","[0.3,0.7]",222.4457746,BF4,0.90,maximin descriptor spread within salt family; exact duplicate simulation inputs excluded,75,5,6,10.1149/1.1466857,[4375],"[""10.1149/1.1466857""]",0.12987013,0.0,1,LiBF4,1.0,mol/l,mol/L,weight,,EC:0.300+EMC:0.700,0.6108643020548935,28.73,1.025,28.73,1.025,0,0,0,0,1,1,0.3,0,0.0,0,0.0,0,0.0,0,0.0,1,0.7,"('Li', 'BF4', 1.0, '[""EC"",""EMC""]', '[0.3,0.7]', 222.4457746)",43
