job_id,folder_name,collection_status,conductivity_mS_cm,conductivity_uncertainty_mS_cm,conductivity_raw_line,folder_path,output_file,original_row_index,doi,cation_name,anion_name,salt_conc,solvents,solvent_fracs,temperature,salt_cluster_id,q_scale,selection_reason,sampling_order,cluster_id,cluster_rank_in_sampling,representative_doi,source_row_indices,source_dois,conductivity,conductivity_std,replicate_count,original_salt,original_concentration,original_concentration_units,salt_conc_units,solvent_ratio_basis,composition_warning,composition_summary,solvent_entropy,weighted_permittivity,weighted_viscosity_mpa_s_25c,salt_conc_x_weighted_permittivity,salt_conc_x_weighted_viscosity,anion_pf6,anion_clo4,anion_tfsi,anion_fsi,anion_bf4,has_ec,frac_ec,has_pc,frac_pc,has_dme,frac_dme,has_dmc,frac_dmc,has_dec,frac_dec,has_emc,frac_emc,duplicate_identity,cluster_size
saltPF6_rank01_row11894_q0p70,Li_PF6_1p004M_EC0p5DMC0p5_T283p15_q070,parsed,10.5530,1.2847,Ionic conductivity = 10.5530 ± 1.2847 mS/cm,/scratch/hacortes/ADOBADO/LELi-MDLab/solvents/Q_Optimization/Li_PF6_1p004M_EC0p5DMC0p5_T283p15_q070,/scratch/hacortes/ADOBADO/LELi-MDLab/solvents/Q_Optimization/Li_PF6_1p004M_EC0p5DMC0p5_T283p15_q070/output_LELiB_MDLab.txt,11894,10.1149/2.0571912jes,Li,PF6,1.004,"[""EC"",""DMC""]","[0.5,0.5]",283.15,PF6,0.70,"salt-family centroid representative selected from salt_conc, temperature, weighted_permittivity, weighted_viscosity_mPa_s_25C, solvent_entropy, salt_conc_x_weighted_permittivity, salt_conc_x_weighted_viscosity, frac_EC, frac_PC, frac_DME, frac_DMC, frac_DEC, frac_EMC, conductivity descriptor space",1,1,1,10.1149/2.0571912jes,[11894],"[""10.1149/2.0571912jes""]",8.723,0.0,1,LiPF6,1.004,mol/l,mol/L,weight,,EC:0.500+DMC:0.500,0.6931471805599453,46.05,1.2449999999999999,46.234199999999994,1.2499799999999999,1,0,0,0,0,1,0.5,0,0.0,0,0.0,1,0.5,0,0.0,0,0.0,"('Li', 'PF6', 1.004, '[""EC"",""DMC""]', '[0.5,0.5]', 283.15)",242
saltPF6_rank01_row11894_q0p75,Li_PF6_1p004M_EC0p5DMC0p5_T283p15_q075,parsed,7.9405,2.5089,Ionic conductivity = 7.9405 ± 2.5089 mS/cm,/scratch/hacortes/ADOBADO/LELi-MDLab/solvents/Q_Optimization/Li_PF6_1p004M_EC0p5DMC0p5_T283p15_q075,/scratch/hacortes/ADOBADO/LELi-MDLab/solvents/Q_Optimization/Li_PF6_1p004M_EC0p5DMC0p5_T283p15_q075/output_LELiB_MDLab.txt,11894,10.1149/2.0571912jes,Li,PF6,1.004,"[""EC"",""DMC""]","[0.5,0.5]",283.15,PF6,0.75,"salt-family centroid representative selected from salt_conc, temperature, weighted_permittivity, weighted_viscosity_mPa_s_25C, solvent_entropy, salt_conc_x_weighted_permittivity, salt_conc_x_weighted_viscosity, frac_EC, frac_PC, frac_DME, frac_DMC, frac_DEC, frac_EMC, conductivity descriptor space",1,1,1,10.1149/2.0571912jes,[11894],"[""10.1149/2.0571912jes""]",8.723,0.0,1,LiPF6,1.004,mol/l,mol/L,weight,,EC:0.500+DMC:0.500,0.6931471805599453,46.05,1.2449999999999999,46.234199999999994,1.2499799999999999,1,0,0,0,0,1,0.5,0,0.0,0,0.0,1,0.5,0,0.0,0,0.0,"('Li', 'PF6', 1.004, '[""EC"",""DMC""]', '[0.5,0.5]', 283.15)",242
saltPF6_rank01_row11894_q0p80,Li_PF6_1p004M_EC0p5DMC0p5_T283p15_q080,parsed,8.6535,1.1641,Ionic conductivity = 8.6535 ± 1.1641 mS/cm,/scratch/hacortes/ADOBADO/LELi-MDLab/solvents/Q_Optimization/Li_PF6_1p004M_EC0p5DMC0p5_T283p15_q080,/scratch/hacortes/ADOBADO/LELi-MDLab/solvents/Q_Optimization/Li_PF6_1p004M_EC0p5DMC0p5_T283p15_q080/output_LELiB_MDLab.txt,11894,10.1149/2.0571912jes,Li,PF6,1.004,"[""EC"",""DMC""]","[0.5,0.5]",283.15,PF6,0.80,"salt-family centroid representative selected from salt_conc, temperature, weighted_permittivity, weighted_viscosity_mPa_s_25C, solvent_entropy, salt_conc_x_weighted_permittivity, salt_conc_x_weighted_viscosity, frac_EC, frac_PC, frac_DME, frac_DMC, frac_DEC, frac_EMC, conductivity descriptor space",1,1,1,10.1149/2.0571912jes,[11894],"[""10.1149/2.0571912jes""]",8.723,0.0,1,LiPF6,1.004,mol/l,mol/L,weight,,EC:0.500+DMC:0.500,0.6931471805599453,46.05,1.2449999999999999,46.234199999999994,1.2499799999999999,1,0,0,0,0,1,0.5,0,0.0,0,0.0,1,0.5,0,0.0,0,0.0,"('Li', 'PF6', 1.004, '[""EC"",""DMC""]', '[0.5,0.5]', 283.15)",242
saltPF6_rank01_row11894_q0p85,Li_PF6_1p004M_EC0p5DMC0p5_T283p15_q085,parsed,7.9453,2.2259,Ionic conductivity = 7.9453 ± 2.2259 mS/cm,/scratch/hacortes/ADOBADO/LELi-MDLab/solvents/Q_Optimization/Li_PF6_1p004M_EC0p5DMC0p5_T283p15_q085,/scratch/hacortes/ADOBADO/LELi-MDLab/solvents/Q_Optimization/Li_PF6_1p004M_EC0p5DMC0p5_T283p15_q085/output_LELiB_MDLab.txt,11894,10.1149/2.0571912jes,Li,PF6,1.004,"[""EC"",""DMC""]","[0.5,0.5]",283.15,PF6,0.85,"salt-family centroid representative selected from salt_conc, temperature, weighted_permittivity, weighted_viscosity_mPa_s_25C, solvent_entropy, salt_conc_x_weighted_permittivity, salt_conc_x_weighted_viscosity, frac_EC, frac_PC, frac_DME, frac_DMC, frac_DEC, frac_EMC, conductivity descriptor space",1,1,1,10.1149/2.0571912jes,[11894],"[""10.1149/2.0571912jes""]",8.723,0.0,1,LiPF6,1.004,mol/l,mol/L,weight,,EC:0.500+DMC:0.500,0.6931471805599453,46.05,1.2449999999999999,46.234199999999994,1.2499799999999999,1,0,0,0,0,1,0.5,0,0.0,0,0.0,1,0.5,0,0.0,0,0.0,"('Li', 'PF6', 1.004, '[""EC"",""DMC""]', '[0.5,0.5]', 283.15)",242
saltPF6_rank01_row11894_q0p90,Li_PF6_1p004M_EC0p5DMC0p5_T283p15_q090,parsed,6.0335,1.8261,Ionic conductivity = 6.0335 ± 1.8261 mS/cm,/scratch/hacortes/ADOBADO/LELi-MDLab/solvents/Q_Optimization/Li_PF6_1p004M_EC0p5DMC0p5_T283p15_q090,/scratch/hacortes/ADOBADO/LELi-MDLab/solvents/Q_Optimization/Li_PF6_1p004M_EC0p5DMC0p5_T283p15_q090/output_LELiB_MDLab.txt,11894,10.1149/2.0571912jes,Li,PF6,1.004,"[""EC"",""DMC""]","[0.5,0.5]",283.15,PF6,0.90,"salt-family centroid representative selected from salt_conc, temperature, weighted_permittivity, weighted_viscosity_mPa_s_25C, solvent_entropy, salt_conc_x_weighted_permittivity, salt_conc_x_weighted_viscosity, frac_EC, frac_PC, frac_DME, frac_DMC, frac_DEC, frac_EMC, conductivity descriptor space",1,1,1,10.1149/2.0571912jes,[11894],"[""10.1149/2.0571912jes""]",8.723,0.0,1,LiPF6,1.004,mol/l,mol/L,weight,,EC:0.500+DMC:0.500,0.6931471805599453,46.05,1.2449999999999999,46.234199999999994,1.2499799999999999,1,0,0,0,0,1,0.5,0,0.0,0,0.0,1,0.5,0,0.0,0,0.0,"('Li', 'PF6', 1.004, '[""EC"",""DMC""]', '[0.5,0.5]', 283.15)",242
saltPF6_rank02_row13615_q0p70,Li_PF6_1p0M_EC0p15PC0p85_T213p15_q070,conductivity_line_not_found,,,,/scratch/hacortes/ADOBADO/LELi-MDLab/solvents/Q_Optimization/Li_PF6_1p0M_EC0p15PC0p85_T213p15_q070,/scratch/hacortes/ADOBADO/LELi-MDLab/solvents/Q_Optimization/Li_PF6_1p0M_EC0p15PC0p85_T213p15_q070/output_LELiB_MDLab.txt,13615,10.1016/0378-7753(91)80004-H,Li,PF6,1.0,"[""EC"",""PC""]","[0.15,0.85]",213.15,PF6,0.70,maximin descriptor spread within salt family; exact duplicate simulation inputs excluded,2,1,2,10.1016/0378-7753(91)80004-H,[13615],"[""10.1016/0378-7753(91)80004-H""]",0.01,0.0,1,LiPF6,1.0,mol/l,mol/L,volume,,EC:0.150+PC:0.850,0.42270908780599087,68.515,2.4354999999999998,68.515,2.4354999999999998,1,0,0,0,0,1,0.15,1,0.85,0,0.0,0,0.0,0,0.0,0,0.0,"('Li', 'PF6', 1.0, '[""EC"",""PC""]', '[0.15,0.85]', 213.15)",242
saltPF6_rank02_row13615_q0p75,Li_PF6_1p0M_EC0p15PC0p85_T213p15_q075,parsed,0.1007,0.0327,Ionic conductivity = 0.1007 ± 0.0327 mS/cm,/scratch/hacortes/ADOBADO/LELi-MDLab/solvents/Q_Optimization/Li_PF6_1p0M_EC0p15PC0p85_T213p15_q075,/scratch/hacortes/ADOBADO/LELi-MDLab/solvents/Q_Optimization/Li_PF6_1p0M_EC0p15PC0p85_T213p15_q075/output_LELiB_MDLab.txt,13615,10.1016/0378-7753(91)80004-H,Li,PF6,1.0,"[""EC"",""PC""]","[0.15,0.85]",213.15,PF6,0.75,maximin descriptor spread within salt family; exact duplicate simulation inputs excluded,2,1,2,10.1016/0378-7753(91)80004-H,[13615],"[""10.1016/0378-7753(91)80004-H""]",0.01,0.0,1,LiPF6,1.0,mol/l,mol/L,volume,,EC:0.150+PC:0.850,0.42270908780599087,68.515,2.4354999999999998,68.515,2.4354999999999998,1,0,0,0,0,1,0.15,1,0.85,0,0.0,0,0.0,0,0.0,0,0.0,"('Li', 'PF6', 1.0, '[""EC"",""PC""]', '[0.15,0.85]', 213.15)",242
saltPF6_rank02_row13615_q0p80,Li_PF6_1p0M_EC0p15PC0p85_T213p15_q080,parsed,0.0663,0.0210,Ionic conductivity = 0.0663 ± 0.0210 mS/cm,/scratch/hacortes/ADOBADO/LELi-MDLab/solvents/Q_Optimization/Li_PF6_1p0M_EC0p15PC0p85_T213p15_q080,/scratch/hacortes/ADOBADO/LELi-MDLab/solvents/Q_Optimization/Li_PF6_1p0M_EC0p15PC0p85_T213p15_q080/output_LELiB_MDLab.txt,13615,10.1016/0378-7753(91)80004-H,Li,PF6,1.0,"[""EC"",""PC""]","[0.15,0.85]",213.15,PF6,0.80,maximin descriptor spread within salt family; exact duplicate simulation inputs excluded,2,1,2,10.1016/0378-7753(91)80004-H,[13615],"[""10.1016/0378-7753(91)80004-H""]",0.01,0.0,1,LiPF6,1.0,mol/l,mol/L,volume,,EC:0.150+PC:0.850,0.42270908780599087,68.515,2.4354999999999998,68.515,2.4354999999999998,1,0,0,0,0,1,0.15,1,0.85,0,0.0,0,0.0,0,0.0,0,0.0,"('Li', 'PF6', 1.0, '[""EC"",""PC""]', '[0.15,0.85]', 213.15)",242
saltPF6_rank02_row13615_q0p85,Li_PF6_1p0M_EC0p15PC0p85_T213p15_q085,parsed,0.0637,0.0247,Ionic conductivity = 0.0637 ± 0.0247 mS/cm,/scratch/hacortes/ADOBADO/LELi-MDLab/solvents/Q_Optimization/Li_PF6_1p0M_EC0p15PC0p85_T213p15_q085,/scratch/hacortes/ADOBADO/LELi-MDLab/solvents/Q_Optimization/Li_PF6_1p0M_EC0p15PC0p85_T213p15_q085/output_LELiB_MDLab.txt,13615,10.1016/0378-7753(91)80004-H,Li,PF6,1.0,"[""EC"",""PC""]","[0.15,0.85]",213.15,PF6,0.85,maximin descriptor spread within salt family; exact duplicate simulation inputs excluded,2,1,2,10.1016/0378-7753(91)80004-H,[13615],"[""10.1016/0378-7753(91)80004-H""]",0.01,0.0,1,LiPF6,1.0,mol/l,mol/L,volume,,EC:0.150+PC:0.850,0.42270908780599087,68.515,2.4354999999999998,68.515,2.4354999999999998,1,0,0,0,0,1,0.15,1,0.85,0,0.0,0,0.0,0,0.0,0,0.0,"('Li', 'PF6', 1.0, '[""EC"",""PC""]', '[0.15,0.85]', 213.15)",242
saltPF6_rank02_row13615_q0p90,Li_PF6_1p0M_EC0p15PC0p85_T213p15_q090,parsed,0.0556,0.0120,Ionic conductivity = 0.0556 ± 0.0120 mS/cm,/scratch/hacortes/ADOBADO/LELi-MDLab/solvents/Q_Optimization/Li_PF6_1p0M_EC0p15PC0p85_T213p15_q090,/scratch/hacortes/ADOBADO/LELi-MDLab/solvents/Q_Optimization/Li_PF6_1p0M_EC0p15PC0p85_T213p15_q090/output_LELiB_MDLab.txt,13615,10.1016/0378-7753(91)80004-H,Li,PF6,1.0,"[""EC"",""PC""]","[0.15,0.85]",213.15,PF6,0.90,maximin descriptor spread within salt family; exact duplicate simulation inputs excluded,2,1,2,10.1016/0378-7753(91)80004-H,[13615],"[""10.1016/0378-7753(91)80004-H""]",0.01,0.0,1,LiPF6,1.0,mol/l,mol/L,volume,,EC:0.150+PC:0.850,0.42270908780599087,68.515,2.4354999999999998,68.515,2.4354999999999998,1,0,0,0,0,1,0.15,1,0.85,0,0.0,0,0.0,0,0.0,0,0.0,"('Li', 'PF6', 1.0, '[""EC"",""PC""]', '[0.15,0.85]', 213.15)",242
saltPF6_rank03_row10903_q0p70,Li_PF6_3p327935223M_EC0p27PC0p1DMC0p63_T263p0_q070,parsed,1.0096,0.2493,Ionic conductivity = 1.0096 ± 0.2493 mS/cm,/scratch/hacortes/ADOBADO/LELi-MDLab/solvents/Q_Optimization/Li_PF6_3p327935223M_EC0p27PC0p1DMC0p63_T263p0_q070,/scratch/hacortes/ADOBADO/LELi-MDLab/solvents/Q_Optimization/Li_PF6_3p327935223M_EC0p27PC0p1DMC0p63_T263p0_q070/output_LELiB_MDLab.txt,10903,10.1149/1.1872737,Li,PF6,3.327935223,"[""EC"",""PC"",""DMC""]","[0.27,0.1,0.63]",263.0,PF6,0.70,maximin descriptor spread within salt family; exact duplicate simulation inputs excluded,3,1,3,10.1149/1.1872737,[10903],"[""10.1149/1.1872737""]",0.144369586,0.0,1,LiPF6,3.327935223,mol/l,mol/L,volume,,EC:0.270+PC:0.100+DMC:0.630,0.8748608452408524,32.473,1.1377,108.068040496479,3.7861919032071,1,0,0,0,0,1,0.27,1,0.1,0,0.0,1,0.63,0,0.0,0,0.0,"('Li', 'PF6', 3.327935223, '[""EC"",""PC"",""DMC""]', '[0.27,0.1,0.63]', 263.0)",242
saltPF6_rank03_row10903_q0p75,Li_PF6_3p327935223M_EC0p27PC0p1DMC0p63_T263p0_q075,parsed,0.6634,0.2841,Ionic conductivity = 0.6634 ± 0.2841 mS/cm,/scratch/hacortes/ADOBADO/LELi-MDLab/solvents/Q_Optimization/Li_PF6_3p327935223M_EC0p27PC0p1DMC0p63_T263p0_q075,/scratch/hacortes/ADOBADO/LELi-MDLab/solvents/Q_Optimization/Li_PF6_3p327935223M_EC0p27PC0p1DMC0p63_T263p0_q075/output_LELiB_MDLab.txt,10903,10.1149/1.1872737,Li,PF6,3.327935223,"[""EC"",""PC"",""DMC""]","[0.27,0.1,0.63]",263.0,PF6,0.75,maximin descriptor spread within salt family; exact duplicate simulation inputs excluded,3,1,3,10.1149/1.1872737,[10903],"[""10.1149/1.1872737""]",0.144369586,0.0,1,LiPF6,3.327935223,mol/l,mol/L,volume,,EC:0.270+PC:0.100+DMC:0.630,0.8748608452408524,32.473,1.1377,108.068040496479,3.7861919032071,1,0,0,0,0,1,0.27,1,0.1,0,0.0,1,0.63,0,0.0,0,0.0,"('Li', 'PF6', 3.327935223, '[""EC"",""PC"",""DMC""]', '[0.27,0.1,0.63]', 263.0)",242
saltPF6_rank03_row10903_q0p80,Li_PF6_3p327935223M_EC0p27PC0p1DMC0p63_T263p0_q080,parsed,0.4738,0.1464,Ionic conductivity = 0.4738 ± 0.1464 mS/cm,/scratch/hacortes/ADOBADO/LELi-MDLab/solvents/Q_Optimization/Li_PF6_3p327935223M_EC0p27PC0p1DMC0p63_T263p0_q080,/scratch/hacortes/ADOBADO/LELi-MDLab/solvents/Q_Optimization/Li_PF6_3p327935223M_EC0p27PC0p1DMC0p63_T263p0_q080/output_LELiB_MDLab.txt,10903,10.1149/1.1872737,Li,PF6,3.327935223,"[""EC"",""PC"",""DMC""]","[0.27,0.1,0.63]",263.0,PF6,0.80,maximin descriptor spread within salt family; exact duplicate simulation inputs excluded,3,1,3,10.1149/1.1872737,[10903],"[""10.1149/1.1872737""]",0.144369586,0.0,1,LiPF6,3.327935223,mol/l,mol/L,volume,,EC:0.270+PC:0.100+DMC:0.630,0.8748608452408524,32.473,1.1377,108.068040496479,3.7861919032071,1,0,0,0,0,1,0.27,1,0.1,0,0.0,1,0.63,0,0.0,0,0.0,"('Li', 'PF6', 3.327935223, '[""EC"",""PC"",""DMC""]', '[0.27,0.1,0.63]', 263.0)",242
saltPF6_rank03_row10903_q0p85,Li_PF6_3p327935223M_EC0p27PC0p1DMC0p63_T263p0_q085,parsed,0.1875,0.1269,Ionic conductivity = 0.1875 ± 0.1269 mS/cm,/scratch/hacortes/ADOBADO/LELi-MDLab/solvents/Q_Optimization/Li_PF6_3p327935223M_EC0p27PC0p1DMC0p63_T263p0_q085,/scratch/hacortes/ADOBADO/LELi-MDLab/solvents/Q_Optimization/Li_PF6_3p327935223M_EC0p27PC0p1DMC0p63_T263p0_q085/output_LELiB_MDLab.txt,10903,10.1149/1.1872737,Li,PF6,3.327935223,"[""EC"",""PC"",""DMC""]","[0.27,0.1,0.63]",263.0,PF6,0.85,maximin descriptor spread within salt family; exact duplicate simulation inputs excluded,3,1,3,10.1149/1.1872737,[10903],"[""10.1149/1.1872737""]",0.144369586,0.0,1,LiPF6,3.327935223,mol/l,mol/L,volume,,EC:0.270+PC:0.100+DMC:0.630,0.8748608452408524,32.473,1.1377,108.068040496479,3.7861919032071,1,0,0,0,0,1,0.27,1,0.1,0,0.0,1,0.63,0,0.0,0,0.0,"('Li', 'PF6', 3.327935223, '[""EC"",""PC"",""DMC""]', '[0.27,0.1,0.63]', 263.0)",242
saltPF6_rank03_row10903_q0p90,Li_PF6_3p327935223M_EC0p27PC0p1DMC0p63_T263p0_q090,parsed,0.1511,0.0522,Ionic conductivity = 0.1511 ± 0.0522 mS/cm,/scratch/hacortes/ADOBADO/LELi-MDLab/solvents/Q_Optimization/Li_PF6_3p327935223M_EC0p27PC0p1DMC0p63_T263p0_q090,/scratch/hacortes/ADOBADO/LELi-MDLab/solvents/Q_Optimization/Li_PF6_3p327935223M_EC0p27PC0p1DMC0p63_T263p0_q090/output_LELiB_MDLab.txt,10903,10.1149/1.1872737,Li,PF6,3.327935223,"[""EC"",""PC"",""DMC""]","[0.27,0.1,0.63]",263.0,PF6,0.90,maximin descriptor spread within salt family; exact duplicate simulation inputs excluded,3,1,3,10.1149/1.1872737,[10903],"[""10.1149/1.1872737""]",0.144369586,0.0,1,LiPF6,3.327935223,mol/l,mol/L,volume,,EC:0.270+PC:0.100+DMC:0.630,0.8748608452408524,32.473,1.1377,108.068040496479,3.7861919032071,1,0,0,0,0,1,0.27,1,0.1,0,0.0,1,0.63,0,0.0,0,0.0,"('Li', 'PF6', 3.327935223, '[""EC"",""PC"",""DMC""]', '[0.27,0.1,0.63]', 263.0)",242
saltPF6_rank04_row13645_q0p70,Li_PF6_1p0M_EC0p15PC0p85_T353p15_q070,parsed,21.6749,3.4683,Ionic conductivity = 21.6749 ± 3.4683 mS/cm,/scratch/hacortes/ADOBADO/LELi-MDLab/solvents/Q_Optimization/Li_PF6_1p0M_EC0p15PC0p85_T353p15_q070,/scratch/hacortes/ADOBADO/LELi-MDLab/solvents/Q_Optimization/Li_PF6_1p0M_EC0p15PC0p85_T353p15_q070/output_LELiB_MDLab.txt,13645,10.1016/0378-7753(91)80004-H,Li,PF6,1.0,"[""EC"",""PC""]","[0.15,0.85]",353.15,PF6,0.70,maximin descriptor spread within salt family; exact duplicate simulation inputs excluded,4,1,4,10.1016/0378-7753(91)80004-H,[13645],"[""10.1016/0378-7753(91)80004-H""]",16.88,0.0,1,LiPF6,1.0,mol/l,mol/L,volume,,EC:0.150+PC:0.850,0.42270908780599087,68.515,2.4354999999999998,68.515,2.4354999999999998,1,0,0,0,0,1,0.15,1,0.85,0,0.0,0,0.0,0,0.0,0,0.0,"('Li', 'PF6', 1.0, '[""EC"",""PC""]', '[0.15,0.85]', 353.15)",242
saltPF6_rank04_row13645_q0p75,Li_PF6_1p0M_EC0p15PC0p85_T353p15_q075,parsed,16.0444,2.9327,Ionic conductivity = 16.0444 ± 2.9327 mS/cm,/scratch/hacortes/ADOBADO/LELi-MDLab/solvents/Q_Optimization/Li_PF6_1p0M_EC0p15PC0p85_T353p15_q075,/scratch/hacortes/ADOBADO/LELi-MDLab/solvents/Q_Optimization/Li_PF6_1p0M_EC0p15PC0p85_T353p15_q075/output_LELiB_MDLab.txt,13645,10.1016/0378-7753(91)80004-H,Li,PF6,1.0,"[""EC"",""PC""]","[0.15,0.85]",353.15,PF6,0.75,maximin descriptor spread within salt family; exact duplicate simulation inputs excluded,4,1,4,10.1016/0378-7753(91)80004-H,[13645],"[""10.1016/0378-7753(91)80004-H""]",16.88,0.0,1,LiPF6,1.0,mol/l,mol/L,volume,,EC:0.150+PC:0.850,0.42270908780599087,68.515,2.4354999999999998,68.515,2.4354999999999998,1,0,0,0,0,1,0.15,1,0.85,0,0.0,0,0.0,0,0.0,0,0.0,"('Li', 'PF6', 1.0, '[""EC"",""PC""]', '[0.15,0.85]', 353.15)",242
saltPF6_rank04_row13645_q0p80,Li_PF6_1p0M_EC0p15PC0p85_T353p15_q080,parsed,16.9147,1.6148,Ionic conductivity = 16.9147 ± 1.6148 mS/cm,/scratch/hacortes/ADOBADO/LELi-MDLab/solvents/Q_Optimization/Li_PF6_1p0M_EC0p15PC0p85_T353p15_q080,/scratch/hacortes/ADOBADO/LELi-MDLab/solvents/Q_Optimization/Li_PF6_1p0M_EC0p15PC0p85_T353p15_q080/output_LELiB_MDLab.txt,13645,10.1016/0378-7753(91)80004-H,Li,PF6,1.0,"[""EC"",""PC""]","[0.15,0.85]",353.15,PF6,0.80,maximin descriptor spread within salt family; exact duplicate simulation inputs excluded,4,1,4,10.1016/0378-7753(91)80004-H,[13645],"[""10.1016/0378-7753(91)80004-H""]",16.88,0.0,1,LiPF6,1.0,mol/l,mol/L,volume,,EC:0.150+PC:0.850,0.42270908780599087,68.515,2.4354999999999998,68.515,2.4354999999999998,1,0,0,0,0,1,0.15,1,0.85,0,0.0,0,0.0,0,0.0,0,0.0,"('Li', 'PF6', 1.0, '[""EC"",""PC""]', '[0.15,0.85]', 353.15)",242
saltPF6_rank04_row13645_q0p85,Li_PF6_1p0M_EC0p15PC0p85_T353p15_q085,parsed,18.0361,5.3551,Ionic conductivity = 18.0361 ± 5.3551 mS/cm,/scratch/hacortes/ADOBADO/LELi-MDLab/solvents/Q_Optimization/Li_PF6_1p0M_EC0p15PC0p85_T353p15_q085,/scratch/hacortes/ADOBADO/LELi-MDLab/solvents/Q_Optimization/Li_PF6_1p0M_EC0p15PC0p85_T353p15_q085/output_LELiB_MDLab.txt,13645,10.1016/0378-7753(91)80004-H,Li,PF6,1.0,"[""EC"",""PC""]","[0.15,0.85]",353.15,PF6,0.85,maximin descriptor spread within salt family; exact duplicate simulation inputs excluded,4,1,4,10.1016/0378-7753(91)80004-H,[13645],"[""10.1016/0378-7753(91)80004-H""]",16.88,0.0,1,LiPF6,1.0,mol/l,mol/L,volume,,EC:0.150+PC:0.850,0.42270908780599087,68.515,2.4354999999999998,68.515,2.4354999999999998,1,0,0,0,0,1,0.15,1,0.85,0,0.0,0,0.0,0,0.0,0,0.0,"('Li', 'PF6', 1.0, '[""EC"",""PC""]', '[0.15,0.85]', 353.15)",242
saltPF6_rank04_row13645_q0p90,Li_PF6_1p0M_EC0p15PC0p85_T353p15_q090,parsed,16.8723,2.0128,Ionic conductivity = 16.8723 ± 2.0128 mS/cm,/scratch/hacortes/ADOBADO/LELi-MDLab/solvents/Q_Optimization/Li_PF6_1p0M_EC0p15PC0p85_T353p15_q090,/scratch/hacortes/ADOBADO/LELi-MDLab/solvents/Q_Optimization/Li_PF6_1p0M_EC0p15PC0p85_T353p15_q090/output_LELiB_MDLab.txt,13645,10.1016/0378-7753(91)80004-H,Li,PF6,1.0,"[""EC"",""PC""]","[0.15,0.85]",353.15,PF6,0.90,maximin descriptor spread within salt family; exact duplicate simulation inputs excluded,4,1,4,10.1016/0378-7753(91)80004-H,[13645],"[""10.1016/0378-7753(91)80004-H""]",16.88,0.0,1,LiPF6,1.0,mol/l,mol/L,volume,,EC:0.150+PC:0.850,0.42270908780599087,68.515,2.4354999999999998,68.515,2.4354999999999998,1,0,0,0,0,1,0.15,1,0.85,0,0.0,0,0.0,0,0.0,0,0.0,"('Li', 'PF6', 1.0, '[""EC"",""PC""]', '[0.15,0.85]', 353.15)",242
saltPF6_rank05_row11959_q0p70,Li_PF6_2p996M_EC0p3EMC0p7_T323p15_q070,parsed,8.9028,2.9887,Ionic conductivity = 8.9028 ± 2.9887 mS/cm,/scratch/hacortes/ADOBADO/LELi-MDLab/solvents/Q_Optimization/Li_PF6_2p996M_EC0p3EMC0p7_T323p15_q070,/scratch/hacortes/ADOBADO/LELi-MDLab/solvents/Q_Optimization/Li_PF6_2p996M_EC0p3EMC0p7_T323p15_q070/output_LELiB_MDLab.txt,11959,10.1149/2.0571912jes,Li,PF6,2.996,"[""EC"",""EMC""]","[0.3,0.7]",323.15,PF6,0.70,maximin descriptor spread within salt family; exact duplicate simulation inputs excluded,5,1,5,10.1149/2.0571912jes,[11959],"[""10.1149/2.0571912jes""]",5.617,0.0,1,LiPF6,2.996,mol/l,mol/L,weight,,EC:0.300+EMC:0.700,0.6108643020548935,28.73,1.025,86.07508,3.0708999999999995,1,0,0,0,0,1,0.3,0,0.0,0,0.0,0,0.0,0,0.0,1,0.7,"('Li', 'PF6', 2.996, '[""EC"",""EMC""]', '[0.3,0.7]', 323.15)",242
saltPF6_rank05_row11959_q0p75,Li_PF6_2p996M_EC0p3EMC0p7_T323p15_q075,parsed,7.8558,0.8356,Ionic conductivity = 7.8558 ± 0.8356 mS/cm,/scratch/hacortes/ADOBADO/LELi-MDLab/solvents/Q_Optimization/Li_PF6_2p996M_EC0p3EMC0p7_T323p15_q075,/scratch/hacortes/ADOBADO/LELi-MDLab/solvents/Q_Optimization/Li_PF6_2p996M_EC0p3EMC0p7_T323p15_q075/output_LELiB_MDLab.txt,11959,10.1149/2.0571912jes,Li,PF6,2.996,"[""EC"",""EMC""]","[0.3,0.7]",323.15,PF6,0.75,maximin descriptor spread within salt family; exact duplicate simulation inputs excluded,5,1,5,10.1149/2.0571912jes,[11959],"[""10.1149/2.0571912jes""]",5.617,0.0,1,LiPF6,2.996,mol/l,mol/L,weight,,EC:0.300+EMC:0.700,0.6108643020548935,28.73,1.025,86.07508,3.0708999999999995,1,0,0,0,0,1,0.3,0,0.0,0,0.0,0,0.0,0,0.0,1,0.7,"('Li', 'PF6', 2.996, '[""EC"",""EMC""]', '[0.3,0.7]', 323.15)",242
saltPF6_rank05_row11959_q0p80,Li_PF6_2p996M_EC0p3EMC0p7_T323p15_q080,parsed,5.0056,1.6343,Ionic conductivity = 5.0056 ± 1.6343 mS/cm,/scratch/hacortes/ADOBADO/LELi-MDLab/solvents/Q_Optimization/Li_PF6_2p996M_EC0p3EMC0p7_T323p15_q080,/scratch/hacortes/ADOBADO/LELi-MDLab/solvents/Q_Optimization/Li_PF6_2p996M_EC0p3EMC0p7_T323p15_q080/output_LELiB_MDLab.txt,11959,10.1149/2.0571912jes,Li,PF6,2.996,"[""EC"",""EMC""]","[0.3,0.7]",323.15,PF6,0.80,maximin descriptor spread within salt family; exact duplicate simulation inputs excluded,5,1,5,10.1149/2.0571912jes,[11959],"[""10.1149/2.0571912jes""]",5.617,0.0,1,LiPF6,2.996,mol/l,mol/L,weight,,EC:0.300+EMC:0.700,0.6108643020548935,28.73,1.025,86.07508,3.0708999999999995,1,0,0,0,0,1,0.3,0,0.0,0,0.0,0,0.0,0,0.0,1,0.7,"('Li', 'PF6', 2.996, '[""EC"",""EMC""]', '[0.3,0.7]', 323.15)",242
saltPF6_rank05_row11959_q0p85,Li_PF6_2p996M_EC0p3EMC0p7_T323p15_q085,parsed,3.8971,0.6492,Ionic conductivity = 3.8971 ± 0.6492 mS/cm,/scratch/hacortes/ADOBADO/LELi-MDLab/solvents/Q_Optimization/Li_PF6_2p996M_EC0p3EMC0p7_T323p15_q085,/scratch/hacortes/ADOBADO/LELi-MDLab/solvents/Q_Optimization/Li_PF6_2p996M_EC0p3EMC0p7_T323p15_q085/output_LELiB_MDLab.txt,11959,10.1149/2.0571912jes,Li,PF6,2.996,"[""EC"",""EMC""]","[0.3,0.7]",323.15,PF6,0.85,maximin descriptor spread within salt family; exact duplicate simulation inputs excluded,5,1,5,10.1149/2.0571912jes,[11959],"[""10.1149/2.0571912jes""]",5.617,0.0,1,LiPF6,2.996,mol/l,mol/L,weight,,EC:0.300+EMC:0.700,0.6108643020548935,28.73,1.025,86.07508,3.0708999999999995,1,0,0,0,0,1,0.3,0,0.0,0,0.0,0,0.0,0,0.0,1,0.7,"('Li', 'PF6', 2.996, '[""EC"",""EMC""]', '[0.3,0.7]', 323.15)",242
saltPF6_rank05_row11959_q0p90,Li_PF6_2p996M_EC0p3EMC0p7_T323p15_q090,parsed,1.8807,0.4259,Ionic conductivity = 1.8807 ± 0.4259 mS/cm,/scratch/hacortes/ADOBADO/LELi-MDLab/solvents/Q_Optimization/Li_PF6_2p996M_EC0p3EMC0p7_T323p15_q090,/scratch/hacortes/ADOBADO/LELi-MDLab/solvents/Q_Optimization/Li_PF6_2p996M_EC0p3EMC0p7_T323p15_q090/output_LELiB_MDLab.txt,11959,10.1149/2.0571912jes,Li,PF6,2.996,"[""EC"",""EMC""]","[0.3,0.7]",323.15,PF6,0.90,maximin descriptor spread within salt family; exact duplicate simulation inputs excluded,5,1,5,10.1149/2.0571912jes,[11959],"[""10.1149/2.0571912jes""]",5.617,0.0,1,LiPF6,2.996,mol/l,mol/L,weight,,EC:0.300+EMC:0.700,0.6108643020548935,28.73,1.025,86.07508,3.0708999999999995,1,0,0,0,0,1,0.3,0,0.0,0,0.0,0,0.0,0,0.0,1,0.7,"('Li', 'PF6', 2.996, '[""EC"",""EMC""]', '[0.3,0.7]', 323.15)",242
saltPF6_rank06_row13634_q0p70,Li_PF6_1p0M_EC0p5PC0p5_T273p15_q070,parsed,3.8855,1.0510,Ionic conductivity = 3.8855 ± 1.0510 mS/cm,/scratch/hacortes/ADOBADO/LELi-MDLab/solvents/Q_Optimization/Li_PF6_1p0M_EC0p5PC0p5_T273p15_q070,/scratch/hacortes/ADOBADO/LELi-MDLab/solvents/Q_Optimization/Li_PF6_1p0M_EC0p5PC0p5_T273p15_q070/output_LELiB_MDLab.txt,13634,10.1016/0378-7753(91)80004-H,Li,PF6,1.0,"[""EC"",""PC""]","[0.5,0.5]",273.15,PF6,0.70,maximin descriptor spread within salt family; exact duplicate simulation inputs excluded,6,1,6,10.1016/0378-7753(91)80004-H,[13634],"[""10.1016/0378-7753(91)80004-H""]",3.46,0.0,1,LiPF6,1.0,mol/l,mol/L,volume,,EC:0.500+PC:0.500,0.6931471805599453,76.95,2.215,76.95,2.215,1,0,0,0,0,1,0.5,1,0.5,0,0.0,0,0.0,0,0.0,0,0.0,"('Li', 'PF6', 1.0, '[""EC"",""PC""]', '[0.5,0.5]', 273.15)",242
saltPF6_rank06_row13634_q0p75,Li_PF6_1p0M_EC0p5PC0p5_T273p15_q075,parsed,4.0744,0.2993,Ionic conductivity = 4.0744 ± 0.2993 mS/cm,/scratch/hacortes/ADOBADO/LELi-MDLab/solvents/Q_Optimization/Li_PF6_1p0M_EC0p5PC0p5_T273p15_q075,/scratch/hacortes/ADOBADO/LELi-MDLab/solvents/Q_Optimization/Li_PF6_1p0M_EC0p5PC0p5_T273p15_q075/output_LELiB_MDLab.txt,13634,10.1016/0378-7753(91)80004-H,Li,PF6,1.0,"[""EC"",""PC""]","[0.5,0.5]",273.15,PF6,0.75,maximin descriptor spread within salt family; exact duplicate simulation inputs excluded,6,1,6,10.1016/0378-7753(91)80004-H,[13634],"[""10.1016/0378-7753(91)80004-H""]",3.46,0.0,1,LiPF6,1.0,mol/l,mol/L,volume,,EC:0.500+PC:0.500,0.6931471805599453,76.95,2.215,76.95,2.215,1,0,0,0,0,1,0.5,1,0.5,0,0.0,0,0.0,0,0.0,0,0.0,"('Li', 'PF6', 1.0, '[""EC"",""PC""]', '[0.5,0.5]', 273.15)",242
saltPF6_rank06_row13634_q0p80,Li_PF6_1p0M_EC0p5PC0p5_T273p15_q080,parsed,3.4589,1.2882,Ionic conductivity = 3.4589 ± 1.2882 mS/cm,/scratch/hacortes/ADOBADO/LELi-MDLab/solvents/Q_Optimization/Li_PF6_1p0M_EC0p5PC0p5_T273p15_q080,/scratch/hacortes/ADOBADO/LELi-MDLab/solvents/Q_Optimization/Li_PF6_1p0M_EC0p5PC0p5_T273p15_q080/output_LELiB_MDLab.txt,13634,10.1016/0378-7753(91)80004-H,Li,PF6,1.0,"[""EC"",""PC""]","[0.5,0.5]",273.15,PF6,0.80,maximin descriptor spread within salt family; exact duplicate simulation inputs excluded,6,1,6,10.1016/0378-7753(91)80004-H,[13634],"[""10.1016/0378-7753(91)80004-H""]",3.46,0.0,1,LiPF6,1.0,mol/l,mol/L,volume,,EC:0.500+PC:0.500,0.6931471805599453,76.95,2.215,76.95,2.215,1,0,0,0,0,1,0.5,1,0.5,0,0.0,0,0.0,0,0.0,0,0.0,"('Li', 'PF6', 1.0, '[""EC"",""PC""]', '[0.5,0.5]', 273.15)",242
saltPF6_rank06_row13634_q0p85,Li_PF6_1p0M_EC0p5PC0p5_T273p15_q085,parsed,2.8241,0.2604,Ionic conductivity = 2.8241 ± 0.2604 mS/cm,/scratch/hacortes/ADOBADO/LELi-MDLab/solvents/Q_Optimization/Li_PF6_1p0M_EC0p5PC0p5_T273p15_q085,/scratch/hacortes/ADOBADO/LELi-MDLab/solvents/Q_Optimization/Li_PF6_1p0M_EC0p5PC0p5_T273p15_q085/output_LELiB_MDLab.txt,13634,10.1016/0378-7753(91)80004-H,Li,PF6,1.0,"[""EC"",""PC""]","[0.5,0.5]",273.15,PF6,0.85,maximin descriptor spread within salt family; exact duplicate simulation inputs excluded,6,1,6,10.1016/0378-7753(91)80004-H,[13634],"[""10.1016/0378-7753(91)80004-H""]",3.46,0.0,1,LiPF6,1.0,mol/l,mol/L,volume,,EC:0.500+PC:0.500,0.6931471805599453,76.95,2.215,76.95,2.215,1,0,0,0,0,1,0.5,1,0.5,0,0.0,0,0.0,0,0.0,0,0.0,"('Li', 'PF6', 1.0, '[""EC"",""PC""]', '[0.5,0.5]', 273.15)",242
saltPF6_rank06_row13634_q0p90,Li_PF6_1p0M_EC0p5PC0p5_T273p15_q090,parsed,2.2306,0.3675,Ionic conductivity = 2.2306 ± 0.3675 mS/cm,/scratch/hacortes/ADOBADO/LELi-MDLab/solvents/Q_Optimization/Li_PF6_1p0M_EC0p5PC0p5_T273p15_q090,/scratch/hacortes/ADOBADO/LELi-MDLab/solvents/Q_Optimization/Li_PF6_1p0M_EC0p5PC0p5_T273p15_q090/output_LELiB_MDLab.txt,13634,10.1016/0378-7753(91)80004-H,Li,PF6,1.0,"[""EC"",""PC""]","[0.5,0.5]",273.15,PF6,0.90,maximin descriptor spread within salt family; exact duplicate simulation inputs excluded,6,1,6,10.1016/0378-7753(91)80004-H,[13634],"[""10.1016/0378-7753(91)80004-H""]",3.46,0.0,1,LiPF6,1.0,mol/l,mol/L,volume,,EC:0.500+PC:0.500,0.6931471805599453,76.95,2.215,76.95,2.215,1,0,0,0,0,1,0.5,1,0.5,0,0.0,0,0.0,0,0.0,0,0.0,"('Li', 'PF6', 1.0, '[""EC"",""PC""]', '[0.5,0.5]', 273.15)",242
saltPF6_rank07_row11954_q0p70,Li_PF6_0p096M_EC0p3EMC0p7_T323p15_q070,parsed,3.1414,0.6384,Ionic conductivity = 3.1414 ± 0.6384 mS/cm,/scratch/hacortes/ADOBADO/LELi-MDLab/solvents/Q_Optimization/Li_PF6_0p096M_EC0p3EMC0p7_T323p15_q070,/scratch/hacortes/ADOBADO/LELi-MDLab/solvents/Q_Optimization/Li_PF6_0p096M_EC0p3EMC0p7_T323p15_q070/output_LELiB_MDLab.txt,11954,10.1149/2.0571912jes,Li,PF6,0.096,"[""EC"",""EMC""]","[0.3,0.7]",323.15,PF6,0.70,maximin descriptor spread within salt family; exact duplicate simulation inputs excluded,7,1,7,10.1149/2.0571912jes,[11954],"[""10.1149/2.0571912jes""]",3.556,0.0,1,LiPF6,0.096,mol/l,mol/L,weight,,EC:0.300+EMC:0.700,0.6108643020548935,28.73,1.025,2.75808,0.09839999999999999,1,0,0,0,0,1,0.3,0,0.0,0,0.0,0,0.0,0,0.0,1,0.7,"('Li', 'PF6', 0.096, '[""EC"",""EMC""]', '[0.3,0.7]', 323.15)",242
saltPF6_rank07_row11954_q0p75,Li_PF6_0p096M_EC0p3EMC0p7_T323p15_q075,parsed,2.7620,0.5361,Ionic conductivity = 2.7620 ± 0.5361 mS/cm,/scratch/hacortes/ADOBADO/LELi-MDLab/solvents/Q_Optimization/Li_PF6_0p096M_EC0p3EMC0p7_T323p15_q075,/scratch/hacortes/ADOBADO/LELi-MDLab/solvents/Q_Optimization/Li_PF6_0p096M_EC0p3EMC0p7_T323p15_q075/output_LELiB_MDLab.txt,11954,10.1149/2.0571912jes,Li,PF6,0.096,"[""EC"",""EMC""]","[0.3,0.7]",323.15,PF6,0.75,maximin descriptor spread within salt family; exact duplicate simulation inputs excluded,7,1,7,10.1149/2.0571912jes,[11954],"[""10.1149/2.0571912jes""]",3.556,0.0,1,LiPF6,0.096,mol/l,mol/L,weight,,EC:0.300+EMC:0.700,0.6108643020548935,28.73,1.025,2.75808,0.09839999999999999,1,0,0,0,0,1,0.3,0,0.0,0,0.0,0,0.0,0,0.0,1,0.7,"('Li', 'PF6', 0.096, '[""EC"",""EMC""]', '[0.3,0.7]', 323.15)",242
saltPF6_rank07_row11954_q0p80,Li_PF6_0p096M_EC0p3EMC0p7_T323p15_q080,parsed,2.6653,0.2851,Ionic conductivity = 2.6653 ± 0.2851 mS/cm,/scratch/hacortes/ADOBADO/LELi-MDLab/solvents/Q_Optimization/Li_PF6_0p096M_EC0p3EMC0p7_T323p15_q080,/scratch/hacortes/ADOBADO/LELi-MDLab/solvents/Q_Optimization/Li_PF6_0p096M_EC0p3EMC0p7_T323p15_q080/output_LELiB_MDLab.txt,11954,10.1149/2.0571912jes,Li,PF6,0.096,"[""EC"",""EMC""]","[0.3,0.7]",323.15,PF6,0.80,maximin descriptor spread within salt family; exact duplicate simulation inputs excluded,7,1,7,10.1149/2.0571912jes,[11954],"[""10.1149/2.0571912jes""]",3.556,0.0,1,LiPF6,0.096,mol/l,mol/L,weight,,EC:0.300+EMC:0.700,0.6108643020548935,28.73,1.025,2.75808,0.09839999999999999,1,0,0,0,0,1,0.3,0,0.0,0,0.0,0,0.0,0,0.0,1,0.7,"('Li', 'PF6', 0.096, '[""EC"",""EMC""]', '[0.3,0.7]', 323.15)",242
saltPF6_rank07_row11954_q0p85,Li_PF6_0p096M_EC0p3EMC0p7_T323p15_q085,parsed,3.3143,0.8451,Ionic conductivity = 3.3143 ± 0.8451 mS/cm,/scratch/hacortes/ADOBADO/LELi-MDLab/solvents/Q_Optimization/Li_PF6_0p096M_EC0p3EMC0p7_T323p15_q085,/scratch/hacortes/ADOBADO/LELi-MDLab/solvents/Q_Optimization/Li_PF6_0p096M_EC0p3EMC0p7_T323p15_q085/output_LELiB_MDLab.txt,11954,10.1149/2.0571912jes,Li,PF6,0.096,"[""EC"",""EMC""]","[0.3,0.7]",323.15,PF6,0.85,maximin descriptor spread within salt family; exact duplicate simulation inputs excluded,7,1,7,10.1149/2.0571912jes,[11954],"[""10.1149/2.0571912jes""]",3.556,0.0,1,LiPF6,0.096,mol/l,mol/L,weight,,EC:0.300+EMC:0.700,0.6108643020548935,28.73,1.025,2.75808,0.09839999999999999,1,0,0,0,0,1,0.3,0,0.0,0,0.0,0,0.0,0,0.0,1,0.7,"('Li', 'PF6', 0.096, '[""EC"",""EMC""]', '[0.3,0.7]', 323.15)",242
saltPF6_rank07_row11954_q0p90,Li_PF6_0p096M_EC0p3EMC0p7_T323p15_q090,parsed,3.0741,0.6931,Ionic conductivity = 3.0741 ± 0.6931 mS/cm,/scratch/hacortes/ADOBADO/LELi-MDLab/solvents/Q_Optimization/Li_PF6_0p096M_EC0p3EMC0p7_T323p15_q090,/scratch/hacortes/ADOBADO/LELi-MDLab/solvents/Q_Optimization/Li_PF6_0p096M_EC0p3EMC0p7_T323p15_q090/output_LELiB_MDLab.txt,11954,10.1149/2.0571912jes,Li,PF6,0.096,"[""EC"",""EMC""]","[0.3,0.7]",323.15,PF6,0.90,maximin descriptor spread within salt family; exact duplicate simulation inputs excluded,7,1,7,10.1149/2.0571912jes,[11954],"[""10.1149/2.0571912jes""]",3.556,0.0,1,LiPF6,0.096,mol/l,mol/L,weight,,EC:0.300+EMC:0.700,0.6108643020548935,28.73,1.025,2.75808,0.09839999999999999,1,0,0,0,0,1,0.3,0,0.0,0,0.0,0,0.0,0,0.0,1,0.7,"('Li', 'PF6', 0.096, '[""EC"",""EMC""]', '[0.3,0.7]', 323.15)",242
saltPF6_rank08_row12004_q0p70,Li_PF6_0p5M_EC0p5DEC0p5_T313p15_q070,parsed,8.9232,2.6345,Ionic conductivity = 8.9232 ± 2.6345 mS/cm,/scratch/hacortes/ADOBADO/LELi-MDLab/solvents/Q_Optimization/Li_PF6_0p5M_EC0p5DEC0p5_T313p15_q070,/scratch/hacortes/ADOBADO/LELi-MDLab/solvents/Q_Optimization/Li_PF6_0p5M_EC0p5DEC0p5_T313p15_q070/output_LELiB_MDLab.txt,12004,10.1149/2.0641503jes,Li,PF6,0.5,"[""EC"",""DEC""]","[0.5,0.5]",313.15,PF6,0.70,maximin descriptor spread within salt family; exact duplicate simulation inputs excluded,8,1,8,10.1149/2.0641503jes,[12004],"[""10.1149/2.0641503jes""]",8.738205467,0.0,1,LiPF6,0.5,mol/l,mol/L,weight,,EC:0.500+DEC:0.500,0.6931471805599453,45.9,1.255,22.95,0.6275,1,0,0,0,0,1,0.5,0,0.0,0,0.0,0,0.0,1,0.5,0,0.0,"('Li', 'PF6', 0.5, '[""EC"",""DEC""]', '[0.5,0.5]', 313.15)",242
saltPF6_rank08_row12004_q0p75,Li_PF6_0p5M_EC0p5DEC0p5_T313p15_q075,parsed,8.6700,2.7960,Ionic conductivity = 8.6700 ± 2.7960 mS/cm,/scratch/hacortes/ADOBADO/LELi-MDLab/solvents/Q_Optimization/Li_PF6_0p5M_EC0p5DEC0p5_T313p15_q075,/scratch/hacortes/ADOBADO/LELi-MDLab/solvents/Q_Optimization/Li_PF6_0p5M_EC0p5DEC0p5_T313p15_q075/output_LELiB_MDLab.txt,12004,10.1149/2.0641503jes,Li,PF6,0.5,"[""EC"",""DEC""]","[0.5,0.5]",313.15,PF6,0.75,maximin descriptor spread within salt family; exact duplicate simulation inputs excluded,8,1,8,10.1149/2.0641503jes,[12004],"[""10.1149/2.0641503jes""]",8.738205467,0.0,1,LiPF6,0.5,mol/l,mol/L,weight,,EC:0.500+DEC:0.500,0.6931471805599453,45.9,1.255,22.95,0.6275,1,0,0,0,0,1,0.5,0,0.0,0,0.0,0,0.0,1,0.5,0,0.0,"('Li', 'PF6', 0.5, '[""EC"",""DEC""]', '[0.5,0.5]', 313.15)",242
saltPF6_rank08_row12004_q0p80,Li_PF6_0p5M_EC0p5DEC0p5_T313p15_q080,parsed,10.0224,1.5182,Ionic conductivity = 10.0224 ± 1.5182 mS/cm,/scratch/hacortes/ADOBADO/LELi-MDLab/solvents/Q_Optimization/Li_PF6_0p5M_EC0p5DEC0p5_T313p15_q080,/scratch/hacortes/ADOBADO/LELi-MDLab/solvents/Q_Optimization/Li_PF6_0p5M_EC0p5DEC0p5_T313p15_q080/output_LELiB_MDLab.txt,12004,10.1149/2.0641503jes,Li,PF6,0.5,"[""EC"",""DEC""]","[0.5,0.5]",313.15,PF6,0.80,maximin descriptor spread within salt family; exact duplicate simulation inputs excluded,8,1,8,10.1149/2.0641503jes,[12004],"[""10.1149/2.0641503jes""]",8.738205467,0.0,1,LiPF6,0.5,mol/l,mol/L,weight,,EC:0.500+DEC:0.500,0.6931471805599453,45.9,1.255,22.95,0.6275,1,0,0,0,0,1,0.5,0,0.0,0,0.0,0,0.0,1,0.5,0,0.0,"('Li', 'PF6', 0.5, '[""EC"",""DEC""]', '[0.5,0.5]', 313.15)",242
saltPF6_rank08_row12004_q0p85,Li_PF6_0p5M_EC0p5DEC0p5_T313p15_q085,parsed,9.6617,1.2632,Ionic conductivity = 9.6617 ± 1.2632 mS/cm,/scratch/hacortes/ADOBADO/LELi-MDLab/solvents/Q_Optimization/Li_PF6_0p5M_EC0p5DEC0p5_T313p15_q085,/scratch/hacortes/ADOBADO/LELi-MDLab/solvents/Q_Optimization/Li_PF6_0p5M_EC0p5DEC0p5_T313p15_q085/output_LELiB_MDLab.txt,12004,10.1149/2.0641503jes,Li,PF6,0.5,"[""EC"",""DEC""]","[0.5,0.5]",313.15,PF6,0.85,maximin descriptor spread within salt family; exact duplicate simulation inputs excluded,8,1,8,10.1149/2.0641503jes,[12004],"[""10.1149/2.0641503jes""]",8.738205467,0.0,1,LiPF6,0.5,mol/l,mol/L,weight,,EC:0.500+DEC:0.500,0.6931471805599453,45.9,1.255,22.95,0.6275,1,0,0,0,0,1,0.5,0,0.0,0,0.0,0,0.0,1,0.5,0,0.0,"('Li', 'PF6', 0.5, '[""EC"",""DEC""]', '[0.5,0.5]', 313.15)",242
saltPF6_rank08_row12004_q0p90,Li_PF6_0p5M_EC0p5DEC0p5_T313p15_q090,parsed,6.8922,2.0182,Ionic conductivity = 6.8922 ± 2.0182 mS/cm,/scratch/hacortes/ADOBADO/LELi-MDLab/solvents/Q_Optimization/Li_PF6_0p5M_EC0p5DEC0p5_T313p15_q090,/scratch/hacortes/ADOBADO/LELi-MDLab/solvents/Q_Optimization/Li_PF6_0p5M_EC0p5DEC0p5_T313p15_q090/output_LELiB_MDLab.txt,12004,10.1149/2.0641503jes,Li,PF6,0.5,"[""EC"",""DEC""]","[0.5,0.5]",313.15,PF6,0.90,maximin descriptor spread within salt family; exact duplicate simulation inputs excluded,8,1,8,10.1149/2.0641503jes,[12004],"[""10.1149/2.0641503jes""]",8.738205467,0.0,1,LiPF6,0.5,mol/l,mol/L,weight,,EC:0.500+DEC:0.500,0.6931471805599453,45.9,1.255,22.95,0.6275,1,0,0,0,0,1,0.5,0,0.0,0,0.0,0,0.0,1,0.5,0,0.0,"('Li', 'PF6', 0.5, '[""EC"",""DEC""]', '[0.5,0.5]', 313.15)",242
saltPF6_rank09_row10878_q0p70,Li_PF6_2p240215924M_EC0p27PC0p1DMC0p63_T333p0_q070,parsed,19.7431,3.6756,Ionic conductivity = 19.7431 ± 3.6756 mS/cm,/scratch/hacortes/ADOBADO/LELi-MDLab/solvents/Q_Optimization/Li_PF6_2p240215924M_EC0p27PC0p1DMC0p63_T333p0_q070,/scratch/hacortes/ADOBADO/LELi-MDLab/solvents/Q_Optimization/Li_PF6_2p240215924M_EC0p27PC0p1DMC0p63_T333p0_q070/output_LELiB_MDLab.txt,10878,10.1149/1.1872737,Li,PF6,2.240215924,"[""EC"",""PC"",""DMC""]","[0.27,0.1,0.63]",333.0,PF6,0.70,maximin descriptor spread within salt family; exact duplicate simulation inputs excluded,9,1,9,10.1149/1.1872737,"[10878,10879,10880]","[""10.1149/1.1872737""]",15.816490216666667,0.48859462094887013,3,LiPF6,2.240215924,mol/l,mol/L,volume,,EC:0.270+PC:0.100+DMC:0.630,0.8748608452408524,32.473,1.1377,72.746531700052,2.5486936567348,1,0,0,0,0,1,0.27,1,0.1,0,0.0,1,0.63,0,0.0,0,0.0,"('Li', 'PF6', 2.240215924, '[""EC"",""PC"",""DMC""]', '[0.27,0.1,0.63]', 333.0)",242
saltPF6_rank09_row10878_q0p75,Li_PF6_2p240215924M_EC0p27PC0p1DMC0p63_T333p0_q075,parsed,14.3961,4.2667,Ionic conductivity = 14.3961 ± 4.2667 mS/cm,/scratch/hacortes/ADOBADO/LELi-MDLab/solvents/Q_Optimization/Li_PF6_2p240215924M_EC0p27PC0p1DMC0p63_T333p0_q075,/scratch/hacortes/ADOBADO/LELi-MDLab/solvents/Q_Optimization/Li_PF6_2p240215924M_EC0p27PC0p1DMC0p63_T333p0_q075/output_LELiB_MDLab.txt,10878,10.1149/1.1872737,Li,PF6,2.240215924,"[""EC"",""PC"",""DMC""]","[0.27,0.1,0.63]",333.0,PF6,0.75,maximin descriptor spread within salt family; exact duplicate simulation inputs excluded,9,1,9,10.1149/1.1872737,"[10878,10879,10880]","[""10.1149/1.1872737""]",15.816490216666667,0.48859462094887013,3,LiPF6,2.240215924,mol/l,mol/L,volume,,EC:0.270+PC:0.100+DMC:0.630,0.8748608452408524,32.473,1.1377,72.746531700052,2.5486936567348,1,0,0,0,0,1,0.27,1,0.1,0,0.0,1,0.63,0,0.0,0,0.0,"('Li', 'PF6', 2.240215924, '[""EC"",""PC"",""DMC""]', '[0.27,0.1,0.63]', 333.0)",242
saltPF6_rank09_row10878_q0p80,Li_PF6_2p240215924M_EC0p27PC0p1DMC0p63_T333p0_q080,parsed,15.1928,5.3330,Ionic conductivity = 15.1928 ± 5.3330 mS/cm,/scratch/hacortes/ADOBADO/LELi-MDLab/solvents/Q_Optimization/Li_PF6_2p240215924M_EC0p27PC0p1DMC0p63_T333p0_q080,/scratch/hacortes/ADOBADO/LELi-MDLab/solvents/Q_Optimization/Li_PF6_2p240215924M_EC0p27PC0p1DMC0p63_T333p0_q080/output_LELiB_MDLab.txt,10878,10.1149/1.1872737,Li,PF6,2.240215924,"[""EC"",""PC"",""DMC""]","[0.27,0.1,0.63]",333.0,PF6,0.80,maximin descriptor spread within salt family; exact duplicate simulation inputs excluded,9,1,9,10.1149/1.1872737,"[10878,10879,10880]","[""10.1149/1.1872737""]",15.816490216666667,0.48859462094887013,3,LiPF6,2.240215924,mol/l,mol/L,volume,,EC:0.270+PC:0.100+DMC:0.630,0.8748608452408524,32.473,1.1377,72.746531700052,2.5486936567348,1,0,0,0,0,1,0.27,1,0.1,0,0.0,1,0.63,0,0.0,0,0.0,"('Li', 'PF6', 2.240215924, '[""EC"",""PC"",""DMC""]', '[0.27,0.1,0.63]', 333.0)",242
saltPF6_rank09_row10878_q0p85,Li_PF6_2p240215924M_EC0p27PC0p1DMC0p63_T333p0_q085,parsed,9.3742,3.2033,Ionic conductivity = 9.3742 ± 3.2033 mS/cm,/scratch/hacortes/ADOBADO/LELi-MDLab/solvents/Q_Optimization/Li_PF6_2p240215924M_EC0p27PC0p1DMC0p63_T333p0_q085,/scratch/hacortes/ADOBADO/LELi-MDLab/solvents/Q_Optimization/Li_PF6_2p240215924M_EC0p27PC0p1DMC0p63_T333p0_q085/output_LELiB_MDLab.txt,10878,10.1149/1.1872737,Li,PF6,2.240215924,"[""EC"",""PC"",""DMC""]","[0.27,0.1,0.63]",333.0,PF6,0.85,maximin descriptor spread within salt family; exact duplicate simulation inputs excluded,9,1,9,10.1149/1.1872737,"[10878,10879,10880]","[""10.1149/1.1872737""]",15.816490216666667,0.48859462094887013,3,LiPF6,2.240215924,mol/l,mol/L,volume,,EC:0.270+PC:0.100+DMC:0.630,0.8748608452408524,32.473,1.1377,72.746531700052,2.5486936567348,1,0,0,0,0,1,0.27,1,0.1,0,0.0,1,0.63,0,0.0,0,0.0,"('Li', 'PF6', 2.240215924, '[""EC"",""PC"",""DMC""]', '[0.27,0.1,0.63]', 333.0)",242
saltPF6_rank09_row10878_q0p90,Li_PF6_2p240215924M_EC0p27PC0p1DMC0p63_T333p0_q090,parsed,9.0697,2.6914,Ionic conductivity = 9.0697 ± 2.6914 mS/cm,/scratch/hacortes/ADOBADO/LELi-MDLab/solvents/Q_Optimization/Li_PF6_2p240215924M_EC0p27PC0p1DMC0p63_T333p0_q090,/scratch/hacortes/ADOBADO/LELi-MDLab/solvents/Q_Optimization/Li_PF6_2p240215924M_EC0p27PC0p1DMC0p63_T333p0_q090/output_LELiB_MDLab.txt,10878,10.1149/1.1872737,Li,PF6,2.240215924,"[""EC"",""PC"",""DMC""]","[0.27,0.1,0.63]",333.0,PF6,0.90,maximin descriptor spread within salt family; exact duplicate simulation inputs excluded,9,1,9,10.1149/1.1872737,"[10878,10879,10880]","[""10.1149/1.1872737""]",15.816490216666667,0.48859462094887013,3,LiPF6,2.240215924,mol/l,mol/L,volume,,EC:0.270+PC:0.100+DMC:0.630,0.8748608452408524,32.473,1.1377,72.746531700052,2.5486936567348,1,0,0,0,0,1,0.27,1,0.1,0,0.0,1,0.63,0,0.0,0,0.0,"('Li', 'PF6', 2.240215924, '[""EC"",""PC"",""DMC""]', '[0.27,0.1,0.63]', 333.0)",242
saltPF6_rank10_row13646_q0p70,Li_PF6_1p0M_EC0p5PC0p5_T353p15_q070,parsed,16.9764,3.6625,Ionic conductivity = 16.9764 ± 3.6625 mS/cm,/scratch/hacortes/ADOBADO/LELi-MDLab/solvents/Q_Optimization/Li_PF6_1p0M_EC0p5PC0p5_T353p15_q070,/scratch/hacortes/ADOBADO/LELi-MDLab/solvents/Q_Optimization/Li_PF6_1p0M_EC0p5PC0p5_T353p15_q070/output_LELiB_MDLab.txt,13646,10.1016/0378-7753(91)80004-H,Li,PF6,1.0,"[""EC"",""PC""]","[0.5,0.5]",353.15,PF6,0.70,maximin descriptor spread within salt family; exact duplicate simulation inputs excluded,10,1,10,10.1016/0378-7753(91)80004-H,[13646],"[""10.1016/0378-7753(91)80004-H""]",19.35,0.0,1,LiPF6,1.0,mol/l,mol/L,volume,,EC:0.500+PC:0.500,0.6931471805599453,76.95,2.215,76.95,2.215,1,0,0,0,0,1,0.5,1,0.5,0,0.0,0,0.0,0,0.0,0,0.0,"('Li', 'PF6', 1.0, '[""EC"",""PC""]', '[0.5,0.5]', 353.15)",242
saltPF6_rank10_row13646_q0p75,Li_PF6_1p0M_EC0p5PC0p5_T353p15_q075,parsed,21.0011,3.8527,Ionic conductivity = 21.0011 ± 3.8527 mS/cm,/scratch/hacortes/ADOBADO/LELi-MDLab/solvents/Q_Optimization/Li_PF6_1p0M_EC0p5PC0p5_T353p15_q075,/scratch/hacortes/ADOBADO/LELi-MDLab/solvents/Q_Optimization/Li_PF6_1p0M_EC0p5PC0p5_T353p15_q075/output_LELiB_MDLab.txt,13646,10.1016/0378-7753(91)80004-H,Li,PF6,1.0,"[""EC"",""PC""]","[0.5,0.5]",353.15,PF6,0.75,maximin descriptor spread within salt family; exact duplicate simulation inputs excluded,10,1,10,10.1016/0378-7753(91)80004-H,[13646],"[""10.1016/0378-7753(91)80004-H""]",19.35,0.0,1,LiPF6,1.0,mol/l,mol/L,volume,,EC:0.500+PC:0.500,0.6931471805599453,76.95,2.215,76.95,2.215,1,0,0,0,0,1,0.5,1,0.5,0,0.0,0,0.0,0,0.0,0,0.0,"('Li', 'PF6', 1.0, '[""EC"",""PC""]', '[0.5,0.5]', 353.15)",242
saltPF6_rank10_row13646_q0p80,Li_PF6_1p0M_EC0p5PC0p5_T353p15_q080,parsed,22.1624,4.0187,Ionic conductivity = 22.1624 ± 4.0187 mS/cm,/scratch/hacortes/ADOBADO/LELi-MDLab/solvents/Q_Optimization/Li_PF6_1p0M_EC0p5PC0p5_T353p15_q080,/scratch/hacortes/ADOBADO/LELi-MDLab/solvents/Q_Optimization/Li_PF6_1p0M_EC0p5PC0p5_T353p15_q080/output_LELiB_MDLab.txt,13646,10.1016/0378-7753(91)80004-H,Li,PF6,1.0,"[""EC"",""PC""]","[0.5,0.5]",353.15,PF6,0.80,maximin descriptor spread within salt family; exact duplicate simulation inputs excluded,10,1,10,10.1016/0378-7753(91)80004-H,[13646],"[""10.1016/0378-7753(91)80004-H""]",19.35,0.0,1,LiPF6,1.0,mol/l,mol/L,volume,,EC:0.500+PC:0.500,0.6931471805599453,76.95,2.215,76.95,2.215,1,0,0,0,0,1,0.5,1,0.5,0,0.0,0,0.0,0,0.0,0,0.0,"('Li', 'PF6', 1.0, '[""EC"",""PC""]', '[0.5,0.5]', 353.15)",242
saltPF6_rank10_row13646_q0p85,Li_PF6_1p0M_EC0p5PC0p5_T353p15_q085,parsed,18.4457,3.0228,Ionic conductivity = 18.4457 ± 3.0228 mS/cm,/scratch/hacortes/ADOBADO/LELi-MDLab/solvents/Q_Optimization/Li_PF6_1p0M_EC0p5PC0p5_T353p15_q085,/scratch/hacortes/ADOBADO/LELi-MDLab/solvents/Q_Optimization/Li_PF6_1p0M_EC0p5PC0p5_T353p15_q085/output_LELiB_MDLab.txt,13646,10.1016/0378-7753(91)80004-H,Li,PF6,1.0,"[""EC"",""PC""]","[0.5,0.5]",353.15,PF6,0.85,maximin descriptor spread within salt family; exact duplicate simulation inputs excluded,10,1,10,10.1016/0378-7753(91)80004-H,[13646],"[""10.1016/0378-7753(91)80004-H""]",19.35,0.0,1,LiPF6,1.0,mol/l,mol/L,volume,,EC:0.500+PC:0.500,0.6931471805599453,76.95,2.215,76.95,2.215,1,0,0,0,0,1,0.5,1,0.5,0,0.0,0,0.0,0,0.0,0,0.0,"('Li', 'PF6', 1.0, '[""EC"",""PC""]', '[0.5,0.5]', 353.15)",242
saltPF6_rank10_row13646_q0p90,Li_PF6_1p0M_EC0p5PC0p5_T353p15_q090,parsed,13.1352,3.2682,Ionic conductivity = 13.1352 ± 3.2682 mS/cm,/scratch/hacortes/ADOBADO/LELi-MDLab/solvents/Q_Optimization/Li_PF6_1p0M_EC0p5PC0p5_T353p15_q090,/scratch/hacortes/ADOBADO/LELi-MDLab/solvents/Q_Optimization/Li_PF6_1p0M_EC0p5PC0p5_T353p15_q090/output_LELiB_MDLab.txt,13646,10.1016/0378-7753(91)80004-H,Li,PF6,1.0,"[""EC"",""PC""]","[0.5,0.5]",353.15,PF6,0.90,maximin descriptor spread within salt family; exact duplicate simulation inputs excluded,10,1,10,10.1016/0378-7753(91)80004-H,[13646],"[""10.1016/0378-7753(91)80004-H""]",19.35,0.0,1,LiPF6,1.0,mol/l,mol/L,volume,,EC:0.500+PC:0.500,0.6931471805599453,76.95,2.215,76.95,2.215,1,0,0,0,0,1,0.5,1,0.5,0,0.0,0,0.0,0,0.0,0,0.0,"('Li', 'PF6', 1.0, '[""EC"",""PC""]', '[0.5,0.5]', 353.15)",242
saltPF6_rank11_row11917_q0p70,Li_PF6_3p0M_EC0p5DMC0p5_T323p15_q070,parsed,14.0762,3.7050,Ionic conductivity = 14.0762 ± 3.7050 mS/cm,/scratch/hacortes/ADOBADO/LELi-MDLab/solvents/Q_Optimization/Li_PF6_3p0M_EC0p5DMC0p5_T323p15_q070,/scratch/hacortes/ADOBADO/LELi-MDLab/solvents/Q_Optimization/Li_PF6_3p0M_EC0p5DMC0p5_T323p15_q070/output_LELiB_MDLab.txt,11917,10.1149/2.0571912jes,Li,PF6,3.0,"[""EC"",""DMC""]","[0.5,0.5]",323.15,PF6,0.70,maximin descriptor spread within salt family; exact duplicate simulation inputs excluded,11,1,11,10.1149/2.0571912jes,[11917],"[""10.1149/2.0571912jes""]",7.98,0.0,1,LiPF6,3.0,mol/l,mol/L,weight,,EC:0.500+DMC:0.500,0.6931471805599453,46.05,1.2449999999999999,138.14999999999998,3.7349999999999994,1,0,0,0,0,1,0.5,0,0.0,0,0.0,1,0.5,0,0.0,0,0.0,"('Li', 'PF6', 3.0, '[""EC"",""DMC""]', '[0.5,0.5]', 323.15)",242
saltPF6_rank11_row11917_q0p75,Li_PF6_3p0M_EC0p5DMC0p5_T323p15_q075,parsed,9.3869,2.6785,Ionic conductivity = 9.3869 ± 2.6785 mS/cm,/scratch/hacortes/ADOBADO/LELi-MDLab/solvents/Q_Optimization/Li_PF6_3p0M_EC0p5DMC0p5_T323p15_q075,/scratch/hacortes/ADOBADO/LELi-MDLab/solvents/Q_Optimization/Li_PF6_3p0M_EC0p5DMC0p5_T323p15_q075/output_LELiB_MDLab.txt,11917,10.1149/2.0571912jes,Li,PF6,3.0,"[""EC"",""DMC""]","[0.5,0.5]",323.15,PF6,0.75,maximin descriptor spread within salt family; exact duplicate simulation inputs excluded,11,1,11,10.1149/2.0571912jes,[11917],"[""10.1149/2.0571912jes""]",7.98,0.0,1,LiPF6,3.0,mol/l,mol/L,weight,,EC:0.500+DMC:0.500,0.6931471805599453,46.05,1.2449999999999999,138.14999999999998,3.7349999999999994,1,0,0,0,0,1,0.5,0,0.0,0,0.0,1,0.5,0,0.0,0,0.0,"('Li', 'PF6', 3.0, '[""EC"",""DMC""]', '[0.5,0.5]', 323.15)",242
saltPF6_rank11_row11917_q0p80,Li_PF6_3p0M_EC0p5DMC0p5_T323p15_q080,parsed,7.6131,1.7718,Ionic conductivity = 7.6131 ± 1.7718 mS/cm,/scratch/hacortes/ADOBADO/LELi-MDLab/solvents/Q_Optimization/Li_PF6_3p0M_EC0p5DMC0p5_T323p15_q080,/scratch/hacortes/ADOBADO/LELi-MDLab/solvents/Q_Optimization/Li_PF6_3p0M_EC0p5DMC0p5_T323p15_q080/output_LELiB_MDLab.txt,11917,10.1149/2.0571912jes,Li,PF6,3.0,"[""EC"",""DMC""]","[0.5,0.5]",323.15,PF6,0.80,maximin descriptor spread within salt family; exact duplicate simulation inputs excluded,11,1,11,10.1149/2.0571912jes,[11917],"[""10.1149/2.0571912jes""]",7.98,0.0,1,LiPF6,3.0,mol/l,mol/L,weight,,EC:0.500+DMC:0.500,0.6931471805599453,46.05,1.2449999999999999,138.14999999999998,3.7349999999999994,1,0,0,0,0,1,0.5,0,0.0,0,0.0,1,0.5,0,0.0,0,0.0,"('Li', 'PF6', 3.0, '[""EC"",""DMC""]', '[0.5,0.5]', 323.15)",242
saltPF6_rank11_row11917_q0p85,Li_PF6_3p0M_EC0p5DMC0p5_T323p15_q085,parsed,5.6296,0.7208,Ionic conductivity = 5.6296 ± 0.7208 mS/cm,/scratch/hacortes/ADOBADO/LELi-MDLab/solvents/Q_Optimization/Li_PF6_3p0M_EC0p5DMC0p5_T323p15_q085,/scratch/hacortes/ADOBADO/LELi-MDLab/solvents/Q_Optimization/Li_PF6_3p0M_EC0p5DMC0p5_T323p15_q085/output_LELiB_MDLab.txt,11917,10.1149/2.0571912jes,Li,PF6,3.0,"[""EC"",""DMC""]","[0.5,0.5]",323.15,PF6,0.85,maximin descriptor spread within salt family; exact duplicate simulation inputs excluded,11,1,11,10.1149/2.0571912jes,[11917],"[""10.1149/2.0571912jes""]",7.98,0.0,1,LiPF6,3.0,mol/l,mol/L,weight,,EC:0.500+DMC:0.500,0.6931471805599453,46.05,1.2449999999999999,138.14999999999998,3.7349999999999994,1,0,0,0,0,1,0.5,0,0.0,0,0.0,1,0.5,0,0.0,0,0.0,"('Li', 'PF6', 3.0, '[""EC"",""DMC""]', '[0.5,0.5]', 323.15)",242
saltPF6_rank11_row11917_q0p90,Li_PF6_3p0M_EC0p5DMC0p5_T323p15_q090,parsed,2.7414,0.5428,Ionic conductivity = 2.7414 ± 0.5428 mS/cm,/scratch/hacortes/ADOBADO/LELi-MDLab/solvents/Q_Optimization/Li_PF6_3p0M_EC0p5DMC0p5_T323p15_q090,/scratch/hacortes/ADOBADO/LELi-MDLab/solvents/Q_Optimization/Li_PF6_3p0M_EC0p5DMC0p5_T323p15_q090/output_LELiB_MDLab.txt,11917,10.1149/2.0571912jes,Li,PF6,3.0,"[""EC"",""DMC""]","[0.5,0.5]",323.15,PF6,0.90,maximin descriptor spread within salt family; exact duplicate simulation inputs excluded,11,1,11,10.1149/2.0571912jes,[11917],"[""10.1149/2.0571912jes""]",7.98,0.0,1,LiPF6,3.0,mol/l,mol/L,weight,,EC:0.500+DMC:0.500,0.6931471805599453,46.05,1.2449999999999999,138.14999999999998,3.7349999999999994,1,0,0,0,0,1,0.5,0,0.0,0,0.0,1,0.5,0,0.0,0,0.0,"('Li', 'PF6', 3.0, '[""EC"",""DMC""]', '[0.5,0.5]', 323.15)",242
saltPF6_rank12_row4363_q0p70,Li_PF6_1p0M_EC0p3EMC0p7_T222p7274648_q070,parsed,1.1745,0.3842,Ionic conductivity = 1.1745 ± 0.3842 mS/cm,/scratch/hacortes/ADOBADO/LELi-MDLab/solvents/Q_Optimization/Li_PF6_1p0M_EC0p3EMC0p7_T222p7274648_q070,/scratch/hacortes/ADOBADO/LELi-MDLab/solvents/Q_Optimization/Li_PF6_1p0M_EC0p3EMC0p7_T222p7274648_q070/output_LELiB_MDLab.txt,4363,10.1149/1.1466857,Li,PF6,1.0,"[""EC"",""EMC""]","[0.3,0.7]",222.7274648,PF6,0.70,maximin descriptor spread within salt family; exact duplicate simulation inputs excluded,12,1,12,10.1149/1.1466857,[4363],"[""10.1149/1.1466857""]",0.551948052,0.0,1,LiPF6,1.0,mol/l,mol/L,weight,,EC:0.300+EMC:0.700,0.6108643020548935,28.73,1.025,28.73,1.025,1,0,0,0,0,1,0.3,0,0.0,0,0.0,0,0.0,0,0.0,1,0.7,"('Li', 'PF6', 1.0, '[""EC"",""EMC""]', '[0.3,0.7]', 222.7274648)",242
saltPF6_rank12_row4363_q0p75,Li_PF6_1p0M_EC0p3EMC0p7_T222p7274648_q075,parsed,0.9197,0.1671,Ionic conductivity = 0.9197 ± 0.1671 mS/cm,/scratch/hacortes/ADOBADO/LELi-MDLab/solvents/Q_Optimization/Li_PF6_1p0M_EC0p3EMC0p7_T222p7274648_q075,/scratch/hacortes/ADOBADO/LELi-MDLab/solvents/Q_Optimization/Li_PF6_1p0M_EC0p3EMC0p7_T222p7274648_q075/output_LELiB_MDLab.txt,4363,10.1149/1.1466857,Li,PF6,1.0,"[""EC"",""EMC""]","[0.3,0.7]",222.7274648,PF6,0.75,maximin descriptor spread within salt family; exact duplicate simulation inputs excluded,12,1,12,10.1149/1.1466857,[4363],"[""10.1149/1.1466857""]",0.551948052,0.0,1,LiPF6,1.0,mol/l,mol/L,weight,,EC:0.300+EMC:0.700,0.6108643020548935,28.73,1.025,28.73,1.025,1,0,0,0,0,1,0.3,0,0.0,0,0.0,0,0.0,0,0.0,1,0.7,"('Li', 'PF6', 1.0, '[""EC"",""EMC""]', '[0.3,0.7]', 222.7274648)",242
saltPF6_rank12_row4363_q0p80,Li_PF6_1p0M_EC0p3EMC0p7_T222p7274648_q080,parsed,0.6416,0.1054,Ionic conductivity = 0.6416 ± 0.1054 mS/cm,/scratch/hacortes/ADOBADO/LELi-MDLab/solvents/Q_Optimization/Li_PF6_1p0M_EC0p3EMC0p7_T222p7274648_q080,/scratch/hacortes/ADOBADO/LELi-MDLab/solvents/Q_Optimization/Li_PF6_1p0M_EC0p3EMC0p7_T222p7274648_q080/output_LELiB_MDLab.txt,4363,10.1149/1.1466857,Li,PF6,1.0,"[""EC"",""EMC""]","[0.3,0.7]",222.7274648,PF6,0.80,maximin descriptor spread within salt family; exact duplicate simulation inputs excluded,12,1,12,10.1149/1.1466857,[4363],"[""10.1149/1.1466857""]",0.551948052,0.0,1,LiPF6,1.0,mol/l,mol/L,weight,,EC:0.300+EMC:0.700,0.6108643020548935,28.73,1.025,28.73,1.025,1,0,0,0,0,1,0.3,0,0.0,0,0.0,0,0.0,0,0.0,1,0.7,"('Li', 'PF6', 1.0, '[""EC"",""EMC""]', '[0.3,0.7]', 222.7274648)",242
saltPF6_rank12_row4363_q0p85,Li_PF6_1p0M_EC0p3EMC0p7_T222p7274648_q085,parsed,0.3774,0.1387,Ionic conductivity = 0.3774 ± 0.1387 mS/cm,/scratch/hacortes/ADOBADO/LELi-MDLab/solvents/Q_Optimization/Li_PF6_1p0M_EC0p3EMC0p7_T222p7274648_q085,/scratch/hacortes/ADOBADO/LELi-MDLab/solvents/Q_Optimization/Li_PF6_1p0M_EC0p3EMC0p7_T222p7274648_q085/output_LELiB_MDLab.txt,4363,10.1149/1.1466857,Li,PF6,1.0,"[""EC"",""EMC""]","[0.3,0.7]",222.7274648,PF6,0.85,maximin descriptor spread within salt family; exact duplicate simulation inputs excluded,12,1,12,10.1149/1.1466857,[4363],"[""10.1149/1.1466857""]",0.551948052,0.0,1,LiPF6,1.0,mol/l,mol/L,weight,,EC:0.300+EMC:0.700,0.6108643020548935,28.73,1.025,28.73,1.025,1,0,0,0,0,1,0.3,0,0.0,0,0.0,0,0.0,0,0.0,1,0.7,"('Li', 'PF6', 1.0, '[""EC"",""EMC""]', '[0.3,0.7]', 222.7274648)",242
saltPF6_rank12_row4363_q0p90,Li_PF6_1p0M_EC0p3EMC0p7_T222p7274648_q090,parsed,0.1922,0.0212,Ionic conductivity = 0.1922 ± 0.0212 mS/cm,/scratch/hacortes/ADOBADO/LELi-MDLab/solvents/Q_Optimization/Li_PF6_1p0M_EC0p3EMC0p7_T222p7274648_q090,/scratch/hacortes/ADOBADO/LELi-MDLab/solvents/Q_Optimization/Li_PF6_1p0M_EC0p3EMC0p7_T222p7274648_q090/output_LELiB_MDLab.txt,4363,10.1149/1.1466857,Li,PF6,1.0,"[""EC"",""EMC""]","[0.3,0.7]",222.7274648,PF6,0.90,maximin descriptor spread within salt family; exact duplicate simulation inputs excluded,12,1,12,10.1149/1.1466857,[4363],"[""10.1149/1.1466857""]",0.551948052,0.0,1,LiPF6,1.0,mol/l,mol/L,weight,,EC:0.300+EMC:0.700,0.6108643020548935,28.73,1.025,28.73,1.025,1,0,0,0,0,1,0.3,0,0.0,0,0.0,0,0.0,0,0.0,1,0.7,"('Li', 'PF6', 1.0, '[""EC"",""EMC""]', '[0.3,0.7]', 222.7274648)",242
saltPF6_rank13_row10874_q0p70,Li_PF6_0p391363023M_EC0p27PC0p1DMC0p63_T333p0_q070,parsed,10.9930,1.1162,Ionic conductivity = 10.9930 ± 1.1162 mS/cm,/scratch/hacortes/ADOBADO/LELi-MDLab/solvents/Q_Optimization/Li_PF6_0p391363023M_EC0p27PC0p1DMC0p63_T333p0_q070,/scratch/hacortes/ADOBADO/LELi-MDLab/solvents/Q_Optimization/Li_PF6_0p391363023M_EC0p27PC0p1DMC0p63_T333p0_q070/output_LELiB_MDLab.txt,10874,10.1149/1.1872737,Li,PF6,0.391363023,"[""EC"",""PC"",""DMC""]","[0.27,0.1,0.63]",333.0,PF6,0.70,maximin descriptor spread within salt family; exact duplicate simulation inputs excluded,13,1,13,10.1149/1.1872737,[10874],"[""10.1149/1.1872737""]",12.82483157,0.0,1,LiPF6,0.391363023,mol/l,mol/L,volume,,EC:0.270+PC:0.100+DMC:0.630,0.8748608452408524,32.473,1.1377,12.708731445879,0.44525371126709995,1,0,0,0,0,1,0.27,1,0.1,0,0.0,1,0.63,0,0.0,0,0.0,"('Li', 'PF6', 0.391363023, '[""EC"",""PC"",""DMC""]', '[0.27,0.1,0.63]', 333.0)",242
saltPF6_rank13_row10874_q0p75,Li_PF6_0p391363023M_EC0p27PC0p1DMC0p63_T333p0_q075,parsed,13.1501,0.7480,Ionic conductivity = 13.1501 ± 0.7480 mS/cm,/scratch/hacortes/ADOBADO/LELi-MDLab/solvents/Q_Optimization/Li_PF6_0p391363023M_EC0p27PC0p1DMC0p63_T333p0_q075,/scratch/hacortes/ADOBADO/LELi-MDLab/solvents/Q_Optimization/Li_PF6_0p391363023M_EC0p27PC0p1DMC0p63_T333p0_q075/output_LELiB_MDLab.txt,10874,10.1149/1.1872737,Li,PF6,0.391363023,"[""EC"",""PC"",""DMC""]","[0.27,0.1,0.63]",333.0,PF6,0.75,maximin descriptor spread within salt family; exact duplicate simulation inputs excluded,13,1,13,10.1149/1.1872737,[10874],"[""10.1149/1.1872737""]",12.82483157,0.0,1,LiPF6,0.391363023,mol/l,mol/L,volume,,EC:0.270+PC:0.100+DMC:0.630,0.8748608452408524,32.473,1.1377,12.708731445879,0.44525371126709995,1,0,0,0,0,1,0.27,1,0.1,0,0.0,1,0.63,0,0.0,0,0.0,"('Li', 'PF6', 0.391363023, '[""EC"",""PC"",""DMC""]', '[0.27,0.1,0.63]', 333.0)",242
saltPF6_rank13_row10874_q0p80,Li_PF6_0p391363023M_EC0p27PC0p1DMC0p63_T333p0_q080,parsed,10.7558,1.5207,Ionic conductivity = 10.7558 ± 1.5207 mS/cm,/scratch/hacortes/ADOBADO/LELi-MDLab/solvents/Q_Optimization/Li_PF6_0p391363023M_EC0p27PC0p1DMC0p63_T333p0_q080,/scratch/hacortes/ADOBADO/LELi-MDLab/solvents/Q_Optimization/Li_PF6_0p391363023M_EC0p27PC0p1DMC0p63_T333p0_q080/output_LELiB_MDLab.txt,10874,10.1149/1.1872737,Li,PF6,0.391363023,"[""EC"",""PC"",""DMC""]","[0.27,0.1,0.63]",333.0,PF6,0.80,maximin descriptor spread within salt family; exact duplicate simulation inputs excluded,13,1,13,10.1149/1.1872737,[10874],"[""10.1149/1.1872737""]",12.82483157,0.0,1,LiPF6,0.391363023,mol/l,mol/L,volume,,EC:0.270+PC:0.100+DMC:0.630,0.8748608452408524,32.473,1.1377,12.708731445879,0.44525371126709995,1,0,0,0,0,1,0.27,1,0.1,0,0.0,1,0.63,0,0.0,0,0.0,"('Li', 'PF6', 0.391363023, '[""EC"",""PC"",""DMC""]', '[0.27,0.1,0.63]', 333.0)",242
saltPF6_rank13_row10874_q0p85,Li_PF6_0p391363023M_EC0p27PC0p1DMC0p63_T333p0_q085,parsed,13.1079,3.6720,Ionic conductivity = 13.1079 ± 3.6720 mS/cm,/scratch/hacortes/ADOBADO/LELi-MDLab/solvents/Q_Optimization/Li_PF6_0p391363023M_EC0p27PC0p1DMC0p63_T333p0_q085,/scratch/hacortes/ADOBADO/LELi-MDLab/solvents/Q_Optimization/Li_PF6_0p391363023M_EC0p27PC0p1DMC0p63_T333p0_q085/output_LELiB_MDLab.txt,10874,10.1149/1.1872737,Li,PF6,0.391363023,"[""EC"",""PC"",""DMC""]","[0.27,0.1,0.63]",333.0,PF6,0.85,maximin descriptor spread within salt family; exact duplicate simulation inputs excluded,13,1,13,10.1149/1.1872737,[10874],"[""10.1149/1.1872737""]",12.82483157,0.0,1,LiPF6,0.391363023,mol/l,mol/L,volume,,EC:0.270+PC:0.100+DMC:0.630,0.8748608452408524,32.473,1.1377,12.708731445879,0.44525371126709995,1,0,0,0,0,1,0.27,1,0.1,0,0.0,1,0.63,0,0.0,0,0.0,"('Li', 'PF6', 0.391363023, '[""EC"",""PC"",""DMC""]', '[0.27,0.1,0.63]', 333.0)",242
saltPF6_rank13_row10874_q0p90,Li_PF6_0p391363023M_EC0p27PC0p1DMC0p63_T333p0_q090,parsed,12.1148,0.9062,Ionic conductivity = 12.1148 ± 0.9062 mS/cm,/scratch/hacortes/ADOBADO/LELi-MDLab/solvents/Q_Optimization/Li_PF6_0p391363023M_EC0p27PC0p1DMC0p63_T333p0_q090,/scratch/hacortes/ADOBADO/LELi-MDLab/solvents/Q_Optimization/Li_PF6_0p391363023M_EC0p27PC0p1DMC0p63_T333p0_q090/output_LELiB_MDLab.txt,10874,10.1149/1.1872737,Li,PF6,0.391363023,"[""EC"",""PC"",""DMC""]","[0.27,0.1,0.63]",333.0,PF6,0.90,maximin descriptor spread within salt family; exact duplicate simulation inputs excluded,13,1,13,10.1149/1.1872737,[10874],"[""10.1149/1.1872737""]",12.82483157,0.0,1,LiPF6,0.391363023,mol/l,mol/L,volume,,EC:0.270+PC:0.100+DMC:0.630,0.8748608452408524,32.473,1.1377,12.708731445879,0.44525371126709995,1,0,0,0,0,1,0.27,1,0.1,0,0.0,1,0.63,0,0.0,0,0.0,"('Li', 'PF6', 0.391363023, '[""EC"",""PC"",""DMC""]', '[0.27,0.1,0.63]', 333.0)",242
saltPF6_rank14_row192_q0p70,Li_PF6_1p0M_EC0p5DMC0p5_T354p0952676_q070,parsed,26.8190,6.5543,Ionic conductivity = 26.8190 ± 6.5543 mS/cm,/scratch/hacortes/ADOBADO/LELi-MDLab/solvents/Q_Optimization/Li_PF6_1p0M_EC0p5DMC0p5_T354p0952676_q070,/scratch/hacortes/ADOBADO/LELi-MDLab/solvents/Q_Optimization/Li_PF6_1p0M_EC0p5DMC0p5_T354p0952676_q070/output_LELiB_MDLab.txt,192,10.1016/j.jpowsour.2011.07.071,Li,PF6,1.0,"[""EC"",""DMC""]","[0.5,0.5]",354.0952676,PF6,0.70,maximin descriptor spread within salt family; exact duplicate simulation inputs excluded,14,1,14,10.1016/j.jpowsour.2011.07.071,[192],"[""10.1016/j.jpowsour.2011.07.071""]",22.55335602,0.0,1,LiPF6,1.0,mol/l,mol/L,molar,,EC:0.500+DMC:0.500,0.6931471805599453,46.05,1.2449999999999999,46.05,1.2449999999999999,1,0,0,0,0,1,0.5,0,0.0,0,0.0,1,0.5,0,0.0,0,0.0,"('Li', 'PF6', 1.0, '[""EC"",""DMC""]', '[0.5,0.5]', 354.0952676)",242
saltPF6_rank14_row192_q0p75,Li_PF6_1p0M_EC0p5DMC0p5_T354p0952676_q075,parsed,26.6786,3.2805,Ionic conductivity = 26.6786 ± 3.2805 mS/cm,/scratch/hacortes/ADOBADO/LELi-MDLab/solvents/Q_Optimization/Li_PF6_1p0M_EC0p5DMC0p5_T354p0952676_q075,/scratch/hacortes/ADOBADO/LELi-MDLab/solvents/Q_Optimization/Li_PF6_1p0M_EC0p5DMC0p5_T354p0952676_q075/output_LELiB_MDLab.txt,192,10.1016/j.jpowsour.2011.07.071,Li,PF6,1.0,"[""EC"",""DMC""]","[0.5,0.5]",354.0952676,PF6,0.75,maximin descriptor spread within salt family; exact duplicate simulation inputs excluded,14,1,14,10.1016/j.jpowsour.2011.07.071,[192],"[""10.1016/j.jpowsour.2011.07.071""]",22.55335602,0.0,1,LiPF6,1.0,mol/l,mol/L,molar,,EC:0.500+DMC:0.500,0.6931471805599453,46.05,1.2449999999999999,46.05,1.2449999999999999,1,0,0,0,0,1,0.5,0,0.0,0,0.0,1,0.5,0,0.0,0,0.0,"('Li', 'PF6', 1.0, '[""EC"",""DMC""]', '[0.5,0.5]', 354.0952676)",242
saltPF6_rank14_row192_q0p80,Li_PF6_1p0M_EC0p5DMC0p5_T354p0952676_q080,parsed,26.7504,2.7403,Ionic conductivity = 26.7504 ± 2.7403 mS/cm,/scratch/hacortes/ADOBADO/LELi-MDLab/solvents/Q_Optimization/Li_PF6_1p0M_EC0p5DMC0p5_T354p0952676_q080,/scratch/hacortes/ADOBADO/LELi-MDLab/solvents/Q_Optimization/Li_PF6_1p0M_EC0p5DMC0p5_T354p0952676_q080/output_LELiB_MDLab.txt,192,10.1016/j.jpowsour.2011.07.071,Li,PF6,1.0,"[""EC"",""DMC""]","[0.5,0.5]",354.0952676,PF6,0.80,maximin descriptor spread within salt family; exact duplicate simulation inputs excluded,14,1,14,10.1016/j.jpowsour.2011.07.071,[192],"[""10.1016/j.jpowsour.2011.07.071""]",22.55335602,0.0,1,LiPF6,1.0,mol/l,mol/L,molar,,EC:0.500+DMC:0.500,0.6931471805599453,46.05,1.2449999999999999,46.05,1.2449999999999999,1,0,0,0,0,1,0.5,0,0.0,0,0.0,1,0.5,0,0.0,0,0.0,"('Li', 'PF6', 1.0, '[""EC"",""DMC""]', '[0.5,0.5]', 354.0952676)",242
saltPF6_rank14_row192_q0p85,Li_PF6_1p0M_EC0p5DMC0p5_T354p0952676_q085,parsed,25.2225,3.1704,Ionic conductivity = 25.2225 ± 3.1704 mS/cm,/scratch/hacortes/ADOBADO/LELi-MDLab/solvents/Q_Optimization/Li_PF6_1p0M_EC0p5DMC0p5_T354p0952676_q085,/scratch/hacortes/ADOBADO/LELi-MDLab/solvents/Q_Optimization/Li_PF6_1p0M_EC0p5DMC0p5_T354p0952676_q085/output_LELiB_MDLab.txt,192,10.1016/j.jpowsour.2011.07.071,Li,PF6,1.0,"[""EC"",""DMC""]","[0.5,0.5]",354.0952676,PF6,0.85,maximin descriptor spread within salt family; exact duplicate simulation inputs excluded,14,1,14,10.1016/j.jpowsour.2011.07.071,[192],"[""10.1016/j.jpowsour.2011.07.071""]",22.55335602,0.0,1,LiPF6,1.0,mol/l,mol/L,molar,,EC:0.500+DMC:0.500,0.6931471805599453,46.05,1.2449999999999999,46.05,1.2449999999999999,1,0,0,0,0,1,0.5,0,0.0,0,0.0,1,0.5,0,0.0,0,0.0,"('Li', 'PF6', 1.0, '[""EC"",""DMC""]', '[0.5,0.5]', 354.0952676)",242
saltPF6_rank14_row192_q0p90,Li_PF6_1p0M_EC0p5DMC0p5_T354p0952676_q090,parsed,20.9350,2.2735,Ionic conductivity = 20.9350 ± 2.2735 mS/cm,/scratch/hacortes/ADOBADO/LELi-MDLab/solvents/Q_Optimization/Li_PF6_1p0M_EC0p5DMC0p5_T354p0952676_q090,/scratch/hacortes/ADOBADO/LELi-MDLab/solvents/Q_Optimization/Li_PF6_1p0M_EC0p5DMC0p5_T354p0952676_q090/output_LELiB_MDLab.txt,192,10.1016/j.jpowsour.2011.07.071,Li,PF6,1.0,"[""EC"",""DMC""]","[0.5,0.5]",354.0952676,PF6,0.90,maximin descriptor spread within salt family; exact duplicate simulation inputs excluded,14,1,14,10.1016/j.jpowsour.2011.07.071,[192],"[""10.1016/j.jpowsour.2011.07.071""]",22.55335602,0.0,1,LiPF6,1.0,mol/l,mol/L,molar,,EC:0.500+DMC:0.500,0.6931471805599453,46.05,1.2449999999999999,46.05,1.2449999999999999,1,0,0,0,0,1,0.5,0,0.0,0,0.0,1,0.5,0,0.0,0,0.0,"('Li', 'PF6', 1.0, '[""EC"",""DMC""]', '[0.5,0.5]', 354.0952676)",242
saltPF6_rank15_row10901_q0p70,Li_PF6_1p738191633M_EC0p27PC0p1DMC0p63_T263p0_q070,parsed,5.2174,1.1506,Ionic conductivity = 5.2174 ± 1.1506 mS/cm,/scratch/hacortes/ADOBADO/LELi-MDLab/solvents/Q_Optimization/Li_PF6_1p738191633M_EC0p27PC0p1DMC0p63_T263p0_q070,/scratch/hacortes/ADOBADO/LELi-MDLab/solvents/Q_Optimization/Li_PF6_1p738191633M_EC0p27PC0p1DMC0p63_T263p0_q070/output_LELiB_MDLab.txt,10901,10.1149/1.1872737,Li,PF6,1.738191633,"[""EC"",""PC"",""DMC""]","[0.27,0.1,0.63]",263.0,PF6,0.70,maximin descriptor spread within salt family; exact duplicate simulation inputs excluded,15,1,15,10.1149/1.1872737,[10901],"[""10.1149/1.1872737""]",2.935514918,0.0,1,LiPF6,1.738191633,mol/l,mol/L,volume,,EC:0.270+PC:0.100+DMC:0.630,0.8748608452408524,32.473,1.1377,56.444296898409,1.9775406208641,1,0,0,0,0,1,0.27,1,0.1,0,0.0,1,0.63,0,0.0,0,0.0,"('Li', 'PF6', 1.738191633, '[""EC"",""PC"",""DMC""]', '[0.27,0.1,0.63]', 263.0)",242
saltPF6_rank15_row10901_q0p75,Li_PF6_1p738191633M_EC0p27PC0p1DMC0p63_T263p0_q075,parsed,3.1362,0.7459,Ionic conductivity = 3.1362 ± 0.7459 mS/cm,/scratch/hacortes/ADOBADO/LELi-MDLab/solvents/Q_Optimization/Li_PF6_1p738191633M_EC0p27PC0p1DMC0p63_T263p0_q075,/scratch/hacortes/ADOBADO/LELi-MDLab/solvents/Q_Optimization/Li_PF6_1p738191633M_EC0p27PC0p1DMC0p63_T263p0_q075/output_LELiB_MDLab.txt,10901,10.1149/1.1872737,Li,PF6,1.738191633,"[""EC"",""PC"",""DMC""]","[0.27,0.1,0.63]",263.0,PF6,0.75,maximin descriptor spread within salt family; exact duplicate simulation inputs excluded,15,1,15,10.1149/1.1872737,[10901],"[""10.1149/1.1872737""]",2.935514918,0.0,1,LiPF6,1.738191633,mol/l,mol/L,volume,,EC:0.270+PC:0.100+DMC:0.630,0.8748608452408524,32.473,1.1377,56.444296898409,1.9775406208641,1,0,0,0,0,1,0.27,1,0.1,0,0.0,1,0.63,0,0.0,0,0.0,"('Li', 'PF6', 1.738191633, '[""EC"",""PC"",""DMC""]', '[0.27,0.1,0.63]', 263.0)",242
saltPF6_rank15_row10901_q0p80,Li_PF6_1p738191633M_EC0p27PC0p1DMC0p63_T263p0_q080,parsed,2.1578,0.4588,Ionic conductivity = 2.1578 ± 0.4588 mS/cm,/scratch/hacortes/ADOBADO/LELi-MDLab/solvents/Q_Optimization/Li_PF6_1p738191633M_EC0p27PC0p1DMC0p63_T263p0_q080,/scratch/hacortes/ADOBADO/LELi-MDLab/solvents/Q_Optimization/Li_PF6_1p738191633M_EC0p27PC0p1DMC0p63_T263p0_q080/output_LELiB_MDLab.txt,10901,10.1149/1.1872737,Li,PF6,1.738191633,"[""EC"",""PC"",""DMC""]","[0.27,0.1,0.63]",263.0,PF6,0.80,maximin descriptor spread within salt family; exact duplicate simulation inputs excluded,15,1,15,10.1149/1.1872737,[10901],"[""10.1149/1.1872737""]",2.935514918,0.0,1,LiPF6,1.738191633,mol/l,mol/L,volume,,EC:0.270+PC:0.100+DMC:0.630,0.8748608452408524,32.473,1.1377,56.444296898409,1.9775406208641,1,0,0,0,0,1,0.27,1,0.1,0,0.0,1,0.63,0,0.0,0,0.0,"('Li', 'PF6', 1.738191633, '[""EC"",""PC"",""DMC""]', '[0.27,0.1,0.63]', 263.0)",242
saltPF6_rank15_row10901_q0p85,Li_PF6_1p738191633M_EC0p27PC0p1DMC0p63_T263p0_q085,parsed,1.6521,0.4579,Ionic conductivity = 1.6521 ± 0.4579 mS/cm,/scratch/hacortes/ADOBADO/LELi-MDLab/solvents/Q_Optimization/Li_PF6_1p738191633M_EC0p27PC0p1DMC0p63_T263p0_q085,/scratch/hacortes/ADOBADO/LELi-MDLab/solvents/Q_Optimization/Li_PF6_1p738191633M_EC0p27PC0p1DMC0p63_T263p0_q085/output_LELiB_MDLab.txt,10901,10.1149/1.1872737,Li,PF6,1.738191633,"[""EC"",""PC"",""DMC""]","[0.27,0.1,0.63]",263.0,PF6,0.85,maximin descriptor spread within salt family; exact duplicate simulation inputs excluded,15,1,15,10.1149/1.1872737,[10901],"[""10.1149/1.1872737""]",2.935514918,0.0,1,LiPF6,1.738191633,mol/l,mol/L,volume,,EC:0.270+PC:0.100+DMC:0.630,0.8748608452408524,32.473,1.1377,56.444296898409,1.9775406208641,1,0,0,0,0,1,0.27,1,0.1,0,0.0,1,0.63,0,0.0,0,0.0,"('Li', 'PF6', 1.738191633, '[""EC"",""PC"",""DMC""]', '[0.27,0.1,0.63]', 263.0)",242
saltPF6_rank15_row10901_q0p90,Li_PF6_1p738191633M_EC0p27PC0p1DMC0p63_T263p0_q090,parsed,1.0038,0.2553,Ionic conductivity = 1.0038 ± 0.2553 mS/cm,/scratch/hacortes/ADOBADO/LELi-MDLab/solvents/Q_Optimization/Li_PF6_1p738191633M_EC0p27PC0p1DMC0p63_T263p0_q090,/scratch/hacortes/ADOBADO/LELi-MDLab/solvents/Q_Optimization/Li_PF6_1p738191633M_EC0p27PC0p1DMC0p63_T263p0_q090/output_LELiB_MDLab.txt,10901,10.1149/1.1872737,Li,PF6,1.738191633,"[""EC"",""PC"",""DMC""]","[0.27,0.1,0.63]",263.0,PF6,0.90,maximin descriptor spread within salt family; exact duplicate simulation inputs excluded,15,1,15,10.1149/1.1872737,[10901],"[""10.1149/1.1872737""]",2.935514918,0.0,1,LiPF6,1.738191633,mol/l,mol/L,volume,,EC:0.270+PC:0.100+DMC:0.630,0.8748608452408524,32.473,1.1377,56.444296898409,1.9775406208641,1,0,0,0,0,1,0.27,1,0.1,0,0.0,1,0.63,0,0.0,0,0.0,"('Li', 'PF6', 1.738191633, '[""EC"",""PC"",""DMC""]', '[0.27,0.1,0.63]', 263.0)",242
saltPF6_rank16_row11957_q0p70,Li_PF6_1p497M_EC0p3EMC0p7_T323p15_q070,parsed,19.8159,2.4570,Ionic conductivity = 19.8159 ± 2.4570 mS/cm,/scratch/hacortes/ADOBADO/LELi-MDLab/solvents/Q_Optimization/Li_PF6_1p497M_EC0p3EMC0p7_T323p15_q070,/scratch/hacortes/ADOBADO/LELi-MDLab/solvents/Q_Optimization/Li_PF6_1p497M_EC0p3EMC0p7_T323p15_q070/output_LELiB_MDLab.txt,11957,10.1149/2.0571912jes,Li,PF6,1.497,"[""EC"",""EMC""]","[0.3,0.7]",323.15,PF6,0.70,maximin descriptor spread within salt family; exact duplicate simulation inputs excluded,16,1,16,10.1149/2.0571912jes,[11957],"[""10.1149/2.0571912jes""]",11.934,0.0,1,LiPF6,1.497,mol/l,mol/L,weight,,EC:0.300+EMC:0.700,0.6108643020548935,28.73,1.025,43.008810000000004,1.534425,1,0,0,0,0,1,0.3,0,0.0,0,0.0,0,0.0,0,0.0,1,0.7,"('Li', 'PF6', 1.497, '[""EC"",""EMC""]', '[0.3,0.7]', 323.15)",242
saltPF6_rank16_row11957_q0p75,Li_PF6_1p497M_EC0p3EMC0p7_T323p15_q075,parsed,18.6898,2.4192,Ionic conductivity = 18.6898 ± 2.4192 mS/cm,/scratch/hacortes/ADOBADO/LELi-MDLab/solvents/Q_Optimization/Li_PF6_1p497M_EC0p3EMC0p7_T323p15_q075,/scratch/hacortes/ADOBADO/LELi-MDLab/solvents/Q_Optimization/Li_PF6_1p497M_EC0p3EMC0p7_T323p15_q075/output_LELiB_MDLab.txt,11957,10.1149/2.0571912jes,Li,PF6,1.497,"[""EC"",""EMC""]","[0.3,0.7]",323.15,PF6,0.75,maximin descriptor spread within salt family; exact duplicate simulation inputs excluded,16,1,16,10.1149/2.0571912jes,[11957],"[""10.1149/2.0571912jes""]",11.934,0.0,1,LiPF6,1.497,mol/l,mol/L,weight,,EC:0.300+EMC:0.700,0.6108643020548935,28.73,1.025,43.008810000000004,1.534425,1,0,0,0,0,1,0.3,0,0.0,0,0.0,0,0.0,0,0.0,1,0.7,"('Li', 'PF6', 1.497, '[""EC"",""EMC""]', '[0.3,0.7]', 323.15)",242
saltPF6_rank16_row11957_q0p80,Li_PF6_1p497M_EC0p3EMC0p7_T323p15_q080,parsed,13.9230,2.1631,Ionic conductivity = 13.9230 ± 2.1631 mS/cm,/scratch/hacortes/ADOBADO/LELi-MDLab/solvents/Q_Optimization/Li_PF6_1p497M_EC0p3EMC0p7_T323p15_q080,/scratch/hacortes/ADOBADO/LELi-MDLab/solvents/Q_Optimization/Li_PF6_1p497M_EC0p3EMC0p7_T323p15_q080/output_LELiB_MDLab.txt,11957,10.1149/2.0571912jes,Li,PF6,1.497,"[""EC"",""EMC""]","[0.3,0.7]",323.15,PF6,0.80,maximin descriptor spread within salt family; exact duplicate simulation inputs excluded,16,1,16,10.1149/2.0571912jes,[11957],"[""10.1149/2.0571912jes""]",11.934,0.0,1,LiPF6,1.497,mol/l,mol/L,weight,,EC:0.300+EMC:0.700,0.6108643020548935,28.73,1.025,43.008810000000004,1.534425,1,0,0,0,0,1,0.3,0,0.0,0,0.0,0,0.0,0,0.0,1,0.7,"('Li', 'PF6', 1.497, '[""EC"",""EMC""]', '[0.3,0.7]', 323.15)",242
saltPF6_rank16_row11957_q0p85,Li_PF6_1p497M_EC0p3EMC0p7_T323p15_q085,parsed,11.9754,3.0846,Ionic conductivity = 11.9754 ± 3.0846 mS/cm,/scratch/hacortes/ADOBADO/LELi-MDLab/solvents/Q_Optimization/Li_PF6_1p497M_EC0p3EMC0p7_T323p15_q085,/scratch/hacortes/ADOBADO/LELi-MDLab/solvents/Q_Optimization/Li_PF6_1p497M_EC0p3EMC0p7_T323p15_q085/output_LELiB_MDLab.txt,11957,10.1149/2.0571912jes,Li,PF6,1.497,"[""EC"",""EMC""]","[0.3,0.7]",323.15,PF6,0.85,maximin descriptor spread within salt family; exact duplicate simulation inputs excluded,16,1,16,10.1149/2.0571912jes,[11957],"[""10.1149/2.0571912jes""]",11.934,0.0,1,LiPF6,1.497,mol/l,mol/L,weight,,EC:0.300+EMC:0.700,0.6108643020548935,28.73,1.025,43.008810000000004,1.534425,1,0,0,0,0,1,0.3,0,0.0,0,0.0,0,0.0,0,0.0,1,0.7,"('Li', 'PF6', 1.497, '[""EC"",""EMC""]', '[0.3,0.7]', 323.15)",242
saltPF6_rank16_row11957_q0p90,Li_PF6_1p497M_EC0p3EMC0p7_T323p15_q090,parsed,10.3172,2.0035,Ionic conductivity = 10.3172 ± 2.0035 mS/cm,/scratch/hacortes/ADOBADO/LELi-MDLab/solvents/Q_Optimization/Li_PF6_1p497M_EC0p3EMC0p7_T323p15_q090,/scratch/hacortes/ADOBADO/LELi-MDLab/solvents/Q_Optimization/Li_PF6_1p497M_EC0p3EMC0p7_T323p15_q090/output_LELiB_MDLab.txt,11957,10.1149/2.0571912jes,Li,PF6,1.497,"[""EC"",""EMC""]","[0.3,0.7]",323.15,PF6,0.90,maximin descriptor spread within salt family; exact duplicate simulation inputs excluded,16,1,16,10.1149/2.0571912jes,[11957],"[""10.1149/2.0571912jes""]",11.934,0.0,1,LiPF6,1.497,mol/l,mol/L,weight,,EC:0.300+EMC:0.700,0.6108643020548935,28.73,1.025,43.008810000000004,1.534425,1,0,0,0,0,1,0.3,0,0.0,0,0.0,0,0.0,0,0.0,1,0.7,"('Li', 'PF6', 1.497, '[""EC"",""EMC""]', '[0.3,0.7]', 323.15)",242
saltPF6_rank17_row13636_q0p70,Li_PF6_1p0M_EC0p15PC0p85_T293p15_q070,conductivity_line_not_found,,,,/scratch/hacortes/ADOBADO/LELi-MDLab/solvents/Q_Optimization/Li_PF6_1p0M_EC0p15PC0p85_T293p15_q070,/scratch/hacortes/ADOBADO/LELi-MDLab/solvents/Q_Optimization/Li_PF6_1p0M_EC0p15PC0p85_T293p15_q070/output_LELiB_MDLab.txt,13636,10.1016/0378-7753(91)80004-H,Li,PF6,1.0,"[""EC"",""PC""]","[0.15,0.85]",293.15,PF6,0.70,maximin descriptor spread within salt family; exact duplicate simulation inputs excluded,17,1,17,10.1016/0378-7753(91)80004-H,[13636],"[""10.1016/0378-7753(91)80004-H""]",5.64,0.0,1,LiPF6,1.0,mol/l,mol/L,volume,,EC:0.150+PC:0.850,0.42270908780599087,68.515,2.4354999999999998,68.515,2.4354999999999998,1,0,0,0,0,1,0.15,1,0.85,0,0.0,0,0.0,0,0.0,0,0.0,"('Li', 'PF6', 1.0, '[""EC"",""PC""]', '[0.15,0.85]', 293.15)",242
saltPF6_rank17_row13636_q0p75,Li_PF6_1p0M_EC0p15PC0p85_T293p15_q075,parsed,6.7708,1.3011,Ionic conductivity = 6.7708 ± 1.3011 mS/cm,/scratch/hacortes/ADOBADO/LELi-MDLab/solvents/Q_Optimization/Li_PF6_1p0M_EC0p15PC0p85_T293p15_q075,/scratch/hacortes/ADOBADO/LELi-MDLab/solvents/Q_Optimization/Li_PF6_1p0M_EC0p15PC0p85_T293p15_q075/output_LELiB_MDLab.txt,13636,10.1016/0378-7753(91)80004-H,Li,PF6,1.0,"[""EC"",""PC""]","[0.15,0.85]",293.15,PF6,0.75,maximin descriptor spread within salt family; exact duplicate simulation inputs excluded,17,1,17,10.1016/0378-7753(91)80004-H,[13636],"[""10.1016/0378-7753(91)80004-H""]",5.64,0.0,1,LiPF6,1.0,mol/l,mol/L,volume,,EC:0.150+PC:0.850,0.42270908780599087,68.515,2.4354999999999998,68.515,2.4354999999999998,1,0,0,0,0,1,0.15,1,0.85,0,0.0,0,0.0,0,0.0,0,0.0,"('Li', 'PF6', 1.0, '[""EC"",""PC""]', '[0.15,0.85]', 293.15)",242
saltPF6_rank17_row13636_q0p80,Li_PF6_1p0M_EC0p15PC0p85_T293p15_q080,parsed,5.8259,0.9363,Ionic conductivity = 5.8259 ± 0.9363 mS/cm,/scratch/hacortes/ADOBADO/LELi-MDLab/solvents/Q_Optimization/Li_PF6_1p0M_EC0p15PC0p85_T293p15_q080,/scratch/hacortes/ADOBADO/LELi-MDLab/solvents/Q_Optimization/Li_PF6_1p0M_EC0p15PC0p85_T293p15_q080/output_LELiB_MDLab.txt,13636,10.1016/0378-7753(91)80004-H,Li,PF6,1.0,"[""EC"",""PC""]","[0.15,0.85]",293.15,PF6,0.80,maximin descriptor spread within salt family; exact duplicate simulation inputs excluded,17,1,17,10.1016/0378-7753(91)80004-H,[13636],"[""10.1016/0378-7753(91)80004-H""]",5.64,0.0,1,LiPF6,1.0,mol/l,mol/L,volume,,EC:0.150+PC:0.850,0.42270908780599087,68.515,2.4354999999999998,68.515,2.4354999999999998,1,0,0,0,0,1,0.15,1,0.85,0,0.0,0,0.0,0,0.0,0,0.0,"('Li', 'PF6', 1.0, '[""EC"",""PC""]', '[0.15,0.85]', 293.15)",242
saltPF6_rank17_row13636_q0p85,Li_PF6_1p0M_EC0p15PC0p85_T293p15_q085,parsed,5.2805,0.4815,Ionic conductivity = 5.2805 ± 0.4815 mS/cm,/scratch/hacortes/ADOBADO/LELi-MDLab/solvents/Q_Optimization/Li_PF6_1p0M_EC0p15PC0p85_T293p15_q085,/scratch/hacortes/ADOBADO/LELi-MDLab/solvents/Q_Optimization/Li_PF6_1p0M_EC0p15PC0p85_T293p15_q085/output_LELiB_MDLab.txt,13636,10.1016/0378-7753(91)80004-H,Li,PF6,1.0,"[""EC"",""PC""]","[0.15,0.85]",293.15,PF6,0.85,maximin descriptor spread within salt family; exact duplicate simulation inputs excluded,17,1,17,10.1016/0378-7753(91)80004-H,[13636],"[""10.1016/0378-7753(91)80004-H""]",5.64,0.0,1,LiPF6,1.0,mol/l,mol/L,volume,,EC:0.150+PC:0.850,0.42270908780599087,68.515,2.4354999999999998,68.515,2.4354999999999998,1,0,0,0,0,1,0.15,1,0.85,0,0.0,0,0.0,0,0.0,0,0.0,"('Li', 'PF6', 1.0, '[""EC"",""PC""]', '[0.15,0.85]', 293.15)",242
saltPF6_rank17_row13636_q0p90,Li_PF6_1p0M_EC0p15PC0p85_T293p15_q090,parsed,3.2112,0.7007,Ionic conductivity = 3.2112 ± 0.7007 mS/cm,/scratch/hacortes/ADOBADO/LELi-MDLab/solvents/Q_Optimization/Li_PF6_1p0M_EC0p15PC0p85_T293p15_q090,/scratch/hacortes/ADOBADO/LELi-MDLab/solvents/Q_Optimization/Li_PF6_1p0M_EC0p15PC0p85_T293p15_q090/output_LELiB_MDLab.txt,13636,10.1016/0378-7753(91)80004-H,Li,PF6,1.0,"[""EC"",""PC""]","[0.15,0.85]",293.15,PF6,0.90,maximin descriptor spread within salt family; exact duplicate simulation inputs excluded,17,1,17,10.1016/0378-7753(91)80004-H,[13636],"[""10.1016/0378-7753(91)80004-H""]",5.64,0.0,1,LiPF6,1.0,mol/l,mol/L,volume,,EC:0.150+PC:0.850,0.42270908780599087,68.515,2.4354999999999998,68.515,2.4354999999999998,1,0,0,0,0,1,0.15,1,0.85,0,0.0,0,0.0,0,0.0,0,0.0,"('Li', 'PF6', 1.0, '[""EC"",""PC""]', '[0.15,0.85]', 293.15)",242
saltPF6_rank18_row11886_q0p70,Li_PF6_2p0M_EC0p5DMC0p5_T263p15_q070,parsed,3.6739,0.8920,Ionic conductivity = 3.6739 ± 0.8920 mS/cm,/scratch/hacortes/ADOBADO/LELi-MDLab/solvents/Q_Optimization/Li_PF6_2p0M_EC0p5DMC0p5_T263p15_q070,/scratch/hacortes/ADOBADO/LELi-MDLab/solvents/Q_Optimization/Li_PF6_2p0M_EC0p5DMC0p5_T263p15_q070/output_LELiB_MDLab.txt,11886,10.1149/2.0571912jes,Li,PF6,2.0,"[""EC"",""DMC""]","[0.5,0.5]",263.15,PF6,0.70,maximin descriptor spread within salt family; exact duplicate simulation inputs excluded,18,1,18,10.1149/2.0571912jes,[11886],"[""10.1149/2.0571912jes""]",1.824,0.0,1,LiPF6,2.0,mol/l,mol/L,weight,,EC:0.500+DMC:0.500,0.6931471805599453,46.05,1.2449999999999999,92.1,2.4899999999999998,1,0,0,0,0,1,0.5,0,0.0,0,0.0,1,0.5,0,0.0,0,0.0,"('Li', 'PF6', 2.0, '[""EC"",""DMC""]', '[0.5,0.5]', 263.15)",242
saltPF6_rank18_row11886_q0p75,Li_PF6_2p0M_EC0p5DMC0p5_T263p15_q075,parsed,1.6789,0.7128,Ionic conductivity = 1.6789 ± 0.7128 mS/cm,/scratch/hacortes/ADOBADO/LELi-MDLab/solvents/Q_Optimization/Li_PF6_2p0M_EC0p5DMC0p5_T263p15_q075,/scratch/hacortes/ADOBADO/LELi-MDLab/solvents/Q_Optimization/Li_PF6_2p0M_EC0p5DMC0p5_T263p15_q075/output_LELiB_MDLab.txt,11886,10.1149/2.0571912jes,Li,PF6,2.0,"[""EC"",""DMC""]","[0.5,0.5]",263.15,PF6,0.75,maximin descriptor spread within salt family; exact duplicate simulation inputs excluded,18,1,18,10.1149/2.0571912jes,[11886],"[""10.1149/2.0571912jes""]",1.824,0.0,1,LiPF6,2.0,mol/l,mol/L,weight,,EC:0.500+DMC:0.500,0.6931471805599453,46.05,1.2449999999999999,92.1,2.4899999999999998,1,0,0,0,0,1,0.5,0,0.0,0,0.0,1,0.5,0,0.0,0,0.0,"('Li', 'PF6', 2.0, '[""EC"",""DMC""]', '[0.5,0.5]', 263.15)",242
saltPF6_rank18_row11886_q0p80,Li_PF6_2p0M_EC0p5DMC0p5_T263p15_q080,parsed,1.3857,0.5299,Ionic conductivity = 1.3857 ± 0.5299 mS/cm,/scratch/hacortes/ADOBADO/LELi-MDLab/solvents/Q_Optimization/Li_PF6_2p0M_EC0p5DMC0p5_T263p15_q080,/scratch/hacortes/ADOBADO/LELi-MDLab/solvents/Q_Optimization/Li_PF6_2p0M_EC0p5DMC0p5_T263p15_q080/output_LELiB_MDLab.txt,11886,10.1149/2.0571912jes,Li,PF6,2.0,"[""EC"",""DMC""]","[0.5,0.5]",263.15,PF6,0.80,maximin descriptor spread within salt family; exact duplicate simulation inputs excluded,18,1,18,10.1149/2.0571912jes,[11886],"[""10.1149/2.0571912jes""]",1.824,0.0,1,LiPF6,2.0,mol/l,mol/L,weight,,EC:0.500+DMC:0.500,0.6931471805599453,46.05,1.2449999999999999,92.1,2.4899999999999998,1,0,0,0,0,1,0.5,0,0.0,0,0.0,1,0.5,0,0.0,0,0.0,"('Li', 'PF6', 2.0, '[""EC"",""DMC""]', '[0.5,0.5]', 263.15)",242
saltPF6_rank18_row11886_q0p85,Li_PF6_2p0M_EC0p5DMC0p5_T263p15_q085,parsed,1.1376,0.3467,Ionic conductivity = 1.1376 ± 0.3467 mS/cm,/scratch/hacortes/ADOBADO/LELi-MDLab/solvents/Q_Optimization/Li_PF6_2p0M_EC0p5DMC0p5_T263p15_q085,/scratch/hacortes/ADOBADO/LELi-MDLab/solvents/Q_Optimization/Li_PF6_2p0M_EC0p5DMC0p5_T263p15_q085/output_LELiB_MDLab.txt,11886,10.1149/2.0571912jes,Li,PF6,2.0,"[""EC"",""DMC""]","[0.5,0.5]",263.15,PF6,0.85,maximin descriptor spread within salt family; exact duplicate simulation inputs excluded,18,1,18,10.1149/2.0571912jes,[11886],"[""10.1149/2.0571912jes""]",1.824,0.0,1,LiPF6,2.0,mol/l,mol/L,weight,,EC:0.500+DMC:0.500,0.6931471805599453,46.05,1.2449999999999999,92.1,2.4899999999999998,1,0,0,0,0,1,0.5,0,0.0,0,0.0,1,0.5,0,0.0,0,0.0,"('Li', 'PF6', 2.0, '[""EC"",""DMC""]', '[0.5,0.5]', 263.15)",242
saltPF6_rank18_row11886_q0p90,Li_PF6_2p0M_EC0p5DMC0p5_T263p15_q090,parsed,0.4956,0.1217,Ionic conductivity = 0.4956 ± 0.1217 mS/cm,/scratch/hacortes/ADOBADO/LELi-MDLab/solvents/Q_Optimization/Li_PF6_2p0M_EC0p5DMC0p5_T263p15_q090,/scratch/hacortes/ADOBADO/LELi-MDLab/solvents/Q_Optimization/Li_PF6_2p0M_EC0p5DMC0p5_T263p15_q090/output_LELiB_MDLab.txt,11886,10.1149/2.0571912jes,Li,PF6,2.0,"[""EC"",""DMC""]","[0.5,0.5]",263.15,PF6,0.90,maximin descriptor spread within salt family; exact duplicate simulation inputs excluded,18,1,18,10.1149/2.0571912jes,[11886],"[""10.1149/2.0571912jes""]",1.824,0.0,1,LiPF6,2.0,mol/l,mol/L,weight,,EC:0.500+DMC:0.500,0.6931471805599453,46.05,1.2449999999999999,92.1,2.4899999999999998,1,0,0,0,0,1,0.5,0,0.0,0,0.0,1,0.5,0,0.0,0,0.0,"('Li', 'PF6', 2.0, '[""EC"",""DMC""]', '[0.5,0.5]', 263.15)",242
saltPF6_rank19_row10899_q0p70,Li_PF6_0p391363023M_EC0p27PC0p1DMC0p63_T263p0_q070,parsed,3.7657,0.6652,Ionic conductivity = 3.7657 ± 0.6652 mS/cm,/scratch/hacortes/ADOBADO/LELi-MDLab/solvents/Q_Optimization/Li_PF6_0p391363023M_EC0p27PC0p1DMC0p63_T263p0_q070,/scratch/hacortes/ADOBADO/LELi-MDLab/solvents/Q_Optimization/Li_PF6_0p391363023M_EC0p27PC0p1DMC0p63_T263p0_q070/output_LELiB_MDLab.txt,10899,10.1149/1.1872737,Li,PF6,0.391363023,"[""EC"",""PC"",""DMC""]","[0.27,0.1,0.63]",263.0,PF6,0.70,maximin descriptor spread within salt family; exact duplicate simulation inputs excluded,19,1,19,10.1149/1.1872737,[10899],"[""10.1149/1.1872737""]",4.234841193,0.0,1,LiPF6,0.391363023,mol/l,mol/L,volume,,EC:0.270+PC:0.100+DMC:0.630,0.8748608452408524,32.473,1.1377,12.708731445879,0.44525371126709995,1,0,0,0,0,1,0.27,1,0.1,0,0.0,1,0.63,0,0.0,0,0.0,"('Li', 'PF6', 0.391363023, '[""EC"",""PC"",""DMC""]', '[0.27,0.1,0.63]', 263.0)",242
saltPF6_rank19_row10899_q0p75,Li_PF6_0p391363023M_EC0p27PC0p1DMC0p63_T263p0_q075,parsed,4.3401,0.4492,Ionic conductivity = 4.3401 ± 0.4492 mS/cm,/scratch/hacortes/ADOBADO/LELi-MDLab/solvents/Q_Optimization/Li_PF6_0p391363023M_EC0p27PC0p1DMC0p63_T263p0_q075,/scratch/hacortes/ADOBADO/LELi-MDLab/solvents/Q_Optimization/Li_PF6_0p391363023M_EC0p27PC0p1DMC0p63_T263p0_q075/output_LELiB_MDLab.txt,10899,10.1149/1.1872737,Li,PF6,0.391363023,"[""EC"",""PC"",""DMC""]","[0.27,0.1,0.63]",263.0,PF6,0.75,maximin descriptor spread within salt family; exact duplicate simulation inputs excluded,19,1,19,10.1149/1.1872737,[10899],"[""10.1149/1.1872737""]",4.234841193,0.0,1,LiPF6,0.391363023,mol/l,mol/L,volume,,EC:0.270+PC:0.100+DMC:0.630,0.8748608452408524,32.473,1.1377,12.708731445879,0.44525371126709995,1,0,0,0,0,1,0.27,1,0.1,0,0.0,1,0.63,0,0.0,0,0.0,"('Li', 'PF6', 0.391363023, '[""EC"",""PC"",""DMC""]', '[0.27,0.1,0.63]', 263.0)",242
saltPF6_rank19_row10899_q0p80,Li_PF6_0p391363023M_EC0p27PC0p1DMC0p63_T263p0_q080,parsed,4.8129,0.5814,Ionic conductivity = 4.8129 ± 0.5814 mS/cm,/scratch/hacortes/ADOBADO/LELi-MDLab/solvents/Q_Optimization/Li_PF6_0p391363023M_EC0p27PC0p1DMC0p63_T263p0_q080,/scratch/hacortes/ADOBADO/LELi-MDLab/solvents/Q_Optimization/Li_PF6_0p391363023M_EC0p27PC0p1DMC0p63_T263p0_q080/output_LELiB_MDLab.txt,10899,10.1149/1.1872737,Li,PF6,0.391363023,"[""EC"",""PC"",""DMC""]","[0.27,0.1,0.63]",263.0,PF6,0.80,maximin descriptor spread within salt family; exact duplicate simulation inputs excluded,19,1,19,10.1149/1.1872737,[10899],"[""10.1149/1.1872737""]",4.234841193,0.0,1,LiPF6,0.391363023,mol/l,mol/L,volume,,EC:0.270+PC:0.100+DMC:0.630,0.8748608452408524,32.473,1.1377,12.708731445879,0.44525371126709995,1,0,0,0,0,1,0.27,1,0.1,0,0.0,1,0.63,0,0.0,0,0.0,"('Li', 'PF6', 0.391363023, '[""EC"",""PC"",""DMC""]', '[0.27,0.1,0.63]', 263.0)",242
saltPF6_rank19_row10899_q0p85,Li_PF6_0p391363023M_EC0p27PC0p1DMC0p63_T263p0_q085,parsed,3.8726,0.3185,Ionic conductivity = 3.8726 ± 0.3185 mS/cm,/scratch/hacortes/ADOBADO/LELi-MDLab/solvents/Q_Optimization/Li_PF6_0p391363023M_EC0p27PC0p1DMC0p63_T263p0_q085,/scratch/hacortes/ADOBADO/LELi-MDLab/solvents/Q_Optimization/Li_PF6_0p391363023M_EC0p27PC0p1DMC0p63_T263p0_q085/output_LELiB_MDLab.txt,10899,10.1149/1.1872737,Li,PF6,0.391363023,"[""EC"",""PC"",""DMC""]","[0.27,0.1,0.63]",263.0,PF6,0.85,maximin descriptor spread within salt family; exact duplicate simulation inputs excluded,19,1,19,10.1149/1.1872737,[10899],"[""10.1149/1.1872737""]",4.234841193,0.0,1,LiPF6,0.391363023,mol/l,mol/L,volume,,EC:0.270+PC:0.100+DMC:0.630,0.8748608452408524,32.473,1.1377,12.708731445879,0.44525371126709995,1,0,0,0,0,1,0.27,1,0.1,0,0.0,1,0.63,0,0.0,0,0.0,"('Li', 'PF6', 0.391363023, '[""EC"",""PC"",""DMC""]', '[0.27,0.1,0.63]', 263.0)",242
saltPF6_rank19_row10899_q0p90,Li_PF6_0p391363023M_EC0p27PC0p1DMC0p63_T263p0_q090,parsed,2.7801,0.4145,Ionic conductivity = 2.7801 ± 0.4145 mS/cm,/scratch/hacortes/ADOBADO/LELi-MDLab/solvents/Q_Optimization/Li_PF6_0p391363023M_EC0p27PC0p1DMC0p63_T263p0_q090,/scratch/hacortes/ADOBADO/LELi-MDLab/solvents/Q_Optimization/Li_PF6_0p391363023M_EC0p27PC0p1DMC0p63_T263p0_q090/output_LELiB_MDLab.txt,10899,10.1149/1.1872737,Li,PF6,0.391363023,"[""EC"",""PC"",""DMC""]","[0.27,0.1,0.63]",263.0,PF6,0.90,maximin descriptor spread within salt family; exact duplicate simulation inputs excluded,19,1,19,10.1149/1.1872737,[10899],"[""10.1149/1.1872737""]",4.234841193,0.0,1,LiPF6,0.391363023,mol/l,mol/L,volume,,EC:0.270+PC:0.100+DMC:0.630,0.8748608452408524,32.473,1.1377,12.708731445879,0.44525371126709995,1,0,0,0,0,1,0.27,1,0.1,0,0.0,1,0.63,0,0.0,0,0.0,"('Li', 'PF6', 0.391363023, '[""EC"",""PC"",""DMC""]', '[0.27,0.1,0.63]', 263.0)",242
saltPF6_rank20_row12014_q0p70,Li_PF6_1p5M_EC0p5DEC0p5_T283p15_q070,parsed,5.8070,1.9231,Ionic conductivity = 5.8070 ± 1.9231 mS/cm,/scratch/hacortes/ADOBADO/LELi-MDLab/solvents/Q_Optimization/Li_PF6_1p5M_EC0p5DEC0p5_T283p15_q070,/scratch/hacortes/ADOBADO/LELi-MDLab/solvents/Q_Optimization/Li_PF6_1p5M_EC0p5DEC0p5_T283p15_q070/output_LELiB_MDLab.txt,12014,10.1149/2.0641503jes,Li,PF6,1.5,"[""EC"",""DEC""]","[0.5,0.5]",283.15,PF6,0.70,maximin descriptor spread within salt family; exact duplicate simulation inputs excluded,20,1,20,10.1149/2.0641503jes,[12014],"[""10.1149/2.0641503jes""]",3.785824515,0.0,1,LiPF6,1.5,mol/l,mol/L,weight,,EC:0.500+DEC:0.500,0.6931471805599453,45.9,1.255,68.85,1.8824999999999998,1,0,0,0,0,1,0.5,0,0.0,0,0.0,0,0.0,1,0.5,0,0.0,"('Li', 'PF6', 1.5, '[""EC"",""DEC""]', '[0.5,0.5]', 283.15)",242
saltPF6_rank20_row12014_q0p75,Li_PF6_1p5M_EC0p5DEC0p5_T283p15_q075,parsed,5.6803,0.8112,Ionic conductivity = 5.6803 ± 0.8112 mS/cm,/scratch/hacortes/ADOBADO/LELi-MDLab/solvents/Q_Optimization/Li_PF6_1p5M_EC0p5DEC0p5_T283p15_q075,/scratch/hacortes/ADOBADO/LELi-MDLab/solvents/Q_Optimization/Li_PF6_1p5M_EC0p5DEC0p5_T283p15_q075/output_LELiB_MDLab.txt,12014,10.1149/2.0641503jes,Li,PF6,1.5,"[""EC"",""DEC""]","[0.5,0.5]",283.15,PF6,0.75,maximin descriptor spread within salt family; exact duplicate simulation inputs excluded,20,1,20,10.1149/2.0641503jes,[12014],"[""10.1149/2.0641503jes""]",3.785824515,0.0,1,LiPF6,1.5,mol/l,mol/L,weight,,EC:0.500+DEC:0.500,0.6931471805599453,45.9,1.255,68.85,1.8824999999999998,1,0,0,0,0,1,0.5,0,0.0,0,0.0,0,0.0,1,0.5,0,0.0,"('Li', 'PF6', 1.5, '[""EC"",""DEC""]', '[0.5,0.5]', 283.15)",242
saltPF6_rank20_row12014_q0p80,Li_PF6_1p5M_EC0p5DEC0p5_T283p15_q080,parsed,5.4405,0.7511,Ionic conductivity = 5.4405 ± 0.7511 mS/cm,/scratch/hacortes/ADOBADO/LELi-MDLab/solvents/Q_Optimization/Li_PF6_1p5M_EC0p5DEC0p5_T283p15_q080,/scratch/hacortes/ADOBADO/LELi-MDLab/solvents/Q_Optimization/Li_PF6_1p5M_EC0p5DEC0p5_T283p15_q080/output_LELiB_MDLab.txt,12014,10.1149/2.0641503jes,Li,PF6,1.5,"[""EC"",""DEC""]","[0.5,0.5]",283.15,PF6,0.80,maximin descriptor spread within salt family; exact duplicate simulation inputs excluded,20,1,20,10.1149/2.0641503jes,[12014],"[""10.1149/2.0641503jes""]",3.785824515,0.0,1,LiPF6,1.5,mol/l,mol/L,weight,,EC:0.500+DEC:0.500,0.6931471805599453,45.9,1.255,68.85,1.8824999999999998,1,0,0,0,0,1,0.5,0,0.0,0,0.0,0,0.0,1,0.5,0,0.0,"('Li', 'PF6', 1.5, '[""EC"",""DEC""]', '[0.5,0.5]', 283.15)",242
saltPF6_rank20_row12014_q0p85,Li_PF6_1p5M_EC0p5DEC0p5_T283p15_q085,parsed,4.3456,0.8964,Ionic conductivity = 4.3456 ± 0.8964 mS/cm,/scratch/hacortes/ADOBADO/LELi-MDLab/solvents/Q_Optimization/Li_PF6_1p5M_EC0p5DEC0p5_T283p15_q085,/scratch/hacortes/ADOBADO/LELi-MDLab/solvents/Q_Optimization/Li_PF6_1p5M_EC0p5DEC0p5_T283p15_q085/output_LELiB_MDLab.txt,12014,10.1149/2.0641503jes,Li,PF6,1.5,"[""EC"",""DEC""]","[0.5,0.5]",283.15,PF6,0.85,maximin descriptor spread within salt family; exact duplicate simulation inputs excluded,20,1,20,10.1149/2.0641503jes,[12014],"[""10.1149/2.0641503jes""]",3.785824515,0.0,1,LiPF6,1.5,mol/l,mol/L,weight,,EC:0.500+DEC:0.500,0.6931471805599453,45.9,1.255,68.85,1.8824999999999998,1,0,0,0,0,1,0.5,0,0.0,0,0.0,0,0.0,1,0.5,0,0.0,"('Li', 'PF6', 1.5, '[""EC"",""DEC""]', '[0.5,0.5]', 283.15)",242
saltPF6_rank20_row12014_q0p90,Li_PF6_1p5M_EC0p5DEC0p5_T283p15_q090,parsed,3.3234,0.9660,Ionic conductivity = 3.3234 ± 0.9660 mS/cm,/scratch/hacortes/ADOBADO/LELi-MDLab/solvents/Q_Optimization/Li_PF6_1p5M_EC0p5DEC0p5_T283p15_q090,/scratch/hacortes/ADOBADO/LELi-MDLab/solvents/Q_Optimization/Li_PF6_1p5M_EC0p5DEC0p5_T283p15_q090/output_LELiB_MDLab.txt,12014,10.1149/2.0641503jes,Li,PF6,1.5,"[""EC"",""DEC""]","[0.5,0.5]",283.15,PF6,0.90,maximin descriptor spread within salt family; exact duplicate simulation inputs excluded,20,1,20,10.1149/2.0641503jes,[12014],"[""10.1149/2.0641503jes""]",3.785824515,0.0,1,LiPF6,1.5,mol/l,mol/L,weight,,EC:0.500+DEC:0.500,0.6931471805599453,45.9,1.255,68.85,1.8824999999999998,1,0,0,0,0,1,0.5,0,0.0,0,0.0,0,0.0,1,0.5,0,0.0,"('Li', 'PF6', 1.5, '[""EC"",""DEC""]', '[0.5,0.5]', 283.15)",242
saltPF6_rank21_row10881_q0p70,Li_PF6_3p330634278M_EC0p27PC0p1DMC0p63_T333p0_q070,parsed,14.4882,3.9824,Ionic conductivity = 14.4882 ± 3.9824 mS/cm,/scratch/hacortes/ADOBADO/LELi-MDLab/solvents/Q_Optimization/Li_PF6_3p330634278M_EC0p27PC0p1DMC0p63_T333p0_q070,/scratch/hacortes/ADOBADO/LELi-MDLab/solvents/Q_Optimization/Li_PF6_3p330634278M_EC0p27PC0p1DMC0p63_T333p0_q070/output_LELiB_MDLab.txt,10881,10.1149/1.1872737,Li,PF6,3.330634278,"[""EC"",""PC"",""DMC""]","[0.27,0.1,0.63]",333.0,PF6,0.70,maximin descriptor spread within salt family; exact duplicate simulation inputs excluded,21,1,21,10.1149/1.1872737,"[10881,10882]","[""10.1149/1.1872737""]",7.747834456,0.10208471325769433,2,LiPF6,3.330634278,mol/l,mol/L,volume,,EC:0.270+PC:0.100+DMC:0.630,0.8748608452408524,32.473,1.1377,108.155686909494,3.7892626180805995,1,0,0,0,0,1,0.27,1,0.1,0,0.0,1,0.63,0,0.0,0,0.0,"('Li', 'PF6', 3.330634278, '[""EC"",""PC"",""DMC""]', '[0.27,0.1,0.63]', 333.0)",242
saltPF6_rank21_row10881_q0p75,Li_PF6_3p330634278M_EC0p27PC0p1DMC0p63_T333p0_q075,parsed,11.9093,2.4378,Ionic conductivity = 11.9093 ± 2.4378 mS/cm,/scratch/hacortes/ADOBADO/LELi-MDLab/solvents/Q_Optimization/Li_PF6_3p330634278M_EC0p27PC0p1DMC0p63_T333p0_q075,/scratch/hacortes/ADOBADO/LELi-MDLab/solvents/Q_Optimization/Li_PF6_3p330634278M_EC0p27PC0p1DMC0p63_T333p0_q075/output_LELiB_MDLab.txt,10881,10.1149/1.1872737,Li,PF6,3.330634278,"[""EC"",""PC"",""DMC""]","[0.27,0.1,0.63]",333.0,PF6,0.75,maximin descriptor spread within salt family; exact duplicate simulation inputs excluded,21,1,21,10.1149/1.1872737,"[10881,10882]","[""10.1149/1.1872737""]",7.747834456,0.10208471325769433,2,LiPF6,3.330634278,mol/l,mol/L,volume,,EC:0.270+PC:0.100+DMC:0.630,0.8748608452408524,32.473,1.1377,108.155686909494,3.7892626180805995,1,0,0,0,0,1,0.27,1,0.1,0,0.0,1,0.63,0,0.0,0,0.0,"('Li', 'PF6', 3.330634278, '[""EC"",""PC"",""DMC""]', '[0.27,0.1,0.63]', 333.0)",242
saltPF6_rank21_row10881_q0p80,Li_PF6_3p330634278M_EC0p27PC0p1DMC0p63_T333p0_q080,parsed,8.1804,2.3115,Ionic conductivity = 8.1804 ± 2.3115 mS/cm,/scratch/hacortes/ADOBADO/LELi-MDLab/solvents/Q_Optimization/Li_PF6_3p330634278M_EC0p27PC0p1DMC0p63_T333p0_q080,/scratch/hacortes/ADOBADO/LELi-MDLab/solvents/Q_Optimization/Li_PF6_3p330634278M_EC0p27PC0p1DMC0p63_T333p0_q080/output_LELiB_MDLab.txt,10881,10.1149/1.1872737,Li,PF6,3.330634278,"[""EC"",""PC"",""DMC""]","[0.27,0.1,0.63]",333.0,PF6,0.80,maximin descriptor spread within salt family; exact duplicate simulation inputs excluded,21,1,21,10.1149/1.1872737,"[10881,10882]","[""10.1149/1.1872737""]",7.747834456,0.10208471325769433,2,LiPF6,3.330634278,mol/l,mol/L,volume,,EC:0.270+PC:0.100+DMC:0.630,0.8748608452408524,32.473,1.1377,108.155686909494,3.7892626180805995,1,0,0,0,0,1,0.27,1,0.1,0,0.0,1,0.63,0,0.0,0,0.0,"('Li', 'PF6', 3.330634278, '[""EC"",""PC"",""DMC""]', '[0.27,0.1,0.63]', 333.0)",242
saltPF6_rank21_row10881_q0p85,Li_PF6_3p330634278M_EC0p27PC0p1DMC0p63_T333p0_q085,parsed,4.7798,0.7406,Ionic conductivity = 4.7798 ± 0.7406 mS/cm,/scratch/hacortes/ADOBADO/LELi-MDLab/solvents/Q_Optimization/Li_PF6_3p330634278M_EC0p27PC0p1DMC0p63_T333p0_q085,/scratch/hacortes/ADOBADO/LELi-MDLab/solvents/Q_Optimization/Li_PF6_3p330634278M_EC0p27PC0p1DMC0p63_T333p0_q085/output_LELiB_MDLab.txt,10881,10.1149/1.1872737,Li,PF6,3.330634278,"[""EC"",""PC"",""DMC""]","[0.27,0.1,0.63]",333.0,PF6,0.85,maximin descriptor spread within salt family; exact duplicate simulation inputs excluded,21,1,21,10.1149/1.1872737,"[10881,10882]","[""10.1149/1.1872737""]",7.747834456,0.10208471325769433,2,LiPF6,3.330634278,mol/l,mol/L,volume,,EC:0.270+PC:0.100+DMC:0.630,0.8748608452408524,32.473,1.1377,108.155686909494,3.7892626180805995,1,0,0,0,0,1,0.27,1,0.1,0,0.0,1,0.63,0,0.0,0,0.0,"('Li', 'PF6', 3.330634278, '[""EC"",""PC"",""DMC""]', '[0.27,0.1,0.63]', 333.0)",242
saltPF6_rank21_row10881_q0p90,Li_PF6_3p330634278M_EC0p27PC0p1DMC0p63_T333p0_q090,parsed,2.5985,0.1609,Ionic conductivity = 2.5985 ± 0.1609 mS/cm,/scratch/hacortes/ADOBADO/LELi-MDLab/solvents/Q_Optimization/Li_PF6_3p330634278M_EC0p27PC0p1DMC0p63_T333p0_q090,/scratch/hacortes/ADOBADO/LELi-MDLab/solvents/Q_Optimization/Li_PF6_3p330634278M_EC0p27PC0p1DMC0p63_T333p0_q090/output_LELiB_MDLab.txt,10881,10.1149/1.1872737,Li,PF6,3.330634278,"[""EC"",""PC"",""DMC""]","[0.27,0.1,0.63]",333.0,PF6,0.90,maximin descriptor spread within salt family; exact duplicate simulation inputs excluded,21,1,21,10.1149/1.1872737,"[10881,10882]","[""10.1149/1.1872737""]",7.747834456,0.10208471325769433,2,LiPF6,3.330634278,mol/l,mol/L,volume,,EC:0.270+PC:0.100+DMC:0.630,0.8748608452408524,32.473,1.1377,108.155686909494,3.7892626180805995,1,0,0,0,0,1,0.27,1,0.1,0,0.0,1,0.63,0,0.0,0,0.0,"('Li', 'PF6', 3.330634278, '[""EC"",""PC"",""DMC""]', '[0.27,0.1,0.63]', 333.0)",242
saltPF6_rank22_row11916_q0p70,Li_PF6_2p005M_EC0p5DMC0p5_T323p15_q070,parsed,18.0070,3.8831,Ionic conductivity = 18.0070 ± 3.8831 mS/cm,/scratch/hacortes/ADOBADO/LELi-MDLab/solvents/Q_Optimization/Li_PF6_2p005M_EC0p5DMC0p5_T323p15_q070,/scratch/hacortes/ADOBADO/LELi-MDLab/solvents/Q_Optimization/Li_PF6_2p005M_EC0p5DMC0p5_T323p15_q070/output_LELiB_MDLab.txt,11916,10.1149/2.0571912jes,Li,PF6,2.005,"[""EC"",""DMC""]","[0.5,0.5]",323.15,PF6,0.70,maximin descriptor spread within salt family; exact duplicate simulation inputs excluded,22,1,22,10.1149/2.0571912jes,[11916],"[""10.1149/2.0571912jes""]",13.108,0.0,1,LiPF6,2.005,mol/l,mol/L,weight,,EC:0.500+DMC:0.500,0.6931471805599453,46.05,1.2449999999999999,92.33024999999999,2.4962249999999995,1,0,0,0,0,1,0.5,0,0.0,0,0.0,1,0.5,0,0.0,0,0.0,"('Li', 'PF6', 2.005, '[""EC"",""DMC""]', '[0.5,0.5]', 323.15)",242
saltPF6_rank22_row11916_q0p75,Li_PF6_2p005M_EC0p5DMC0p5_T323p15_q075,parsed,14.0580,1.8957,Ionic conductivity = 14.0580 ± 1.8957 mS/cm,/scratch/hacortes/ADOBADO/LELi-MDLab/solvents/Q_Optimization/Li_PF6_2p005M_EC0p5DMC0p5_T323p15_q075,/scratch/hacortes/ADOBADO/LELi-MDLab/solvents/Q_Optimization/Li_PF6_2p005M_EC0p5DMC0p5_T323p15_q075/output_LELiB_MDLab.txt,11916,10.1149/2.0571912jes,Li,PF6,2.005,"[""EC"",""DMC""]","[0.5,0.5]",323.15,PF6,0.75,maximin descriptor spread within salt family; exact duplicate simulation inputs excluded,22,1,22,10.1149/2.0571912jes,[11916],"[""10.1149/2.0571912jes""]",13.108,0.0,1,LiPF6,2.005,mol/l,mol/L,weight,,EC:0.500+DMC:0.500,0.6931471805599453,46.05,1.2449999999999999,92.33024999999999,2.4962249999999995,1,0,0,0,0,1,0.5,0,0.0,0,0.0,1,0.5,0,0.0,0,0.0,"('Li', 'PF6', 2.005, '[""EC"",""DMC""]', '[0.5,0.5]', 323.15)",242
saltPF6_rank22_row11916_q0p80,Li_PF6_2p005M_EC0p5DMC0p5_T323p15_q080,parsed,11.6043,2.9189,Ionic conductivity = 11.6043 ± 2.9189 mS/cm,/scratch/hacortes/ADOBADO/LELi-MDLab/solvents/Q_Optimization/Li_PF6_2p005M_EC0p5DMC0p5_T323p15_q080,/scratch/hacortes/ADOBADO/LELi-MDLab/solvents/Q_Optimization/Li_PF6_2p005M_EC0p5DMC0p5_T323p15_q080/output_LELiB_MDLab.txt,11916,10.1149/2.0571912jes,Li,PF6,2.005,"[""EC"",""DMC""]","[0.5,0.5]",323.15,PF6,0.80,maximin descriptor spread within salt family; exact duplicate simulation inputs excluded,22,1,22,10.1149/2.0571912jes,[11916],"[""10.1149/2.0571912jes""]",13.108,0.0,1,LiPF6,2.005,mol/l,mol/L,weight,,EC:0.500+DMC:0.500,0.6931471805599453,46.05,1.2449999999999999,92.33024999999999,2.4962249999999995,1,0,0,0,0,1,0.5,0,0.0,0,0.0,1,0.5,0,0.0,0,0.0,"('Li', 'PF6', 2.005, '[""EC"",""DMC""]', '[0.5,0.5]', 323.15)",242
saltPF6_rank22_row11916_q0p85,Li_PF6_2p005M_EC0p5DMC0p5_T323p15_q085,parsed,9.6562,1.3826,Ionic conductivity = 9.6562 ± 1.3826 mS/cm,/scratch/hacortes/ADOBADO/LELi-MDLab/solvents/Q_Optimization/Li_PF6_2p005M_EC0p5DMC0p5_T323p15_q085,/scratch/hacortes/ADOBADO/LELi-MDLab/solvents/Q_Optimization/Li_PF6_2p005M_EC0p5DMC0p5_T323p15_q085/output_LELiB_MDLab.txt,11916,10.1149/2.0571912jes,Li,PF6,2.005,"[""EC"",""DMC""]","[0.5,0.5]",323.15,PF6,0.85,maximin descriptor spread within salt family; exact duplicate simulation inputs excluded,22,1,22,10.1149/2.0571912jes,[11916],"[""10.1149/2.0571912jes""]",13.108,0.0,1,LiPF6,2.005,mol/l,mol/L,weight,,EC:0.500+DMC:0.500,0.6931471805599453,46.05,1.2449999999999999,92.33024999999999,2.4962249999999995,1,0,0,0,0,1,0.5,0,0.0,0,0.0,1,0.5,0,0.0,0,0.0,"('Li', 'PF6', 2.005, '[""EC"",""DMC""]', '[0.5,0.5]', 323.15)",242
saltPF6_rank22_row11916_q0p90,Li_PF6_2p005M_EC0p5DMC0p5_T323p15_q090,parsed,10.8718,2.3580,Ionic conductivity = 10.8718 ± 2.3580 mS/cm,/scratch/hacortes/ADOBADO/LELi-MDLab/solvents/Q_Optimization/Li_PF6_2p005M_EC0p5DMC0p5_T323p15_q090,/scratch/hacortes/ADOBADO/LELi-MDLab/solvents/Q_Optimization/Li_PF6_2p005M_EC0p5DMC0p5_T323p15_q090/output_LELiB_MDLab.txt,11916,10.1149/2.0571912jes,Li,PF6,2.005,"[""EC"",""DMC""]","[0.5,0.5]",323.15,PF6,0.90,maximin descriptor spread within salt family; exact duplicate simulation inputs excluded,22,1,22,10.1149/2.0571912jes,[11916],"[""10.1149/2.0571912jes""]",13.108,0.0,1,LiPF6,2.005,mol/l,mol/L,weight,,EC:0.500+DMC:0.500,0.6931471805599453,46.05,1.2449999999999999,92.33024999999999,2.4962249999999995,1,0,0,0,0,1,0.5,0,0.0,0,0.0,1,0.5,0,0.0,0,0.0,"('Li', 'PF6', 2.005, '[""EC"",""DMC""]', '[0.5,0.5]', 323.15)",242
saltPF6_rank23_row11928_q0p70,Li_PF6_1p999M_EC0p3EMC0p7_T273p15_q070,parsed,3.5878,0.9963,Ionic conductivity = 3.5878 ± 0.9963 mS/cm,/scratch/hacortes/ADOBADO/LELi-MDLab/solvents/Q_Optimization/Li_PF6_1p999M_EC0p3EMC0p7_T273p15_q070,/scratch/hacortes/ADOBADO/LELi-MDLab/solvents/Q_Optimization/Li_PF6_1p999M_EC0p3EMC0p7_T273p15_q070/output_LELiB_MDLab.txt,11928,10.1149/2.0571912jes,Li,PF6,1.999,"[""EC"",""EMC""]","[0.3,0.7]",273.15,PF6,0.70,maximin descriptor spread within salt family; exact duplicate simulation inputs excluded,23,1,23,10.1149/2.0571912jes,[11928],"[""10.1149/2.0571912jes""]",2.637,0.0,1,LiPF6,1.999,mol/l,mol/L,weight,,EC:0.300+EMC:0.700,0.6108643020548935,28.73,1.025,57.431270000000005,2.048975,1,0,0,0,0,1,0.3,0,0.0,0,0.0,0,0.0,0,0.0,1,0.7,"('Li', 'PF6', 1.999, '[""EC"",""EMC""]', '[0.3,0.7]', 273.15)",242
saltPF6_rank23_row11928_q0p75,Li_PF6_1p999M_EC0p3EMC0p7_T273p15_q075,parsed,3.7381,0.9838,Ionic conductivity = 3.7381 ± 0.9838 mS/cm,/scratch/hacortes/ADOBADO/LELi-MDLab/solvents/Q_Optimization/Li_PF6_1p999M_EC0p3EMC0p7_T273p15_q075,/scratch/hacortes/ADOBADO/LELi-MDLab/solvents/Q_Optimization/Li_PF6_1p999M_EC0p3EMC0p7_T273p15_q075/output_LELiB_MDLab.txt,11928,10.1149/2.0571912jes,Li,PF6,1.999,"[""EC"",""EMC""]","[0.3,0.7]",273.15,PF6,0.75,maximin descriptor spread within salt family; exact duplicate simulation inputs excluded,23,1,23,10.1149/2.0571912jes,[11928],"[""10.1149/2.0571912jes""]",2.637,0.0,1,LiPF6,1.999,mol/l,mol/L,weight,,EC:0.300+EMC:0.700,0.6108643020548935,28.73,1.025,57.431270000000005,2.048975,1,0,0,0,0,1,0.3,0,0.0,0,0.0,0,0.0,0,0.0,1,0.7,"('Li', 'PF6', 1.999, '[""EC"",""EMC""]', '[0.3,0.7]', 273.15)",242
saltPF6_rank23_row11928_q0p80,Li_PF6_1p999M_EC0p3EMC0p7_T273p15_q080,parsed,2.2841,0.9582,Ionic conductivity = 2.2841 ± 0.9582 mS/cm,/scratch/hacortes/ADOBADO/LELi-MDLab/solvents/Q_Optimization/Li_PF6_1p999M_EC0p3EMC0p7_T273p15_q080,/scratch/hacortes/ADOBADO/LELi-MDLab/solvents/Q_Optimization/Li_PF6_1p999M_EC0p3EMC0p7_T273p15_q080/output_LELiB_MDLab.txt,11928,10.1149/2.0571912jes,Li,PF6,1.999,"[""EC"",""EMC""]","[0.3,0.7]",273.15,PF6,0.80,maximin descriptor spread within salt family; exact duplicate simulation inputs excluded,23,1,23,10.1149/2.0571912jes,[11928],"[""10.1149/2.0571912jes""]",2.637,0.0,1,LiPF6,1.999,mol/l,mol/L,weight,,EC:0.300+EMC:0.700,0.6108643020548935,28.73,1.025,57.431270000000005,2.048975,1,0,0,0,0,1,0.3,0,0.0,0,0.0,0,0.0,0,0.0,1,0.7,"('Li', 'PF6', 1.999, '[""EC"",""EMC""]', '[0.3,0.7]', 273.15)",242
saltPF6_rank23_row11928_q0p85,Li_PF6_1p999M_EC0p3EMC0p7_T273p15_q085,parsed,1.5927,0.3312,Ionic conductivity = 1.5927 ± 0.3312 mS/cm,/scratch/hacortes/ADOBADO/LELi-MDLab/solvents/Q_Optimization/Li_PF6_1p999M_EC0p3EMC0p7_T273p15_q085,/scratch/hacortes/ADOBADO/LELi-MDLab/solvents/Q_Optimization/Li_PF6_1p999M_EC0p3EMC0p7_T273p15_q085/output_LELiB_MDLab.txt,11928,10.1149/2.0571912jes,Li,PF6,1.999,"[""EC"",""EMC""]","[0.3,0.7]",273.15,PF6,0.85,maximin descriptor spread within salt family; exact duplicate simulation inputs excluded,23,1,23,10.1149/2.0571912jes,[11928],"[""10.1149/2.0571912jes""]",2.637,0.0,1,LiPF6,1.999,mol/l,mol/L,weight,,EC:0.300+EMC:0.700,0.6108643020548935,28.73,1.025,57.431270000000005,2.048975,1,0,0,0,0,1,0.3,0,0.0,0,0.0,0,0.0,0,0.0,1,0.7,"('Li', 'PF6', 1.999, '[""EC"",""EMC""]', '[0.3,0.7]', 273.15)",242
saltPF6_rank23_row11928_q0p90,Li_PF6_1p999M_EC0p3EMC0p7_T273p15_q090,parsed,0.6496,0.1660,Ionic conductivity = 0.6496 ± 0.1660 mS/cm,/scratch/hacortes/ADOBADO/LELi-MDLab/solvents/Q_Optimization/Li_PF6_1p999M_EC0p3EMC0p7_T273p15_q090,/scratch/hacortes/ADOBADO/LELi-MDLab/solvents/Q_Optimization/Li_PF6_1p999M_EC0p3EMC0p7_T273p15_q090/output_LELiB_MDLab.txt,11928,10.1149/2.0571912jes,Li,PF6,1.999,"[""EC"",""EMC""]","[0.3,0.7]",273.15,PF6,0.90,maximin descriptor spread within salt family; exact duplicate simulation inputs excluded,23,1,23,10.1149/2.0571912jes,[11928],"[""10.1149/2.0571912jes""]",2.637,0.0,1,LiPF6,1.999,mol/l,mol/L,weight,,EC:0.300+EMC:0.700,0.6108643020548935,28.73,1.025,57.431270000000005,2.048975,1,0,0,0,0,1,0.3,0,0.0,0,0.0,0,0.0,0,0.0,1,0.7,"('Li', 'PF6', 1.999, '[""EC"",""EMC""]', '[0.3,0.7]', 273.15)",242
saltPF6_rank24_row11887_q0p70,Li_PF6_3p0M_EC0p5DMC0p5_T263p15_q070,parsed,1.5893,0.2667,Ionic conductivity = 1.5893 ± 0.2667 mS/cm,/scratch/hacortes/ADOBADO/LELi-MDLab/solvents/Q_Optimization/Li_PF6_3p0M_EC0p5DMC0p5_T263p15_q070,/scratch/hacortes/ADOBADO/LELi-MDLab/solvents/Q_Optimization/Li_PF6_3p0M_EC0p5DMC0p5_T263p15_q070/output_LELiB_MDLab.txt,11887,10.1149/2.0571912jes,Li,PF6,3.0,"[""EC"",""DMC""]","[0.5,0.5]",263.15,PF6,0.70,maximin descriptor spread within salt family; exact duplicate simulation inputs excluded,24,1,24,10.1149/2.0571912jes,[11887],"[""10.1149/2.0571912jes""]",0.756,0.0,1,LiPF6,3.0,mol/l,mol/L,weight,,EC:0.500+DMC:0.500,0.6931471805599453,46.05,1.2449999999999999,138.14999999999998,3.7349999999999994,1,0,0,0,0,1,0.5,0,0.0,0,0.0,1,0.5,0,0.0,0,0.0,"('Li', 'PF6', 3.0, '[""EC"",""DMC""]', '[0.5,0.5]', 263.15)",242
saltPF6_rank24_row11887_q0p75,Li_PF6_3p0M_EC0p5DMC0p5_T263p15_q075,parsed,0.8448,0.2341,Ionic conductivity = 0.8448 ± 0.2341 mS/cm,/scratch/hacortes/ADOBADO/LELi-MDLab/solvents/Q_Optimization/Li_PF6_3p0M_EC0p5DMC0p5_T263p15_q075,/scratch/hacortes/ADOBADO/LELi-MDLab/solvents/Q_Optimization/Li_PF6_3p0M_EC0p5DMC0p5_T263p15_q075/output_LELiB_MDLab.txt,11887,10.1149/2.0571912jes,Li,PF6,3.0,"[""EC"",""DMC""]","[0.5,0.5]",263.15,PF6,0.75,maximin descriptor spread within salt family; exact duplicate simulation inputs excluded,24,1,24,10.1149/2.0571912jes,[11887],"[""10.1149/2.0571912jes""]",0.756,0.0,1,LiPF6,3.0,mol/l,mol/L,weight,,EC:0.500+DMC:0.500,0.6931471805599453,46.05,1.2449999999999999,138.14999999999998,3.7349999999999994,1,0,0,0,0,1,0.5,0,0.0,0,0.0,1,0.5,0,0.0,0,0.0,"('Li', 'PF6', 3.0, '[""EC"",""DMC""]', '[0.5,0.5]', 263.15)",242
saltPF6_rank24_row11887_q0p80,Li_PF6_3p0M_EC0p5DMC0p5_T263p15_q080,parsed,0.6629,0.2862,Ionic conductivity = 0.6629 ± 0.2862 mS/cm,/scratch/hacortes/ADOBADO/LELi-MDLab/solvents/Q_Optimization/Li_PF6_3p0M_EC0p5DMC0p5_T263p15_q080,/scratch/hacortes/ADOBADO/LELi-MDLab/solvents/Q_Optimization/Li_PF6_3p0M_EC0p5DMC0p5_T263p15_q080/output_LELiB_MDLab.txt,11887,10.1149/2.0571912jes,Li,PF6,3.0,"[""EC"",""DMC""]","[0.5,0.5]",263.15,PF6,0.80,maximin descriptor spread within salt family; exact duplicate simulation inputs excluded,24,1,24,10.1149/2.0571912jes,[11887],"[""10.1149/2.0571912jes""]",0.756,0.0,1,LiPF6,3.0,mol/l,mol/L,weight,,EC:0.500+DMC:0.500,0.6931471805599453,46.05,1.2449999999999999,138.14999999999998,3.7349999999999994,1,0,0,0,0,1,0.5,0,0.0,0,0.0,1,0.5,0,0.0,0,0.0,"('Li', 'PF6', 3.0, '[""EC"",""DMC""]', '[0.5,0.5]', 263.15)",242
saltPF6_rank24_row11887_q0p85,Li_PF6_3p0M_EC0p5DMC0p5_T263p15_q085,parsed,0.3162,0.1363,Ionic conductivity = 0.3162 ± 0.1363 mS/cm,/scratch/hacortes/ADOBADO/LELi-MDLab/solvents/Q_Optimization/Li_PF6_3p0M_EC0p5DMC0p5_T263p15_q085,/scratch/hacortes/ADOBADO/LELi-MDLab/solvents/Q_Optimization/Li_PF6_3p0M_EC0p5DMC0p5_T263p15_q085/output_LELiB_MDLab.txt,11887,10.1149/2.0571912jes,Li,PF6,3.0,"[""EC"",""DMC""]","[0.5,0.5]",263.15,PF6,0.85,maximin descriptor spread within salt family; exact duplicate simulation inputs excluded,24,1,24,10.1149/2.0571912jes,[11887],"[""10.1149/2.0571912jes""]",0.756,0.0,1,LiPF6,3.0,mol/l,mol/L,weight,,EC:0.500+DMC:0.500,0.6931471805599453,46.05,1.2449999999999999,138.14999999999998,3.7349999999999994,1,0,0,0,0,1,0.5,0,0.0,0,0.0,1,0.5,0,0.0,0,0.0,"('Li', 'PF6', 3.0, '[""EC"",""DMC""]', '[0.5,0.5]', 263.15)",242
saltPF6_rank24_row11887_q0p90,Li_PF6_3p0M_EC0p5DMC0p5_T263p15_q090,parsed,0.1485,0.0698,Ionic conductivity = 0.1485 ± 0.0698 mS/cm,/scratch/hacortes/ADOBADO/LELi-MDLab/solvents/Q_Optimization/Li_PF6_3p0M_EC0p5DMC0p5_T263p15_q090,/scratch/hacortes/ADOBADO/LELi-MDLab/solvents/Q_Optimization/Li_PF6_3p0M_EC0p5DMC0p5_T263p15_q090/output_LELiB_MDLab.txt,11887,10.1149/2.0571912jes,Li,PF6,3.0,"[""EC"",""DMC""]","[0.5,0.5]",263.15,PF6,0.90,maximin descriptor spread within salt family; exact duplicate simulation inputs excluded,24,1,24,10.1149/2.0571912jes,[11887],"[""10.1149/2.0571912jes""]",0.756,0.0,1,LiPF6,3.0,mol/l,mol/L,weight,,EC:0.500+DMC:0.500,0.6931471805599453,46.05,1.2449999999999999,138.14999999999998,3.7349999999999994,1,0,0,0,0,1,0.5,0,0.0,0,0.0,1,0.5,0,0.0,0,0.0,"('Li', 'PF6', 3.0, '[""EC"",""DMC""]', '[0.5,0.5]', 263.15)",242
saltPF6_rank25_row13616_q0p70,Li_PF6_1p0M_EC0p5PC0p5_T213p15_q070,parsed,0.1638,0.0832,Ionic conductivity = 0.1638 ± 0.0832 mS/cm,/scratch/hacortes/ADOBADO/LELi-MDLab/solvents/Q_Optimization/Li_PF6_1p0M_EC0p5PC0p5_T213p15_q070,/scratch/hacortes/ADOBADO/LELi-MDLab/solvents/Q_Optimization/Li_PF6_1p0M_EC0p5PC0p5_T213p15_q070/output_LELiB_MDLab.txt,13616,10.1016/0378-7753(91)80004-H,Li,PF6,1.0,"[""EC"",""PC""]","[0.5,0.5]",213.15,PF6,0.70,maximin descriptor spread within salt family; exact duplicate simulation inputs excluded,25,1,25,10.1016/0378-7753(91)80004-H,[13616],"[""10.1016/0378-7753(91)80004-H""]",0.01,0.0,1,LiPF6,1.0,mol/l,mol/L,volume,,EC:0.500+PC:0.500,0.6931471805599453,76.95,2.215,76.95,2.215,1,0,0,0,0,1,0.5,1,0.5,0,0.0,0,0.0,0,0.0,0,0.0,"('Li', 'PF6', 1.0, '[""EC"",""PC""]', '[0.5,0.5]', 213.15)",242
saltPF6_rank25_row13616_q0p75,Li_PF6_1p0M_EC0p5PC0p5_T213p15_q075,parsed,0.0852,0.0196,Ionic conductivity = 0.0852 ± 0.0196 mS/cm,/scratch/hacortes/ADOBADO/LELi-MDLab/solvents/Q_Optimization/Li_PF6_1p0M_EC0p5PC0p5_T213p15_q075,/scratch/hacortes/ADOBADO/LELi-MDLab/solvents/Q_Optimization/Li_PF6_1p0M_EC0p5PC0p5_T213p15_q075/output_LELiB_MDLab.txt,13616,10.1016/0378-7753(91)80004-H,Li,PF6,1.0,"[""EC"",""PC""]","[0.5,0.5]",213.15,PF6,0.75,maximin descriptor spread within salt family; exact duplicate simulation inputs excluded,25,1,25,10.1016/0378-7753(91)80004-H,[13616],"[""10.1016/0378-7753(91)80004-H""]",0.01,0.0,1,LiPF6,1.0,mol/l,mol/L,volume,,EC:0.500+PC:0.500,0.6931471805599453,76.95,2.215,76.95,2.215,1,0,0,0,0,1,0.5,1,0.5,0,0.0,0,0.0,0,0.0,0,0.0,"('Li', 'PF6', 1.0, '[""EC"",""PC""]', '[0.5,0.5]', 213.15)",242
saltPF6_rank25_row13616_q0p80,Li_PF6_1p0M_EC0p5PC0p5_T213p15_q080,parsed,0.0863,0.0285,Ionic conductivity = 0.0863 ± 0.0285 mS/cm,/scratch/hacortes/ADOBADO/LELi-MDLab/solvents/Q_Optimization/Li_PF6_1p0M_EC0p5PC0p5_T213p15_q080,/scratch/hacortes/ADOBADO/LELi-MDLab/solvents/Q_Optimization/Li_PF6_1p0M_EC0p5PC0p5_T213p15_q080/output_LELiB_MDLab.txt,13616,10.1016/0378-7753(91)80004-H,Li,PF6,1.0,"[""EC"",""PC""]","[0.5,0.5]",213.15,PF6,0.80,maximin descriptor spread within salt family; exact duplicate simulation inputs excluded,25,1,25,10.1016/0378-7753(91)80004-H,[13616],"[""10.1016/0378-7753(91)80004-H""]",0.01,0.0,1,LiPF6,1.0,mol/l,mol/L,volume,,EC:0.500+PC:0.500,0.6931471805599453,76.95,2.215,76.95,2.215,1,0,0,0,0,1,0.5,1,0.5,0,0.0,0,0.0,0,0.0,0,0.0,"('Li', 'PF6', 1.0, '[""EC"",""PC""]', '[0.5,0.5]', 213.15)",242
saltPF6_rank25_row13616_q0p85,Li_PF6_1p0M_EC0p5PC0p5_T213p15_q085,parsed,0.1198,0.0428,Ionic conductivity = 0.1198 ± 0.0428 mS/cm,/scratch/hacortes/ADOBADO/LELi-MDLab/solvents/Q_Optimization/Li_PF6_1p0M_EC0p5PC0p5_T213p15_q085,/scratch/hacortes/ADOBADO/LELi-MDLab/solvents/Q_Optimization/Li_PF6_1p0M_EC0p5PC0p5_T213p15_q085/output_LELiB_MDLab.txt,13616,10.1016/0378-7753(91)80004-H,Li,PF6,1.0,"[""EC"",""PC""]","[0.5,0.5]",213.15,PF6,0.85,maximin descriptor spread within salt family; exact duplicate simulation inputs excluded,25,1,25,10.1016/0378-7753(91)80004-H,[13616],"[""10.1016/0378-7753(91)80004-H""]",0.01,0.0,1,LiPF6,1.0,mol/l,mol/L,volume,,EC:0.500+PC:0.500,0.6931471805599453,76.95,2.215,76.95,2.215,1,0,0,0,0,1,0.5,1,0.5,0,0.0,0,0.0,0,0.0,0,0.0,"('Li', 'PF6', 1.0, '[""EC"",""PC""]', '[0.5,0.5]', 213.15)",242
saltPF6_rank25_row13616_q0p90,Li_PF6_1p0M_EC0p5PC0p5_T213p15_q090,parsed,0.0981,0.0307,Ionic conductivity = 0.0981 ± 0.0307 mS/cm,/scratch/hacortes/ADOBADO/LELi-MDLab/solvents/Q_Optimization/Li_PF6_1p0M_EC0p5PC0p5_T213p15_q090,/scratch/hacortes/ADOBADO/LELi-MDLab/solvents/Q_Optimization/Li_PF6_1p0M_EC0p5PC0p5_T213p15_q090/output_LELiB_MDLab.txt,13616,10.1016/0378-7753(91)80004-H,Li,PF6,1.0,"[""EC"",""PC""]","[0.5,0.5]",213.15,PF6,0.90,maximin descriptor spread within salt family; exact duplicate simulation inputs excluded,25,1,25,10.1016/0378-7753(91)80004-H,[13616],"[""10.1016/0378-7753(91)80004-H""]",0.01,0.0,1,LiPF6,1.0,mol/l,mol/L,volume,,EC:0.500+PC:0.500,0.6931471805599453,76.95,2.215,76.95,2.215,1,0,0,0,0,1,0.5,1,0.5,0,0.0,0,0.0,0,0.0,0,0.0,"('Li', 'PF6', 1.0, '[""EC"",""PC""]', '[0.5,0.5]', 213.15)",242
saltPF6_rank26_row11913_q0p70,Li_PF6_0p501M_EC0p5DMC0p5_T323p15_q070,parsed,10.8937,4.5055,Ionic conductivity = 10.8937 ± 4.5055 mS/cm,/scratch/hacortes/ADOBADO/LELi-MDLab/solvents/Q_Optimization/Li_PF6_0p501M_EC0p5DMC0p5_T323p15_q070,/scratch/hacortes/ADOBADO/LELi-MDLab/solvents/Q_Optimization/Li_PF6_0p501M_EC0p5DMC0p5_T323p15_q070/output_LELiB_MDLab.txt,11913,10.1149/2.0571912jes,Li,PF6,0.501,"[""EC"",""DMC""]","[0.5,0.5]",323.15,PF6,0.70,maximin descriptor spread within salt family; exact duplicate simulation inputs excluded,26,1,26,10.1149/2.0571912jes,[11913],"[""10.1149/2.0571912jes""]",14.172,0.0,1,LiPF6,0.501,mol/l,mol/L,weight,,EC:0.500+DMC:0.500,0.6931471805599453,46.05,1.2449999999999999,23.07105,0.623745,1,0,0,0,0,1,0.5,0,0.0,0,0.0,1,0.5,0,0.0,0,0.0,"('Li', 'PF6', 0.501, '[""EC"",""DMC""]', '[0.5,0.5]', 323.15)",242
saltPF6_rank26_row11913_q0p75,Li_PF6_0p501M_EC0p5DMC0p5_T323p15_q075,parsed,12.0960,0.4066,Ionic conductivity = 12.0960 ± 0.4066 mS/cm,/scratch/hacortes/ADOBADO/LELi-MDLab/solvents/Q_Optimization/Li_PF6_0p501M_EC0p5DMC0p5_T323p15_q075,/scratch/hacortes/ADOBADO/LELi-MDLab/solvents/Q_Optimization/Li_PF6_0p501M_EC0p5DMC0p5_T323p15_q075/output_LELiB_MDLab.txt,11913,10.1149/2.0571912jes,Li,PF6,0.501,"[""EC"",""DMC""]","[0.5,0.5]",323.15,PF6,0.75,maximin descriptor spread within salt family; exact duplicate simulation inputs excluded,26,1,26,10.1149/2.0571912jes,[11913],"[""10.1149/2.0571912jes""]",14.172,0.0,1,LiPF6,0.501,mol/l,mol/L,weight,,EC:0.500+DMC:0.500,0.6931471805599453,46.05,1.2449999999999999,23.07105,0.623745,1,0,0,0,0,1,0.5,0,0.0,0,0.0,1,0.5,0,0.0,0,0.0,"('Li', 'PF6', 0.501, '[""EC"",""DMC""]', '[0.5,0.5]', 323.15)",242
saltPF6_rank26_row11913_q0p80,Li_PF6_0p501M_EC0p5DMC0p5_T323p15_q080,parsed,12.0927,0.8429,Ionic conductivity = 12.0927 ± 0.8429 mS/cm,/scratch/hacortes/ADOBADO/LELi-MDLab/solvents/Q_Optimization/Li_PF6_0p501M_EC0p5DMC0p5_T323p15_q080,/scratch/hacortes/ADOBADO/LELi-MDLab/solvents/Q_Optimization/Li_PF6_0p501M_EC0p5DMC0p5_T323p15_q080/output_LELiB_MDLab.txt,11913,10.1149/2.0571912jes,Li,PF6,0.501,"[""EC"",""DMC""]","[0.5,0.5]",323.15,PF6,0.80,maximin descriptor spread within salt family; exact duplicate simulation inputs excluded,26,1,26,10.1149/2.0571912jes,[11913],"[""10.1149/2.0571912jes""]",14.172,0.0,1,LiPF6,0.501,mol/l,mol/L,weight,,EC:0.500+DMC:0.500,0.6931471805599453,46.05,1.2449999999999999,23.07105,0.623745,1,0,0,0,0,1,0.5,0,0.0,0,0.0,1,0.5,0,0.0,0,0.0,"('Li', 'PF6', 0.501, '[""EC"",""DMC""]', '[0.5,0.5]', 323.15)",242
saltPF6_rank26_row11913_q0p85,Li_PF6_0p501M_EC0p5DMC0p5_T323p15_q085,parsed,12.4911,2.7061,Ionic conductivity = 12.4911 ± 2.7061 mS/cm,/scratch/hacortes/ADOBADO/LELi-MDLab/solvents/Q_Optimization/Li_PF6_0p501M_EC0p5DMC0p5_T323p15_q085,/scratch/hacortes/ADOBADO/LELi-MDLab/solvents/Q_Optimization/Li_PF6_0p501M_EC0p5DMC0p5_T323p15_q085/output_LELiB_MDLab.txt,11913,10.1149/2.0571912jes,Li,PF6,0.501,"[""EC"",""DMC""]","[0.5,0.5]",323.15,PF6,0.85,maximin descriptor spread within salt family; exact duplicate simulation inputs excluded,26,1,26,10.1149/2.0571912jes,[11913],"[""10.1149/2.0571912jes""]",14.172,0.0,1,LiPF6,0.501,mol/l,mol/L,weight,,EC:0.500+DMC:0.500,0.6931471805599453,46.05,1.2449999999999999,23.07105,0.623745,1,0,0,0,0,1,0.5,0,0.0,0,0.0,1,0.5,0,0.0,0,0.0,"('Li', 'PF6', 0.501, '[""EC"",""DMC""]', '[0.5,0.5]', 323.15)",242
saltPF6_rank26_row11913_q0p90,Li_PF6_0p501M_EC0p5DMC0p5_T323p15_q090,parsed,11.4456,1.7498,Ionic conductivity = 11.4456 ± 1.7498 mS/cm,/scratch/hacortes/ADOBADO/LELi-MDLab/solvents/Q_Optimization/Li_PF6_0p501M_EC0p5DMC0p5_T323p15_q090,/scratch/hacortes/ADOBADO/LELi-MDLab/solvents/Q_Optimization/Li_PF6_0p501M_EC0p5DMC0p5_T323p15_q090/output_LELiB_MDLab.txt,11913,10.1149/2.0571912jes,Li,PF6,0.501,"[""EC"",""DMC""]","[0.5,0.5]",323.15,PF6,0.90,maximin descriptor spread within salt family; exact duplicate simulation inputs excluded,26,1,26,10.1149/2.0571912jes,[11913],"[""10.1149/2.0571912jes""]",14.172,0.0,1,LiPF6,0.501,mol/l,mol/L,weight,,EC:0.500+DMC:0.500,0.6931471805599453,46.05,1.2449999999999999,23.07105,0.623745,1,0,0,0,0,1,0.5,0,0.0,0,0.0,1,0.5,0,0.0,0,0.0,"('Li', 'PF6', 0.501, '[""EC"",""DMC""]', '[0.5,0.5]', 323.15)",242
saltPF6_rank27_row11923_q0p70,Li_PF6_3p002M_EC0p3EMC0p7_T263p15_q070,parsed,1.1487,0.4312,Ionic conductivity = 1.1487 ± 0.4312 mS/cm,/scratch/hacortes/ADOBADO/LELi-MDLab/solvents/Q_Optimization/Li_PF6_3p002M_EC0p3EMC0p7_T263p15_q070,/scratch/hacortes/ADOBADO/LELi-MDLab/solvents/Q_Optimization/Li_PF6_3p002M_EC0p3EMC0p7_T263p15_q070/output_LELiB_MDLab.txt,11923,10.1149/2.0571912jes,Li,PF6,3.002,"[""EC"",""EMC""]","[0.3,0.7]",263.15,PF6,0.70,maximin descriptor spread within salt family; exact duplicate simulation inputs excluded,27,1,27,10.1149/2.0571912jes,[11923],"[""10.1149/2.0571912jes""]",0.35,0.0,1,LiPF6,3.002,mol/l,mol/L,weight,,EC:0.300+EMC:0.700,0.6108643020548935,28.73,1.025,86.24745999999999,3.0770499999999994,1,0,0,0,0,1,0.3,0,0.0,0,0.0,0,0.0,0,0.0,1,0.7,"('Li', 'PF6', 3.002, '[""EC"",""EMC""]', '[0.3,0.7]', 263.15)",242
saltPF6_rank27_row11923_q0p75,Li_PF6_3p002M_EC0p3EMC0p7_T263p15_q075,parsed,0.4131,0.1757,Ionic conductivity = 0.4131 ± 0.1757 mS/cm,/scratch/hacortes/ADOBADO/LELi-MDLab/solvents/Q_Optimization/Li_PF6_3p002M_EC0p3EMC0p7_T263p15_q075,/scratch/hacortes/ADOBADO/LELi-MDLab/solvents/Q_Optimization/Li_PF6_3p002M_EC0p3EMC0p7_T263p15_q075/output_LELiB_MDLab.txt,11923,10.1149/2.0571912jes,Li,PF6,3.002,"[""EC"",""EMC""]","[0.3,0.7]",263.15,PF6,0.75,maximin descriptor spread within salt family; exact duplicate simulation inputs excluded,27,1,27,10.1149/2.0571912jes,[11923],"[""10.1149/2.0571912jes""]",0.35,0.0,1,LiPF6,3.002,mol/l,mol/L,weight,,EC:0.300+EMC:0.700,0.6108643020548935,28.73,1.025,86.24745999999999,3.0770499999999994,1,0,0,0,0,1,0.3,0,0.0,0,0.0,0,0.0,0,0.0,1,0.7,"('Li', 'PF6', 3.002, '[""EC"",""EMC""]', '[0.3,0.7]', 263.15)",242
saltPF6_rank27_row11923_q0p80,Li_PF6_3p002M_EC0p3EMC0p7_T263p15_q080,parsed,0.3893,0.1159,Ionic conductivity = 0.3893 ± 0.1159 mS/cm,/scratch/hacortes/ADOBADO/LELi-MDLab/solvents/Q_Optimization/Li_PF6_3p002M_EC0p3EMC0p7_T263p15_q080,/scratch/hacortes/ADOBADO/LELi-MDLab/solvents/Q_Optimization/Li_PF6_3p002M_EC0p3EMC0p7_T263p15_q080/output_LELiB_MDLab.txt,11923,10.1149/2.0571912jes,Li,PF6,3.002,"[""EC"",""EMC""]","[0.3,0.7]",263.15,PF6,0.80,maximin descriptor spread within salt family; exact duplicate simulation inputs excluded,27,1,27,10.1149/2.0571912jes,[11923],"[""10.1149/2.0571912jes""]",0.35,0.0,1,LiPF6,3.002,mol/l,mol/L,weight,,EC:0.300+EMC:0.700,0.6108643020548935,28.73,1.025,86.24745999999999,3.0770499999999994,1,0,0,0,0,1,0.3,0,0.0,0,0.0,0,0.0,0,0.0,1,0.7,"('Li', 'PF6', 3.002, '[""EC"",""EMC""]', '[0.3,0.7]', 263.15)",242
saltPF6_rank27_row11923_q0p85,Li_PF6_3p002M_EC0p3EMC0p7_T263p15_q085,parsed,0.2099,0.0484,Ionic conductivity = 0.2099 ± 0.0484 mS/cm,/scratch/hacortes/ADOBADO/LELi-MDLab/solvents/Q_Optimization/Li_PF6_3p002M_EC0p3EMC0p7_T263p15_q085,/scratch/hacortes/ADOBADO/LELi-MDLab/solvents/Q_Optimization/Li_PF6_3p002M_EC0p3EMC0p7_T263p15_q085/output_LELiB_MDLab.txt,11923,10.1149/2.0571912jes,Li,PF6,3.002,"[""EC"",""EMC""]","[0.3,0.7]",263.15,PF6,0.85,maximin descriptor spread within salt family; exact duplicate simulation inputs excluded,27,1,27,10.1149/2.0571912jes,[11923],"[""10.1149/2.0571912jes""]",0.35,0.0,1,LiPF6,3.002,mol/l,mol/L,weight,,EC:0.300+EMC:0.700,0.6108643020548935,28.73,1.025,86.24745999999999,3.0770499999999994,1,0,0,0,0,1,0.3,0,0.0,0,0.0,0,0.0,0,0.0,1,0.7,"('Li', 'PF6', 3.002, '[""EC"",""EMC""]', '[0.3,0.7]', 263.15)",242
saltPF6_rank27_row11923_q0p90,Li_PF6_3p002M_EC0p3EMC0p7_T263p15_q090,parsed,0.1751,0.0503,Ionic conductivity = 0.1751 ± 0.0503 mS/cm,/scratch/hacortes/ADOBADO/LELi-MDLab/solvents/Q_Optimization/Li_PF6_3p002M_EC0p3EMC0p7_T263p15_q090,/scratch/hacortes/ADOBADO/LELi-MDLab/solvents/Q_Optimization/Li_PF6_3p002M_EC0p3EMC0p7_T263p15_q090/output_LELiB_MDLab.txt,11923,10.1149/2.0571912jes,Li,PF6,3.002,"[""EC"",""EMC""]","[0.3,0.7]",263.15,PF6,0.90,maximin descriptor spread within salt family; exact duplicate simulation inputs excluded,27,1,27,10.1149/2.0571912jes,[11923],"[""10.1149/2.0571912jes""]",0.35,0.0,1,LiPF6,3.002,mol/l,mol/L,weight,,EC:0.300+EMC:0.700,0.6108643020548935,28.73,1.025,86.24745999999999,3.0770499999999994,1,0,0,0,0,1,0.3,0,0.0,0,0.0,0,0.0,0,0.0,1,0.7,"('Li', 'PF6', 3.002, '[""EC"",""EMC""]', '[0.3,0.7]', 263.15)",242
saltPF6_rank28_row11918_q0p70,Li_PF6_0p111M_EC0p3EMC0p7_T263p15_q070,parsed,1.5576,0.2526,Ionic conductivity = 1.5576 ± 0.2526 mS/cm,/scratch/hacortes/ADOBADO/LELi-MDLab/solvents/Q_Optimization/Li_PF6_0p111M_EC0p3EMC0p7_T263p15_q070,/scratch/hacortes/ADOBADO/LELi-MDLab/solvents/Q_Optimization/Li_PF6_0p111M_EC0p3EMC0p7_T263p15_q070/output_LELiB_MDLab.txt,11918,10.1149/2.0571912jes,Li,PF6,0.111,"[""EC"",""EMC""]","[0.3,0.7]",263.15,PF6,0.70,maximin descriptor spread within salt family; exact duplicate simulation inputs excluded,28,1,28,10.1149/2.0571912jes,[11918],"[""10.1149/2.0571912jes""]",1.417,0.0,1,LiPF6,0.111,mol/l,mol/L,weight,,EC:0.300+EMC:0.700,0.6108643020548935,28.73,1.025,3.1890300000000003,0.11377499999999999,1,0,0,0,0,1,0.3,0,0.0,0,0.0,0,0.0,0,0.0,1,0.7,"('Li', 'PF6', 0.111, '[""EC"",""EMC""]', '[0.3,0.7]', 263.15)",242
saltPF6_rank28_row11918_q0p75,Li_PF6_0p111M_EC0p3EMC0p7_T263p15_q075,parsed,1.3860,0.2805,Ionic conductivity = 1.3860 ± 0.2805 mS/cm,/scratch/hacortes/ADOBADO/LELi-MDLab/solvents/Q_Optimization/Li_PF6_0p111M_EC0p3EMC0p7_T263p15_q075,/scratch/hacortes/ADOBADO/LELi-MDLab/solvents/Q_Optimization/Li_PF6_0p111M_EC0p3EMC0p7_T263p15_q075/output_LELiB_MDLab.txt,11918,10.1149/2.0571912jes,Li,PF6,0.111,"[""EC"",""EMC""]","[0.3,0.7]",263.15,PF6,0.75,maximin descriptor spread within salt family; exact duplicate simulation inputs excluded,28,1,28,10.1149/2.0571912jes,[11918],"[""10.1149/2.0571912jes""]",1.417,0.0,1,LiPF6,0.111,mol/l,mol/L,weight,,EC:0.300+EMC:0.700,0.6108643020548935,28.73,1.025,3.1890300000000003,0.11377499999999999,1,0,0,0,0,1,0.3,0,0.0,0,0.0,0,0.0,0,0.0,1,0.7,"('Li', 'PF6', 0.111, '[""EC"",""EMC""]', '[0.3,0.7]', 263.15)",242
saltPF6_rank28_row11918_q0p80,Li_PF6_0p111M_EC0p3EMC0p7_T263p15_q080,parsed,1.5514,0.3747,Ionic conductivity = 1.5514 ± 0.3747 mS/cm,/scratch/hacortes/ADOBADO/LELi-MDLab/solvents/Q_Optimization/Li_PF6_0p111M_EC0p3EMC0p7_T263p15_q080,/scratch/hacortes/ADOBADO/LELi-MDLab/solvents/Q_Optimization/Li_PF6_0p111M_EC0p3EMC0p7_T263p15_q080/output_LELiB_MDLab.txt,11918,10.1149/2.0571912jes,Li,PF6,0.111,"[""EC"",""EMC""]","[0.3,0.7]",263.15,PF6,0.80,maximin descriptor spread within salt family; exact duplicate simulation inputs excluded,28,1,28,10.1149/2.0571912jes,[11918],"[""10.1149/2.0571912jes""]",1.417,0.0,1,LiPF6,0.111,mol/l,mol/L,weight,,EC:0.300+EMC:0.700,0.6108643020548935,28.73,1.025,3.1890300000000003,0.11377499999999999,1,0,0,0,0,1,0.3,0,0.0,0,0.0,0,0.0,0,0.0,1,0.7,"('Li', 'PF6', 0.111, '[""EC"",""EMC""]', '[0.3,0.7]', 263.15)",242
saltPF6_rank28_row11918_q0p85,Li_PF6_0p111M_EC0p3EMC0p7_T263p15_q085,parsed,1.7514,0.4595,Ionic conductivity = 1.7514 ± 0.4595 mS/cm,/scratch/hacortes/ADOBADO/LELi-MDLab/solvents/Q_Optimization/Li_PF6_0p111M_EC0p3EMC0p7_T263p15_q085,/scratch/hacortes/ADOBADO/LELi-MDLab/solvents/Q_Optimization/Li_PF6_0p111M_EC0p3EMC0p7_T263p15_q085/output_LELiB_MDLab.txt,11918,10.1149/2.0571912jes,Li,PF6,0.111,"[""EC"",""EMC""]","[0.3,0.7]",263.15,PF6,0.85,maximin descriptor spread within salt family; exact duplicate simulation inputs excluded,28,1,28,10.1149/2.0571912jes,[11918],"[""10.1149/2.0571912jes""]",1.417,0.0,1,LiPF6,0.111,mol/l,mol/L,weight,,EC:0.300+EMC:0.700,0.6108643020548935,28.73,1.025,3.1890300000000003,0.11377499999999999,1,0,0,0,0,1,0.3,0,0.0,0,0.0,0,0.0,0,0.0,1,0.7,"('Li', 'PF6', 0.111, '[""EC"",""EMC""]', '[0.3,0.7]', 263.15)",242
saltPF6_rank28_row11918_q0p90,Li_PF6_0p111M_EC0p3EMC0p7_T263p15_q090,parsed,1.2852,0.3331,Ionic conductivity = 1.2852 ± 0.3331 mS/cm,/scratch/hacortes/ADOBADO/LELi-MDLab/solvents/Q_Optimization/Li_PF6_0p111M_EC0p3EMC0p7_T263p15_q090,/scratch/hacortes/ADOBADO/LELi-MDLab/solvents/Q_Optimization/Li_PF6_0p111M_EC0p3EMC0p7_T263p15_q090/output_LELiB_MDLab.txt,11918,10.1149/2.0571912jes,Li,PF6,0.111,"[""EC"",""EMC""]","[0.3,0.7]",263.15,PF6,0.90,maximin descriptor spread within salt family; exact duplicate simulation inputs excluded,28,1,28,10.1149/2.0571912jes,[11918],"[""10.1149/2.0571912jes""]",1.417,0.0,1,LiPF6,0.111,mol/l,mol/L,weight,,EC:0.300+EMC:0.700,0.6108643020548935,28.73,1.025,3.1890300000000003,0.11377499999999999,1,0,0,0,0,1,0.3,0,0.0,0,0.0,0,0.0,0,0.0,1,0.7,"('Li', 'PF6', 0.111, '[""EC"",""EMC""]', '[0.3,0.7]', 263.15)",242
saltPF6_rank29_row4369_q0p70,Li_PF6_1p0M_EC0p3EMC0p7_T283p0091549_q070,parsed,8.9948,0.8128,Ionic conductivity = 8.9948 ± 0.8128 mS/cm,/scratch/hacortes/ADOBADO/LELi-MDLab/solvents/Q_Optimization/Li_PF6_1p0M_EC0p3EMC0p7_T283p0091549_q070,/scratch/hacortes/ADOBADO/LELi-MDLab/solvents/Q_Optimization/Li_PF6_1p0M_EC0p3EMC0p7_T283p0091549_q070/output_LELiB_MDLab.txt,4369,10.1149/1.1466857,Li,PF6,1.0,"[""EC"",""EMC""]","[0.3,0.7]",283.0091549,PF6,0.70,maximin descriptor spread within salt family; exact duplicate simulation inputs excluded,29,1,29,10.1149/1.1466857,[4369],"[""10.1149/1.1466857""]",6.493506494,0.0,1,LiPF6,1.0,mol/l,mol/L,weight,,EC:0.300+EMC:0.700,0.6108643020548935,28.73,1.025,28.73,1.025,1,0,0,0,0,1,0.3,0,0.0,0,0.0,0,0.0,0,0.0,1,0.7,"('Li', 'PF6', 1.0, '[""EC"",""EMC""]', '[0.3,0.7]', 283.0091549)",242
saltPF6_rank29_row4369_q0p75,Li_PF6_1p0M_EC0p3EMC0p7_T283p0091549_q075,parsed,7.2371,1.5638,Ionic conductivity = 7.2371 ± 1.5638 mS/cm,/scratch/hacortes/ADOBADO/LELi-MDLab/solvents/Q_Optimization/Li_PF6_1p0M_EC0p3EMC0p7_T283p0091549_q075,/scratch/hacortes/ADOBADO/LELi-MDLab/solvents/Q_Optimization/Li_PF6_1p0M_EC0p3EMC0p7_T283p0091549_q075/output_LELiB_MDLab.txt,4369,10.1149/1.1466857,Li,PF6,1.0,"[""EC"",""EMC""]","[0.3,0.7]",283.0091549,PF6,0.75,maximin descriptor spread within salt family; exact duplicate simulation inputs excluded,29,1,29,10.1149/1.1466857,[4369],"[""10.1149/1.1466857""]",6.493506494,0.0,1,LiPF6,1.0,mol/l,mol/L,weight,,EC:0.300+EMC:0.700,0.6108643020548935,28.73,1.025,28.73,1.025,1,0,0,0,0,1,0.3,0,0.0,0,0.0,0,0.0,0,0.0,1,0.7,"('Li', 'PF6', 1.0, '[""EC"",""EMC""]', '[0.3,0.7]', 283.0091549)",242
saltPF6_rank29_row4369_q0p80,Li_PF6_1p0M_EC0p3EMC0p7_T283p0091549_q080,parsed,6.2479,0.8725,Ionic conductivity = 6.2479 ± 0.8725 mS/cm,/scratch/hacortes/ADOBADO/LELi-MDLab/solvents/Q_Optimization/Li_PF6_1p0M_EC0p3EMC0p7_T283p0091549_q080,/scratch/hacortes/ADOBADO/LELi-MDLab/solvents/Q_Optimization/Li_PF6_1p0M_EC0p3EMC0p7_T283p0091549_q080/output_LELiB_MDLab.txt,4369,10.1149/1.1466857,Li,PF6,1.0,"[""EC"",""EMC""]","[0.3,0.7]",283.0091549,PF6,0.80,maximin descriptor spread within salt family; exact duplicate simulation inputs excluded,29,1,29,10.1149/1.1466857,[4369],"[""10.1149/1.1466857""]",6.493506494,0.0,1,LiPF6,1.0,mol/l,mol/L,weight,,EC:0.300+EMC:0.700,0.6108643020548935,28.73,1.025,28.73,1.025,1,0,0,0,0,1,0.3,0,0.0,0,0.0,0,0.0,0,0.0,1,0.7,"('Li', 'PF6', 1.0, '[""EC"",""EMC""]', '[0.3,0.7]', 283.0091549)",242
saltPF6_rank29_row4369_q0p85,Li_PF6_1p0M_EC0p3EMC0p7_T283p0091549_q085,parsed,5.7605,0.8856,Ionic conductivity = 5.7605 ± 0.8856 mS/cm,/scratch/hacortes/ADOBADO/LELi-MDLab/solvents/Q_Optimization/Li_PF6_1p0M_EC0p3EMC0p7_T283p0091549_q085,/scratch/hacortes/ADOBADO/LELi-MDLab/solvents/Q_Optimization/Li_PF6_1p0M_EC0p3EMC0p7_T283p0091549_q085/output_LELiB_MDLab.txt,4369,10.1149/1.1466857,Li,PF6,1.0,"[""EC"",""EMC""]","[0.3,0.7]",283.0091549,PF6,0.85,maximin descriptor spread within salt family; exact duplicate simulation inputs excluded,29,1,29,10.1149/1.1466857,[4369],"[""10.1149/1.1466857""]",6.493506494,0.0,1,LiPF6,1.0,mol/l,mol/L,weight,,EC:0.300+EMC:0.700,0.6108643020548935,28.73,1.025,28.73,1.025,1,0,0,0,0,1,0.3,0,0.0,0,0.0,0,0.0,0,0.0,1,0.7,"('Li', 'PF6', 1.0, '[""EC"",""EMC""]', '[0.3,0.7]', 283.0091549)",242
saltPF6_rank29_row4369_q0p90,Li_PF6_1p0M_EC0p3EMC0p7_T283p0091549_q090,parsed,4.2728,1.0575,Ionic conductivity = 4.2728 ± 1.0575 mS/cm,/scratch/hacortes/ADOBADO/LELi-MDLab/solvents/Q_Optimization/Li_PF6_1p0M_EC0p3EMC0p7_T283p0091549_q090,/scratch/hacortes/ADOBADO/LELi-MDLab/solvents/Q_Optimization/Li_PF6_1p0M_EC0p3EMC0p7_T283p0091549_q090/output_LELiB_MDLab.txt,4369,10.1149/1.1466857,Li,PF6,1.0,"[""EC"",""EMC""]","[0.3,0.7]",283.0091549,PF6,0.90,maximin descriptor spread within salt family; exact duplicate simulation inputs excluded,29,1,29,10.1149/1.1466857,[4369],"[""10.1149/1.1466857""]",6.493506494,0.0,1,LiPF6,1.0,mol/l,mol/L,weight,,EC:0.300+EMC:0.700,0.6108643020548935,28.73,1.025,28.73,1.025,1,0,0,0,0,1,0.3,0,0.0,0,0.0,0,0.0,0,0.0,1,0.7,"('Li', 'PF6', 1.0, '[""EC"",""EMC""]', '[0.3,0.7]', 283.0091549)",242
saltPF6_rank30_row10893_q0p70,Li_PF6_0p955465587M_EC0p27PC0p1DMC0p63_T293p0_q070,parsed,13.0705,3.3656,Ionic conductivity = 13.0705 ± 3.3656 mS/cm,/scratch/hacortes/ADOBADO/LELi-MDLab/solvents/Q_Optimization/Li_PF6_0p955465587M_EC0p27PC0p1DMC0p63_T293p0_q070,/scratch/hacortes/ADOBADO/LELi-MDLab/solvents/Q_Optimization/Li_PF6_0p955465587M_EC0p27PC0p1DMC0p63_T293p0_q070/output_LELiB_MDLab.txt,10893,10.1149/1.1872737,Li,PF6,0.955465587,"[""EC"",""PC"",""DMC""]","[0.27,0.1,0.63]",293.0,PF6,0.70,maximin descriptor spread within salt family; exact duplicate simulation inputs excluded,30,1,30,10.1149/1.1872737,[10893],"[""10.1149/1.1872737""]",10.77959577,0.0,1,LiPF6,0.955465587,mol/l,mol/L,volume,,EC:0.270+PC:0.100+DMC:0.630,0.8748608452408524,32.473,1.1377,31.026834006650997,1.0870331983299,1,0,0,0,0,1,0.27,1,0.1,0,0.0,1,0.63,0,0.0,0,0.0,"('Li', 'PF6', 0.955465587, '[""EC"",""PC"",""DMC""]', '[0.27,0.1,0.63]', 293.0)",242
saltPF6_rank30_row10893_q0p75,Li_PF6_0p955465587M_EC0p27PC0p1DMC0p63_T293p0_q075,parsed,10.0245,2.4671,Ionic conductivity = 10.0245 ± 2.4671 mS/cm,/scratch/hacortes/ADOBADO/LELi-MDLab/solvents/Q_Optimization/Li_PF6_0p955465587M_EC0p27PC0p1DMC0p63_T293p0_q075,/scratch/hacortes/ADOBADO/LELi-MDLab/solvents/Q_Optimization/Li_PF6_0p955465587M_EC0p27PC0p1DMC0p63_T293p0_q075/output_LELiB_MDLab.txt,10893,10.1149/1.1872737,Li,PF6,0.955465587,"[""EC"",""PC"",""DMC""]","[0.27,0.1,0.63]",293.0,PF6,0.75,maximin descriptor spread within salt family; exact duplicate simulation inputs excluded,30,1,30,10.1149/1.1872737,[10893],"[""10.1149/1.1872737""]",10.77959577,0.0,1,LiPF6,0.955465587,mol/l,mol/L,volume,,EC:0.270+PC:0.100+DMC:0.630,0.8748608452408524,32.473,1.1377,31.026834006650997,1.0870331983299,1,0,0,0,0,1,0.27,1,0.1,0,0.0,1,0.63,0,0.0,0,0.0,"('Li', 'PF6', 0.955465587, '[""EC"",""PC"",""DMC""]', '[0.27,0.1,0.63]', 293.0)",242
saltPF6_rank30_row10893_q0p80,Li_PF6_0p955465587M_EC0p27PC0p1DMC0p63_T293p0_q080,parsed,8.6804,2.0023,Ionic conductivity = 8.6804 ± 2.0023 mS/cm,/scratch/hacortes/ADOBADO/LELi-MDLab/solvents/Q_Optimization/Li_PF6_0p955465587M_EC0p27PC0p1DMC0p63_T293p0_q080,/scratch/hacortes/ADOBADO/LELi-MDLab/solvents/Q_Optimization/Li_PF6_0p955465587M_EC0p27PC0p1DMC0p63_T293p0_q080/output_LELiB_MDLab.txt,10893,10.1149/1.1872737,Li,PF6,0.955465587,"[""EC"",""PC"",""DMC""]","[0.27,0.1,0.63]",293.0,PF6,0.80,maximin descriptor spread within salt family; exact duplicate simulation inputs excluded,30,1,30,10.1149/1.1872737,[10893],"[""10.1149/1.1872737""]",10.77959577,0.0,1,LiPF6,0.955465587,mol/l,mol/L,volume,,EC:0.270+PC:0.100+DMC:0.630,0.8748608452408524,32.473,1.1377,31.026834006650997,1.0870331983299,1,0,0,0,0,1,0.27,1,0.1,0,0.0,1,0.63,0,0.0,0,0.0,"('Li', 'PF6', 0.955465587, '[""EC"",""PC"",""DMC""]', '[0.27,0.1,0.63]', 293.0)",242
saltPF6_rank30_row10893_q0p85,Li_PF6_0p955465587M_EC0p27PC0p1DMC0p63_T293p0_q085,parsed,8.4277,1.5206,Ionic conductivity = 8.4277 ± 1.5206 mS/cm,/scratch/hacortes/ADOBADO/LELi-MDLab/solvents/Q_Optimization/Li_PF6_0p955465587M_EC0p27PC0p1DMC0p63_T293p0_q085,/scratch/hacortes/ADOBADO/LELi-MDLab/solvents/Q_Optimization/Li_PF6_0p955465587M_EC0p27PC0p1DMC0p63_T293p0_q085/output_LELiB_MDLab.txt,10893,10.1149/1.1872737,Li,PF6,0.955465587,"[""EC"",""PC"",""DMC""]","[0.27,0.1,0.63]",293.0,PF6,0.85,maximin descriptor spread within salt family; exact duplicate simulation inputs excluded,30,1,30,10.1149/1.1872737,[10893],"[""10.1149/1.1872737""]",10.77959577,0.0,1,LiPF6,0.955465587,mol/l,mol/L,volume,,EC:0.270+PC:0.100+DMC:0.630,0.8748608452408524,32.473,1.1377,31.026834006650997,1.0870331983299,1,0,0,0,0,1,0.27,1,0.1,0,0.0,1,0.63,0,0.0,0,0.0,"('Li', 'PF6', 0.955465587, '[""EC"",""PC"",""DMC""]', '[0.27,0.1,0.63]', 293.0)",242
saltPF6_rank30_row10893_q0p90,Li_PF6_0p955465587M_EC0p27PC0p1DMC0p63_T293p0_q090,parsed,7.6888,2.1738,Ionic conductivity = 7.6888 ± 2.1738 mS/cm,/scratch/hacortes/ADOBADO/LELi-MDLab/solvents/Q_Optimization/Li_PF6_0p955465587M_EC0p27PC0p1DMC0p63_T293p0_q090,/scratch/hacortes/ADOBADO/LELi-MDLab/solvents/Q_Optimization/Li_PF6_0p955465587M_EC0p27PC0p1DMC0p63_T293p0_q090/output_LELiB_MDLab.txt,10893,10.1149/1.1872737,Li,PF6,0.955465587,"[""EC"",""PC"",""DMC""]","[0.27,0.1,0.63]",293.0,PF6,0.90,maximin descriptor spread within salt family; exact duplicate simulation inputs excluded,30,1,30,10.1149/1.1872737,[10893],"[""10.1149/1.1872737""]",10.77959577,0.0,1,LiPF6,0.955465587,mol/l,mol/L,volume,,EC:0.270+PC:0.100+DMC:0.630,0.8748608452408524,32.473,1.1377,31.026834006650997,1.0870331983299,1,0,0,0,0,1,0.27,1,0.1,0,0.0,1,0.63,0,0.0,0,0.0,"('Li', 'PF6', 0.955465587, '[""EC"",""PC"",""DMC""]', '[0.27,0.1,0.63]', 293.0)",242
saltPF6_rank31_row13640_q0p70,Li_PF6_1p0M_EC0p5PC0p5_T313p15_q070,parsed,11.0346,1.2056,Ionic conductivity = 11.0346 ± 1.2056 mS/cm,/scratch/hacortes/ADOBADO/LELi-MDLab/solvents/Q_Optimization/Li_PF6_1p0M_EC0p5PC0p5_T313p15_q070,/scratch/hacortes/ADOBADO/LELi-MDLab/solvents/Q_Optimization/Li_PF6_1p0M_EC0p5PC0p5_T313p15_q070/output_LELiB_MDLab.txt,13640,10.1016/0378-7753(91)80004-H,Li,PF6,1.0,"[""EC"",""PC""]","[0.5,0.5]",313.15,PF6,0.70,maximin descriptor spread within salt family; exact duplicate simulation inputs excluded,31,1,31,10.1016/0378-7753(91)80004-H,[13640],"[""10.1016/0378-7753(91)80004-H""]",10.34,0.0,1,LiPF6,1.0,mol/l,mol/L,volume,,EC:0.500+PC:0.500,0.6931471805599453,76.95,2.215,76.95,2.215,1,0,0,0,0,1,0.5,1,0.5,0,0.0,0,0.0,0,0.0,0,0.0,"('Li', 'PF6', 1.0, '[""EC"",""PC""]', '[0.5,0.5]', 313.15)",242
saltPF6_rank31_row13640_q0p75,Li_PF6_1p0M_EC0p5PC0p5_T313p15_q075,parsed,10.7415,1.6828,Ionic conductivity = 10.7415 ± 1.6828 mS/cm,/scratch/hacortes/ADOBADO/LELi-MDLab/solvents/Q_Optimization/Li_PF6_1p0M_EC0p5PC0p5_T313p15_q075,/scratch/hacortes/ADOBADO/LELi-MDLab/solvents/Q_Optimization/Li_PF6_1p0M_EC0p5PC0p5_T313p15_q075/output_LELiB_MDLab.txt,13640,10.1016/0378-7753(91)80004-H,Li,PF6,1.0,"[""EC"",""PC""]","[0.5,0.5]",313.15,PF6,0.75,maximin descriptor spread within salt family; exact duplicate simulation inputs excluded,31,1,31,10.1016/0378-7753(91)80004-H,[13640],"[""10.1016/0378-7753(91)80004-H""]",10.34,0.0,1,LiPF6,1.0,mol/l,mol/L,volume,,EC:0.500+PC:0.500,0.6931471805599453,76.95,2.215,76.95,2.215,1,0,0,0,0,1,0.5,1,0.5,0,0.0,0,0.0,0,0.0,0,0.0,"('Li', 'PF6', 1.0, '[""EC"",""PC""]', '[0.5,0.5]', 313.15)",242
saltPF6_rank31_row13640_q0p80,Li_PF6_1p0M_EC0p5PC0p5_T313p15_q080,parsed,10.0416,1.2164,Ionic conductivity = 10.0416 ± 1.2164 mS/cm,/scratch/hacortes/ADOBADO/LELi-MDLab/solvents/Q_Optimization/Li_PF6_1p0M_EC0p5PC0p5_T313p15_q080,/scratch/hacortes/ADOBADO/LELi-MDLab/solvents/Q_Optimization/Li_PF6_1p0M_EC0p5PC0p5_T313p15_q080/output_LELiB_MDLab.txt,13640,10.1016/0378-7753(91)80004-H,Li,PF6,1.0,"[""EC"",""PC""]","[0.5,0.5]",313.15,PF6,0.80,maximin descriptor spread within salt family; exact duplicate simulation inputs excluded,31,1,31,10.1016/0378-7753(91)80004-H,[13640],"[""10.1016/0378-7753(91)80004-H""]",10.34,0.0,1,LiPF6,1.0,mol/l,mol/L,volume,,EC:0.500+PC:0.500,0.6931471805599453,76.95,2.215,76.95,2.215,1,0,0,0,0,1,0.5,1,0.5,0,0.0,0,0.0,0,0.0,0,0.0,"('Li', 'PF6', 1.0, '[""EC"",""PC""]', '[0.5,0.5]', 313.15)",242
saltPF6_rank31_row13640_q0p85,Li_PF6_1p0M_EC0p5PC0p5_T313p15_q085,parsed,11.3111,1.3988,Ionic conductivity = 11.3111 ± 1.3988 mS/cm,/scratch/hacortes/ADOBADO/LELi-MDLab/solvents/Q_Optimization/Li_PF6_1p0M_EC0p5PC0p5_T313p15_q085,/scratch/hacortes/ADOBADO/LELi-MDLab/solvents/Q_Optimization/Li_PF6_1p0M_EC0p5PC0p5_T313p15_q085/output_LELiB_MDLab.txt,13640,10.1016/0378-7753(91)80004-H,Li,PF6,1.0,"[""EC"",""PC""]","[0.5,0.5]",313.15,PF6,0.85,maximin descriptor spread within salt family; exact duplicate simulation inputs excluded,31,1,31,10.1016/0378-7753(91)80004-H,[13640],"[""10.1016/0378-7753(91)80004-H""]",10.34,0.0,1,LiPF6,1.0,mol/l,mol/L,volume,,EC:0.500+PC:0.500,0.6931471805599453,76.95,2.215,76.95,2.215,1,0,0,0,0,1,0.5,1,0.5,0,0.0,0,0.0,0,0.0,0,0.0,"('Li', 'PF6', 1.0, '[""EC"",""PC""]', '[0.5,0.5]', 313.15)",242
saltPF6_rank31_row13640_q0p90,Li_PF6_1p0M_EC0p5PC0p5_T313p15_q090,parsed,7.8835,1.4915,Ionic conductivity = 7.8835 ± 1.4915 mS/cm,/scratch/hacortes/ADOBADO/LELi-MDLab/solvents/Q_Optimization/Li_PF6_1p0M_EC0p5PC0p5_T313p15_q090,/scratch/hacortes/ADOBADO/LELi-MDLab/solvents/Q_Optimization/Li_PF6_1p0M_EC0p5PC0p5_T313p15_q090/output_LELiB_MDLab.txt,13640,10.1016/0378-7753(91)80004-H,Li,PF6,1.0,"[""EC"",""PC""]","[0.5,0.5]",313.15,PF6,0.90,maximin descriptor spread within salt family; exact duplicate simulation inputs excluded,31,1,31,10.1016/0378-7753(91)80004-H,[13640],"[""10.1016/0378-7753(91)80004-H""]",10.34,0.0,1,LiPF6,1.0,mol/l,mol/L,volume,,EC:0.500+PC:0.500,0.6931471805599453,76.95,2.215,76.95,2.215,1,0,0,0,0,1,0.5,1,0.5,0,0.0,0,0.0,0,0.0,0,0.0,"('Li', 'PF6', 1.0, '[""EC"",""PC""]', '[0.5,0.5]', 313.15)",242
saltPF6_rank32_row12013_q0p70,Li_PF6_1p201388889M_EC0p5DEC0p5_T313p15_q070,parsed,13.3322,1.6763,Ionic conductivity = 13.3322 ± 1.6763 mS/cm,/scratch/hacortes/ADOBADO/LELi-MDLab/solvents/Q_Optimization/Li_PF6_1p201388889M_EC0p5DEC0p5_T313p15_q070,/scratch/hacortes/ADOBADO/LELi-MDLab/solvents/Q_Optimization/Li_PF6_1p201388889M_EC0p5DEC0p5_T313p15_q070/output_LELiB_MDLab.txt,12013,10.1149/2.0641503jes,Li,PF6,1.201388889,"[""EC"",""DEC""]","[0.5,0.5]",313.15,PF6,0.70,maximin descriptor spread within salt family; exact duplicate simulation inputs excluded,32,1,32,10.1149/2.0641503jes,[12013],"[""10.1149/2.0641503jes""]",10.204806,0.0,1,LiPF6,1.201388889,mol/l,mol/L,weight,,EC:0.500+DEC:0.500,0.6931471805599453,45.9,1.255,55.143750005099996,1.5077430556949998,1,0,0,0,0,1,0.5,0,0.0,0,0.0,0,0.0,1,0.5,0,0.0,"('Li', 'PF6', 1.201388889, '[""EC"",""DEC""]', '[0.5,0.5]', 313.15)",242
saltPF6_rank32_row12013_q0p75,Li_PF6_1p201388889M_EC0p5DEC0p5_T313p15_q075,parsed,12.6643,2.5968,Ionic conductivity = 12.6643 ± 2.5968 mS/cm,/scratch/hacortes/ADOBADO/LELi-MDLab/solvents/Q_Optimization/Li_PF6_1p201388889M_EC0p5DEC0p5_T313p15_q075,/scratch/hacortes/ADOBADO/LELi-MDLab/solvents/Q_Optimization/Li_PF6_1p201388889M_EC0p5DEC0p5_T313p15_q075/output_LELiB_MDLab.txt,12013,10.1149/2.0641503jes,Li,PF6,1.201388889,"[""EC"",""DEC""]","[0.5,0.5]",313.15,PF6,0.75,maximin descriptor spread within salt family; exact duplicate simulation inputs excluded,32,1,32,10.1149/2.0641503jes,[12013],"[""10.1149/2.0641503jes""]",10.204806,0.0,1,LiPF6,1.201388889,mol/l,mol/L,weight,,EC:0.500+DEC:0.500,0.6931471805599453,45.9,1.255,55.143750005099996,1.5077430556949998,1,0,0,0,0,1,0.5,0,0.0,0,0.0,0,0.0,1,0.5,0,0.0,"('Li', 'PF6', 1.201388889, '[""EC"",""DEC""]', '[0.5,0.5]', 313.15)",242
saltPF6_rank32_row12013_q0p80,Li_PF6_1p201388889M_EC0p5DEC0p5_T313p15_q080,parsed,10.1070,2.3755,Ionic conductivity = 10.1070 ± 2.3755 mS/cm,/scratch/hacortes/ADOBADO/LELi-MDLab/solvents/Q_Optimization/Li_PF6_1p201388889M_EC0p5DEC0p5_T313p15_q080,/scratch/hacortes/ADOBADO/LELi-MDLab/solvents/Q_Optimization/Li_PF6_1p201388889M_EC0p5DEC0p5_T313p15_q080/output_LELiB_MDLab.txt,12013,10.1149/2.0641503jes,Li,PF6,1.201388889,"[""EC"",""DEC""]","[0.5,0.5]",313.15,PF6,0.80,maximin descriptor spread within salt family; exact duplicate simulation inputs excluded,32,1,32,10.1149/2.0641503jes,[12013],"[""10.1149/2.0641503jes""]",10.204806,0.0,1,LiPF6,1.201388889,mol/l,mol/L,weight,,EC:0.500+DEC:0.500,0.6931471805599453,45.9,1.255,55.143750005099996,1.5077430556949998,1,0,0,0,0,1,0.5,0,0.0,0,0.0,0,0.0,1,0.5,0,0.0,"('Li', 'PF6', 1.201388889, '[""EC"",""DEC""]', '[0.5,0.5]', 313.15)",242
saltPF6_rank32_row12013_q0p85,Li_PF6_1p201388889M_EC0p5DEC0p5_T313p15_q085,parsed,10.6612,1.4217,Ionic conductivity = 10.6612 ± 1.4217 mS/cm,/scratch/hacortes/ADOBADO/LELi-MDLab/solvents/Q_Optimization/Li_PF6_1p201388889M_EC0p5DEC0p5_T313p15_q085,/scratch/hacortes/ADOBADO/LELi-MDLab/solvents/Q_Optimization/Li_PF6_1p201388889M_EC0p5DEC0p5_T313p15_q085/output_LELiB_MDLab.txt,12013,10.1149/2.0641503jes,Li,PF6,1.201388889,"[""EC"",""DEC""]","[0.5,0.5]",313.15,PF6,0.85,maximin descriptor spread within salt family; exact duplicate simulation inputs excluded,32,1,32,10.1149/2.0641503jes,[12013],"[""10.1149/2.0641503jes""]",10.204806,0.0,1,LiPF6,1.201388889,mol/l,mol/L,weight,,EC:0.500+DEC:0.500,0.6931471805599453,45.9,1.255,55.143750005099996,1.5077430556949998,1,0,0,0,0,1,0.5,0,0.0,0,0.0,0,0.0,1,0.5,0,0.0,"('Li', 'PF6', 1.201388889, '[""EC"",""DEC""]', '[0.5,0.5]', 313.15)",242
saltPF6_rank32_row12013_q0p90,Li_PF6_1p201388889M_EC0p5DEC0p5_T313p15_q090,parsed,7.9543,1.4182,Ionic conductivity = 7.9543 ± 1.4182 mS/cm,/scratch/hacortes/ADOBADO/LELi-MDLab/solvents/Q_Optimization/Li_PF6_1p201388889M_EC0p5DEC0p5_T313p15_q090,/scratch/hacortes/ADOBADO/LELi-MDLab/solvents/Q_Optimization/Li_PF6_1p201388889M_EC0p5DEC0p5_T313p15_q090/output_LELiB_MDLab.txt,12013,10.1149/2.0641503jes,Li,PF6,1.201388889,"[""EC"",""DEC""]","[0.5,0.5]",313.15,PF6,0.90,maximin descriptor spread within salt family; exact duplicate simulation inputs excluded,32,1,32,10.1149/2.0641503jes,[12013],"[""10.1149/2.0641503jes""]",10.204806,0.0,1,LiPF6,1.201388889,mol/l,mol/L,weight,,EC:0.500+DEC:0.500,0.6931471805599453,45.9,1.255,55.143750005099996,1.5077430556949998,1,0,0,0,0,1,0.5,0,0.0,0,0.0,0,0.0,1,0.5,0,0.0,"('Li', 'PF6', 1.201388889, '[""EC"",""DEC""]', '[0.5,0.5]', 313.15)",242
saltPF6_rank33_row10875_q0p70,Li_PF6_0p960863698M_EC0p27PC0p1DMC0p63_T333p0_q070,parsed,19.2086,2.3212,Ionic conductivity = 19.2086 ± 2.3212 mS/cm,/scratch/hacortes/ADOBADO/LELi-MDLab/solvents/Q_Optimization/Li_PF6_0p960863698M_EC0p27PC0p1DMC0p63_T333p0_q070,/scratch/hacortes/ADOBADO/LELi-MDLab/solvents/Q_Optimization/Li_PF6_0p960863698M_EC0p27PC0p1DMC0p63_T333p0_q070/output_LELiB_MDLab.txt,10875,10.1149/1.1872737,Li,PF6,0.960863698,"[""EC"",""PC"",""DMC""]","[0.27,0.1,0.63]",333.0,PF6,0.70,maximin descriptor spread within salt family; exact duplicate simulation inputs excluded,33,1,33,10.1149/1.1872737,"[10875,10876]","[""10.1149/1.1872737""]",19.30943215,0.45938121178094626,2,LiPF6,0.960863698,mol/l,mol/L,volume,,EC:0.270+PC:0.100+DMC:0.630,0.8748608452408524,32.473,1.1377,31.202126865154,1.0931746292146,1,0,0,0,0,1,0.27,1,0.1,0,0.0,1,0.63,0,0.0,0,0.0,"('Li', 'PF6', 0.960863698, '[""EC"",""PC"",""DMC""]', '[0.27,0.1,0.63]', 333.0)",242
saltPF6_rank33_row10875_q0p75,Li_PF6_0p960863698M_EC0p27PC0p1DMC0p63_T333p0_q075,parsed,18.9767,2.9248,Ionic conductivity = 18.9767 ± 2.9248 mS/cm,/scratch/hacortes/ADOBADO/LELi-MDLab/solvents/Q_Optimization/Li_PF6_0p960863698M_EC0p27PC0p1DMC0p63_T333p0_q075,/scratch/hacortes/ADOBADO/LELi-MDLab/solvents/Q_Optimization/Li_PF6_0p960863698M_EC0p27PC0p1DMC0p63_T333p0_q075/output_LELiB_MDLab.txt,10875,10.1149/1.1872737,Li,PF6,0.960863698,"[""EC"",""PC"",""DMC""]","[0.27,0.1,0.63]",333.0,PF6,0.75,maximin descriptor spread within salt family; exact duplicate simulation inputs excluded,33,1,33,10.1149/1.1872737,"[10875,10876]","[""10.1149/1.1872737""]",19.30943215,0.45938121178094626,2,LiPF6,0.960863698,mol/l,mol/L,volume,,EC:0.270+PC:0.100+DMC:0.630,0.8748608452408524,32.473,1.1377,31.202126865154,1.0931746292146,1,0,0,0,0,1,0.27,1,0.1,0,0.0,1,0.63,0,0.0,0,0.0,"('Li', 'PF6', 0.960863698, '[""EC"",""PC"",""DMC""]', '[0.27,0.1,0.63]', 333.0)",242
saltPF6_rank33_row10875_q0p80,Li_PF6_0p960863698M_EC0p27PC0p1DMC0p63_T333p0_q080,parsed,22.1937,4.1816,Ionic conductivity = 22.1937 ± 4.1816 mS/cm,/scratch/hacortes/ADOBADO/LELi-MDLab/solvents/Q_Optimization/Li_PF6_0p960863698M_EC0p27PC0p1DMC0p63_T333p0_q080,/scratch/hacortes/ADOBADO/LELi-MDLab/solvents/Q_Optimization/Li_PF6_0p960863698M_EC0p27PC0p1DMC0p63_T333p0_q080/output_LELiB_MDLab.txt,10875,10.1149/1.1872737,Li,PF6,0.960863698,"[""EC"",""PC"",""DMC""]","[0.27,0.1,0.63]",333.0,PF6,0.80,maximin descriptor spread within salt family; exact duplicate simulation inputs excluded,33,1,33,10.1149/1.1872737,"[10875,10876]","[""10.1149/1.1872737""]",19.30943215,0.45938121178094626,2,LiPF6,0.960863698,mol/l,mol/L,volume,,EC:0.270+PC:0.100+DMC:0.630,0.8748608452408524,32.473,1.1377,31.202126865154,1.0931746292146,1,0,0,0,0,1,0.27,1,0.1,0,0.0,1,0.63,0,0.0,0,0.0,"('Li', 'PF6', 0.960863698, '[""EC"",""PC"",""DMC""]', '[0.27,0.1,0.63]', 333.0)",242
saltPF6_rank33_row10875_q0p85,Li_PF6_0p960863698M_EC0p27PC0p1DMC0p63_T333p0_q085,parsed,12.8488,2.8312,Ionic conductivity = 12.8488 ± 2.8312 mS/cm,/scratch/hacortes/ADOBADO/LELi-MDLab/solvents/Q_Optimization/Li_PF6_0p960863698M_EC0p27PC0p1DMC0p63_T333p0_q085,/scratch/hacortes/ADOBADO/LELi-MDLab/solvents/Q_Optimization/Li_PF6_0p960863698M_EC0p27PC0p1DMC0p63_T333p0_q085/output_LELiB_MDLab.txt,10875,10.1149/1.1872737,Li,PF6,0.960863698,"[""EC"",""PC"",""DMC""]","[0.27,0.1,0.63]",333.0,PF6,0.85,maximin descriptor spread within salt family; exact duplicate simulation inputs excluded,33,1,33,10.1149/1.1872737,"[10875,10876]","[""10.1149/1.1872737""]",19.30943215,0.45938121178094626,2,LiPF6,0.960863698,mol/l,mol/L,volume,,EC:0.270+PC:0.100+DMC:0.630,0.8748608452408524,32.473,1.1377,31.202126865154,1.0931746292146,1,0,0,0,0,1,0.27,1,0.1,0,0.0,1,0.63,0,0.0,0,0.0,"('Li', 'PF6', 0.960863698, '[""EC"",""PC"",""DMC""]', '[0.27,0.1,0.63]', 333.0)",242
saltPF6_rank33_row10875_q0p90,Li_PF6_0p960863698M_EC0p27PC0p1DMC0p63_T333p0_q090,parsed,13.9915,3.3680,Ionic conductivity = 13.9915 ± 3.3680 mS/cm,/scratch/hacortes/ADOBADO/LELi-MDLab/solvents/Q_Optimization/Li_PF6_0p960863698M_EC0p27PC0p1DMC0p63_T333p0_q090,/scratch/hacortes/ADOBADO/LELi-MDLab/solvents/Q_Optimization/Li_PF6_0p960863698M_EC0p27PC0p1DMC0p63_T333p0_q090/output_LELiB_MDLab.txt,10875,10.1149/1.1872737,Li,PF6,0.960863698,"[""EC"",""PC"",""DMC""]","[0.27,0.1,0.63]",333.0,PF6,0.90,maximin descriptor spread within salt family; exact duplicate simulation inputs excluded,33,1,33,10.1149/1.1872737,"[10875,10876]","[""10.1149/1.1872737""]",19.30943215,0.45938121178094626,2,LiPF6,0.960863698,mol/l,mol/L,volume,,EC:0.270+PC:0.100+DMC:0.630,0.8748608452408524,32.473,1.1377,31.202126865154,1.0931746292146,1,0,0,0,0,1,0.27,1,0.1,0,0.0,1,0.63,0,0.0,0,0.0,"('Li', 'PF6', 0.960863698, '[""EC"",""PC"",""DMC""]', '[0.27,0.1,0.63]', 333.0)",242
saltPF6_rank34_row10895_q0p70,Li_PF6_2p237516869M_EC0p27PC0p1DMC0p63_T293p0_q070,parsed,7.7364,1.6635,Ionic conductivity = 7.7364 ± 1.6635 mS/cm,/scratch/hacortes/ADOBADO/LELi-MDLab/solvents/Q_Optimization/Li_PF6_2p237516869M_EC0p27PC0p1DMC0p63_T293p0_q070,/scratch/hacortes/ADOBADO/LELi-MDLab/solvents/Q_Optimization/Li_PF6_2p237516869M_EC0p27PC0p1DMC0p63_T293p0_q070/output_LELiB_MDLab.txt,10895,10.1149/1.1872737,Li,PF6,2.237516869,"[""EC"",""PC"",""DMC""]","[0.27,0.1,0.63]",293.0,PF6,0.70,maximin descriptor spread within salt family; exact duplicate simulation inputs excluded,34,1,34,10.1149/1.1872737,"[10895,10896]","[""10.1149/1.1872737""]",6.207892204,0.4763953294787168,2,LiPF6,2.237516869,mol/l,mol/L,volume,,EC:0.270+PC:0.100+DMC:0.630,0.8748608452408524,32.473,1.1377,72.658885287037,2.5456229418612994,1,0,0,0,0,1,0.27,1,0.1,0,0.0,1,0.63,0,0.0,0,0.0,"('Li', 'PF6', 2.237516869, '[""EC"",""PC"",""DMC""]', '[0.27,0.1,0.63]', 293.0)",242
saltPF6_rank34_row10895_q0p75,Li_PF6_2p237516869M_EC0p27PC0p1DMC0p63_T293p0_q075,parsed,5.8609,1.5937,Ionic conductivity = 5.8609 ± 1.5937 mS/cm,/scratch/hacortes/ADOBADO/LELi-MDLab/solvents/Q_Optimization/Li_PF6_2p237516869M_EC0p27PC0p1DMC0p63_T293p0_q075,/scratch/hacortes/ADOBADO/LELi-MDLab/solvents/Q_Optimization/Li_PF6_2p237516869M_EC0p27PC0p1DMC0p63_T293p0_q075/output_LELiB_MDLab.txt,10895,10.1149/1.1872737,Li,PF6,2.237516869,"[""EC"",""PC"",""DMC""]","[0.27,0.1,0.63]",293.0,PF6,0.75,maximin descriptor spread within salt family; exact duplicate simulation inputs excluded,34,1,34,10.1149/1.1872737,"[10895,10896]","[""10.1149/1.1872737""]",6.207892204,0.4763953294787168,2,LiPF6,2.237516869,mol/l,mol/L,volume,,EC:0.270+PC:0.100+DMC:0.630,0.8748608452408524,32.473,1.1377,72.658885287037,2.5456229418612994,1,0,0,0,0,1,0.27,1,0.1,0,0.0,1,0.63,0,0.0,0,0.0,"('Li', 'PF6', 2.237516869, '[""EC"",""PC"",""DMC""]', '[0.27,0.1,0.63]', 293.0)",242
saltPF6_rank34_row10895_q0p80,Li_PF6_2p237516869M_EC0p27PC0p1DMC0p63_T293p0_q080,parsed,5.7721,1.0622,Ionic conductivity = 5.7721 ± 1.0622 mS/cm,/scratch/hacortes/ADOBADO/LELi-MDLab/solvents/Q_Optimization/Li_PF6_2p237516869M_EC0p27PC0p1DMC0p63_T293p0_q080,/scratch/hacortes/ADOBADO/LELi-MDLab/solvents/Q_Optimization/Li_PF6_2p237516869M_EC0p27PC0p1DMC0p63_T293p0_q080/output_LELiB_MDLab.txt,10895,10.1149/1.1872737,Li,PF6,2.237516869,"[""EC"",""PC"",""DMC""]","[0.27,0.1,0.63]",293.0,PF6,0.80,maximin descriptor spread within salt family; exact duplicate simulation inputs excluded,34,1,34,10.1149/1.1872737,"[10895,10896]","[""10.1149/1.1872737""]",6.207892204,0.4763953294787168,2,LiPF6,2.237516869,mol/l,mol/L,volume,,EC:0.270+PC:0.100+DMC:0.630,0.8748608452408524,32.473,1.1377,72.658885287037,2.5456229418612994,1,0,0,0,0,1,0.27,1,0.1,0,0.0,1,0.63,0,0.0,0,0.0,"('Li', 'PF6', 2.237516869, '[""EC"",""PC"",""DMC""]', '[0.27,0.1,0.63]', 293.0)",242
saltPF6_rank34_row10895_q0p85,Li_PF6_2p237516869M_EC0p27PC0p1DMC0p63_T293p0_q085,parsed,3.8064,0.4527,Ionic conductivity = 3.8064 ± 0.4527 mS/cm,/scratch/hacortes/ADOBADO/LELi-MDLab/solvents/Q_Optimization/Li_PF6_2p237516869M_EC0p27PC0p1DMC0p63_T293p0_q085,/scratch/hacortes/ADOBADO/LELi-MDLab/solvents/Q_Optimization/Li_PF6_2p237516869M_EC0p27PC0p1DMC0p63_T293p0_q085/output_LELiB_MDLab.txt,10895,10.1149/1.1872737,Li,PF6,2.237516869,"[""EC"",""PC"",""DMC""]","[0.27,0.1,0.63]",293.0,PF6,0.85,maximin descriptor spread within salt family; exact duplicate simulation inputs excluded,34,1,34,10.1149/1.1872737,"[10895,10896]","[""10.1149/1.1872737""]",6.207892204,0.4763953294787168,2,LiPF6,2.237516869,mol/l,mol/L,volume,,EC:0.270+PC:0.100+DMC:0.630,0.8748608452408524,32.473,1.1377,72.658885287037,2.5456229418612994,1,0,0,0,0,1,0.27,1,0.1,0,0.0,1,0.63,0,0.0,0,0.0,"('Li', 'PF6', 2.237516869, '[""EC"",""PC"",""DMC""]', '[0.27,0.1,0.63]', 293.0)",242
saltPF6_rank34_row10895_q0p90,Li_PF6_2p237516869M_EC0p27PC0p1DMC0p63_T293p0_q090,parsed,1.7668,0.4843,Ionic conductivity = 1.7668 ± 0.4843 mS/cm,/scratch/hacortes/ADOBADO/LELi-MDLab/solvents/Q_Optimization/Li_PF6_2p237516869M_EC0p27PC0p1DMC0p63_T293p0_q090,/scratch/hacortes/ADOBADO/LELi-MDLab/solvents/Q_Optimization/Li_PF6_2p237516869M_EC0p27PC0p1DMC0p63_T293p0_q090/output_LELiB_MDLab.txt,10895,10.1149/1.1872737,Li,PF6,2.237516869,"[""EC"",""PC"",""DMC""]","[0.27,0.1,0.63]",293.0,PF6,0.90,maximin descriptor spread within salt family; exact duplicate simulation inputs excluded,34,1,34,10.1149/1.1872737,"[10895,10896]","[""10.1149/1.1872737""]",6.207892204,0.4763953294787168,2,LiPF6,2.237516869,mol/l,mol/L,volume,,EC:0.270+PC:0.100+DMC:0.630,0.8748608452408524,32.473,1.1377,72.658885287037,2.5456229418612994,1,0,0,0,0,1,0.27,1,0.1,0,0.0,1,0.63,0,0.0,0,0.0,"('Li', 'PF6', 2.237516869, '[""EC"",""PC"",""DMC""]', '[0.27,0.1,0.63]', 293.0)",242
saltPF6_rank35_row11883_q0p70,Li_PF6_0p503M_EC0p5DMC0p5_T263p15_q070,parsed,5.1313,0.5902,Ionic conductivity = 5.1313 ± 0.5902 mS/cm,/scratch/hacortes/ADOBADO/LELi-MDLab/solvents/Q_Optimization/Li_PF6_0p503M_EC0p5DMC0p5_T263p15_q070,/scratch/hacortes/ADOBADO/LELi-MDLab/solvents/Q_Optimization/Li_PF6_0p503M_EC0p5DMC0p5_T263p15_q070/output_LELiB_MDLab.txt,11883,10.1149/2.0571912jes,Li,PF6,0.503,"[""EC"",""DMC""]","[0.5,0.5]",263.15,PF6,0.70,maximin descriptor spread within salt family; exact duplicate simulation inputs excluded,35,1,35,10.1149/2.0571912jes,[11883],"[""10.1149/2.0571912jes""]",4.959,0.0,1,LiPF6,0.503,mol/l,mol/L,weight,,EC:0.500+DMC:0.500,0.6931471805599453,46.05,1.2449999999999999,23.163149999999998,0.626235,1,0,0,0,0,1,0.5,0,0.0,0,0.0,1,0.5,0,0.0,0,0.0,"('Li', 'PF6', 0.503, '[""EC"",""DMC""]', '[0.5,0.5]', 263.15)",242
saltPF6_rank35_row11883_q0p75,Li_PF6_0p503M_EC0p5DMC0p5_T263p15_q075,parsed,3.7251,0.5808,Ionic conductivity = 3.7251 ± 0.5808 mS/cm,/scratch/hacortes/ADOBADO/LELi-MDLab/solvents/Q_Optimization/Li_PF6_0p503M_EC0p5DMC0p5_T263p15_q075,/scratch/hacortes/ADOBADO/LELi-MDLab/solvents/Q_Optimization/Li_PF6_0p503M_EC0p5DMC0p5_T263p15_q075/output_LELiB_MDLab.txt,11883,10.1149/2.0571912jes,Li,PF6,0.503,"[""EC"",""DMC""]","[0.5,0.5]",263.15,PF6,0.75,maximin descriptor spread within salt family; exact duplicate simulation inputs excluded,35,1,35,10.1149/2.0571912jes,[11883],"[""10.1149/2.0571912jes""]",4.959,0.0,1,LiPF6,0.503,mol/l,mol/L,weight,,EC:0.500+DMC:0.500,0.6931471805599453,46.05,1.2449999999999999,23.163149999999998,0.626235,1,0,0,0,0,1,0.5,0,0.0,0,0.0,1,0.5,0,0.0,0,0.0,"('Li', 'PF6', 0.503, '[""EC"",""DMC""]', '[0.5,0.5]', 263.15)",242
saltPF6_rank35_row11883_q0p80,Li_PF6_0p503M_EC0p5DMC0p5_T263p15_q080,parsed,4.1218,0.9957,Ionic conductivity = 4.1218 ± 0.9957 mS/cm,/scratch/hacortes/ADOBADO/LELi-MDLab/solvents/Q_Optimization/Li_PF6_0p503M_EC0p5DMC0p5_T263p15_q080,/scratch/hacortes/ADOBADO/LELi-MDLab/solvents/Q_Optimization/Li_PF6_0p503M_EC0p5DMC0p5_T263p15_q080/output_LELiB_MDLab.txt,11883,10.1149/2.0571912jes,Li,PF6,0.503,"[""EC"",""DMC""]","[0.5,0.5]",263.15,PF6,0.80,maximin descriptor spread within salt family; exact duplicate simulation inputs excluded,35,1,35,10.1149/2.0571912jes,[11883],"[""10.1149/2.0571912jes""]",4.959,0.0,1,LiPF6,0.503,mol/l,mol/L,weight,,EC:0.500+DMC:0.500,0.6931471805599453,46.05,1.2449999999999999,23.163149999999998,0.626235,1,0,0,0,0,1,0.5,0,0.0,0,0.0,1,0.5,0,0.0,0,0.0,"('Li', 'PF6', 0.503, '[""EC"",""DMC""]', '[0.5,0.5]', 263.15)",242
saltPF6_rank35_row11883_q0p85,Li_PF6_0p503M_EC0p5DMC0p5_T263p15_q085,parsed,3.8028,0.2996,Ionic conductivity = 3.8028 ± 0.2996 mS/cm,/scratch/hacortes/ADOBADO/LELi-MDLab/solvents/Q_Optimization/Li_PF6_0p503M_EC0p5DMC0p5_T263p15_q085,/scratch/hacortes/ADOBADO/LELi-MDLab/solvents/Q_Optimization/Li_PF6_0p503M_EC0p5DMC0p5_T263p15_q085/output_LELiB_MDLab.txt,11883,10.1149/2.0571912jes,Li,PF6,0.503,"[""EC"",""DMC""]","[0.5,0.5]",263.15,PF6,0.85,maximin descriptor spread within salt family; exact duplicate simulation inputs excluded,35,1,35,10.1149/2.0571912jes,[11883],"[""10.1149/2.0571912jes""]",4.959,0.0,1,LiPF6,0.503,mol/l,mol/L,weight,,EC:0.500+DMC:0.500,0.6931471805599453,46.05,1.2449999999999999,23.163149999999998,0.626235,1,0,0,0,0,1,0.5,0,0.0,0,0.0,1,0.5,0,0.0,0,0.0,"('Li', 'PF6', 0.503, '[""EC"",""DMC""]', '[0.5,0.5]', 263.15)",242
saltPF6_rank35_row11883_q0p90,Li_PF6_0p503M_EC0p5DMC0p5_T263p15_q090,parsed,4.2820,0.5699,Ionic conductivity = 4.2820 ± 0.5699 mS/cm,/scratch/hacortes/ADOBADO/LELi-MDLab/solvents/Q_Optimization/Li_PF6_0p503M_EC0p5DMC0p5_T263p15_q090,/scratch/hacortes/ADOBADO/LELi-MDLab/solvents/Q_Optimization/Li_PF6_0p503M_EC0p5DMC0p5_T263p15_q090/output_LELiB_MDLab.txt,11883,10.1149/2.0571912jes,Li,PF6,0.503,"[""EC"",""DMC""]","[0.5,0.5]",263.15,PF6,0.90,maximin descriptor spread within salt family; exact duplicate simulation inputs excluded,35,1,35,10.1149/2.0571912jes,[11883],"[""10.1149/2.0571912jes""]",4.959,0.0,1,LiPF6,0.503,mol/l,mol/L,weight,,EC:0.500+DMC:0.500,0.6931471805599453,46.05,1.2449999999999999,23.163149999999998,0.626235,1,0,0,0,0,1,0.5,0,0.0,0,0.0,1,0.5,0,0.0,0,0.0,"('Li', 'PF6', 0.503, '[""EC"",""DMC""]', '[0.5,0.5]', 263.15)",242
saltPF6_rank36_row11905_q0p70,Li_PF6_1p505M_EC0p5DMC0p5_T303p15_q070,parsed,13.8906,4.1508,Ionic conductivity = 13.8906 ± 4.1508 mS/cm,/scratch/hacortes/ADOBADO/LELi-MDLab/solvents/Q_Optimization/Li_PF6_1p505M_EC0p5DMC0p5_T303p15_q070,/scratch/hacortes/ADOBADO/LELi-MDLab/solvents/Q_Optimization/Li_PF6_1p505M_EC0p5DMC0p5_T303p15_q070/output_LELiB_MDLab.txt,11905,10.1149/2.0571912jes,Li,PF6,1.505,"[""EC"",""DMC""]","[0.5,0.5]",303.15,PF6,0.70,maximin descriptor spread within salt family; exact duplicate simulation inputs excluded,36,1,36,10.1149/2.0571912jes,[11905],"[""10.1149/2.0571912jes""]",10.896,0.0,1,LiPF6,1.505,mol/l,mol/L,weight,,EC:0.500+DMC:0.500,0.6931471805599453,46.05,1.2449999999999999,69.30524999999999,1.8737249999999996,1,0,0,0,0,1,0.5,0,0.0,0,0.0,1,0.5,0,0.0,0,0.0,"('Li', 'PF6', 1.505, '[""EC"",""DMC""]', '[0.5,0.5]', 303.15)",242
saltPF6_rank36_row11905_q0p75,Li_PF6_1p505M_EC0p5DMC0p5_T303p15_q075,parsed,13.6121,2.4107,Ionic conductivity = 13.6121 ± 2.4107 mS/cm,/scratch/hacortes/ADOBADO/LELi-MDLab/solvents/Q_Optimization/Li_PF6_1p505M_EC0p5DMC0p5_T303p15_q075,/scratch/hacortes/ADOBADO/LELi-MDLab/solvents/Q_Optimization/Li_PF6_1p505M_EC0p5DMC0p5_T303p15_q075/output_LELiB_MDLab.txt,11905,10.1149/2.0571912jes,Li,PF6,1.505,"[""EC"",""DMC""]","[0.5,0.5]",303.15,PF6,0.75,maximin descriptor spread within salt family; exact duplicate simulation inputs excluded,36,1,36,10.1149/2.0571912jes,[11905],"[""10.1149/2.0571912jes""]",10.896,0.0,1,LiPF6,1.505,mol/l,mol/L,weight,,EC:0.500+DMC:0.500,0.6931471805599453,46.05,1.2449999999999999,69.30524999999999,1.8737249999999996,1,0,0,0,0,1,0.5,0,0.0,0,0.0,1,0.5,0,0.0,0,0.0,"('Li', 'PF6', 1.505, '[""EC"",""DMC""]', '[0.5,0.5]', 303.15)",242
saltPF6_rank36_row11905_q0p80,Li_PF6_1p505M_EC0p5DMC0p5_T303p15_q080,parsed,12.0915,1.4353,Ionic conductivity = 12.0915 ± 1.4353 mS/cm,/scratch/hacortes/ADOBADO/LELi-MDLab/solvents/Q_Optimization/Li_PF6_1p505M_EC0p5DMC0p5_T303p15_q080,/scratch/hacortes/ADOBADO/LELi-MDLab/solvents/Q_Optimization/Li_PF6_1p505M_EC0p5DMC0p5_T303p15_q080/output_LELiB_MDLab.txt,11905,10.1149/2.0571912jes,Li,PF6,1.505,"[""EC"",""DMC""]","[0.5,0.5]",303.15,PF6,0.80,maximin descriptor spread within salt family; exact duplicate simulation inputs excluded,36,1,36,10.1149/2.0571912jes,[11905],"[""10.1149/2.0571912jes""]",10.896,0.0,1,LiPF6,1.505,mol/l,mol/L,weight,,EC:0.500+DMC:0.500,0.6931471805599453,46.05,1.2449999999999999,69.30524999999999,1.8737249999999996,1,0,0,0,0,1,0.5,0,0.0,0,0.0,1,0.5,0,0.0,0,0.0,"('Li', 'PF6', 1.505, '[""EC"",""DMC""]', '[0.5,0.5]', 303.15)",242
saltPF6_rank36_row11905_q0p85,Li_PF6_1p505M_EC0p5DMC0p5_T303p15_q085,parsed,9.3029,2.1578,Ionic conductivity = 9.3029 ± 2.1578 mS/cm,/scratch/hacortes/ADOBADO/LELi-MDLab/solvents/Q_Optimization/Li_PF6_1p505M_EC0p5DMC0p5_T303p15_q085,/scratch/hacortes/ADOBADO/LELi-MDLab/solvents/Q_Optimization/Li_PF6_1p505M_EC0p5DMC0p5_T303p15_q085/output_LELiB_MDLab.txt,11905,10.1149/2.0571912jes,Li,PF6,1.505,"[""EC"",""DMC""]","[0.5,0.5]",303.15,PF6,0.85,maximin descriptor spread within salt family; exact duplicate simulation inputs excluded,36,1,36,10.1149/2.0571912jes,[11905],"[""10.1149/2.0571912jes""]",10.896,0.0,1,LiPF6,1.505,mol/l,mol/L,weight,,EC:0.500+DMC:0.500,0.6931471805599453,46.05,1.2449999999999999,69.30524999999999,1.8737249999999996,1,0,0,0,0,1,0.5,0,0.0,0,0.0,1,0.5,0,0.0,0,0.0,"('Li', 'PF6', 1.505, '[""EC"",""DMC""]', '[0.5,0.5]', 303.15)",242
saltPF6_rank36_row11905_q0p90,Li_PF6_1p505M_EC0p5DMC0p5_T303p15_q090,parsed,8.1040,2.1300,Ionic conductivity = 8.1040 ± 2.1300 mS/cm,/scratch/hacortes/ADOBADO/LELi-MDLab/solvents/Q_Optimization/Li_PF6_1p505M_EC0p5DMC0p5_T303p15_q090,/scratch/hacortes/ADOBADO/LELi-MDLab/solvents/Q_Optimization/Li_PF6_1p505M_EC0p5DMC0p5_T303p15_q090/output_LELiB_MDLab.txt,11905,10.1149/2.0571912jes,Li,PF6,1.505,"[""EC"",""DMC""]","[0.5,0.5]",303.15,PF6,0.90,maximin descriptor spread within salt family; exact duplicate simulation inputs excluded,36,1,36,10.1149/2.0571912jes,[11905],"[""10.1149/2.0571912jes""]",10.896,0.0,1,LiPF6,1.505,mol/l,mol/L,weight,,EC:0.500+DMC:0.500,0.6931471805599453,46.05,1.2449999999999999,69.30524999999999,1.8737249999999996,1,0,0,0,0,1,0.5,0,0.0,0,0.0,1,0.5,0,0.0,0,0.0,"('Li', 'PF6', 1.505, '[""EC"",""DMC""]', '[0.5,0.5]', 303.15)",242
saltClO4_rank01_row3744_q0p70,Li_ClO4_1p0M_PC1p0_T296p4654522_q070,parsed,6.6423,1.2015,Ionic conductivity = 6.6423 ± 1.2015 mS/cm,/scratch/hacortes/ADOBADO/LELi-MDLab/solvents/Q_Optimization/Li_ClO4_1p0M_PC1p0_T296p4654522_q070,/scratch/hacortes/ADOBADO/LELi-MDLab/solvents/Q_Optimization/Li_ClO4_1p0M_PC1p0_T296p4654522_q070/output_LELiB_MDLab.txt,3744,10.1149/1.1344281,Li,ClO4,1.0,"[""PC""]",[1.0],296.4654522,ClO4,0.70,"salt-family centroid representative selected from salt_conc, temperature, weighted_permittivity, weighted_viscosity_mPa_s_25C, solvent_entropy, salt_conc_x_weighted_permittivity, salt_conc_x_weighted_viscosity, frac_EC, frac_PC, frac_DME, frac_DMC, frac_DEC, frac_EMC, conductivity descriptor space",37,2,1,10.1149/1.1344281,[3744],"[""10.1149/1.1344281""]",3.736059577,0.0,1,LiClO4,1.0,mol/l,mol/L,molar,,PC:1.000,-0.0,64.9,2.53,64.9,2.53,0,1,0,0,0,0,0.0,1,1.0,0,0.0,0,0.0,0,0.0,0,0.0,"('Li', 'ClO4', 1.0, '[""PC""]', '[1.0]', 296.4654522)",64
saltClO4_rank01_row3744_q0p75,Li_ClO4_1p0M_PC1p0_T296p4654522_q075,parsed,6.1840,1.3860,Ionic conductivity = 6.1840 ± 1.3860 mS/cm,/scratch/hacortes/ADOBADO/LELi-MDLab/solvents/Q_Optimization/Li_ClO4_1p0M_PC1p0_T296p4654522_q075,/scratch/hacortes/ADOBADO/LELi-MDLab/solvents/Q_Optimization/Li_ClO4_1p0M_PC1p0_T296p4654522_q075/output_LELiB_MDLab.txt,3744,10.1149/1.1344281,Li,ClO4,1.0,"[""PC""]",[1.0],296.4654522,ClO4,0.75,"salt-family centroid representative selected from salt_conc, temperature, weighted_permittivity, weighted_viscosity_mPa_s_25C, solvent_entropy, salt_conc_x_weighted_permittivity, salt_conc_x_weighted_viscosity, frac_EC, frac_PC, frac_DME, frac_DMC, frac_DEC, frac_EMC, conductivity descriptor space",37,2,1,10.1149/1.1344281,[3744],"[""10.1149/1.1344281""]",3.736059577,0.0,1,LiClO4,1.0,mol/l,mol/L,molar,,PC:1.000,-0.0,64.9,2.53,64.9,2.53,0,1,0,0,0,0,0.0,1,1.0,0,0.0,0,0.0,0,0.0,0,0.0,"('Li', 'ClO4', 1.0, '[""PC""]', '[1.0]', 296.4654522)",64
saltClO4_rank01_row3744_q0p80,Li_ClO4_1p0M_PC1p0_T296p4654522_q080,parsed,3.5616,0.9451,Ionic conductivity = 3.5616 ± 0.9451 mS/cm,/scratch/hacortes/ADOBADO/LELi-MDLab/solvents/Q_Optimization/Li_ClO4_1p0M_PC1p0_T296p4654522_q080,/scratch/hacortes/ADOBADO/LELi-MDLab/solvents/Q_Optimization/Li_ClO4_1p0M_PC1p0_T296p4654522_q080/output_LELiB_MDLab.txt,3744,10.1149/1.1344281,Li,ClO4,1.0,"[""PC""]",[1.0],296.4654522,ClO4,0.80,"salt-family centroid representative selected from salt_conc, temperature, weighted_permittivity, weighted_viscosity_mPa_s_25C, solvent_entropy, salt_conc_x_weighted_permittivity, salt_conc_x_weighted_viscosity, frac_EC, frac_PC, frac_DME, frac_DMC, frac_DEC, frac_EMC, conductivity descriptor space",37,2,1,10.1149/1.1344281,[3744],"[""10.1149/1.1344281""]",3.736059577,0.0,1,LiClO4,1.0,mol/l,mol/L,molar,,PC:1.000,-0.0,64.9,2.53,64.9,2.53,0,1,0,0,0,0,0.0,1,1.0,0,0.0,0,0.0,0,0.0,0,0.0,"('Li', 'ClO4', 1.0, '[""PC""]', '[1.0]', 296.4654522)",64
saltClO4_rank01_row3744_q0p85,Li_ClO4_1p0M_PC1p0_T296p4654522_q085,parsed,3.3566,1.2582,Ionic conductivity = 3.3566 ± 1.2582 mS/cm,/scratch/hacortes/ADOBADO/LELi-MDLab/solvents/Q_Optimization/Li_ClO4_1p0M_PC1p0_T296p4654522_q085,/scratch/hacortes/ADOBADO/LELi-MDLab/solvents/Q_Optimization/Li_ClO4_1p0M_PC1p0_T296p4654522_q085/output_LELiB_MDLab.txt,3744,10.1149/1.1344281,Li,ClO4,1.0,"[""PC""]",[1.0],296.4654522,ClO4,0.85,"salt-family centroid representative selected from salt_conc, temperature, weighted_permittivity, weighted_viscosity_mPa_s_25C, solvent_entropy, salt_conc_x_weighted_permittivity, salt_conc_x_weighted_viscosity, frac_EC, frac_PC, frac_DME, frac_DMC, frac_DEC, frac_EMC, conductivity descriptor space",37,2,1,10.1149/1.1344281,[3744],"[""10.1149/1.1344281""]",3.736059577,0.0,1,LiClO4,1.0,mol/l,mol/L,molar,,PC:1.000,-0.0,64.9,2.53,64.9,2.53,0,1,0,0,0,0,0.0,1,1.0,0,0.0,0,0.0,0,0.0,0,0.0,"('Li', 'ClO4', 1.0, '[""PC""]', '[1.0]', 296.4654522)",64
saltClO4_rank01_row3744_q0p90,Li_ClO4_1p0M_PC1p0_T296p4654522_q090,parsed,2.0240,0.7633,Ionic conductivity = 2.0240 ± 0.7633 mS/cm,/scratch/hacortes/ADOBADO/LELi-MDLab/solvents/Q_Optimization/Li_ClO4_1p0M_PC1p0_T296p4654522_q090,/scratch/hacortes/ADOBADO/LELi-MDLab/solvents/Q_Optimization/Li_ClO4_1p0M_PC1p0_T296p4654522_q090/output_LELiB_MDLab.txt,3744,10.1149/1.1344281,Li,ClO4,1.0,"[""PC""]",[1.0],296.4654522,ClO4,0.90,"salt-family centroid representative selected from salt_conc, temperature, weighted_permittivity, weighted_viscosity_mPa_s_25C, solvent_entropy, salt_conc_x_weighted_permittivity, salt_conc_x_weighted_viscosity, frac_EC, frac_PC, frac_DME, frac_DMC, frac_DEC, frac_EMC, conductivity descriptor space",37,2,1,10.1149/1.1344281,[3744],"[""10.1149/1.1344281""]",3.736059577,0.0,1,LiClO4,1.0,mol/l,mol/L,molar,,PC:1.000,-0.0,64.9,2.53,64.9,2.53,0,1,0,0,0,0,0.0,1,1.0,0,0.0,0,0.0,0,0.0,0,0.0,"('Li', 'ClO4', 1.0, '[""PC""]', '[1.0]', 296.4654522)",64
saltClO4_rank02_row3812_q0p70,Li_ClO4_0p5M_DME1p0_T212p2342837_q070,parsed,7.9347,0.5379,Ionic conductivity = 7.9347 ± 0.5379 mS/cm,/scratch/hacortes/ADOBADO/LELi-MDLab/solvents/Q_Optimization/Li_ClO4_0p5M_DME1p0_T212p2342837_q070,/scratch/hacortes/ADOBADO/LELi-MDLab/solvents/Q_Optimization/Li_ClO4_0p5M_DME1p0_T212p2342837_q070/output_LELiB_MDLab.txt,3812,10.1149/1.1344281,Li,ClO4,0.5,"[""DME""]",[1.0],212.2342837,ClO4,0.70,maximin descriptor spread within salt family; exact duplicate simulation inputs excluded,38,2,2,10.1149/1.1344281,[3812],"[""10.1149/1.1344281""]",0.220060166,0.0,1,LiClO4,0.5,mol/l,mol/L,molar,,DME:1.000,-0.0,7.2,0.39,3.6,0.195,0,1,0,0,0,0,0.0,0,0.0,1,1.0,0,0.0,0,0.0,0,0.0,"('Li', 'ClO4', 0.5, '[""DME""]', '[1.0]', 212.2342837)",64
saltClO4_rank02_row3812_q0p75,Li_ClO4_0p5M_DME1p0_T212p2342837_q075,parsed,6.8434,0.6237,Ionic conductivity = 6.8434 ± 0.6237 mS/cm,/scratch/hacortes/ADOBADO/LELi-MDLab/solvents/Q_Optimization/Li_ClO4_0p5M_DME1p0_T212p2342837_q075,/scratch/hacortes/ADOBADO/LELi-MDLab/solvents/Q_Optimization/Li_ClO4_0p5M_DME1p0_T212p2342837_q075/output_LELiB_MDLab.txt,3812,10.1149/1.1344281,Li,ClO4,0.5,"[""DME""]",[1.0],212.2342837,ClO4,0.75,maximin descriptor spread within salt family; exact duplicate simulation inputs excluded,38,2,2,10.1149/1.1344281,[3812],"[""10.1149/1.1344281""]",0.220060166,0.0,1,LiClO4,0.5,mol/l,mol/L,molar,,DME:1.000,-0.0,7.2,0.39,3.6,0.195,0,1,0,0,0,0,0.0,0,0.0,1,1.0,0,0.0,0,0.0,0,0.0,"('Li', 'ClO4', 0.5, '[""DME""]', '[1.0]', 212.2342837)",64
saltClO4_rank02_row3812_q0p80,Li_ClO4_0p5M_DME1p0_T212p2342837_q080,parsed,3.6341,0.8511,Ionic conductivity = 3.6341 ± 0.8511 mS/cm,/scratch/hacortes/ADOBADO/LELi-MDLab/solvents/Q_Optimization/Li_ClO4_0p5M_DME1p0_T212p2342837_q080,/scratch/hacortes/ADOBADO/LELi-MDLab/solvents/Q_Optimization/Li_ClO4_0p5M_DME1p0_T212p2342837_q080/output_LELiB_MDLab.txt,3812,10.1149/1.1344281,Li,ClO4,0.5,"[""DME""]",[1.0],212.2342837,ClO4,0.80,maximin descriptor spread within salt family; exact duplicate simulation inputs excluded,38,2,2,10.1149/1.1344281,[3812],"[""10.1149/1.1344281""]",0.220060166,0.0,1,LiClO4,0.5,mol/l,mol/L,molar,,DME:1.000,-0.0,7.2,0.39,3.6,0.195,0,1,0,0,0,0,0.0,0,0.0,1,1.0,0,0.0,0,0.0,0,0.0,"('Li', 'ClO4', 0.5, '[""DME""]', '[1.0]', 212.2342837)",64
saltClO4_rank02_row3812_q0p85,Li_ClO4_0p5M_DME1p0_T212p2342837_q085,parsed,1.7046,0.7922,Ionic conductivity = 1.7046 ± 0.7922 mS/cm,/scratch/hacortes/ADOBADO/LELi-MDLab/solvents/Q_Optimization/Li_ClO4_0p5M_DME1p0_T212p2342837_q085,/scratch/hacortes/ADOBADO/LELi-MDLab/solvents/Q_Optimization/Li_ClO4_0p5M_DME1p0_T212p2342837_q085/output_LELiB_MDLab.txt,3812,10.1149/1.1344281,Li,ClO4,0.5,"[""DME""]",[1.0],212.2342837,ClO4,0.85,maximin descriptor spread within salt family; exact duplicate simulation inputs excluded,38,2,2,10.1149/1.1344281,[3812],"[""10.1149/1.1344281""]",0.220060166,0.0,1,LiClO4,0.5,mol/l,mol/L,molar,,DME:1.000,-0.0,7.2,0.39,3.6,0.195,0,1,0,0,0,0,0.0,0,0.0,1,1.0,0,0.0,0,0.0,0,0.0,"('Li', 'ClO4', 0.5, '[""DME""]', '[1.0]', 212.2342837)",64
saltClO4_rank02_row3812_q0p90,Li_ClO4_0p5M_DME1p0_T212p2342837_q090,parsed,1.0565,0.7071,Ionic conductivity = 1.0565 ± 0.7071 mS/cm,/scratch/hacortes/ADOBADO/LELi-MDLab/solvents/Q_Optimization/Li_ClO4_0p5M_DME1p0_T212p2342837_q090,/scratch/hacortes/ADOBADO/LELi-MDLab/solvents/Q_Optimization/Li_ClO4_0p5M_DME1p0_T212p2342837_q090/output_LELiB_MDLab.txt,3812,10.1149/1.1344281,Li,ClO4,0.5,"[""DME""]",[1.0],212.2342837,ClO4,0.90,maximin descriptor spread within salt family; exact duplicate simulation inputs excluded,38,2,2,10.1149/1.1344281,[3812],"[""10.1149/1.1344281""]",0.220060166,0.0,1,LiClO4,0.5,mol/l,mol/L,molar,,DME:1.000,-0.0,7.2,0.39,3.6,0.195,0,1,0,0,0,0,0.0,0,0.0,1,1.0,0,0.0,0,0.0,0,0.0,"('Li', 'ClO4', 0.5, '[""DME""]', '[1.0]', 212.2342837)",64
saltClO4_rank03_row3724_q0p70,Li_ClO4_1p0M_PC1p0_T393p6420782_q070,parsed,24.8907,3.8656,Ionic conductivity = 24.8907 ± 3.8656 mS/cm,/scratch/hacortes/ADOBADO/LELi-MDLab/solvents/Q_Optimization/Li_ClO4_1p0M_PC1p0_T393p6420782_q070,/scratch/hacortes/ADOBADO/LELi-MDLab/solvents/Q_Optimization/Li_ClO4_1p0M_PC1p0_T393p6420782_q070/output_LELiB_MDLab.txt,3724,10.1149/1.1344281,Li,ClO4,1.0,"[""PC""]",[1.0],393.6420782,ClO4,0.70,maximin descriptor spread within salt family; exact duplicate simulation inputs excluded,39,2,3,10.1149/1.1344281,[3724],"[""10.1149/1.1344281""]",15.11159636,0.0,1,LiClO4,1.0,mol/l,mol/L,molar,,PC:1.000,-0.0,64.9,2.53,64.9,2.53,0,1,0,0,0,0,0.0,1,1.0,0,0.0,0,0.0,0,0.0,0,0.0,"('Li', 'ClO4', 1.0, '[""PC""]', '[1.0]', 393.6420782)",64
saltClO4_rank03_row3724_q0p75,Li_ClO4_1p0M_PC1p0_T393p6420782_q075,parsed,24.1896,1.4099,Ionic conductivity = 24.1896 ± 1.4099 mS/cm,/scratch/hacortes/ADOBADO/LELi-MDLab/solvents/Q_Optimization/Li_ClO4_1p0M_PC1p0_T393p6420782_q075,/scratch/hacortes/ADOBADO/LELi-MDLab/solvents/Q_Optimization/Li_ClO4_1p0M_PC1p0_T393p6420782_q075/output_LELiB_MDLab.txt,3724,10.1149/1.1344281,Li,ClO4,1.0,"[""PC""]",[1.0],393.6420782,ClO4,0.75,maximin descriptor spread within salt family; exact duplicate simulation inputs excluded,39,2,3,10.1149/1.1344281,[3724],"[""10.1149/1.1344281""]",15.11159636,0.0,1,LiClO4,1.0,mol/l,mol/L,molar,,PC:1.000,-0.0,64.9,2.53,64.9,2.53,0,1,0,0,0,0,0.0,1,1.0,0,0.0,0,0.0,0,0.0,0,0.0,"('Li', 'ClO4', 1.0, '[""PC""]', '[1.0]', 393.6420782)",64
saltClO4_rank03_row3724_q0p80,Li_ClO4_1p0M_PC1p0_T393p6420782_q080,parsed,22.0572,3.3137,Ionic conductivity = 22.0572 ± 3.3137 mS/cm,/scratch/hacortes/ADOBADO/LELi-MDLab/solvents/Q_Optimization/Li_ClO4_1p0M_PC1p0_T393p6420782_q080,/scratch/hacortes/ADOBADO/LELi-MDLab/solvents/Q_Optimization/Li_ClO4_1p0M_PC1p0_T393p6420782_q080/output_LELiB_MDLab.txt,3724,10.1149/1.1344281,Li,ClO4,1.0,"[""PC""]",[1.0],393.6420782,ClO4,0.80,maximin descriptor spread within salt family; exact duplicate simulation inputs excluded,39,2,3,10.1149/1.1344281,[3724],"[""10.1149/1.1344281""]",15.11159636,0.0,1,LiClO4,1.0,mol/l,mol/L,molar,,PC:1.000,-0.0,64.9,2.53,64.9,2.53,0,1,0,0,0,0,0.0,1,1.0,0,0.0,0,0.0,0,0.0,0,0.0,"('Li', 'ClO4', 1.0, '[""PC""]', '[1.0]', 393.6420782)",64
saltClO4_rank03_row3724_q0p85,Li_ClO4_1p0M_PC1p0_T393p6420782_q085,parsed,14.9719,5.8124,Ionic conductivity = 14.9719 ± 5.8124 mS/cm,/scratch/hacortes/ADOBADO/LELi-MDLab/solvents/Q_Optimization/Li_ClO4_1p0M_PC1p0_T393p6420782_q085,/scratch/hacortes/ADOBADO/LELi-MDLab/solvents/Q_Optimization/Li_ClO4_1p0M_PC1p0_T393p6420782_q085/output_LELiB_MDLab.txt,3724,10.1149/1.1344281,Li,ClO4,1.0,"[""PC""]",[1.0],393.6420782,ClO4,0.85,maximin descriptor spread within salt family; exact duplicate simulation inputs excluded,39,2,3,10.1149/1.1344281,[3724],"[""10.1149/1.1344281""]",15.11159636,0.0,1,LiClO4,1.0,mol/l,mol/L,molar,,PC:1.000,-0.0,64.9,2.53,64.9,2.53,0,1,0,0,0,0,0.0,1,1.0,0,0.0,0,0.0,0,0.0,0,0.0,"('Li', 'ClO4', 1.0, '[""PC""]', '[1.0]', 393.6420782)",64
saltClO4_rank03_row3724_q0p90,Li_ClO4_1p0M_PC1p0_T393p6420782_q090,parsed,7.9202,1.0217,Ionic conductivity = 7.9202 ± 1.0217 mS/cm,/scratch/hacortes/ADOBADO/LELi-MDLab/solvents/Q_Optimization/Li_ClO4_1p0M_PC1p0_T393p6420782_q090,/scratch/hacortes/ADOBADO/LELi-MDLab/solvents/Q_Optimization/Li_ClO4_1p0M_PC1p0_T393p6420782_q090/output_LELiB_MDLab.txt,3724,10.1149/1.1344281,Li,ClO4,1.0,"[""PC""]",[1.0],393.6420782,ClO4,0.90,maximin descriptor spread within salt family; exact duplicate simulation inputs excluded,39,2,3,10.1149/1.1344281,[3724],"[""10.1149/1.1344281""]",15.11159636,0.0,1,LiClO4,1.0,mol/l,mol/L,molar,,PC:1.000,-0.0,64.9,2.53,64.9,2.53,0,1,0,0,0,0,0.0,1,1.0,0,0.0,0,0.0,0,0.0,0,0.0,"('Li', 'ClO4', 1.0, '[""PC""]', '[1.0]', 393.6420782)",64
saltClO4_rank04_row3786_q0p70,Li_ClO4_0p5M_DME1p0_T342p1636336_q070,parsed,16.1788,2.5833,Ionic conductivity = 16.1788 ± 2.5833 mS/cm,/scratch/hacortes/ADOBADO/LELi-MDLab/solvents/Q_Optimization/Li_ClO4_0p5M_DME1p0_T342p1636336_q070,/scratch/hacortes/ADOBADO/LELi-MDLab/solvents/Q_Optimization/Li_ClO4_0p5M_DME1p0_T342p1636336_q070/output_LELiB_MDLab.txt,3786,10.1149/1.1344281,Li,ClO4,0.5,"[""DME""]",[1.0],342.1636336,ClO4,0.70,maximin descriptor spread within salt family; exact duplicate simulation inputs excluded,40,2,4,10.1149/1.1344281,[3786],"[""10.1149/1.1344281""]",2.579896064,0.0,1,LiClO4,0.5,mol/l,mol/L,molar,,DME:1.000,-0.0,7.2,0.39,3.6,0.195,0,1,0,0,0,0,0.0,0,0.0,1,1.0,0,0.0,0,0.0,0,0.0,"('Li', 'ClO4', 0.5, '[""DME""]', '[1.0]', 342.1636336)",64
saltClO4_rank04_row3786_q0p75,Li_ClO4_0p5M_DME1p0_T342p1636336_q075,parsed,8.1652,1.2613,Ionic conductivity = 8.1652 ± 1.2613 mS/cm,/scratch/hacortes/ADOBADO/LELi-MDLab/solvents/Q_Optimization/Li_ClO4_0p5M_DME1p0_T342p1636336_q075,/scratch/hacortes/ADOBADO/LELi-MDLab/solvents/Q_Optimization/Li_ClO4_0p5M_DME1p0_T342p1636336_q075/output_LELiB_MDLab.txt,3786,10.1149/1.1344281,Li,ClO4,0.5,"[""DME""]",[1.0],342.1636336,ClO4,0.75,maximin descriptor spread within salt family; exact duplicate simulation inputs excluded,40,2,4,10.1149/1.1344281,[3786],"[""10.1149/1.1344281""]",2.579896064,0.0,1,LiClO4,0.5,mol/l,mol/L,molar,,DME:1.000,-0.0,7.2,0.39,3.6,0.195,0,1,0,0,0,0,0.0,0,0.0,1,1.0,0,0.0,0,0.0,0,0.0,"('Li', 'ClO4', 0.5, '[""DME""]', '[1.0]', 342.1636336)",64
saltClO4_rank04_row3786_q0p80,Li_ClO4_0p5M_DME1p0_T342p1636336_q080,parsed,0.9527,0.4329,Ionic conductivity = 0.9527 ± 0.4329 mS/cm,/scratch/hacortes/ADOBADO/LELi-MDLab/solvents/Q_Optimization/Li_ClO4_0p5M_DME1p0_T342p1636336_q080,/scratch/hacortes/ADOBADO/LELi-MDLab/solvents/Q_Optimization/Li_ClO4_0p5M_DME1p0_T342p1636336_q080/output_LELiB_MDLab.txt,3786,10.1149/1.1344281,Li,ClO4,0.5,"[""DME""]",[1.0],342.1636336,ClO4,0.80,maximin descriptor spread within salt family; exact duplicate simulation inputs excluded,40,2,4,10.1149/1.1344281,[3786],"[""10.1149/1.1344281""]",2.579896064,0.0,1,LiClO4,0.5,mol/l,mol/L,molar,,DME:1.000,-0.0,7.2,0.39,3.6,0.195,0,1,0,0,0,0,0.0,0,0.0,1,1.0,0,0.0,0,0.0,0,0.0,"('Li', 'ClO4', 0.5, '[""DME""]', '[1.0]', 342.1636336)",64
saltClO4_rank04_row3786_q0p85,Li_ClO4_0p5M_DME1p0_T342p1636336_q085,parsed,0.0980,0.0977,Ionic conductivity = 0.0980 ± 0.0977 mS/cm,/scratch/hacortes/ADOBADO/LELi-MDLab/solvents/Q_Optimization/Li_ClO4_0p5M_DME1p0_T342p1636336_q085,/scratch/hacortes/ADOBADO/LELi-MDLab/solvents/Q_Optimization/Li_ClO4_0p5M_DME1p0_T342p1636336_q085/output_LELiB_MDLab.txt,3786,10.1149/1.1344281,Li,ClO4,0.5,"[""DME""]",[1.0],342.1636336,ClO4,0.85,maximin descriptor spread within salt family; exact duplicate simulation inputs excluded,40,2,4,10.1149/1.1344281,[3786],"[""10.1149/1.1344281""]",2.579896064,0.0,1,LiClO4,0.5,mol/l,mol/L,molar,,DME:1.000,-0.0,7.2,0.39,3.6,0.195,0,1,0,0,0,0,0.0,0,0.0,1,1.0,0,0.0,0,0.0,0,0.0,"('Li', 'ClO4', 0.5, '[""DME""]', '[1.0]', 342.1636336)",64
saltClO4_rank04_row3786_q0p90,Li_ClO4_0p5M_DME1p0_T342p1636336_q090,parsed,0.0419,0.0104,Ionic conductivity = 0.0419 ± 0.0104 mS/cm,/scratch/hacortes/ADOBADO/LELi-MDLab/solvents/Q_Optimization/Li_ClO4_0p5M_DME1p0_T342p1636336_q090,/scratch/hacortes/ADOBADO/LELi-MDLab/solvents/Q_Optimization/Li_ClO4_0p5M_DME1p0_T342p1636336_q090/output_LELiB_MDLab.txt,3786,10.1149/1.1344281,Li,ClO4,0.5,"[""DME""]",[1.0],342.1636336,ClO4,0.90,maximin descriptor spread within salt family; exact duplicate simulation inputs excluded,40,2,4,10.1149/1.1344281,[3786],"[""10.1149/1.1344281""]",2.579896064,0.0,1,LiClO4,0.5,mol/l,mol/L,molar,,DME:1.000,-0.0,7.2,0.39,3.6,0.195,0,1,0,0,0,0,0.0,0,0.0,1,1.0,0,0.0,0,0.0,0,0.0,"('Li', 'ClO4', 0.5, '[""DME""]', '[1.0]', 342.1636336)",64
saltClO4_rank05_row3760_q0p70,Li_ClO4_1p0M_PC1p0_T217p5511705_q070,parsed,0.0779,0.0173,Ionic conductivity = 0.0779 ± 0.0173 mS/cm,/scratch/hacortes/ADOBADO/LELi-MDLab/solvents/Q_Optimization/Li_ClO4_1p0M_PC1p0_T217p5511705_q070,/scratch/hacortes/ADOBADO/LELi-MDLab/solvents/Q_Optimization/Li_ClO4_1p0M_PC1p0_T217p5511705_q070/output_LELiB_MDLab.txt,3760,10.1149/1.1344281,Li,ClO4,1.0,"[""PC""]",[1.0],217.5511705,ClO4,0.70,maximin descriptor spread within salt family; exact duplicate simulation inputs excluded,41,2,5,10.1149/1.1344281,[3760],"[""10.1149/1.1344281""]",0.016360369,0.0,1,LiClO4,1.0,mol/l,mol/L,molar,,PC:1.000,-0.0,64.9,2.53,64.9,2.53,0,1,0,0,0,0,0.0,1,1.0,0,0.0,0,0.0,0,0.0,0,0.0,"('Li', 'ClO4', 1.0, '[""PC""]', '[1.0]', 217.5511705)",64
saltClO4_rank05_row3760_q0p75,Li_ClO4_1p0M_PC1p0_T217p5511705_q075,parsed,0.1197,0.0245,Ionic conductivity = 0.1197 ± 0.0245 mS/cm,/scratch/hacortes/ADOBADO/LELi-MDLab/solvents/Q_Optimization/Li_ClO4_1p0M_PC1p0_T217p5511705_q075,/scratch/hacortes/ADOBADO/LELi-MDLab/solvents/Q_Optimization/Li_ClO4_1p0M_PC1p0_T217p5511705_q075/output_LELiB_MDLab.txt,3760,10.1149/1.1344281,Li,ClO4,1.0,"[""PC""]",[1.0],217.5511705,ClO4,0.75,maximin descriptor spread within salt family; exact duplicate simulation inputs excluded,41,2,5,10.1149/1.1344281,[3760],"[""10.1149/1.1344281""]",0.016360369,0.0,1,LiClO4,1.0,mol/l,mol/L,molar,,PC:1.000,-0.0,64.9,2.53,64.9,2.53,0,1,0,0,0,0,0.0,1,1.0,0,0.0,0,0.0,0,0.0,0,0.0,"('Li', 'ClO4', 1.0, '[""PC""]', '[1.0]', 217.5511705)",64
saltClO4_rank05_row3760_q0p80,Li_ClO4_1p0M_PC1p0_T217p5511705_q080,parsed,0.0728,0.0357,Ionic conductivity = 0.0728 ± 0.0357 mS/cm,/scratch/hacortes/ADOBADO/LELi-MDLab/solvents/Q_Optimization/Li_ClO4_1p0M_PC1p0_T217p5511705_q080,/scratch/hacortes/ADOBADO/LELi-MDLab/solvents/Q_Optimization/Li_ClO4_1p0M_PC1p0_T217p5511705_q080/output_LELiB_MDLab.txt,3760,10.1149/1.1344281,Li,ClO4,1.0,"[""PC""]",[1.0],217.5511705,ClO4,0.80,maximin descriptor spread within salt family; exact duplicate simulation inputs excluded,41,2,5,10.1149/1.1344281,[3760],"[""10.1149/1.1344281""]",0.016360369,0.0,1,LiClO4,1.0,mol/l,mol/L,molar,,PC:1.000,-0.0,64.9,2.53,64.9,2.53,0,1,0,0,0,0,0.0,1,1.0,0,0.0,0,0.0,0,0.0,0,0.0,"('Li', 'ClO4', 1.0, '[""PC""]', '[1.0]', 217.5511705)",64
saltClO4_rank05_row3760_q0p85,Li_ClO4_1p0M_PC1p0_T217p5511705_q085,parsed,0.0440,0.0135,Ionic conductivity = 0.0440 ± 0.0135 mS/cm,/scratch/hacortes/ADOBADO/LELi-MDLab/solvents/Q_Optimization/Li_ClO4_1p0M_PC1p0_T217p5511705_q085,/scratch/hacortes/ADOBADO/LELi-MDLab/solvents/Q_Optimization/Li_ClO4_1p0M_PC1p0_T217p5511705_q085/output_LELiB_MDLab.txt,3760,10.1149/1.1344281,Li,ClO4,1.0,"[""PC""]",[1.0],217.5511705,ClO4,0.85,maximin descriptor spread within salt family; exact duplicate simulation inputs excluded,41,2,5,10.1149/1.1344281,[3760],"[""10.1149/1.1344281""]",0.016360369,0.0,1,LiClO4,1.0,mol/l,mol/L,molar,,PC:1.000,-0.0,64.9,2.53,64.9,2.53,0,1,0,0,0,0,0.0,1,1.0,0,0.0,0,0.0,0,0.0,0,0.0,"('Li', 'ClO4', 1.0, '[""PC""]', '[1.0]', 217.5511705)",64
saltClO4_rank05_row3760_q0p90,Li_ClO4_1p0M_PC1p0_T217p5511705_q090,parsed,0.0504,0.0273,Ionic conductivity = 0.0504 ± 0.0273 mS/cm,/scratch/hacortes/ADOBADO/LELi-MDLab/solvents/Q_Optimization/Li_ClO4_1p0M_PC1p0_T217p5511705_q090,/scratch/hacortes/ADOBADO/LELi-MDLab/solvents/Q_Optimization/Li_ClO4_1p0M_PC1p0_T217p5511705_q090/output_LELiB_MDLab.txt,3760,10.1149/1.1344281,Li,ClO4,1.0,"[""PC""]",[1.0],217.5511705,ClO4,0.90,maximin descriptor spread within salt family; exact duplicate simulation inputs excluded,41,2,5,10.1149/1.1344281,[3760],"[""10.1149/1.1344281""]",0.016360369,0.0,1,LiClO4,1.0,mol/l,mol/L,molar,,PC:1.000,-0.0,64.9,2.53,64.9,2.53,0,1,0,0,0,0,0.0,1,1.0,0,0.0,0,0.0,0,0.0,0,0.0,"('Li', 'ClO4', 1.0, '[""PC""]', '[1.0]', 217.5511705)",64
saltClO4_rank06_row3734_q0p70,Li_ClO4_1p0M_PC1p0_T345p6484223_q070,parsed,16.8038,3.5409,Ionic conductivity = 16.8038 ± 3.5409 mS/cm,/scratch/hacortes/ADOBADO/LELi-MDLab/solvents/Q_Optimization/Li_ClO4_1p0M_PC1p0_T345p6484223_q070,/scratch/hacortes/ADOBADO/LELi-MDLab/solvents/Q_Optimization/Li_ClO4_1p0M_PC1p0_T345p6484223_q070/output_LELiB_MDLab.txt,3734,10.1149/1.1344281,Li,ClO4,1.0,"[""PC""]",[1.0],345.6484223,ClO4,0.70,maximin descriptor spread within salt family; exact duplicate simulation inputs excluded,42,2,6,10.1149/1.1344281,[3734],"[""10.1149/1.1344281""]",9.091189065,0.0,1,LiClO4,1.0,mol/l,mol/L,molar,,PC:1.000,-0.0,64.9,2.53,64.9,2.53,0,1,0,0,0,0,0.0,1,1.0,0,0.0,0,0.0,0,0.0,0,0.0,"('Li', 'ClO4', 1.0, '[""PC""]', '[1.0]', 345.6484223)",64
saltClO4_rank06_row3734_q0p75,Li_ClO4_1p0M_PC1p0_T345p6484223_q075,parsed,13.6825,1.7458,Ionic conductivity = 13.6825 ± 1.7458 mS/cm,/scratch/hacortes/ADOBADO/LELi-MDLab/solvents/Q_Optimization/Li_ClO4_1p0M_PC1p0_T345p6484223_q075,/scratch/hacortes/ADOBADO/LELi-MDLab/solvents/Q_Optimization/Li_ClO4_1p0M_PC1p0_T345p6484223_q075/output_LELiB_MDLab.txt,3734,10.1149/1.1344281,Li,ClO4,1.0,"[""PC""]",[1.0],345.6484223,ClO4,0.75,maximin descriptor spread within salt family; exact duplicate simulation inputs excluded,42,2,6,10.1149/1.1344281,[3734],"[""10.1149/1.1344281""]",9.091189065,0.0,1,LiClO4,1.0,mol/l,mol/L,molar,,PC:1.000,-0.0,64.9,2.53,64.9,2.53,0,1,0,0,0,0,0.0,1,1.0,0,0.0,0,0.0,0,0.0,0,0.0,"('Li', 'ClO4', 1.0, '[""PC""]', '[1.0]', 345.6484223)",64
saltClO4_rank06_row3734_q0p80,Li_ClO4_1p0M_PC1p0_T345p6484223_q080,parsed,13.9877,0.4869,Ionic conductivity = 13.9877 ± 0.4869 mS/cm,/scratch/hacortes/ADOBADO/LELi-MDLab/solvents/Q_Optimization/Li_ClO4_1p0M_PC1p0_T345p6484223_q080,/scratch/hacortes/ADOBADO/LELi-MDLab/solvents/Q_Optimization/Li_ClO4_1p0M_PC1p0_T345p6484223_q080/output_LELiB_MDLab.txt,3734,10.1149/1.1344281,Li,ClO4,1.0,"[""PC""]",[1.0],345.6484223,ClO4,0.80,maximin descriptor spread within salt family; exact duplicate simulation inputs excluded,42,2,6,10.1149/1.1344281,[3734],"[""10.1149/1.1344281""]",9.091189065,0.0,1,LiClO4,1.0,mol/l,mol/L,molar,,PC:1.000,-0.0,64.9,2.53,64.9,2.53,0,1,0,0,0,0,0.0,1,1.0,0,0.0,0,0.0,0,0.0,0,0.0,"('Li', 'ClO4', 1.0, '[""PC""]', '[1.0]', 345.6484223)",64
saltClO4_rank06_row3734_q0p85,Li_ClO4_1p0M_PC1p0_T345p6484223_q085,parsed,7.9691,0.9211,Ionic conductivity = 7.9691 ± 0.9211 mS/cm,/scratch/hacortes/ADOBADO/LELi-MDLab/solvents/Q_Optimization/Li_ClO4_1p0M_PC1p0_T345p6484223_q085,/scratch/hacortes/ADOBADO/LELi-MDLab/solvents/Q_Optimization/Li_ClO4_1p0M_PC1p0_T345p6484223_q085/output_LELiB_MDLab.txt,3734,10.1149/1.1344281,Li,ClO4,1.0,"[""PC""]",[1.0],345.6484223,ClO4,0.85,maximin descriptor spread within salt family; exact duplicate simulation inputs excluded,42,2,6,10.1149/1.1344281,[3734],"[""10.1149/1.1344281""]",9.091189065,0.0,1,LiClO4,1.0,mol/l,mol/L,molar,,PC:1.000,-0.0,64.9,2.53,64.9,2.53,0,1,0,0,0,0,0.0,1,1.0,0,0.0,0,0.0,0,0.0,0,0.0,"('Li', 'ClO4', 1.0, '[""PC""]', '[1.0]', 345.6484223)",64
saltClO4_rank06_row3734_q0p90,Li_ClO4_1p0M_PC1p0_T345p6484223_q090,parsed,4.9337,0.7292,Ionic conductivity = 4.9337 ± 0.7292 mS/cm,/scratch/hacortes/ADOBADO/LELi-MDLab/solvents/Q_Optimization/Li_ClO4_1p0M_PC1p0_T345p6484223_q090,/scratch/hacortes/ADOBADO/LELi-MDLab/solvents/Q_Optimization/Li_ClO4_1p0M_PC1p0_T345p6484223_q090/output_LELiB_MDLab.txt,3734,10.1149/1.1344281,Li,ClO4,1.0,"[""PC""]",[1.0],345.6484223,ClO4,0.90,maximin descriptor spread within salt family; exact duplicate simulation inputs excluded,42,2,6,10.1149/1.1344281,[3734],"[""10.1149/1.1344281""]",9.091189065,0.0,1,LiClO4,1.0,mol/l,mol/L,molar,,PC:1.000,-0.0,64.9,2.53,64.9,2.53,0,1,0,0,0,0,0.0,1,1.0,0,0.0,0,0.0,0,0.0,0,0.0,"('Li', 'ClO4', 1.0, '[""PC""]', '[1.0]', 345.6484223)",64
saltClO4_rank07_row3800_q0p70,Li_ClO4_0p5M_DME1p0_T273p3744374_q070,parsed,12.4592,2.4649,Ionic conductivity = 12.4592 ± 2.4649 mS/cm,/scratch/hacortes/ADOBADO/LELi-MDLab/solvents/Q_Optimization/Li_ClO4_0p5M_DME1p0_T273p3744374_q070,/scratch/hacortes/ADOBADO/LELi-MDLab/solvents/Q_Optimization/Li_ClO4_0p5M_DME1p0_T273p3744374_q070/output_LELiB_MDLab.txt,3800,10.1149/1.1344281,Li,ClO4,0.5,"[""DME""]",[1.0],273.3744374,ClO4,0.70,maximin descriptor spread within salt family; exact duplicate simulation inputs excluded,43,2,7,10.1149/1.1344281,[3800],"[""10.1149/1.1344281""]",2.784526666,0.0,1,LiClO4,0.5,mol/l,mol/L,molar,,DME:1.000,-0.0,7.2,0.39,3.6,0.195,0,1,0,0,0,0,0.0,0,0.0,1,1.0,0,0.0,0,0.0,0,0.0,"('Li', 'ClO4', 0.5, '[""DME""]', '[1.0]', 273.3744374)",64
saltClO4_rank07_row3800_q0p75,Li_ClO4_0p5M_DME1p0_T273p3744374_q075,parsed,10.6304,2.6595,Ionic conductivity = 10.6304 ± 2.6595 mS/cm,/scratch/hacortes/ADOBADO/LELi-MDLab/solvents/Q_Optimization/Li_ClO4_0p5M_DME1p0_T273p3744374_q075,/scratch/hacortes/ADOBADO/LELi-MDLab/solvents/Q_Optimization/Li_ClO4_0p5M_DME1p0_T273p3744374_q075/output_LELiB_MDLab.txt,3800,10.1149/1.1344281,Li,ClO4,0.5,"[""DME""]",[1.0],273.3744374,ClO4,0.75,maximin descriptor spread within salt family; exact duplicate simulation inputs excluded,43,2,7,10.1149/1.1344281,[3800],"[""10.1149/1.1344281""]",2.784526666,0.0,1,LiClO4,0.5,mol/l,mol/L,molar,,DME:1.000,-0.0,7.2,0.39,3.6,0.195,0,1,0,0,0,0,0.0,0,0.0,1,1.0,0,0.0,0,0.0,0,0.0,"('Li', 'ClO4', 0.5, '[""DME""]', '[1.0]', 273.3744374)",64
saltClO4_rank07_row3800_q0p80,Li_ClO4_0p5M_DME1p0_T273p3744374_q080,parsed,3.0595,1.1803,Ionic conductivity = 3.0595 ± 1.1803 mS/cm,/scratch/hacortes/ADOBADO/LELi-MDLab/solvents/Q_Optimization/Li_ClO4_0p5M_DME1p0_T273p3744374_q080,/scratch/hacortes/ADOBADO/LELi-MDLab/solvents/Q_Optimization/Li_ClO4_0p5M_DME1p0_T273p3744374_q080/output_LELiB_MDLab.txt,3800,10.1149/1.1344281,Li,ClO4,0.5,"[""DME""]",[1.0],273.3744374,ClO4,0.80,maximin descriptor spread within salt family; exact duplicate simulation inputs excluded,43,2,7,10.1149/1.1344281,[3800],"[""10.1149/1.1344281""]",2.784526666,0.0,1,LiClO4,0.5,mol/l,mol/L,molar,,DME:1.000,-0.0,7.2,0.39,3.6,0.195,0,1,0,0,0,0,0.0,0,0.0,1,1.0,0,0.0,0,0.0,0,0.0,"('Li', 'ClO4', 0.5, '[""DME""]', '[1.0]', 273.3744374)",64
saltClO4_rank07_row3800_q0p85,Li_ClO4_0p5M_DME1p0_T273p3744374_q085,parsed,0.2891,0.2435,Ionic conductivity = 0.2891 ± 0.2435 mS/cm,/scratch/hacortes/ADOBADO/LELi-MDLab/solvents/Q_Optimization/Li_ClO4_0p5M_DME1p0_T273p3744374_q085,/scratch/hacortes/ADOBADO/LELi-MDLab/solvents/Q_Optimization/Li_ClO4_0p5M_DME1p0_T273p3744374_q085/output_LELiB_MDLab.txt,3800,10.1149/1.1344281,Li,ClO4,0.5,"[""DME""]",[1.0],273.3744374,ClO4,0.85,maximin descriptor spread within salt family; exact duplicate simulation inputs excluded,43,2,7,10.1149/1.1344281,[3800],"[""10.1149/1.1344281""]",2.784526666,0.0,1,LiClO4,0.5,mol/l,mol/L,molar,,DME:1.000,-0.0,7.2,0.39,3.6,0.195,0,1,0,0,0,0,0.0,0,0.0,1,1.0,0,0.0,0,0.0,0,0.0,"('Li', 'ClO4', 0.5, '[""DME""]', '[1.0]', 273.3744374)",64
saltClO4_rank07_row3800_q0p90,Li_ClO4_0p5M_DME1p0_T273p3744374_q090,parsed,0.0821,0.0264,Ionic conductivity = 0.0821 ± 0.0264 mS/cm,/scratch/hacortes/ADOBADO/LELi-MDLab/solvents/Q_Optimization/Li_ClO4_0p5M_DME1p0_T273p3744374_q090,/scratch/hacortes/ADOBADO/LELi-MDLab/solvents/Q_Optimization/Li_ClO4_0p5M_DME1p0_T273p3744374_q090/output_LELiB_MDLab.txt,3800,10.1149/1.1344281,Li,ClO4,0.5,"[""DME""]",[1.0],273.3744374,ClO4,0.90,maximin descriptor spread within salt family; exact duplicate simulation inputs excluded,43,2,7,10.1149/1.1344281,[3800],"[""10.1149/1.1344281""]",2.784526666,0.0,1,LiClO4,0.5,mol/l,mol/L,molar,,DME:1.000,-0.0,7.2,0.39,3.6,0.195,0,1,0,0,0,0,0.0,0,0.0,1,1.0,0,0.0,0,0.0,0,0.0,"('Li', 'ClO4', 0.5, '[""DME""]', '[1.0]', 273.3744374)",64
saltClO4_rank08_row3751_q0p70,Li_ClO4_1p0M_PC1p0_T261p8047361_q070,parsed,1.8547,0.4629,Ionic conductivity = 1.8547 ± 0.4629 mS/cm,/scratch/hacortes/ADOBADO/LELi-MDLab/solvents/Q_Optimization/Li_ClO4_1p0M_PC1p0_T261p8047361_q070,/scratch/hacortes/ADOBADO/LELi-MDLab/solvents/Q_Optimization/Li_ClO4_1p0M_PC1p0_T261p8047361_q070/output_LELiB_MDLab.txt,3751,10.1149/1.1344281,Li,ClO4,1.0,"[""PC""]",[1.0],261.8047361,ClO4,0.70,maximin descriptor spread within salt family; exact duplicate simulation inputs excluded,44,2,8,10.1149/1.1344281,[3751],"[""10.1149/1.1344281""]",1.099966124,0.0,1,LiClO4,1.0,mol/l,mol/L,molar,,PC:1.000,-0.0,64.9,2.53,64.9,2.53,0,1,0,0,0,0,0.0,1,1.0,0,0.0,0,0.0,0,0.0,0,0.0,"('Li', 'ClO4', 1.0, '[""PC""]', '[1.0]', 261.8047361)",64
saltClO4_rank08_row3751_q0p75,Li_ClO4_1p0M_PC1p0_T261p8047361_q075,parsed,1.5565,0.3515,Ionic conductivity = 1.5565 ± 0.3515 mS/cm,/scratch/hacortes/ADOBADO/LELi-MDLab/solvents/Q_Optimization/Li_ClO4_1p0M_PC1p0_T261p8047361_q075,/scratch/hacortes/ADOBADO/LELi-MDLab/solvents/Q_Optimization/Li_ClO4_1p0M_PC1p0_T261p8047361_q075/output_LELiB_MDLab.txt,3751,10.1149/1.1344281,Li,ClO4,1.0,"[""PC""]",[1.0],261.8047361,ClO4,0.75,maximin descriptor spread within salt family; exact duplicate simulation inputs excluded,44,2,8,10.1149/1.1344281,[3751],"[""10.1149/1.1344281""]",1.099966124,0.0,1,LiClO4,1.0,mol/l,mol/L,molar,,PC:1.000,-0.0,64.9,2.53,64.9,2.53,0,1,0,0,0,0,0.0,1,1.0,0,0.0,0,0.0,0,0.0,0,0.0,"('Li', 'ClO4', 1.0, '[""PC""]', '[1.0]', 261.8047361)",64
saltClO4_rank08_row3751_q0p80,Li_ClO4_1p0M_PC1p0_T261p8047361_q080,parsed,1.6917,0.2073,Ionic conductivity = 1.6917 ± 0.2073 mS/cm,/scratch/hacortes/ADOBADO/LELi-MDLab/solvents/Q_Optimization/Li_ClO4_1p0M_PC1p0_T261p8047361_q080,/scratch/hacortes/ADOBADO/LELi-MDLab/solvents/Q_Optimization/Li_ClO4_1p0M_PC1p0_T261p8047361_q080/output_LELiB_MDLab.txt,3751,10.1149/1.1344281,Li,ClO4,1.0,"[""PC""]",[1.0],261.8047361,ClO4,0.80,maximin descriptor spread within salt family; exact duplicate simulation inputs excluded,44,2,8,10.1149/1.1344281,[3751],"[""10.1149/1.1344281""]",1.099966124,0.0,1,LiClO4,1.0,mol/l,mol/L,molar,,PC:1.000,-0.0,64.9,2.53,64.9,2.53,0,1,0,0,0,0,0.0,1,1.0,0,0.0,0,0.0,0,0.0,0,0.0,"('Li', 'ClO4', 1.0, '[""PC""]', '[1.0]', 261.8047361)",64
saltClO4_rank08_row3751_q0p85,Li_ClO4_1p0M_PC1p0_T261p8047361_q085,parsed,1.1404,0.3221,Ionic conductivity = 1.1404 ± 0.3221 mS/cm,/scratch/hacortes/ADOBADO/LELi-MDLab/solvents/Q_Optimization/Li_ClO4_1p0M_PC1p0_T261p8047361_q085,/scratch/hacortes/ADOBADO/LELi-MDLab/solvents/Q_Optimization/Li_ClO4_1p0M_PC1p0_T261p8047361_q085/output_LELiB_MDLab.txt,3751,10.1149/1.1344281,Li,ClO4,1.0,"[""PC""]",[1.0],261.8047361,ClO4,0.85,maximin descriptor spread within salt family; exact duplicate simulation inputs excluded,44,2,8,10.1149/1.1344281,[3751],"[""10.1149/1.1344281""]",1.099966124,0.0,1,LiClO4,1.0,mol/l,mol/L,molar,,PC:1.000,-0.0,64.9,2.53,64.9,2.53,0,1,0,0,0,0,0.0,1,1.0,0,0.0,0,0.0,0,0.0,0,0.0,"('Li', 'ClO4', 1.0, '[""PC""]', '[1.0]', 261.8047361)",64
saltClO4_rank08_row3751_q0p90,Li_ClO4_1p0M_PC1p0_T261p8047361_q090,parsed,0.4906,0.0688,Ionic conductivity = 0.4906 ± 0.0688 mS/cm,/scratch/hacortes/ADOBADO/LELi-MDLab/solvents/Q_Optimization/Li_ClO4_1p0M_PC1p0_T261p8047361_q090,/scratch/hacortes/ADOBADO/LELi-MDLab/solvents/Q_Optimization/Li_ClO4_1p0M_PC1p0_T261p8047361_q090/output_LELiB_MDLab.txt,3751,10.1149/1.1344281,Li,ClO4,1.0,"[""PC""]",[1.0],261.8047361,ClO4,0.90,maximin descriptor spread within salt family; exact duplicate simulation inputs excluded,44,2,8,10.1149/1.1344281,[3751],"[""10.1149/1.1344281""]",1.099966124,0.0,1,LiClO4,1.0,mol/l,mol/L,molar,,PC:1.000,-0.0,64.9,2.53,64.9,2.53,0,1,0,0,0,0,0.0,1,1.0,0,0.0,0,0.0,0,0.0,0,0.0,"('Li', 'ClO4', 1.0, '[""PC""]', '[1.0]', 261.8047361)",64
saltClO4_rank09_row3739_q0p70,Li_ClO4_1p0M_PC1p0_T321p2048223_q070,parsed,10.2240,1.9815,Ionic conductivity = 10.2240 ± 1.9815 mS/cm,/scratch/hacortes/ADOBADO/LELi-MDLab/solvents/Q_Optimization/Li_ClO4_1p0M_PC1p0_T321p2048223_q070,/scratch/hacortes/ADOBADO/LELi-MDLab/solvents/Q_Optimization/Li_ClO4_1p0M_PC1p0_T321p2048223_q070/output_LELiB_MDLab.txt,3739,10.1149/1.1344281,Li,ClO4,1.0,"[""PC""]",[1.0],321.2048223,ClO4,0.70,maximin descriptor spread within salt family; exact duplicate simulation inputs excluded,45,2,9,10.1149/1.1344281,[3739],"[""10.1149/1.1344281""]",6.309573445,0.0,1,LiClO4,1.0,mol/l,mol/L,molar,,PC:1.000,-0.0,64.9,2.53,64.9,2.53,0,1,0,0,0,0,0.0,1,1.0,0,0.0,0,0.0,0,0.0,0,0.0,"('Li', 'ClO4', 1.0, '[""PC""]', '[1.0]', 321.2048223)",64
saltClO4_rank09_row3739_q0p75,Li_ClO4_1p0M_PC1p0_T321p2048223_q075,parsed,11.5753,2.1005,Ionic conductivity = 11.5753 ± 2.1005 mS/cm,/scratch/hacortes/ADOBADO/LELi-MDLab/solvents/Q_Optimization/Li_ClO4_1p0M_PC1p0_T321p2048223_q075,/scratch/hacortes/ADOBADO/LELi-MDLab/solvents/Q_Optimization/Li_ClO4_1p0M_PC1p0_T321p2048223_q075/output_LELiB_MDLab.txt,3739,10.1149/1.1344281,Li,ClO4,1.0,"[""PC""]",[1.0],321.2048223,ClO4,0.75,maximin descriptor spread within salt family; exact duplicate simulation inputs excluded,45,2,9,10.1149/1.1344281,[3739],"[""10.1149/1.1344281""]",6.309573445,0.0,1,LiClO4,1.0,mol/l,mol/L,molar,,PC:1.000,-0.0,64.9,2.53,64.9,2.53,0,1,0,0,0,0,0.0,1,1.0,0,0.0,0,0.0,0,0.0,0,0.0,"('Li', 'ClO4', 1.0, '[""PC""]', '[1.0]', 321.2048223)",64
saltClO4_rank09_row3739_q0p80,Li_ClO4_1p0M_PC1p0_T321p2048223_q080,parsed,7.1323,0.8139,Ionic conductivity = 7.1323 ± 0.8139 mS/cm,/scratch/hacortes/ADOBADO/LELi-MDLab/solvents/Q_Optimization/Li_ClO4_1p0M_PC1p0_T321p2048223_q080,/scratch/hacortes/ADOBADO/LELi-MDLab/solvents/Q_Optimization/Li_ClO4_1p0M_PC1p0_T321p2048223_q080/output_LELiB_MDLab.txt,3739,10.1149/1.1344281,Li,ClO4,1.0,"[""PC""]",[1.0],321.2048223,ClO4,0.80,maximin descriptor spread within salt family; exact duplicate simulation inputs excluded,45,2,9,10.1149/1.1344281,[3739],"[""10.1149/1.1344281""]",6.309573445,0.0,1,LiClO4,1.0,mol/l,mol/L,molar,,PC:1.000,-0.0,64.9,2.53,64.9,2.53,0,1,0,0,0,0,0.0,1,1.0,0,0.0,0,0.0,0,0.0,0,0.0,"('Li', 'ClO4', 1.0, '[""PC""]', '[1.0]', 321.2048223)",64
saltClO4_rank09_row3739_q0p85,Li_ClO4_1p0M_PC1p0_T321p2048223_q085,parsed,5.7855,1.7710,Ionic conductivity = 5.7855 ± 1.7710 mS/cm,/scratch/hacortes/ADOBADO/LELi-MDLab/solvents/Q_Optimization/Li_ClO4_1p0M_PC1p0_T321p2048223_q085,/scratch/hacortes/ADOBADO/LELi-MDLab/solvents/Q_Optimization/Li_ClO4_1p0M_PC1p0_T321p2048223_q085/output_LELiB_MDLab.txt,3739,10.1149/1.1344281,Li,ClO4,1.0,"[""PC""]",[1.0],321.2048223,ClO4,0.85,maximin descriptor spread within salt family; exact duplicate simulation inputs excluded,45,2,9,10.1149/1.1344281,[3739],"[""10.1149/1.1344281""]",6.309573445,0.0,1,LiClO4,1.0,mol/l,mol/L,molar,,PC:1.000,-0.0,64.9,2.53,64.9,2.53,0,1,0,0,0,0,0.0,1,1.0,0,0.0,0,0.0,0,0.0,0,0.0,"('Li', 'ClO4', 1.0, '[""PC""]', '[1.0]', 321.2048223)",64
saltClO4_rank09_row3739_q0p90,Li_ClO4_1p0M_PC1p0_T321p2048223_q090,parsed,3.1563,0.5554,Ionic conductivity = 3.1563 ± 0.5554 mS/cm,/scratch/hacortes/ADOBADO/LELi-MDLab/solvents/Q_Optimization/Li_ClO4_1p0M_PC1p0_T321p2048223_q090,/scratch/hacortes/ADOBADO/LELi-MDLab/solvents/Q_Optimization/Li_ClO4_1p0M_PC1p0_T321p2048223_q090/output_LELiB_MDLab.txt,3739,10.1149/1.1344281,Li,ClO4,1.0,"[""PC""]",[1.0],321.2048223,ClO4,0.90,maximin descriptor spread within salt family; exact duplicate simulation inputs excluded,45,2,9,10.1149/1.1344281,[3739],"[""10.1149/1.1344281""]",6.309573445,0.0,1,LiClO4,1.0,mol/l,mol/L,molar,,PC:1.000,-0.0,64.9,2.53,64.9,2.53,0,1,0,0,0,0,0.0,1,1.0,0,0.0,0,0.0,0,0.0,0,0.0,"('Li', 'ClO4', 1.0, '[""PC""]', '[1.0]', 321.2048223)",64
saltTFSI_rank01_row224_q0p70,Li_TFSI_1p0M_EC0p5DMC0p5_T292p1342406_q070,parsed,7.6368,1.7749,Ionic conductivity = 7.6368 ± 1.7749 mS/cm,/scratch/hacortes/ADOBADO/LELi-MDLab/solvents/Q_Optimization/Li_TFSI_1p0M_EC0p5DMC0p5_T292p1342406_q070,/scratch/hacortes/ADOBADO/LELi-MDLab/solvents/Q_Optimization/Li_TFSI_1p0M_EC0p5DMC0p5_T292p1342406_q070/output_LELiB_MDLab.txt,224,10.1016/j.jpowsour.2011.07.071,Li,TFSI,1.0,"[""EC"",""DMC""]","[0.5,0.5]",292.1342406,TFSI,0.70,"salt-family centroid representative selected from salt_conc, temperature, weighted_permittivity, weighted_viscosity_mPa_s_25C, solvent_entropy, salt_conc_x_weighted_permittivity, salt_conc_x_weighted_viscosity, frac_EC, frac_PC, frac_DME, frac_DMC, frac_DEC, frac_EMC, conductivity descriptor space",46,3,1,10.1016/j.jpowsour.2011.07.071,[224],"[""10.1016/j.jpowsour.2011.07.071""]",7.696412001,0.0,1,LiTFSI,1.0,mol/l,mol/L,molar,,EC:0.500+DMC:0.500,0.6931471805599453,46.05,1.2449999999999999,46.05,1.2449999999999999,0,0,1,0,0,1,0.5,0,0.0,0,0.0,1,0.5,0,0.0,0,0.0,"('Li', 'TFSI', 1.0, '[""EC"",""DMC""]', '[0.5,0.5]', 292.1342406)",127
saltTFSI_rank01_row224_q0p75,Li_TFSI_1p0M_EC0p5DMC0p5_T292p1342406_q075,parsed,7.8057,1.4357,Ionic conductivity = 7.8057 ± 1.4357 mS/cm,/scratch/hacortes/ADOBADO/LELi-MDLab/solvents/Q_Optimization/Li_TFSI_1p0M_EC0p5DMC0p5_T292p1342406_q075,/scratch/hacortes/ADOBADO/LELi-MDLab/solvents/Q_Optimization/Li_TFSI_1p0M_EC0p5DMC0p5_T292p1342406_q075/output_LELiB_MDLab.txt,224,10.1016/j.jpowsour.2011.07.071,Li,TFSI,1.0,"[""EC"",""DMC""]","[0.5,0.5]",292.1342406,TFSI,0.75,"salt-family centroid representative selected from salt_conc, temperature, weighted_permittivity, weighted_viscosity_mPa_s_25C, solvent_entropy, salt_conc_x_weighted_permittivity, salt_conc_x_weighted_viscosity, frac_EC, frac_PC, frac_DME, frac_DMC, frac_DEC, frac_EMC, conductivity descriptor space",46,3,1,10.1016/j.jpowsour.2011.07.071,[224],"[""10.1016/j.jpowsour.2011.07.071""]",7.696412001,0.0,1,LiTFSI,1.0,mol/l,mol/L,molar,,EC:0.500+DMC:0.500,0.6931471805599453,46.05,1.2449999999999999,46.05,1.2449999999999999,0,0,1,0,0,1,0.5,0,0.0,0,0.0,1,0.5,0,0.0,0,0.0,"('Li', 'TFSI', 1.0, '[""EC"",""DMC""]', '[0.5,0.5]', 292.1342406)",127
saltTFSI_rank01_row224_q0p80,Li_TFSI_1p0M_EC0p5DMC0p5_T292p1342406_q080,parsed,7.5838,1.8324,Ionic conductivity = 7.5838 ± 1.8324 mS/cm,/scratch/hacortes/ADOBADO/LELi-MDLab/solvents/Q_Optimization/Li_TFSI_1p0M_EC0p5DMC0p5_T292p1342406_q080,/scratch/hacortes/ADOBADO/LELi-MDLab/solvents/Q_Optimization/Li_TFSI_1p0M_EC0p5DMC0p5_T292p1342406_q080/output_LELiB_MDLab.txt,224,10.1016/j.jpowsour.2011.07.071,Li,TFSI,1.0,"[""EC"",""DMC""]","[0.5,0.5]",292.1342406,TFSI,0.80,"salt-family centroid representative selected from salt_conc, temperature, weighted_permittivity, weighted_viscosity_mPa_s_25C, solvent_entropy, salt_conc_x_weighted_permittivity, salt_conc_x_weighted_viscosity, frac_EC, frac_PC, frac_DME, frac_DMC, frac_DEC, frac_EMC, conductivity descriptor space",46,3,1,10.1016/j.jpowsour.2011.07.071,[224],"[""10.1016/j.jpowsour.2011.07.071""]",7.696412001,0.0,1,LiTFSI,1.0,mol/l,mol/L,molar,,EC:0.500+DMC:0.500,0.6931471805599453,46.05,1.2449999999999999,46.05,1.2449999999999999,0,0,1,0,0,1,0.5,0,0.0,0,0.0,1,0.5,0,0.0,0,0.0,"('Li', 'TFSI', 1.0, '[""EC"",""DMC""]', '[0.5,0.5]', 292.1342406)",127
saltTFSI_rank01_row224_q0p85,Li_TFSI_1p0M_EC0p5DMC0p5_T292p1342406_q085,parsed,4.9935,0.6128,Ionic conductivity = 4.9935 ± 0.6128 mS/cm,/scratch/hacortes/ADOBADO/LELi-MDLab/solvents/Q_Optimization/Li_TFSI_1p0M_EC0p5DMC0p5_T292p1342406_q085,/scratch/hacortes/ADOBADO/LELi-MDLab/solvents/Q_Optimization/Li_TFSI_1p0M_EC0p5DMC0p5_T292p1342406_q085/output_LELiB_MDLab.txt,224,10.1016/j.jpowsour.2011.07.071,Li,TFSI,1.0,"[""EC"",""DMC""]","[0.5,0.5]",292.1342406,TFSI,0.85,"salt-family centroid representative selected from salt_conc, temperature, weighted_permittivity, weighted_viscosity_mPa_s_25C, solvent_entropy, salt_conc_x_weighted_permittivity, salt_conc_x_weighted_viscosity, frac_EC, frac_PC, frac_DME, frac_DMC, frac_DEC, frac_EMC, conductivity descriptor space",46,3,1,10.1016/j.jpowsour.2011.07.071,[224],"[""10.1016/j.jpowsour.2011.07.071""]",7.696412001,0.0,1,LiTFSI,1.0,mol/l,mol/L,molar,,EC:0.500+DMC:0.500,0.6931471805599453,46.05,1.2449999999999999,46.05,1.2449999999999999,0,0,1,0,0,1,0.5,0,0.0,0,0.0,1,0.5,0,0.0,0,0.0,"('Li', 'TFSI', 1.0, '[""EC"",""DMC""]', '[0.5,0.5]', 292.1342406)",127
saltTFSI_rank01_row224_q0p90,Li_TFSI_1p0M_EC0p5DMC0p5_T292p1342406_q090,parsed,4.2575,1.1752,Ionic conductivity = 4.2575 ± 1.1752 mS/cm,/scratch/hacortes/ADOBADO/LELi-MDLab/solvents/Q_Optimization/Li_TFSI_1p0M_EC0p5DMC0p5_T292p1342406_q090,/scratch/hacortes/ADOBADO/LELi-MDLab/solvents/Q_Optimization/Li_TFSI_1p0M_EC0p5DMC0p5_T292p1342406_q090/output_LELiB_MDLab.txt,224,10.1016/j.jpowsour.2011.07.071,Li,TFSI,1.0,"[""EC"",""DMC""]","[0.5,0.5]",292.1342406,TFSI,0.90,"salt-family centroid representative selected from salt_conc, temperature, weighted_permittivity, weighted_viscosity_mPa_s_25C, solvent_entropy, salt_conc_x_weighted_permittivity, salt_conc_x_weighted_viscosity, frac_EC, frac_PC, frac_DME, frac_DMC, frac_DEC, frac_EMC, conductivity descriptor space",46,3,1,10.1016/j.jpowsour.2011.07.071,[224],"[""10.1016/j.jpowsour.2011.07.071""]",7.696412001,0.0,1,LiTFSI,1.0,mol/l,mol/L,molar,,EC:0.500+DMC:0.500,0.6931471805599453,46.05,1.2449999999999999,46.05,1.2449999999999999,0,0,1,0,0,1,0.5,0,0.0,0,0.0,1,0.5,0,0.0,0,0.0,"('Li', 'TFSI', 1.0, '[""EC"",""DMC""]', '[0.5,0.5]', 292.1342406)",127
saltTFSI_rank02_row3838_q0p70,Li_TFSI_0p5M_DME1p0_T211p8374067_q070,parsed,4.5888,0.8189,Ionic conductivity = 4.5888 ± 0.8189 mS/cm,/scratch/hacortes/ADOBADO/LELi-MDLab/solvents/Q_Optimization/Li_TFSI_0p5M_DME1p0_T211p8374067_q070,/scratch/hacortes/ADOBADO/LELi-MDLab/solvents/Q_Optimization/Li_TFSI_0p5M_DME1p0_T211p8374067_q070/output_LELiB_MDLab.txt,3838,10.1149/1.1344281,Li,TFSI,0.5,"[""DME""]",[1.0],211.8374067,TFSI,0.70,maximin descriptor spread within salt family; exact duplicate simulation inputs excluded,47,3,2,10.1149/1.1344281,[3838],"[""10.1149/1.1344281""]",2.271713669,0.0,1,LiTFSI,0.5,mol/l,mol/L,molar,,DME:1.000,-0.0,7.2,0.39,3.6,0.195,0,0,1,0,0,0,0.0,0,0.0,1,1.0,0,0.0,0,0.0,0,0.0,"('Li', 'TFSI', 0.5, '[""DME""]', '[1.0]', 211.8374067)",127
saltTFSI_rank02_row3838_q0p75,Li_TFSI_0p5M_DME1p0_T211p8374067_q075,parsed,5.7613,0.6440,Ionic conductivity = 5.7613 ± 0.6440 mS/cm,/scratch/hacortes/ADOBADO/LELi-MDLab/solvents/Q_Optimization/Li_TFSI_0p5M_DME1p0_T211p8374067_q075,/scratch/hacortes/ADOBADO/LELi-MDLab/solvents/Q_Optimization/Li_TFSI_0p5M_DME1p0_T211p8374067_q075/output_LELiB_MDLab.txt,3838,10.1149/1.1344281,Li,TFSI,0.5,"[""DME""]",[1.0],211.8374067,TFSI,0.75,maximin descriptor spread within salt family; exact duplicate simulation inputs excluded,47,3,2,10.1149/1.1344281,[3838],"[""10.1149/1.1344281""]",2.271713669,0.0,1,LiTFSI,0.5,mol/l,mol/L,molar,,DME:1.000,-0.0,7.2,0.39,3.6,0.195,0,0,1,0,0,0,0.0,0,0.0,1,1.0,0,0.0,0,0.0,0,0.0,"('Li', 'TFSI', 0.5, '[""DME""]', '[1.0]', 211.8374067)",127
saltTFSI_rank02_row3838_q0p80,Li_TFSI_0p5M_DME1p0_T211p8374067_q080,parsed,5.5253,1.0714,Ionic conductivity = 5.5253 ± 1.0714 mS/cm,/scratch/hacortes/ADOBADO/LELi-MDLab/solvents/Q_Optimization/Li_TFSI_0p5M_DME1p0_T211p8374067_q080,/scratch/hacortes/ADOBADO/LELi-MDLab/solvents/Q_Optimization/Li_TFSI_0p5M_DME1p0_T211p8374067_q080/output_LELiB_MDLab.txt,3838,10.1149/1.1344281,Li,TFSI,0.5,"[""DME""]",[1.0],211.8374067,TFSI,0.80,maximin descriptor spread within salt family; exact duplicate simulation inputs excluded,47,3,2,10.1149/1.1344281,[3838],"[""10.1149/1.1344281""]",2.271713669,0.0,1,LiTFSI,0.5,mol/l,mol/L,molar,,DME:1.000,-0.0,7.2,0.39,3.6,0.195,0,0,1,0,0,0,0.0,0,0.0,1,1.0,0,0.0,0,0.0,0,0.0,"('Li', 'TFSI', 0.5, '[""DME""]', '[1.0]', 211.8374067)",127
saltTFSI_rank02_row3838_q0p85,Li_TFSI_0p5M_DME1p0_T211p8374067_q085,parsed,4.6920,1.4789,Ionic conductivity = 4.6920 ± 1.4789 mS/cm,/scratch/hacortes/ADOBADO/LELi-MDLab/solvents/Q_Optimization/Li_TFSI_0p5M_DME1p0_T211p8374067_q085,/scratch/hacortes/ADOBADO/LELi-MDLab/solvents/Q_Optimization/Li_TFSI_0p5M_DME1p0_T211p8374067_q085/output_LELiB_MDLab.txt,3838,10.1149/1.1344281,Li,TFSI,0.5,"[""DME""]",[1.0],211.8374067,TFSI,0.85,maximin descriptor spread within salt family; exact duplicate simulation inputs excluded,47,3,2,10.1149/1.1344281,[3838],"[""10.1149/1.1344281""]",2.271713669,0.0,1,LiTFSI,0.5,mol/l,mol/L,molar,,DME:1.000,-0.0,7.2,0.39,3.6,0.195,0,0,1,0,0,0,0.0,0,0.0,1,1.0,0,0.0,0,0.0,0,0.0,"('Li', 'TFSI', 0.5, '[""DME""]', '[1.0]', 211.8374067)",127
saltTFSI_rank02_row3838_q0p90,Li_TFSI_0p5M_DME1p0_T211p8374067_q090,parsed,3.1474,1.1283,Ionic conductivity = 3.1474 ± 1.1283 mS/cm,/scratch/hacortes/ADOBADO/LELi-MDLab/solvents/Q_Optimization/Li_TFSI_0p5M_DME1p0_T211p8374067_q090,/scratch/hacortes/ADOBADO/LELi-MDLab/solvents/Q_Optimization/Li_TFSI_0p5M_DME1p0_T211p8374067_q090/output_LELiB_MDLab.txt,3838,10.1149/1.1344281,Li,TFSI,0.5,"[""DME""]",[1.0],211.8374067,TFSI,0.90,maximin descriptor spread within salt family; exact duplicate simulation inputs excluded,47,3,2,10.1149/1.1344281,[3838],"[""10.1149/1.1344281""]",2.271713669,0.0,1,LiTFSI,0.5,mol/l,mol/L,molar,,DME:1.000,-0.0,7.2,0.39,3.6,0.195,0,0,1,0,0,0,0.0,0,0.0,1,1.0,0,0.0,0,0.0,0,0.0,"('Li', 'TFSI', 0.5, '[""DME""]', '[1.0]', 211.8374067)",127
saltTFSI_rank03_row3593_q0p70,Li_TFSI_1p0M_PC1p0_T375p3490984_q070,parsed,15.7524,5.8573,Ionic conductivity = 15.7524 ± 5.8573 mS/cm,/scratch/hacortes/ADOBADO/LELi-MDLab/solvents/Q_Optimization/Li_TFSI_1p0M_PC1p0_T375p3490984_q070,/scratch/hacortes/ADOBADO/LELi-MDLab/solvents/Q_Optimization/Li_TFSI_1p0M_PC1p0_T375p3490984_q070/output_LELiB_MDLab.txt,3593,10.1149/1.1344281,Li,TFSI,1.0,"[""PC""]",[1.0],375.3490984,TFSI,0.70,maximin descriptor spread within salt family; exact duplicate simulation inputs excluded,48,3,3,10.1149/1.1344281,[3593],"[""10.1149/1.1344281""]",16.88831057,0.0,1,LiTFSI,1.0,mol/l,mol/L,molar,,PC:1.000,-0.0,64.9,2.53,64.9,2.53,0,0,1,0,0,0,0.0,1,1.0,0,0.0,0,0.0,0,0.0,0,0.0,"('Li', 'TFSI', 1.0, '[""PC""]', '[1.0]', 375.3490984)",127
saltTFSI_rank03_row3593_q0p75,Li_TFSI_1p0M_PC1p0_T375p3490984_q075,parsed,18.5263,3.2504,Ionic conductivity = 18.5263 ± 3.2504 mS/cm,/scratch/hacortes/ADOBADO/LELi-MDLab/solvents/Q_Optimization/Li_TFSI_1p0M_PC1p0_T375p3490984_q075,/scratch/hacortes/ADOBADO/LELi-MDLab/solvents/Q_Optimization/Li_TFSI_1p0M_PC1p0_T375p3490984_q075/output_LELiB_MDLab.txt,3593,10.1149/1.1344281,Li,TFSI,1.0,"[""PC""]",[1.0],375.3490984,TFSI,0.75,maximin descriptor spread within salt family; exact duplicate simulation inputs excluded,48,3,3,10.1149/1.1344281,[3593],"[""10.1149/1.1344281""]",16.88831057,0.0,1,LiTFSI,1.0,mol/l,mol/L,molar,,PC:1.000,-0.0,64.9,2.53,64.9,2.53,0,0,1,0,0,0,0.0,1,1.0,0,0.0,0,0.0,0,0.0,0,0.0,"('Li', 'TFSI', 1.0, '[""PC""]', '[1.0]', 375.3490984)",127
saltTFSI_rank03_row3593_q0p80,Li_TFSI_1p0M_PC1p0_T375p3490984_q080,parsed,15.5069,2.9619,Ionic conductivity = 15.5069 ± 2.9619 mS/cm,/scratch/hacortes/ADOBADO/LELi-MDLab/solvents/Q_Optimization/Li_TFSI_1p0M_PC1p0_T375p3490984_q080,/scratch/hacortes/ADOBADO/LELi-MDLab/solvents/Q_Optimization/Li_TFSI_1p0M_PC1p0_T375p3490984_q080/output_LELiB_MDLab.txt,3593,10.1149/1.1344281,Li,TFSI,1.0,"[""PC""]",[1.0],375.3490984,TFSI,0.80,maximin descriptor spread within salt family; exact duplicate simulation inputs excluded,48,3,3,10.1149/1.1344281,[3593],"[""10.1149/1.1344281""]",16.88831057,0.0,1,LiTFSI,1.0,mol/l,mol/L,molar,,PC:1.000,-0.0,64.9,2.53,64.9,2.53,0,0,1,0,0,0,0.0,1,1.0,0,0.0,0,0.0,0,0.0,0,0.0,"('Li', 'TFSI', 1.0, '[""PC""]', '[1.0]', 375.3490984)",127
saltTFSI_rank03_row3593_q0p85,Li_TFSI_1p0M_PC1p0_T375p3490984_q085,parsed,15.2930,5.5898,Ionic conductivity = 15.2930 ± 5.5898 mS/cm,/scratch/hacortes/ADOBADO/LELi-MDLab/solvents/Q_Optimization/Li_TFSI_1p0M_PC1p0_T375p3490984_q085,/scratch/hacortes/ADOBADO/LELi-MDLab/solvents/Q_Optimization/Li_TFSI_1p0M_PC1p0_T375p3490984_q085/output_LELiB_MDLab.txt,3593,10.1149/1.1344281,Li,TFSI,1.0,"[""PC""]",[1.0],375.3490984,TFSI,0.85,maximin descriptor spread within salt family; exact duplicate simulation inputs excluded,48,3,3,10.1149/1.1344281,[3593],"[""10.1149/1.1344281""]",16.88831057,0.0,1,LiTFSI,1.0,mol/l,mol/L,molar,,PC:1.000,-0.0,64.9,2.53,64.9,2.53,0,0,1,0,0,0,0.0,1,1.0,0,0.0,0,0.0,0,0.0,0,0.0,"('Li', 'TFSI', 1.0, '[""PC""]', '[1.0]', 375.3490984)",127
saltTFSI_rank03_row3593_q0p90,Li_TFSI_1p0M_PC1p0_T375p3490984_q090,parsed,12.7515,3.0748,Ionic conductivity = 12.7515 ± 3.0748 mS/cm,/scratch/hacortes/ADOBADO/LELi-MDLab/solvents/Q_Optimization/Li_TFSI_1p0M_PC1p0_T375p3490984_q090,/scratch/hacortes/ADOBADO/LELi-MDLab/solvents/Q_Optimization/Li_TFSI_1p0M_PC1p0_T375p3490984_q090/output_LELiB_MDLab.txt,3593,10.1149/1.1344281,Li,TFSI,1.0,"[""PC""]",[1.0],375.3490984,TFSI,0.90,maximin descriptor spread within salt family; exact duplicate simulation inputs excluded,48,3,3,10.1149/1.1344281,[3593],"[""10.1149/1.1344281""]",16.88831057,0.0,1,LiTFSI,1.0,mol/l,mol/L,molar,,PC:1.000,-0.0,64.9,2.53,64.9,2.53,0,0,1,0,0,0,0.0,1,1.0,0,0.0,0,0.0,0,0.0,0,0.0,"('Li', 'TFSI', 1.0, '[""PC""]', '[1.0]', 375.3490984)",127
saltTFSI_rank04_row3625_q0p70,Li_TFSI_1p0M_PC1p0_T217p6928575_q070,parsed,0.0829,0.0401,Ionic conductivity = 0.0829 ± 0.0401 mS/cm,/scratch/hacortes/ADOBADO/LELi-MDLab/solvents/Q_Optimization/Li_TFSI_1p0M_PC1p0_T217p6928575_q070,/scratch/hacortes/ADOBADO/LELi-MDLab/solvents/Q_Optimization/Li_TFSI_1p0M_PC1p0_T217p6928575_q070/output_LELiB_MDLab.txt,3625,10.1149/1.1344281,Li,TFSI,1.0,"[""PC""]",[1.0],217.6928575,TFSI,0.70,maximin descriptor spread within salt family; exact duplicate simulation inputs excluded,49,3,4,10.1149/1.1344281,[3625],"[""10.1149/1.1344281""]",0.018873918,0.0,1,LiTFSI,1.0,mol/l,mol/L,molar,,PC:1.000,-0.0,64.9,2.53,64.9,2.53,0,0,1,0,0,0,0.0,1,1.0,0,0.0,0,0.0,0,0.0,0,0.0,"('Li', 'TFSI', 1.0, '[""PC""]', '[1.0]', 217.6928575)",127
saltTFSI_rank04_row3625_q0p75,Li_TFSI_1p0M_PC1p0_T217p6928575_q075,parsed,0.0549,0.0242,Ionic conductivity = 0.0549 ± 0.0242 mS/cm,/scratch/hacortes/ADOBADO/LELi-MDLab/solvents/Q_Optimization/Li_TFSI_1p0M_PC1p0_T217p6928575_q075,/scratch/hacortes/ADOBADO/LELi-MDLab/solvents/Q_Optimization/Li_TFSI_1p0M_PC1p0_T217p6928575_q075/output_LELiB_MDLab.txt,3625,10.1149/1.1344281,Li,TFSI,1.0,"[""PC""]",[1.0],217.6928575,TFSI,0.75,maximin descriptor spread within salt family; exact duplicate simulation inputs excluded,49,3,4,10.1149/1.1344281,[3625],"[""10.1149/1.1344281""]",0.018873918,0.0,1,LiTFSI,1.0,mol/l,mol/L,molar,,PC:1.000,-0.0,64.9,2.53,64.9,2.53,0,0,1,0,0,0,0.0,1,1.0,0,0.0,0,0.0,0,0.0,0,0.0,"('Li', 'TFSI', 1.0, '[""PC""]', '[1.0]', 217.6928575)",127
saltTFSI_rank04_row3625_q0p80,Li_TFSI_1p0M_PC1p0_T217p6928575_q080,parsed,0.0633,0.0235,Ionic conductivity = 0.0633 ± 0.0235 mS/cm,/scratch/hacortes/ADOBADO/LELi-MDLab/solvents/Q_Optimization/Li_TFSI_1p0M_PC1p0_T217p6928575_q080,/scratch/hacortes/ADOBADO/LELi-MDLab/solvents/Q_Optimization/Li_TFSI_1p0M_PC1p0_T217p6928575_q080/output_LELiB_MDLab.txt,3625,10.1149/1.1344281,Li,TFSI,1.0,"[""PC""]",[1.0],217.6928575,TFSI,0.80,maximin descriptor spread within salt family; exact duplicate simulation inputs excluded,49,3,4,10.1149/1.1344281,[3625],"[""10.1149/1.1344281""]",0.018873918,0.0,1,LiTFSI,1.0,mol/l,mol/L,molar,,PC:1.000,-0.0,64.9,2.53,64.9,2.53,0,0,1,0,0,0,0.0,1,1.0,0,0.0,0,0.0,0,0.0,0,0.0,"('Li', 'TFSI', 1.0, '[""PC""]', '[1.0]', 217.6928575)",127
saltTFSI_rank04_row3625_q0p85,Li_TFSI_1p0M_PC1p0_T217p6928575_q085,parsed,0.0440,0.0224,Ionic conductivity = 0.0440 ± 0.0224 mS/cm,/scratch/hacortes/ADOBADO/LELi-MDLab/solvents/Q_Optimization/Li_TFSI_1p0M_PC1p0_T217p6928575_q085,/scratch/hacortes/ADOBADO/LELi-MDLab/solvents/Q_Optimization/Li_TFSI_1p0M_PC1p0_T217p6928575_q085/output_LELiB_MDLab.txt,3625,10.1149/1.1344281,Li,TFSI,1.0,"[""PC""]",[1.0],217.6928575,TFSI,0.85,maximin descriptor spread within salt family; exact duplicate simulation inputs excluded,49,3,4,10.1149/1.1344281,[3625],"[""10.1149/1.1344281""]",0.018873918,0.0,1,LiTFSI,1.0,mol/l,mol/L,molar,,PC:1.000,-0.0,64.9,2.53,64.9,2.53,0,0,1,0,0,0,0.0,1,1.0,0,0.0,0,0.0,0,0.0,0,0.0,"('Li', 'TFSI', 1.0, '[""PC""]', '[1.0]', 217.6928575)",127
saltTFSI_rank04_row3625_q0p90,Li_TFSI_1p0M_PC1p0_T217p6928575_q090,parsed,0.0541,0.0264,Ionic conductivity = 0.0541 ± 0.0264 mS/cm,/scratch/hacortes/ADOBADO/LELi-MDLab/solvents/Q_Optimization/Li_TFSI_1p0M_PC1p0_T217p6928575_q090,/scratch/hacortes/ADOBADO/LELi-MDLab/solvents/Q_Optimization/Li_TFSI_1p0M_PC1p0_T217p6928575_q090/output_LELiB_MDLab.txt,3625,10.1149/1.1344281,Li,TFSI,1.0,"[""PC""]",[1.0],217.6928575,TFSI,0.90,maximin descriptor spread within salt family; exact duplicate simulation inputs excluded,49,3,4,10.1149/1.1344281,[3625],"[""10.1149/1.1344281""]",0.018873918,0.0,1,LiTFSI,1.0,mol/l,mol/L,molar,,PC:1.000,-0.0,64.9,2.53,64.9,2.53,0,0,1,0,0,0,0.0,1,1.0,0,0.0,0,0.0,0,0.0,0,0.0,"('Li', 'TFSI', 1.0, '[""PC""]', '[1.0]', 217.6928575)",127
saltTFSI_rank05_row129_q0p70,Li_TFSI_1p0M_DMC1p0_T298p0_q070,parsed,7.1493,1.2399,Ionic conductivity = 7.1493 ± 1.2399 mS/cm,/scratch/hacortes/ADOBADO/LELi-MDLab/solvents/Q_Optimization/Li_TFSI_1p0M_DMC1p0_T298p0_q070,/scratch/hacortes/ADOBADO/LELi-MDLab/solvents/Q_Optimization/Li_TFSI_1p0M_DMC1p0_T298p0_q070/output_LELiB_MDLab.txt,129,10.1016/j.jpowsour.2011.07.071,Li,TFSI,1.0,"[""DMC""]",[1.0],298.0,TFSI,0.70,maximin descriptor spread within salt family; exact duplicate simulation inputs excluded,50,3,5,10.1016/j.jpowsour.2011.07.071,[129],"[""10.1016/j.jpowsour.2011.07.071""]",6.993333333,0.0,1,LiTFSI,1.0,mol/l,mol/L,weight,,DMC:1.000,-0.0,3.1,0.59,3.1,0.59,0,0,1,0,0,0,0.0,0,0.0,0,0.0,1,1.0,0,0.0,0,0.0,"('Li', 'TFSI', 1.0, '[""DMC""]', '[1.0]', 298.0)",127
saltTFSI_rank05_row129_q0p75,Li_TFSI_1p0M_DMC1p0_T298p0_q075,parsed,6.6608,0.9523,Ionic conductivity = 6.6608 ± 0.9523 mS/cm,/scratch/hacortes/ADOBADO/LELi-MDLab/solvents/Q_Optimization/Li_TFSI_1p0M_DMC1p0_T298p0_q075,/scratch/hacortes/ADOBADO/LELi-MDLab/solvents/Q_Optimization/Li_TFSI_1p0M_DMC1p0_T298p0_q075/output_LELiB_MDLab.txt,129,10.1016/j.jpowsour.2011.07.071,Li,TFSI,1.0,"[""DMC""]",[1.0],298.0,TFSI,0.75,maximin descriptor spread within salt family; exact duplicate simulation inputs excluded,50,3,5,10.1016/j.jpowsour.2011.07.071,[129],"[""10.1016/j.jpowsour.2011.07.071""]",6.993333333,0.0,1,LiTFSI,1.0,mol/l,mol/L,weight,,DMC:1.000,-0.0,3.1,0.59,3.1,0.59,0,0,1,0,0,0,0.0,0,0.0,0,0.0,1,1.0,0,0.0,0,0.0,"('Li', 'TFSI', 1.0, '[""DMC""]', '[1.0]', 298.0)",127
saltTFSI_rank05_row129_q0p80,Li_TFSI_1p0M_DMC1p0_T298p0_q080,parsed,4.9500,1.5583,Ionic conductivity = 4.9500 ± 1.5583 mS/cm,/scratch/hacortes/ADOBADO/LELi-MDLab/solvents/Q_Optimization/Li_TFSI_1p0M_DMC1p0_T298p0_q080,/scratch/hacortes/ADOBADO/LELi-MDLab/solvents/Q_Optimization/Li_TFSI_1p0M_DMC1p0_T298p0_q080/output_LELiB_MDLab.txt,129,10.1016/j.jpowsour.2011.07.071,Li,TFSI,1.0,"[""DMC""]",[1.0],298.0,TFSI,0.80,maximin descriptor spread within salt family; exact duplicate simulation inputs excluded,50,3,5,10.1016/j.jpowsour.2011.07.071,[129],"[""10.1016/j.jpowsour.2011.07.071""]",6.993333333,0.0,1,LiTFSI,1.0,mol/l,mol/L,weight,,DMC:1.000,-0.0,3.1,0.59,3.1,0.59,0,0,1,0,0,0,0.0,0,0.0,0,0.0,1,1.0,0,0.0,0,0.0,"('Li', 'TFSI', 1.0, '[""DMC""]', '[1.0]', 298.0)",127
saltTFSI_rank05_row129_q0p85,Li_TFSI_1p0M_DMC1p0_T298p0_q085,parsed,2.6121,0.6512,Ionic conductivity = 2.6121 ± 0.6512 mS/cm,/scratch/hacortes/ADOBADO/LELi-MDLab/solvents/Q_Optimization/Li_TFSI_1p0M_DMC1p0_T298p0_q085,/scratch/hacortes/ADOBADO/LELi-MDLab/solvents/Q_Optimization/Li_TFSI_1p0M_DMC1p0_T298p0_q085/output_LELiB_MDLab.txt,129,10.1016/j.jpowsour.2011.07.071,Li,TFSI,1.0,"[""DMC""]",[1.0],298.0,TFSI,0.85,maximin descriptor spread within salt family; exact duplicate simulation inputs excluded,50,3,5,10.1016/j.jpowsour.2011.07.071,[129],"[""10.1016/j.jpowsour.2011.07.071""]",6.993333333,0.0,1,LiTFSI,1.0,mol/l,mol/L,weight,,DMC:1.000,-0.0,3.1,0.59,3.1,0.59,0,0,1,0,0,0,0.0,0,0.0,0,0.0,1,1.0,0,0.0,0,0.0,"('Li', 'TFSI', 1.0, '[""DMC""]', '[1.0]', 298.0)",127
saltTFSI_rank05_row129_q0p90,Li_TFSI_1p0M_DMC1p0_T298p0_q090,parsed,2.0188,0.5798,Ionic conductivity = 2.0188 ± 0.5798 mS/cm,/scratch/hacortes/ADOBADO/LELi-MDLab/solvents/Q_Optimization/Li_TFSI_1p0M_DMC1p0_T298p0_q090,/scratch/hacortes/ADOBADO/LELi-MDLab/solvents/Q_Optimization/Li_TFSI_1p0M_DMC1p0_T298p0_q090/output_LELiB_MDLab.txt,129,10.1016/j.jpowsour.2011.07.071,Li,TFSI,1.0,"[""DMC""]",[1.0],298.0,TFSI,0.90,maximin descriptor spread within salt family; exact duplicate simulation inputs excluded,50,3,5,10.1016/j.jpowsour.2011.07.071,[129],"[""10.1016/j.jpowsour.2011.07.071""]",6.993333333,0.0,1,LiTFSI,1.0,mol/l,mol/L,weight,,DMC:1.000,-0.0,3.1,0.59,3.1,0.59,0,0,1,0,0,0,0.0,0,0.0,0,0.0,1,1.0,0,0.0,0,0.0,"('Li', 'TFSI', 1.0, '[""DMC""]', '[1.0]', 298.0)",127
saltTFSI_rank06_row128_q0p70,Li_TFSI_1p0M_EC1p0_T298p0_q070,parsed,6.7415,1.1231,Ionic conductivity = 6.7415 ± 1.1231 mS/cm,/scratch/hacortes/ADOBADO/LELi-MDLab/solvents/Q_Optimization/Li_TFSI_1p0M_EC1p0_T298p0_q070,/scratch/hacortes/ADOBADO/LELi-MDLab/solvents/Q_Optimization/Li_TFSI_1p0M_EC1p0_T298p0_q070/output_LELiB_MDLab.txt,128,10.1016/j.jpowsour.2011.07.071,Li,TFSI,1.0,"[""EC""]",[1.0],298.0,TFSI,0.70,maximin descriptor spread within salt family; exact duplicate simulation inputs excluded,51,3,6,10.1016/j.jpowsour.2011.07.071,[128],"[""10.1016/j.jpowsour.2011.07.071""]",7.906666667,0.0,1,LiTFSI,1.0,mol/l,mol/L,weight,,EC:1.000,-0.0,89.0,1.9,89.0,1.9,0,0,1,0,0,1,1.0,0,0.0,0,0.0,0,0.0,0,0.0,0,0.0,"('Li', 'TFSI', 1.0, '[""EC""]', '[1.0]', 298.0)",127
saltTFSI_rank06_row128_q0p75,Li_TFSI_1p0M_EC1p0_T298p0_q075,parsed,6.3611,0.7804,Ionic conductivity = 6.3611 ± 0.7804 mS/cm,/scratch/hacortes/ADOBADO/LELi-MDLab/solvents/Q_Optimization/Li_TFSI_1p0M_EC1p0_T298p0_q075,/scratch/hacortes/ADOBADO/LELi-MDLab/solvents/Q_Optimization/Li_TFSI_1p0M_EC1p0_T298p0_q075/output_LELiB_MDLab.txt,128,10.1016/j.jpowsour.2011.07.071,Li,TFSI,1.0,"[""EC""]",[1.0],298.0,TFSI,0.75,maximin descriptor spread within salt family; exact duplicate simulation inputs excluded,51,3,6,10.1016/j.jpowsour.2011.07.071,[128],"[""10.1016/j.jpowsour.2011.07.071""]",7.906666667,0.0,1,LiTFSI,1.0,mol/l,mol/L,weight,,EC:1.000,-0.0,89.0,1.9,89.0,1.9,0,0,1,0,0,1,1.0,0,0.0,0,0.0,0,0.0,0,0.0,0,0.0,"('Li', 'TFSI', 1.0, '[""EC""]', '[1.0]', 298.0)",127
saltTFSI_rank06_row128_q0p80,Li_TFSI_1p0M_EC1p0_T298p0_q080,parsed,5.7461,0.7461,Ionic conductivity = 5.7461 ± 0.7461 mS/cm,/scratch/hacortes/ADOBADO/LELi-MDLab/solvents/Q_Optimization/Li_TFSI_1p0M_EC1p0_T298p0_q080,/scratch/hacortes/ADOBADO/LELi-MDLab/solvents/Q_Optimization/Li_TFSI_1p0M_EC1p0_T298p0_q080/output_LELiB_MDLab.txt,128,10.1016/j.jpowsour.2011.07.071,Li,TFSI,1.0,"[""EC""]",[1.0],298.0,TFSI,0.80,maximin descriptor spread within salt family; exact duplicate simulation inputs excluded,51,3,6,10.1016/j.jpowsour.2011.07.071,[128],"[""10.1016/j.jpowsour.2011.07.071""]",7.906666667,0.0,1,LiTFSI,1.0,mol/l,mol/L,weight,,EC:1.000,-0.0,89.0,1.9,89.0,1.9,0,0,1,0,0,1,1.0,0,0.0,0,0.0,0,0.0,0,0.0,0,0.0,"('Li', 'TFSI', 1.0, '[""EC""]', '[1.0]', 298.0)",127
saltTFSI_rank06_row128_q0p85,Li_TFSI_1p0M_EC1p0_T298p0_q085,parsed,4.2727,0.9736,Ionic conductivity = 4.2727 ± 0.9736 mS/cm,/scratch/hacortes/ADOBADO/LELi-MDLab/solvents/Q_Optimization/Li_TFSI_1p0M_EC1p0_T298p0_q085,/scratch/hacortes/ADOBADO/LELi-MDLab/solvents/Q_Optimization/Li_TFSI_1p0M_EC1p0_T298p0_q085/output_LELiB_MDLab.txt,128,10.1016/j.jpowsour.2011.07.071,Li,TFSI,1.0,"[""EC""]",[1.0],298.0,TFSI,0.85,maximin descriptor spread within salt family; exact duplicate simulation inputs excluded,51,3,6,10.1016/j.jpowsour.2011.07.071,[128],"[""10.1016/j.jpowsour.2011.07.071""]",7.906666667,0.0,1,LiTFSI,1.0,mol/l,mol/L,weight,,EC:1.000,-0.0,89.0,1.9,89.0,1.9,0,0,1,0,0,1,1.0,0,0.0,0,0.0,0,0.0,0,0.0,0,0.0,"('Li', 'TFSI', 1.0, '[""EC""]', '[1.0]', 298.0)",127
saltTFSI_rank06_row128_q0p90,Li_TFSI_1p0M_EC1p0_T298p0_q090,parsed,3.7296,0.8676,Ionic conductivity = 3.7296 ± 0.8676 mS/cm,/scratch/hacortes/ADOBADO/LELi-MDLab/solvents/Q_Optimization/Li_TFSI_1p0M_EC1p0_T298p0_q090,/scratch/hacortes/ADOBADO/LELi-MDLab/solvents/Q_Optimization/Li_TFSI_1p0M_EC1p0_T298p0_q090/output_LELiB_MDLab.txt,128,10.1016/j.jpowsour.2011.07.071,Li,TFSI,1.0,"[""EC""]",[1.0],298.0,TFSI,0.90,maximin descriptor spread within salt family; exact duplicate simulation inputs excluded,51,3,6,10.1016/j.jpowsour.2011.07.071,[128],"[""10.1016/j.jpowsour.2011.07.071""]",7.906666667,0.0,1,LiTFSI,1.0,mol/l,mol/L,weight,,EC:1.000,-0.0,89.0,1.9,89.0,1.9,0,0,1,0,0,1,1.0,0,0.0,0,0.0,0,0.0,0,0.0,0,0.0,"('Li', 'TFSI', 1.0, '[""EC""]', '[1.0]', 298.0)",127
saltTFSI_rank07_row3813_q0p70,Li_TFSI_0p5M_DME1p0_T338p3557034_q070,parsed,18.6004,1.9452,Ionic conductivity = 18.6004 ± 1.9452 mS/cm,/scratch/hacortes/ADOBADO/LELi-MDLab/solvents/Q_Optimization/Li_TFSI_0p5M_DME1p0_T338p3557034_q070,/scratch/hacortes/ADOBADO/LELi-MDLab/solvents/Q_Optimization/Li_TFSI_0p5M_DME1p0_T338p3557034_q070/output_LELiB_MDLab.txt,3813,10.1149/1.1344281,Li,TFSI,0.5,"[""DME""]",[1.0],338.3557034,TFSI,0.70,maximin descriptor spread within salt family; exact duplicate simulation inputs excluded,52,3,7,10.1149/1.1344281,[3813],"[""10.1149/1.1344281""]",10.25769363,0.0,1,LiTFSI,0.5,mol/l,mol/L,molar,,DME:1.000,-0.0,7.2,0.39,3.6,0.195,0,0,1,0,0,0,0.0,0,0.0,1,1.0,0,0.0,0,0.0,0,0.0,"('Li', 'TFSI', 0.5, '[""DME""]', '[1.0]', 338.3557034)",127
saltTFSI_rank07_row3813_q0p75,Li_TFSI_0p5M_DME1p0_T338p3557034_q075,parsed,20.4721,6.2435,Ionic conductivity = 20.4721 ± 6.2435 mS/cm,/scratch/hacortes/ADOBADO/LELi-MDLab/solvents/Q_Optimization/Li_TFSI_0p5M_DME1p0_T338p3557034_q075,/scratch/hacortes/ADOBADO/LELi-MDLab/solvents/Q_Optimization/Li_TFSI_0p5M_DME1p0_T338p3557034_q075/output_LELiB_MDLab.txt,3813,10.1149/1.1344281,Li,TFSI,0.5,"[""DME""]",[1.0],338.3557034,TFSI,0.75,maximin descriptor spread within salt family; exact duplicate simulation inputs excluded,52,3,7,10.1149/1.1344281,[3813],"[""10.1149/1.1344281""]",10.25769363,0.0,1,LiTFSI,0.5,mol/l,mol/L,molar,,DME:1.000,-0.0,7.2,0.39,3.6,0.195,0,0,1,0,0,0,0.0,0,0.0,1,1.0,0,0.0,0,0.0,0,0.0,"('Li', 'TFSI', 0.5, '[""DME""]', '[1.0]', 338.3557034)",127
saltTFSI_rank07_row3813_q0p80,Li_TFSI_0p5M_DME1p0_T338p3557034_q080,parsed,16.5974,3.7100,Ionic conductivity = 16.5974 ± 3.7100 mS/cm,/scratch/hacortes/ADOBADO/LELi-MDLab/solvents/Q_Optimization/Li_TFSI_0p5M_DME1p0_T338p3557034_q080,/scratch/hacortes/ADOBADO/LELi-MDLab/solvents/Q_Optimization/Li_TFSI_0p5M_DME1p0_T338p3557034_q080/output_LELiB_MDLab.txt,3813,10.1149/1.1344281,Li,TFSI,0.5,"[""DME""]",[1.0],338.3557034,TFSI,0.80,maximin descriptor spread within salt family; exact duplicate simulation inputs excluded,52,3,7,10.1149/1.1344281,[3813],"[""10.1149/1.1344281""]",10.25769363,0.0,1,LiTFSI,0.5,mol/l,mol/L,molar,,DME:1.000,-0.0,7.2,0.39,3.6,0.195,0,0,1,0,0,0,0.0,0,0.0,1,1.0,0,0.0,0,0.0,0,0.0,"('Li', 'TFSI', 0.5, '[""DME""]', '[1.0]', 338.3557034)",127
saltTFSI_rank07_row3813_q0p85,Li_TFSI_0p5M_DME1p0_T338p3557034_q085,parsed,10.4059,3.3373,Ionic conductivity = 10.4059 ± 3.3373 mS/cm,/scratch/hacortes/ADOBADO/LELi-MDLab/solvents/Q_Optimization/Li_TFSI_0p5M_DME1p0_T338p3557034_q085,/scratch/hacortes/ADOBADO/LELi-MDLab/solvents/Q_Optimization/Li_TFSI_0p5M_DME1p0_T338p3557034_q085/output_LELiB_MDLab.txt,3813,10.1149/1.1344281,Li,TFSI,0.5,"[""DME""]",[1.0],338.3557034,TFSI,0.85,maximin descriptor spread within salt family; exact duplicate simulation inputs excluded,52,3,7,10.1149/1.1344281,[3813],"[""10.1149/1.1344281""]",10.25769363,0.0,1,LiTFSI,0.5,mol/l,mol/L,molar,,DME:1.000,-0.0,7.2,0.39,3.6,0.195,0,0,1,0,0,0,0.0,0,0.0,1,1.0,0,0.0,0,0.0,0,0.0,"('Li', 'TFSI', 0.5, '[""DME""]', '[1.0]', 338.3557034)",127
saltTFSI_rank07_row3813_q0p90,Li_TFSI_0p5M_DME1p0_T338p3557034_q090,parsed,4.2832,1.7044,Ionic conductivity = 4.2832 ± 1.7044 mS/cm,/scratch/hacortes/ADOBADO/LELi-MDLab/solvents/Q_Optimization/Li_TFSI_0p5M_DME1p0_T338p3557034_q090,/scratch/hacortes/ADOBADO/LELi-MDLab/solvents/Q_Optimization/Li_TFSI_0p5M_DME1p0_T338p3557034_q090/output_LELiB_MDLab.txt,3813,10.1149/1.1344281,Li,TFSI,0.5,"[""DME""]",[1.0],338.3557034,TFSI,0.90,maximin descriptor spread within salt family; exact duplicate simulation inputs excluded,52,3,7,10.1149/1.1344281,[3813],"[""10.1149/1.1344281""]",10.25769363,0.0,1,LiTFSI,0.5,mol/l,mol/L,molar,,DME:1.000,-0.0,7.2,0.39,3.6,0.195,0,0,1,0,0,0,0.0,0,0.0,1,1.0,0,0.0,0,0.0,0,0.0,"('Li', 'TFSI', 0.5, '[""DME""]', '[1.0]', 338.3557034)",127
saltTFSI_rank08_row3606_q0p70,Li_TFSI_1p0M_PC1p0_T310p8093421_q070,parsed,6.2286,1.0730,Ionic conductivity = 6.2286 ± 1.0730 mS/cm,/scratch/hacortes/ADOBADO/LELi-MDLab/solvents/Q_Optimization/Li_TFSI_1p0M_PC1p0_T310p8093421_q070,/scratch/hacortes/ADOBADO/LELi-MDLab/solvents/Q_Optimization/Li_TFSI_1p0M_PC1p0_T310p8093421_q070/output_LELiB_MDLab.txt,3606,10.1149/1.1344281,Li,TFSI,1.0,"[""PC""]",[1.0],310.8093421,TFSI,0.70,maximin descriptor spread within salt family; exact duplicate simulation inputs excluded,53,3,8,10.1149/1.1344281,[3606],"[""10.1149/1.1344281""]",6.830975986,0.0,1,LiTFSI,1.0,mol/l,mol/L,molar,,PC:1.000,-0.0,64.9,2.53,64.9,2.53,0,0,1,0,0,0,0.0,1,1.0,0,0.0,0,0.0,0,0.0,0,0.0,"('Li', 'TFSI', 1.0, '[""PC""]', '[1.0]', 310.8093421)",127
saltTFSI_rank08_row3606_q0p75,Li_TFSI_1p0M_PC1p0_T310p8093421_q075,parsed,6.8139,1.1071,Ionic conductivity = 6.8139 ± 1.1071 mS/cm,/scratch/hacortes/ADOBADO/LELi-MDLab/solvents/Q_Optimization/Li_TFSI_1p0M_PC1p0_T310p8093421_q075,/scratch/hacortes/ADOBADO/LELi-MDLab/solvents/Q_Optimization/Li_TFSI_1p0M_PC1p0_T310p8093421_q075/output_LELiB_MDLab.txt,3606,10.1149/1.1344281,Li,TFSI,1.0,"[""PC""]",[1.0],310.8093421,TFSI,0.75,maximin descriptor spread within salt family; exact duplicate simulation inputs excluded,53,3,8,10.1149/1.1344281,[3606],"[""10.1149/1.1344281""]",6.830975986,0.0,1,LiTFSI,1.0,mol/l,mol/L,molar,,PC:1.000,-0.0,64.9,2.53,64.9,2.53,0,0,1,0,0,0,0.0,1,1.0,0,0.0,0,0.0,0,0.0,0,0.0,"('Li', 'TFSI', 1.0, '[""PC""]', '[1.0]', 310.8093421)",127
saltTFSI_rank08_row3606_q0p80,Li_TFSI_1p0M_PC1p0_T310p8093421_q080,parsed,5.5970,0.6334,Ionic conductivity = 5.5970 ± 0.6334 mS/cm,/scratch/hacortes/ADOBADO/LELi-MDLab/solvents/Q_Optimization/Li_TFSI_1p0M_PC1p0_T310p8093421_q080,/scratch/hacortes/ADOBADO/LELi-MDLab/solvents/Q_Optimization/Li_TFSI_1p0M_PC1p0_T310p8093421_q080/output_LELiB_MDLab.txt,3606,10.1149/1.1344281,Li,TFSI,1.0,"[""PC""]",[1.0],310.8093421,TFSI,0.80,maximin descriptor spread within salt family; exact duplicate simulation inputs excluded,53,3,8,10.1149/1.1344281,[3606],"[""10.1149/1.1344281""]",6.830975986,0.0,1,LiTFSI,1.0,mol/l,mol/L,molar,,PC:1.000,-0.0,64.9,2.53,64.9,2.53,0,0,1,0,0,0,0.0,1,1.0,0,0.0,0,0.0,0,0.0,0,0.0,"('Li', 'TFSI', 1.0, '[""PC""]', '[1.0]', 310.8093421)",127
saltTFSI_rank08_row3606_q0p85,Li_TFSI_1p0M_PC1p0_T310p8093421_q085,parsed,5.1020,0.6067,Ionic conductivity = 5.1020 ± 0.6067 mS/cm,/scratch/hacortes/ADOBADO/LELi-MDLab/solvents/Q_Optimization/Li_TFSI_1p0M_PC1p0_T310p8093421_q085,/scratch/hacortes/ADOBADO/LELi-MDLab/solvents/Q_Optimization/Li_TFSI_1p0M_PC1p0_T310p8093421_q085/output_LELiB_MDLab.txt,3606,10.1149/1.1344281,Li,TFSI,1.0,"[""PC""]",[1.0],310.8093421,TFSI,0.85,maximin descriptor spread within salt family; exact duplicate simulation inputs excluded,53,3,8,10.1149/1.1344281,[3606],"[""10.1149/1.1344281""]",6.830975986,0.0,1,LiTFSI,1.0,mol/l,mol/L,molar,,PC:1.000,-0.0,64.9,2.53,64.9,2.53,0,0,1,0,0,0,0.0,1,1.0,0,0.0,0,0.0,0,0.0,0,0.0,"('Li', 'TFSI', 1.0, '[""PC""]', '[1.0]', 310.8093421)",127
saltTFSI_rank08_row3606_q0p90,Li_TFSI_1p0M_PC1p0_T310p8093421_q090,parsed,4.0844,1.0082,Ionic conductivity = 4.0844 ± 1.0082 mS/cm,/scratch/hacortes/ADOBADO/LELi-MDLab/solvents/Q_Optimization/Li_TFSI_1p0M_PC1p0_T310p8093421_q090,/scratch/hacortes/ADOBADO/LELi-MDLab/solvents/Q_Optimization/Li_TFSI_1p0M_PC1p0_T310p8093421_q090/output_LELiB_MDLab.txt,3606,10.1149/1.1344281,Li,TFSI,1.0,"[""PC""]",[1.0],310.8093421,TFSI,0.90,maximin descriptor spread within salt family; exact duplicate simulation inputs excluded,53,3,8,10.1149/1.1344281,[3606],"[""10.1149/1.1344281""]",6.830975986,0.0,1,LiTFSI,1.0,mol/l,mol/L,molar,,PC:1.000,-0.0,64.9,2.53,64.9,2.53,0,0,1,0,0,0,0.0,1,1.0,0,0.0,0,0.0,0,0.0,0,0.0,"('Li', 'TFSI', 1.0, '[""PC""]', '[1.0]', 310.8093421)",127
saltTFSI_rank09_row247_q0p70,Li_TFSI_1p0M_EC0p5DMC0p5_T334p9025673_q070,parsed,13.3562,2.7439,Ionic conductivity = 13.3562 ± 2.7439 mS/cm,/scratch/hacortes/ADOBADO/LELi-MDLab/solvents/Q_Optimization/Li_TFSI_1p0M_EC0p5DMC0p5_T334p9025673_q070,/scratch/hacortes/ADOBADO/LELi-MDLab/solvents/Q_Optimization/Li_TFSI_1p0M_EC0p5DMC0p5_T334p9025673_q070/output_LELiB_MDLab.txt,247,10.1016/j.jpowsour.2011.07.071,Li,TFSI,1.0,"[""EC"",""DMC""]","[0.5,0.5]",334.9025673,TFSI,0.70,maximin descriptor spread within salt family; exact duplicate simulation inputs excluded,54,3,9,10.1016/j.jpowsour.2011.07.071,[247],"[""10.1016/j.jpowsour.2011.07.071""]",15.87380142,0.0,1,LiTFSI,1.0,mol/l,mol/L,molar,,EC:0.500+DMC:0.500,0.6931471805599453,46.05,1.2449999999999999,46.05,1.2449999999999999,0,0,1,0,0,1,0.5,0,0.0,0,0.0,1,0.5,0,0.0,0,0.0,"('Li', 'TFSI', 1.0, '[""EC"",""DMC""]', '[0.5,0.5]', 334.9025673)",127
saltTFSI_rank09_row247_q0p75,Li_TFSI_1p0M_EC0p5DMC0p5_T334p9025673_q075,parsed,12.2176,3.7409,Ionic conductivity = 12.2176 ± 3.7409 mS/cm,/scratch/hacortes/ADOBADO/LELi-MDLab/solvents/Q_Optimization/Li_TFSI_1p0M_EC0p5DMC0p5_T334p9025673_q075,/scratch/hacortes/ADOBADO/LELi-MDLab/solvents/Q_Optimization/Li_TFSI_1p0M_EC0p5DMC0p5_T334p9025673_q075/output_LELiB_MDLab.txt,247,10.1016/j.jpowsour.2011.07.071,Li,TFSI,1.0,"[""EC"",""DMC""]","[0.5,0.5]",334.9025673,TFSI,0.75,maximin descriptor spread within salt family; exact duplicate simulation inputs excluded,54,3,9,10.1016/j.jpowsour.2011.07.071,[247],"[""10.1016/j.jpowsour.2011.07.071""]",15.87380142,0.0,1,LiTFSI,1.0,mol/l,mol/L,molar,,EC:0.500+DMC:0.500,0.6931471805599453,46.05,1.2449999999999999,46.05,1.2449999999999999,0,0,1,0,0,1,0.5,0,0.0,0,0.0,1,0.5,0,0.0,0,0.0,"('Li', 'TFSI', 1.0, '[""EC"",""DMC""]', '[0.5,0.5]', 334.9025673)",127
saltTFSI_rank09_row247_q0p80,Li_TFSI_1p0M_EC0p5DMC0p5_T334p9025673_q080,parsed,14.2488,2.9807,Ionic conductivity = 14.2488 ± 2.9807 mS/cm,/scratch/hacortes/ADOBADO/LELi-MDLab/solvents/Q_Optimization/Li_TFSI_1p0M_EC0p5DMC0p5_T334p9025673_q080,/scratch/hacortes/ADOBADO/LELi-MDLab/solvents/Q_Optimization/Li_TFSI_1p0M_EC0p5DMC0p5_T334p9025673_q080/output_LELiB_MDLab.txt,247,10.1016/j.jpowsour.2011.07.071,Li,TFSI,1.0,"[""EC"",""DMC""]","[0.5,0.5]",334.9025673,TFSI,0.80,maximin descriptor spread within salt family; exact duplicate simulation inputs excluded,54,3,9,10.1016/j.jpowsour.2011.07.071,[247],"[""10.1016/j.jpowsour.2011.07.071""]",15.87380142,0.0,1,LiTFSI,1.0,mol/l,mol/L,molar,,EC:0.500+DMC:0.500,0.6931471805599453,46.05,1.2449999999999999,46.05,1.2449999999999999,0,0,1,0,0,1,0.5,0,0.0,0,0.0,1,0.5,0,0.0,0,0.0,"('Li', 'TFSI', 1.0, '[""EC"",""DMC""]', '[0.5,0.5]', 334.9025673)",127
saltTFSI_rank09_row247_q0p85,Li_TFSI_1p0M_EC0p5DMC0p5_T334p9025673_q085,parsed,12.9416,0.9167,Ionic conductivity = 12.9416 ± 0.9167 mS/cm,/scratch/hacortes/ADOBADO/LELi-MDLab/solvents/Q_Optimization/Li_TFSI_1p0M_EC0p5DMC0p5_T334p9025673_q085,/scratch/hacortes/ADOBADO/LELi-MDLab/solvents/Q_Optimization/Li_TFSI_1p0M_EC0p5DMC0p5_T334p9025673_q085/output_LELiB_MDLab.txt,247,10.1016/j.jpowsour.2011.07.071,Li,TFSI,1.0,"[""EC"",""DMC""]","[0.5,0.5]",334.9025673,TFSI,0.85,maximin descriptor spread within salt family; exact duplicate simulation inputs excluded,54,3,9,10.1016/j.jpowsour.2011.07.071,[247],"[""10.1016/j.jpowsour.2011.07.071""]",15.87380142,0.0,1,LiTFSI,1.0,mol/l,mol/L,molar,,EC:0.500+DMC:0.500,0.6931471805599453,46.05,1.2449999999999999,46.05,1.2449999999999999,0,0,1,0,0,1,0.5,0,0.0,0,0.0,1,0.5,0,0.0,0,0.0,"('Li', 'TFSI', 1.0, '[""EC"",""DMC""]', '[0.5,0.5]', 334.9025673)",127
saltTFSI_rank09_row247_q0p90,Li_TFSI_1p0M_EC0p5DMC0p5_T334p9025673_q090,parsed,10.3412,2.6279,Ionic conductivity = 10.3412 ± 2.6279 mS/cm,/scratch/hacortes/ADOBADO/LELi-MDLab/solvents/Q_Optimization/Li_TFSI_1p0M_EC0p5DMC0p5_T334p9025673_q090,/scratch/hacortes/ADOBADO/LELi-MDLab/solvents/Q_Optimization/Li_TFSI_1p0M_EC0p5DMC0p5_T334p9025673_q090/output_LELiB_MDLab.txt,247,10.1016/j.jpowsour.2011.07.071,Li,TFSI,1.0,"[""EC"",""DMC""]","[0.5,0.5]",334.9025673,TFSI,0.90,maximin descriptor spread within salt family; exact duplicate simulation inputs excluded,54,3,9,10.1016/j.jpowsour.2011.07.071,[247],"[""10.1016/j.jpowsour.2011.07.071""]",15.87380142,0.0,1,LiTFSI,1.0,mol/l,mol/L,molar,,EC:0.500+DMC:0.500,0.6931471805599453,46.05,1.2449999999999999,46.05,1.2449999999999999,0,0,1,0,0,1,0.5,0,0.0,0,0.0,1,0.5,0,0.0,0,0.0,"('Li', 'TFSI', 1.0, '[""EC"",""DMC""]', '[0.5,0.5]', 334.9025673)",127
saltTFSI_rank10_row120_q0p70,Li_TFSI_1p0M_EC0p2DMC0p8_T298p0_q070,parsed,9.8546,2.0993,Ionic conductivity = 9.8546 ± 2.0993 mS/cm,/scratch/hacortes/ADOBADO/LELi-MDLab/solvents/Q_Optimization/Li_TFSI_1p0M_EC0p2DMC0p8_T298p0_q070,/scratch/hacortes/ADOBADO/LELi-MDLab/solvents/Q_Optimization/Li_TFSI_1p0M_EC0p2DMC0p8_T298p0_q070/output_LELiB_MDLab.txt,120,10.1016/j.jpowsour.2011.07.071,Li,TFSI,1.0,"[""EC"",""DMC""]","[0.2,0.8]",298.0,TFSI,0.70,maximin descriptor spread within salt family; exact duplicate simulation inputs excluded,55,3,10,10.1016/j.jpowsour.2011.07.071,[120],"[""10.1016/j.jpowsour.2011.07.071""]",9.066666667,0.0,1,LiTFSI,1.0,mol/l,mol/L,weight,,EC:0.200+DMC:0.800,0.5004024235381879,20.28,0.852,20.28,0.852,0,0,1,0,0,1,0.2,0,0.0,0,0.0,1,0.8,0,0.0,0,0.0,"('Li', 'TFSI', 1.0, '[""EC"",""DMC""]', '[0.2,0.8]', 298.0)",127
saltTFSI_rank10_row120_q0p75,Li_TFSI_1p0M_EC0p2DMC0p8_T298p0_q075,parsed,9.3986,2.5134,Ionic conductivity = 9.3986 ± 2.5134 mS/cm,/scratch/hacortes/ADOBADO/LELi-MDLab/solvents/Q_Optimization/Li_TFSI_1p0M_EC0p2DMC0p8_T298p0_q075,/scratch/hacortes/ADOBADO/LELi-MDLab/solvents/Q_Optimization/Li_TFSI_1p0M_EC0p2DMC0p8_T298p0_q075/output_LELiB_MDLab.txt,120,10.1016/j.jpowsour.2011.07.071,Li,TFSI,1.0,"[""EC"",""DMC""]","[0.2,0.8]",298.0,TFSI,0.75,maximin descriptor spread within salt family; exact duplicate simulation inputs excluded,55,3,10,10.1016/j.jpowsour.2011.07.071,[120],"[""10.1016/j.jpowsour.2011.07.071""]",9.066666667,0.0,1,LiTFSI,1.0,mol/l,mol/L,weight,,EC:0.200+DMC:0.800,0.5004024235381879,20.28,0.852,20.28,0.852,0,0,1,0,0,1,0.2,0,0.0,0,0.0,1,0.8,0,0.0,0,0.0,"('Li', 'TFSI', 1.0, '[""EC"",""DMC""]', '[0.2,0.8]', 298.0)",127
saltTFSI_rank10_row120_q0p80,Li_TFSI_1p0M_EC0p2DMC0p8_T298p0_q080,parsed,8.3186,0.7419,Ionic conductivity = 8.3186 ± 0.7419 mS/cm,/scratch/hacortes/ADOBADO/LELi-MDLab/solvents/Q_Optimization/Li_TFSI_1p0M_EC0p2DMC0p8_T298p0_q080,/scratch/hacortes/ADOBADO/LELi-MDLab/solvents/Q_Optimization/Li_TFSI_1p0M_EC0p2DMC0p8_T298p0_q080/output_LELiB_MDLab.txt,120,10.1016/j.jpowsour.2011.07.071,Li,TFSI,1.0,"[""EC"",""DMC""]","[0.2,0.8]",298.0,TFSI,0.80,maximin descriptor spread within salt family; exact duplicate simulation inputs excluded,55,3,10,10.1016/j.jpowsour.2011.07.071,[120],"[""10.1016/j.jpowsour.2011.07.071""]",9.066666667,0.0,1,LiTFSI,1.0,mol/l,mol/L,weight,,EC:0.200+DMC:0.800,0.5004024235381879,20.28,0.852,20.28,0.852,0,0,1,0,0,1,0.2,0,0.0,0,0.0,1,0.8,0,0.0,0,0.0,"('Li', 'TFSI', 1.0, '[""EC"",""DMC""]', '[0.2,0.8]', 298.0)",127
saltTFSI_rank10_row120_q0p85,Li_TFSI_1p0M_EC0p2DMC0p8_T298p0_q085,parsed,5.6362,0.7478,Ionic conductivity = 5.6362 ± 0.7478 mS/cm,/scratch/hacortes/ADOBADO/LELi-MDLab/solvents/Q_Optimization/Li_TFSI_1p0M_EC0p2DMC0p8_T298p0_q085,/scratch/hacortes/ADOBADO/LELi-MDLab/solvents/Q_Optimization/Li_TFSI_1p0M_EC0p2DMC0p8_T298p0_q085/output_LELiB_MDLab.txt,120,10.1016/j.jpowsour.2011.07.071,Li,TFSI,1.0,"[""EC"",""DMC""]","[0.2,0.8]",298.0,TFSI,0.85,maximin descriptor spread within salt family; exact duplicate simulation inputs excluded,55,3,10,10.1016/j.jpowsour.2011.07.071,[120],"[""10.1016/j.jpowsour.2011.07.071""]",9.066666667,0.0,1,LiTFSI,1.0,mol/l,mol/L,weight,,EC:0.200+DMC:0.800,0.5004024235381879,20.28,0.852,20.28,0.852,0,0,1,0,0,1,0.2,0,0.0,0,0.0,1,0.8,0,0.0,0,0.0,"('Li', 'TFSI', 1.0, '[""EC"",""DMC""]', '[0.2,0.8]', 298.0)",127
saltTFSI_rank10_row120_q0p90,Li_TFSI_1p0M_EC0p2DMC0p8_T298p0_q090,parsed,4.1132,0.5953,Ionic conductivity = 4.1132 ± 0.5953 mS/cm,/scratch/hacortes/ADOBADO/LELi-MDLab/solvents/Q_Optimization/Li_TFSI_1p0M_EC0p2DMC0p8_T298p0_q090,/scratch/hacortes/ADOBADO/LELi-MDLab/solvents/Q_Optimization/Li_TFSI_1p0M_EC0p2DMC0p8_T298p0_q090/output_LELiB_MDLab.txt,120,10.1016/j.jpowsour.2011.07.071,Li,TFSI,1.0,"[""EC"",""DMC""]","[0.2,0.8]",298.0,TFSI,0.90,maximin descriptor spread within salt family; exact duplicate simulation inputs excluded,55,3,10,10.1016/j.jpowsour.2011.07.071,[120],"[""10.1016/j.jpowsour.2011.07.071""]",9.066666667,0.0,1,LiTFSI,1.0,mol/l,mol/L,weight,,EC:0.200+DMC:0.800,0.5004024235381879,20.28,0.852,20.28,0.852,0,0,1,0,0,1,0.2,0,0.0,0,0.0,1,0.8,0,0.0,0,0.0,"('Li', 'TFSI', 1.0, '[""EC"",""DMC""]', '[0.2,0.8]', 298.0)",127
saltTFSI_rank11_row127_q0p70,Li_TFSI_1p0M_EC0p8DMC0p2_T298p0_q070,parsed,8.0037,1.0645,Ionic conductivity = 8.0037 ± 1.0645 mS/cm,/scratch/hacortes/ADOBADO/LELi-MDLab/solvents/Q_Optimization/Li_TFSI_1p0M_EC0p8DMC0p2_T298p0_q070,/scratch/hacortes/ADOBADO/LELi-MDLab/solvents/Q_Optimization/Li_TFSI_1p0M_EC0p8DMC0p2_T298p0_q070/output_LELiB_MDLab.txt,127,10.1016/j.jpowsour.2011.07.071,Li,TFSI,1.0,"[""EC"",""DMC""]","[0.8,0.2]",298.0,TFSI,0.70,maximin descriptor spread within salt family; exact duplicate simulation inputs excluded,56,3,11,10.1016/j.jpowsour.2011.07.071,[127],"[""10.1016/j.jpowsour.2011.07.071""]",8.666666667,0.0,1,LiTFSI,1.0,mol/l,mol/L,weight,,EC:0.800+DMC:0.200,0.5004024235381879,71.82000000000001,1.638,71.82000000000001,1.638,0,0,1,0,0,1,0.8,0,0.0,0,0.0,1,0.2,0,0.0,0,0.0,"('Li', 'TFSI', 1.0, '[""EC"",""DMC""]', '[0.8,0.2]', 298.0)",127
saltTFSI_rank11_row127_q0p75,Li_TFSI_1p0M_EC0p8DMC0p2_T298p0_q075,parsed,6.9231,1.9683,Ionic conductivity = 6.9231 ± 1.9683 mS/cm,/scratch/hacortes/ADOBADO/LELi-MDLab/solvents/Q_Optimization/Li_TFSI_1p0M_EC0p8DMC0p2_T298p0_q075,/scratch/hacortes/ADOBADO/LELi-MDLab/solvents/Q_Optimization/Li_TFSI_1p0M_EC0p8DMC0p2_T298p0_q075/output_LELiB_MDLab.txt,127,10.1016/j.jpowsour.2011.07.071,Li,TFSI,1.0,"[""EC"",""DMC""]","[0.8,0.2]",298.0,TFSI,0.75,maximin descriptor spread within salt family; exact duplicate simulation inputs excluded,56,3,11,10.1016/j.jpowsour.2011.07.071,[127],"[""10.1016/j.jpowsour.2011.07.071""]",8.666666667,0.0,1,LiTFSI,1.0,mol/l,mol/L,weight,,EC:0.800+DMC:0.200,0.5004024235381879,71.82000000000001,1.638,71.82000000000001,1.638,0,0,1,0,0,1,0.8,0,0.0,0,0.0,1,0.2,0,0.0,0,0.0,"('Li', 'TFSI', 1.0, '[""EC"",""DMC""]', '[0.8,0.2]', 298.0)",127
saltTFSI_rank11_row127_q0p80,Li_TFSI_1p0M_EC0p8DMC0p2_T298p0_q080,parsed,6.1868,1.3536,Ionic conductivity = 6.1868 ± 1.3536 mS/cm,/scratch/hacortes/ADOBADO/LELi-MDLab/solvents/Q_Optimization/Li_TFSI_1p0M_EC0p8DMC0p2_T298p0_q080,/scratch/hacortes/ADOBADO/LELi-MDLab/solvents/Q_Optimization/Li_TFSI_1p0M_EC0p8DMC0p2_T298p0_q080/output_LELiB_MDLab.txt,127,10.1016/j.jpowsour.2011.07.071,Li,TFSI,1.0,"[""EC"",""DMC""]","[0.8,0.2]",298.0,TFSI,0.80,maximin descriptor spread within salt family; exact duplicate simulation inputs excluded,56,3,11,10.1016/j.jpowsour.2011.07.071,[127],"[""10.1016/j.jpowsour.2011.07.071""]",8.666666667,0.0,1,LiTFSI,1.0,mol/l,mol/L,weight,,EC:0.800+DMC:0.200,0.5004024235381879,71.82000000000001,1.638,71.82000000000001,1.638,0,0,1,0,0,1,0.8,0,0.0,0,0.0,1,0.2,0,0.0,0,0.0,"('Li', 'TFSI', 1.0, '[""EC"",""DMC""]', '[0.8,0.2]', 298.0)",127
saltTFSI_rank11_row127_q0p85,Li_TFSI_1p0M_EC0p8DMC0p2_T298p0_q085,parsed,5.7171,1.0784,Ionic conductivity = 5.7171 ± 1.0784 mS/cm,/scratch/hacortes/ADOBADO/LELi-MDLab/solvents/Q_Optimization/Li_TFSI_1p0M_EC0p8DMC0p2_T298p0_q085,/scratch/hacortes/ADOBADO/LELi-MDLab/solvents/Q_Optimization/Li_TFSI_1p0M_EC0p8DMC0p2_T298p0_q085/output_LELiB_MDLab.txt,127,10.1016/j.jpowsour.2011.07.071,Li,TFSI,1.0,"[""EC"",""DMC""]","[0.8,0.2]",298.0,TFSI,0.85,maximin descriptor spread within salt family; exact duplicate simulation inputs excluded,56,3,11,10.1016/j.jpowsour.2011.07.071,[127],"[""10.1016/j.jpowsour.2011.07.071""]",8.666666667,0.0,1,LiTFSI,1.0,mol/l,mol/L,weight,,EC:0.800+DMC:0.200,0.5004024235381879,71.82000000000001,1.638,71.82000000000001,1.638,0,0,1,0,0,1,0.8,0,0.0,0,0.0,1,0.2,0,0.0,0,0.0,"('Li', 'TFSI', 1.0, '[""EC"",""DMC""]', '[0.8,0.2]', 298.0)",127
saltTFSI_rank11_row127_q0p90,Li_TFSI_1p0M_EC0p8DMC0p2_T298p0_q090,parsed,4.5835,0.5917,Ionic conductivity = 4.5835 ± 0.5917 mS/cm,/scratch/hacortes/ADOBADO/LELi-MDLab/solvents/Q_Optimization/Li_TFSI_1p0M_EC0p8DMC0p2_T298p0_q090,/scratch/hacortes/ADOBADO/LELi-MDLab/solvents/Q_Optimization/Li_TFSI_1p0M_EC0p8DMC0p2_T298p0_q090/output_LELiB_MDLab.txt,127,10.1016/j.jpowsour.2011.07.071,Li,TFSI,1.0,"[""EC"",""DMC""]","[0.8,0.2]",298.0,TFSI,0.90,maximin descriptor spread within salt family; exact duplicate simulation inputs excluded,56,3,11,10.1016/j.jpowsour.2011.07.071,[127],"[""10.1016/j.jpowsour.2011.07.071""]",8.666666667,0.0,1,LiTFSI,1.0,mol/l,mol/L,weight,,EC:0.800+DMC:0.200,0.5004024235381879,71.82000000000001,1.638,71.82000000000001,1.638,0,0,1,0,0,1,0.8,0,0.0,0,0.0,1,0.2,0,0.0,0,0.0,"('Li', 'TFSI', 1.0, '[""EC"",""DMC""]', '[0.8,0.2]', 298.0)",127
saltTFSI_rank12_row3827_q0p70,Li_TFSI_0p5M_DME1p0_T267p3436967_q070,parsed,11.6375,1.4069,Ionic conductivity = 11.6375 ± 1.4069 mS/cm,/scratch/hacortes/ADOBADO/LELi-MDLab/solvents/Q_Optimization/Li_TFSI_0p5M_DME1p0_T267p3436967_q070,/scratch/hacortes/ADOBADO/LELi-MDLab/solvents/Q_Optimization/Li_TFSI_0p5M_DME1p0_T267p3436967_q070/output_LELiB_MDLab.txt,3827,10.1149/1.1344281,Li,TFSI,0.5,"[""DME""]",[1.0],267.3436967,TFSI,0.70,maximin descriptor spread within salt family; exact duplicate simulation inputs excluded,57,3,12,10.1149/1.1344281,[3827],"[""10.1149/1.1344281""]",7.558803207,0.0,1,LiTFSI,0.5,mol/l,mol/L,molar,,DME:1.000,-0.0,7.2,0.39,3.6,0.195,0,0,1,0,0,0,0.0,0,0.0,1,1.0,0,0.0,0,0.0,0,0.0,"('Li', 'TFSI', 0.5, '[""DME""]', '[1.0]', 267.3436967)",127
saltTFSI_rank12_row3827_q0p75,Li_TFSI_0p5M_DME1p0_T267p3436967_q075,parsed,12.8529,2.6667,Ionic conductivity = 12.8529 ± 2.6667 mS/cm,/scratch/hacortes/ADOBADO/LELi-MDLab/solvents/Q_Optimization/Li_TFSI_0p5M_DME1p0_T267p3436967_q075,/scratch/hacortes/ADOBADO/LELi-MDLab/solvents/Q_Optimization/Li_TFSI_0p5M_DME1p0_T267p3436967_q075/output_LELiB_MDLab.txt,3827,10.1149/1.1344281,Li,TFSI,0.5,"[""DME""]",[1.0],267.3436967,TFSI,0.75,maximin descriptor spread within salt family; exact duplicate simulation inputs excluded,57,3,12,10.1149/1.1344281,[3827],"[""10.1149/1.1344281""]",7.558803207,0.0,1,LiTFSI,0.5,mol/l,mol/L,molar,,DME:1.000,-0.0,7.2,0.39,3.6,0.195,0,0,1,0,0,0,0.0,0,0.0,1,1.0,0,0.0,0,0.0,0,0.0,"('Li', 'TFSI', 0.5, '[""DME""]', '[1.0]', 267.3436967)",127
saltTFSI_rank12_row3827_q0p80,Li_TFSI_0p5M_DME1p0_T267p3436967_q080,parsed,12.6419,2.4389,Ionic conductivity = 12.6419 ± 2.4389 mS/cm,/scratch/hacortes/ADOBADO/LELi-MDLab/solvents/Q_Optimization/Li_TFSI_0p5M_DME1p0_T267p3436967_q080,/scratch/hacortes/ADOBADO/LELi-MDLab/solvents/Q_Optimization/Li_TFSI_0p5M_DME1p0_T267p3436967_q080/output_LELiB_MDLab.txt,3827,10.1149/1.1344281,Li,TFSI,0.5,"[""DME""]",[1.0],267.3436967,TFSI,0.80,maximin descriptor spread within salt family; exact duplicate simulation inputs excluded,57,3,12,10.1149/1.1344281,[3827],"[""10.1149/1.1344281""]",7.558803207,0.0,1,LiTFSI,0.5,mol/l,mol/L,molar,,DME:1.000,-0.0,7.2,0.39,3.6,0.195,0,0,1,0,0,0,0.0,0,0.0,1,1.0,0,0.0,0,0.0,0,0.0,"('Li', 'TFSI', 0.5, '[""DME""]', '[1.0]', 267.3436967)",127
saltTFSI_rank12_row3827_q0p85,Li_TFSI_0p5M_DME1p0_T267p3436967_q085,parsed,8.9488,0.9967,Ionic conductivity = 8.9488 ± 0.9967 mS/cm,/scratch/hacortes/ADOBADO/LELi-MDLab/solvents/Q_Optimization/Li_TFSI_0p5M_DME1p0_T267p3436967_q085,/scratch/hacortes/ADOBADO/LELi-MDLab/solvents/Q_Optimization/Li_TFSI_0p5M_DME1p0_T267p3436967_q085/output_LELiB_MDLab.txt,3827,10.1149/1.1344281,Li,TFSI,0.5,"[""DME""]",[1.0],267.3436967,TFSI,0.85,maximin descriptor spread within salt family; exact duplicate simulation inputs excluded,57,3,12,10.1149/1.1344281,[3827],"[""10.1149/1.1344281""]",7.558803207,0.0,1,LiTFSI,0.5,mol/l,mol/L,molar,,DME:1.000,-0.0,7.2,0.39,3.6,0.195,0,0,1,0,0,0,0.0,0,0.0,1,1.0,0,0.0,0,0.0,0,0.0,"('Li', 'TFSI', 0.5, '[""DME""]', '[1.0]', 267.3436967)",127
saltTFSI_rank12_row3827_q0p90,Li_TFSI_0p5M_DME1p0_T267p3436967_q090,parsed,3.6734,0.2809,Ionic conductivity = 3.6734 ± 0.2809 mS/cm,/scratch/hacortes/ADOBADO/LELi-MDLab/solvents/Q_Optimization/Li_TFSI_0p5M_DME1p0_T267p3436967_q090,/scratch/hacortes/ADOBADO/LELi-MDLab/solvents/Q_Optimization/Li_TFSI_0p5M_DME1p0_T267p3436967_q090/output_LELiB_MDLab.txt,3827,10.1149/1.1344281,Li,TFSI,0.5,"[""DME""]",[1.0],267.3436967,TFSI,0.90,maximin descriptor spread within salt family; exact duplicate simulation inputs excluded,57,3,12,10.1149/1.1344281,[3827],"[""10.1149/1.1344281""]",7.558803207,0.0,1,LiTFSI,0.5,mol/l,mol/L,molar,,DME:1.000,-0.0,7.2,0.39,3.6,0.195,0,0,1,0,0,0,0.0,0,0.0,1,1.0,0,0.0,0,0.0,0,0.0,"('Li', 'TFSI', 0.5, '[""DME""]', '[1.0]', 267.3436967)",127
saltTFSI_rank13_row3614_q0p70,Li_TFSI_1p0M_PC1p0_T271p8869669_q070,parsed,2.2880,0.2590,Ionic conductivity = 2.2880 ± 0.2590 mS/cm,/scratch/hacortes/ADOBADO/LELi-MDLab/solvents/Q_Optimization/Li_TFSI_1p0M_PC1p0_T271p8869669_q070,/scratch/hacortes/ADOBADO/LELi-MDLab/solvents/Q_Optimization/Li_TFSI_1p0M_PC1p0_T271p8869669_q070/output_LELiB_MDLab.txt,3614,10.1149/1.1344281,Li,TFSI,1.0,"[""PC""]",[1.0],271.8869669,TFSI,0.70,maximin descriptor spread within salt family; exact duplicate simulation inputs excluded,58,3,13,10.1149/1.1344281,[3614],"[""10.1149/1.1344281""]",2.109297952,0.0,1,LiTFSI,1.0,mol/l,mol/L,molar,,PC:1.000,-0.0,64.9,2.53,64.9,2.53,0,0,1,0,0,0,0.0,1,1.0,0,0.0,0,0.0,0,0.0,0,0.0,"('Li', 'TFSI', 1.0, '[""PC""]', '[1.0]', 271.8869669)",127
saltTFSI_rank13_row3614_q0p75,Li_TFSI_1p0M_PC1p0_T271p8869669_q075,parsed,1.6335,0.3160,Ionic conductivity = 1.6335 ± 0.3160 mS/cm,/scratch/hacortes/ADOBADO/LELi-MDLab/solvents/Q_Optimization/Li_TFSI_1p0M_PC1p0_T271p8869669_q075,/scratch/hacortes/ADOBADO/LELi-MDLab/solvents/Q_Optimization/Li_TFSI_1p0M_PC1p0_T271p8869669_q075/output_LELiB_MDLab.txt,3614,10.1149/1.1344281,Li,TFSI,1.0,"[""PC""]",[1.0],271.8869669,TFSI,0.75,maximin descriptor spread within salt family; exact duplicate simulation inputs excluded,58,3,13,10.1149/1.1344281,[3614],"[""10.1149/1.1344281""]",2.109297952,0.0,1,LiTFSI,1.0,mol/l,mol/L,molar,,PC:1.000,-0.0,64.9,2.53,64.9,2.53,0,0,1,0,0,0,0.0,1,1.0,0,0.0,0,0.0,0,0.0,0,0.0,"('Li', 'TFSI', 1.0, '[""PC""]', '[1.0]', 271.8869669)",127
saltTFSI_rank13_row3614_q0p80,Li_TFSI_1p0M_PC1p0_T271p8869669_q080,parsed,1.1592,0.3421,Ionic conductivity = 1.1592 ± 0.3421 mS/cm,/scratch/hacortes/ADOBADO/LELi-MDLab/solvents/Q_Optimization/Li_TFSI_1p0M_PC1p0_T271p8869669_q080,/scratch/hacortes/ADOBADO/LELi-MDLab/solvents/Q_Optimization/Li_TFSI_1p0M_PC1p0_T271p8869669_q080/output_LELiB_MDLab.txt,3614,10.1149/1.1344281,Li,TFSI,1.0,"[""PC""]",[1.0],271.8869669,TFSI,0.80,maximin descriptor spread within salt family; exact duplicate simulation inputs excluded,58,3,13,10.1149/1.1344281,[3614],"[""10.1149/1.1344281""]",2.109297952,0.0,1,LiTFSI,1.0,mol/l,mol/L,molar,,PC:1.000,-0.0,64.9,2.53,64.9,2.53,0,0,1,0,0,0,0.0,1,1.0,0,0.0,0,0.0,0,0.0,0,0.0,"('Li', 'TFSI', 1.0, '[""PC""]', '[1.0]', 271.8869669)",127
saltTFSI_rank13_row3614_q0p85,Li_TFSI_1p0M_PC1p0_T271p8869669_q085,parsed,1.0851,0.1957,Ionic conductivity = 1.0851 ± 0.1957 mS/cm,/scratch/hacortes/ADOBADO/LELi-MDLab/solvents/Q_Optimization/Li_TFSI_1p0M_PC1p0_T271p8869669_q085,/scratch/hacortes/ADOBADO/LELi-MDLab/solvents/Q_Optimization/Li_TFSI_1p0M_PC1p0_T271p8869669_q085/output_LELiB_MDLab.txt,3614,10.1149/1.1344281,Li,TFSI,1.0,"[""PC""]",[1.0],271.8869669,TFSI,0.85,maximin descriptor spread within salt family; exact duplicate simulation inputs excluded,58,3,13,10.1149/1.1344281,[3614],"[""10.1149/1.1344281""]",2.109297952,0.0,1,LiTFSI,1.0,mol/l,mol/L,molar,,PC:1.000,-0.0,64.9,2.53,64.9,2.53,0,0,1,0,0,0,0.0,1,1.0,0,0.0,0,0.0,0,0.0,0,0.0,"('Li', 'TFSI', 1.0, '[""PC""]', '[1.0]', 271.8869669)",127
saltTFSI_rank13_row3614_q0p90,Li_TFSI_1p0M_PC1p0_T271p8869669_q090,parsed,0.7015,0.1994,Ionic conductivity = 0.7015 ± 0.1994 mS/cm,/scratch/hacortes/ADOBADO/LELi-MDLab/solvents/Q_Optimization/Li_TFSI_1p0M_PC1p0_T271p8869669_q090,/scratch/hacortes/ADOBADO/LELi-MDLab/solvents/Q_Optimization/Li_TFSI_1p0M_PC1p0_T271p8869669_q090/output_LELiB_MDLab.txt,3614,10.1149/1.1344281,Li,TFSI,1.0,"[""PC""]",[1.0],271.8869669,TFSI,0.90,maximin descriptor spread within salt family; exact duplicate simulation inputs excluded,58,3,13,10.1149/1.1344281,[3614],"[""10.1149/1.1344281""]",2.109297952,0.0,1,LiTFSI,1.0,mol/l,mol/L,molar,,PC:1.000,-0.0,64.9,2.53,64.9,2.53,0,0,1,0,0,0,0.0,1,1.0,0,0.0,0,0.0,0,0.0,0,0.0,"('Li', 'TFSI', 1.0, '[""PC""]', '[1.0]', 271.8869669)",127
saltTFSI_rank14_row3599_q0p70,Li_TFSI_1p0M_PC1p0_T345p6878836_q070,parsed,11.4077,1.2773,Ionic conductivity = 11.4077 ± 1.2773 mS/cm,/scratch/hacortes/ADOBADO/LELi-MDLab/solvents/Q_Optimization/Li_TFSI_1p0M_PC1p0_T345p6878836_q070,/scratch/hacortes/ADOBADO/LELi-MDLab/solvents/Q_Optimization/Li_TFSI_1p0M_PC1p0_T345p6878836_q070/output_LELiB_MDLab.txt,3599,10.1149/1.1344281,Li,TFSI,1.0,"[""PC""]",[1.0],345.6878836,TFSI,0.70,maximin descriptor spread within salt family; exact duplicate simulation inputs excluded,59,3,14,10.1149/1.1344281,[3599],"[""10.1149/1.1344281""]",11.90863732,0.0,1,LiTFSI,1.0,mol/l,mol/L,molar,,PC:1.000,-0.0,64.9,2.53,64.9,2.53,0,0,1,0,0,0,0.0,1,1.0,0,0.0,0,0.0,0,0.0,0,0.0,"('Li', 'TFSI', 1.0, '[""PC""]', '[1.0]', 345.6878836)",127
saltTFSI_rank14_row3599_q0p75,Li_TFSI_1p0M_PC1p0_T345p6878836_q075,parsed,11.3986,2.9179,Ionic conductivity = 11.3986 ± 2.9179 mS/cm,/scratch/hacortes/ADOBADO/LELi-MDLab/solvents/Q_Optimization/Li_TFSI_1p0M_PC1p0_T345p6878836_q075,/scratch/hacortes/ADOBADO/LELi-MDLab/solvents/Q_Optimization/Li_TFSI_1p0M_PC1p0_T345p6878836_q075/output_LELiB_MDLab.txt,3599,10.1149/1.1344281,Li,TFSI,1.0,"[""PC""]",[1.0],345.6878836,TFSI,0.75,maximin descriptor spread within salt family; exact duplicate simulation inputs excluded,59,3,14,10.1149/1.1344281,[3599],"[""10.1149/1.1344281""]",11.90863732,0.0,1,LiTFSI,1.0,mol/l,mol/L,molar,,PC:1.000,-0.0,64.9,2.53,64.9,2.53,0,0,1,0,0,0,0.0,1,1.0,0,0.0,0,0.0,0,0.0,0,0.0,"('Li', 'TFSI', 1.0, '[""PC""]', '[1.0]', 345.6878836)",127
saltTFSI_rank14_row3599_q0p80,Li_TFSI_1p0M_PC1p0_T345p6878836_q080,parsed,10.9953,1.2746,Ionic conductivity = 10.9953 ± 1.2746 mS/cm,/scratch/hacortes/ADOBADO/LELi-MDLab/solvents/Q_Optimization/Li_TFSI_1p0M_PC1p0_T345p6878836_q080,/scratch/hacortes/ADOBADO/LELi-MDLab/solvents/Q_Optimization/Li_TFSI_1p0M_PC1p0_T345p6878836_q080/output_LELiB_MDLab.txt,3599,10.1149/1.1344281,Li,TFSI,1.0,"[""PC""]",[1.0],345.6878836,TFSI,0.80,maximin descriptor spread within salt family; exact duplicate simulation inputs excluded,59,3,14,10.1149/1.1344281,[3599],"[""10.1149/1.1344281""]",11.90863732,0.0,1,LiTFSI,1.0,mol/l,mol/L,molar,,PC:1.000,-0.0,64.9,2.53,64.9,2.53,0,0,1,0,0,0,0.0,1,1.0,0,0.0,0,0.0,0,0.0,0,0.0,"('Li', 'TFSI', 1.0, '[""PC""]', '[1.0]', 345.6878836)",127
saltTFSI_rank14_row3599_q0p85,Li_TFSI_1p0M_PC1p0_T345p6878836_q085,parsed,10.1614,3.4212,Ionic conductivity = 10.1614 ± 3.4212 mS/cm,/scratch/hacortes/ADOBADO/LELi-MDLab/solvents/Q_Optimization/Li_TFSI_1p0M_PC1p0_T345p6878836_q085,/scratch/hacortes/ADOBADO/LELi-MDLab/solvents/Q_Optimization/Li_TFSI_1p0M_PC1p0_T345p6878836_q085/output_LELiB_MDLab.txt,3599,10.1149/1.1344281,Li,TFSI,1.0,"[""PC""]",[1.0],345.6878836,TFSI,0.85,maximin descriptor spread within salt family; exact duplicate simulation inputs excluded,59,3,14,10.1149/1.1344281,[3599],"[""10.1149/1.1344281""]",11.90863732,0.0,1,LiTFSI,1.0,mol/l,mol/L,molar,,PC:1.000,-0.0,64.9,2.53,64.9,2.53,0,0,1,0,0,0,0.0,1,1.0,0,0.0,0,0.0,0,0.0,0,0.0,"('Li', 'TFSI', 1.0, '[""PC""]', '[1.0]', 345.6878836)",127
saltTFSI_rank14_row3599_q0p90,Li_TFSI_1p0M_PC1p0_T345p6878836_q090,parsed,8.4347,2.0285,Ionic conductivity = 8.4347 ± 2.0285 mS/cm,/scratch/hacortes/ADOBADO/LELi-MDLab/solvents/Q_Optimization/Li_TFSI_1p0M_PC1p0_T345p6878836_q090,/scratch/hacortes/ADOBADO/LELi-MDLab/solvents/Q_Optimization/Li_TFSI_1p0M_PC1p0_T345p6878836_q090/output_LELiB_MDLab.txt,3599,10.1149/1.1344281,Li,TFSI,1.0,"[""PC""]",[1.0],345.6878836,TFSI,0.90,maximin descriptor spread within salt family; exact duplicate simulation inputs excluded,59,3,14,10.1149/1.1344281,[3599],"[""10.1149/1.1344281""]",11.90863732,0.0,1,LiTFSI,1.0,mol/l,mol/L,molar,,PC:1.000,-0.0,64.9,2.53,64.9,2.53,0,0,1,0,0,0,0.0,1,1.0,0,0.0,0,0.0,0,0.0,0,0.0,"('Li', 'TFSI', 1.0, '[""PC""]', '[1.0]', 345.6878836)",127
saltTFSI_rank15_row193_q0p70,Li_TFSI_1p0M_EC0p5DMC0p5_T256p1150634_q070,parsed,3.4558,0.3597,Ionic conductivity = 3.4558 ± 0.3597 mS/cm,/scratch/hacortes/ADOBADO/LELi-MDLab/solvents/Q_Optimization/Li_TFSI_1p0M_EC0p5DMC0p5_T256p1150634_q070,/scratch/hacortes/ADOBADO/LELi-MDLab/solvents/Q_Optimization/Li_TFSI_1p0M_EC0p5DMC0p5_T256p1150634_q070/output_LELiB_MDLab.txt,193,10.1016/j.jpowsour.2011.07.071,Li,TFSI,1.0,"[""EC"",""DMC""]","[0.5,0.5]",256.1150634,TFSI,0.70,maximin descriptor spread within salt family; exact duplicate simulation inputs excluded,60,3,15,10.1016/j.jpowsour.2011.07.071,[193],"[""10.1016/j.jpowsour.2011.07.071""]",3.379987628,0.0,1,LiTFSI,1.0,mol/l,mol/L,molar,,EC:0.500+DMC:0.500,0.6931471805599453,46.05,1.2449999999999999,46.05,1.2449999999999999,0,0,1,0,0,1,0.5,0,0.0,0,0.0,1,0.5,0,0.0,0,0.0,"('Li', 'TFSI', 1.0, '[""EC"",""DMC""]', '[0.5,0.5]', 256.1150634)",127
saltTFSI_rank15_row193_q0p75,Li_TFSI_1p0M_EC0p5DMC0p5_T256p1150634_q075,parsed,2.7825,0.4965,Ionic conductivity = 2.7825 ± 0.4965 mS/cm,/scratch/hacortes/ADOBADO/LELi-MDLab/solvents/Q_Optimization/Li_TFSI_1p0M_EC0p5DMC0p5_T256p1150634_q075,/scratch/hacortes/ADOBADO/LELi-MDLab/solvents/Q_Optimization/Li_TFSI_1p0M_EC0p5DMC0p5_T256p1150634_q075/output_LELiB_MDLab.txt,193,10.1016/j.jpowsour.2011.07.071,Li,TFSI,1.0,"[""EC"",""DMC""]","[0.5,0.5]",256.1150634,TFSI,0.75,maximin descriptor spread within salt family; exact duplicate simulation inputs excluded,60,3,15,10.1016/j.jpowsour.2011.07.071,[193],"[""10.1016/j.jpowsour.2011.07.071""]",3.379987628,0.0,1,LiTFSI,1.0,mol/l,mol/L,molar,,EC:0.500+DMC:0.500,0.6931471805599453,46.05,1.2449999999999999,46.05,1.2449999999999999,0,0,1,0,0,1,0.5,0,0.0,0,0.0,1,0.5,0,0.0,0,0.0,"('Li', 'TFSI', 1.0, '[""EC"",""DMC""]', '[0.5,0.5]', 256.1150634)",127
saltTFSI_rank15_row193_q0p80,Li_TFSI_1p0M_EC0p5DMC0p5_T256p1150634_q080,parsed,2.0651,0.2910,Ionic conductivity = 2.0651 ± 0.2910 mS/cm,/scratch/hacortes/ADOBADO/LELi-MDLab/solvents/Q_Optimization/Li_TFSI_1p0M_EC0p5DMC0p5_T256p1150634_q080,/scratch/hacortes/ADOBADO/LELi-MDLab/solvents/Q_Optimization/Li_TFSI_1p0M_EC0p5DMC0p5_T256p1150634_q080/output_LELiB_MDLab.txt,193,10.1016/j.jpowsour.2011.07.071,Li,TFSI,1.0,"[""EC"",""DMC""]","[0.5,0.5]",256.1150634,TFSI,0.80,maximin descriptor spread within salt family; exact duplicate simulation inputs excluded,60,3,15,10.1016/j.jpowsour.2011.07.071,[193],"[""10.1016/j.jpowsour.2011.07.071""]",3.379987628,0.0,1,LiTFSI,1.0,mol/l,mol/L,molar,,EC:0.500+DMC:0.500,0.6931471805599453,46.05,1.2449999999999999,46.05,1.2449999999999999,0,0,1,0,0,1,0.5,0,0.0,0,0.0,1,0.5,0,0.0,0,0.0,"('Li', 'TFSI', 1.0, '[""EC"",""DMC""]', '[0.5,0.5]', 256.1150634)",127
saltTFSI_rank15_row193_q0p85,Li_TFSI_1p0M_EC0p5DMC0p5_T256p1150634_q085,parsed,1.4868,0.4650,Ionic conductivity = 1.4868 ± 0.4650 mS/cm,/scratch/hacortes/ADOBADO/LELi-MDLab/solvents/Q_Optimization/Li_TFSI_1p0M_EC0p5DMC0p5_T256p1150634_q085,/scratch/hacortes/ADOBADO/LELi-MDLab/solvents/Q_Optimization/Li_TFSI_1p0M_EC0p5DMC0p5_T256p1150634_q085/output_LELiB_MDLab.txt,193,10.1016/j.jpowsour.2011.07.071,Li,TFSI,1.0,"[""EC"",""DMC""]","[0.5,0.5]",256.1150634,TFSI,0.85,maximin descriptor spread within salt family; exact duplicate simulation inputs excluded,60,3,15,10.1016/j.jpowsour.2011.07.071,[193],"[""10.1016/j.jpowsour.2011.07.071""]",3.379987628,0.0,1,LiTFSI,1.0,mol/l,mol/L,molar,,EC:0.500+DMC:0.500,0.6931471805599453,46.05,1.2449999999999999,46.05,1.2449999999999999,0,0,1,0,0,1,0.5,0,0.0,0,0.0,1,0.5,0,0.0,0,0.0,"('Li', 'TFSI', 1.0, '[""EC"",""DMC""]', '[0.5,0.5]', 256.1150634)",127
saltTFSI_rank15_row193_q0p90,Li_TFSI_1p0M_EC0p5DMC0p5_T256p1150634_q090,parsed,0.7010,0.2450,Ionic conductivity = 0.7010 ± 0.2450 mS/cm,/scratch/hacortes/ADOBADO/LELi-MDLab/solvents/Q_Optimization/Li_TFSI_1p0M_EC0p5DMC0p5_T256p1150634_q090,/scratch/hacortes/ADOBADO/LELi-MDLab/solvents/Q_Optimization/Li_TFSI_1p0M_EC0p5DMC0p5_T256p1150634_q090/output_LELiB_MDLab.txt,193,10.1016/j.jpowsour.2011.07.071,Li,TFSI,1.0,"[""EC"",""DMC""]","[0.5,0.5]",256.1150634,TFSI,0.90,maximin descriptor spread within salt family; exact duplicate simulation inputs excluded,60,3,15,10.1016/j.jpowsour.2011.07.071,[193],"[""10.1016/j.jpowsour.2011.07.071""]",3.379987628,0.0,1,LiTFSI,1.0,mol/l,mol/L,molar,,EC:0.500+DMC:0.500,0.6931471805599453,46.05,1.2449999999999999,46.05,1.2449999999999999,0,0,1,0,0,1,0.5,0,0.0,0,0.0,1,0.5,0,0.0,0,0.0,"('Li', 'TFSI', 1.0, '[""EC"",""DMC""]', '[0.5,0.5]', 256.1150634)",127
saltTFSI_rank16_row234_q0p70,Li_TFSI_1p0M_EC0p5DMC0p5_T312p99103_q070,parsed,11.4759,1.9032,Ionic conductivity = 11.4759 ± 1.9032 mS/cm,/scratch/hacortes/ADOBADO/LELi-MDLab/solvents/Q_Optimization/Li_TFSI_1p0M_EC0p5DMC0p5_T312p99103_q070,/scratch/hacortes/ADOBADO/LELi-MDLab/solvents/Q_Optimization/Li_TFSI_1p0M_EC0p5DMC0p5_T312p99103_q070/output_LELiB_MDLab.txt,234,10.1016/j.jpowsour.2011.07.071,Li,TFSI,1.0,"[""EC"",""DMC""]","[0.5,0.5]",312.99103,TFSI,0.70,maximin descriptor spread within salt family; exact duplicate simulation inputs excluded,61,3,16,10.1016/j.jpowsour.2011.07.071,[234],"[""10.1016/j.jpowsour.2011.07.071""]",11.83343644,0.0,1,LiTFSI,1.0,mol/l,mol/L,molar,,EC:0.500+DMC:0.500,0.6931471805599453,46.05,1.2449999999999999,46.05,1.2449999999999999,0,0,1,0,0,1,0.5,0,0.0,0,0.0,1,0.5,0,0.0,0,0.0,"('Li', 'TFSI', 1.0, '[""EC"",""DMC""]', '[0.5,0.5]', 312.99103)",127
saltTFSI_rank16_row234_q0p75,Li_TFSI_1p0M_EC0p5DMC0p5_T312p99103_q075,parsed,9.8250,1.2285,Ionic conductivity = 9.8250 ± 1.2285 mS/cm,/scratch/hacortes/ADOBADO/LELi-MDLab/solvents/Q_Optimization/Li_TFSI_1p0M_EC0p5DMC0p5_T312p99103_q075,/scratch/hacortes/ADOBADO/LELi-MDLab/solvents/Q_Optimization/Li_TFSI_1p0M_EC0p5DMC0p5_T312p99103_q075/output_LELiB_MDLab.txt,234,10.1016/j.jpowsour.2011.07.071,Li,TFSI,1.0,"[""EC"",""DMC""]","[0.5,0.5]",312.99103,TFSI,0.75,maximin descriptor spread within salt family; exact duplicate simulation inputs excluded,61,3,16,10.1016/j.jpowsour.2011.07.071,[234],"[""10.1016/j.jpowsour.2011.07.071""]",11.83343644,0.0,1,LiTFSI,1.0,mol/l,mol/L,molar,,EC:0.500+DMC:0.500,0.6931471805599453,46.05,1.2449999999999999,46.05,1.2449999999999999,0,0,1,0,0,1,0.5,0,0.0,0,0.0,1,0.5,0,0.0,0,0.0,"('Li', 'TFSI', 1.0, '[""EC"",""DMC""]', '[0.5,0.5]', 312.99103)",127
saltTFSI_rank16_row234_q0p80,Li_TFSI_1p0M_EC0p5DMC0p5_T312p99103_q080,parsed,9.6515,0.7803,Ionic conductivity = 9.6515 ± 0.7803 mS/cm,/scratch/hacortes/ADOBADO/LELi-MDLab/solvents/Q_Optimization/Li_TFSI_1p0M_EC0p5DMC0p5_T312p99103_q080,/scratch/hacortes/ADOBADO/LELi-MDLab/solvents/Q_Optimization/Li_TFSI_1p0M_EC0p5DMC0p5_T312p99103_q080/output_LELiB_MDLab.txt,234,10.1016/j.jpowsour.2011.07.071,Li,TFSI,1.0,"[""EC"",""DMC""]","[0.5,0.5]",312.99103,TFSI,0.80,maximin descriptor spread within salt family; exact duplicate simulation inputs excluded,61,3,16,10.1016/j.jpowsour.2011.07.071,[234],"[""10.1016/j.jpowsour.2011.07.071""]",11.83343644,0.0,1,LiTFSI,1.0,mol/l,mol/L,molar,,EC:0.500+DMC:0.500,0.6931471805599453,46.05,1.2449999999999999,46.05,1.2449999999999999,0,0,1,0,0,1,0.5,0,0.0,0,0.0,1,0.5,0,0.0,0,0.0,"('Li', 'TFSI', 1.0, '[""EC"",""DMC""]', '[0.5,0.5]', 312.99103)",127
saltTFSI_rank16_row234_q0p85,Li_TFSI_1p0M_EC0p5DMC0p5_T312p99103_q085,parsed,9.8513,0.5692,Ionic conductivity = 9.8513 ± 0.5692 mS/cm,/scratch/hacortes/ADOBADO/LELi-MDLab/solvents/Q_Optimization/Li_TFSI_1p0M_EC0p5DMC0p5_T312p99103_q085,/scratch/hacortes/ADOBADO/LELi-MDLab/solvents/Q_Optimization/Li_TFSI_1p0M_EC0p5DMC0p5_T312p99103_q085/output_LELiB_MDLab.txt,234,10.1016/j.jpowsour.2011.07.071,Li,TFSI,1.0,"[""EC"",""DMC""]","[0.5,0.5]",312.99103,TFSI,0.85,maximin descriptor spread within salt family; exact duplicate simulation inputs excluded,61,3,16,10.1016/j.jpowsour.2011.07.071,[234],"[""10.1016/j.jpowsour.2011.07.071""]",11.83343644,0.0,1,LiTFSI,1.0,mol/l,mol/L,molar,,EC:0.500+DMC:0.500,0.6931471805599453,46.05,1.2449999999999999,46.05,1.2449999999999999,0,0,1,0,0,1,0.5,0,0.0,0,0.0,1,0.5,0,0.0,0,0.0,"('Li', 'TFSI', 1.0, '[""EC"",""DMC""]', '[0.5,0.5]', 312.99103)",127
saltTFSI_rank16_row234_q0p90,Li_TFSI_1p0M_EC0p5DMC0p5_T312p99103_q090,parsed,5.1968,1.8449,Ionic conductivity = 5.1968 ± 1.8449 mS/cm,/scratch/hacortes/ADOBADO/LELi-MDLab/solvents/Q_Optimization/Li_TFSI_1p0M_EC0p5DMC0p5_T312p99103_q090,/scratch/hacortes/ADOBADO/LELi-MDLab/solvents/Q_Optimization/Li_TFSI_1p0M_EC0p5DMC0p5_T312p99103_q090/output_LELiB_MDLab.txt,234,10.1016/j.jpowsour.2011.07.071,Li,TFSI,1.0,"[""EC"",""DMC""]","[0.5,0.5]",312.99103,TFSI,0.90,maximin descriptor spread within salt family; exact duplicate simulation inputs excluded,61,3,16,10.1016/j.jpowsour.2011.07.071,[234],"[""10.1016/j.jpowsour.2011.07.071""]",11.83343644,0.0,1,LiTFSI,1.0,mol/l,mol/L,molar,,EC:0.500+DMC:0.500,0.6931471805599453,46.05,1.2449999999999999,46.05,1.2449999999999999,0,0,1,0,0,1,0.5,0,0.0,0,0.0,1,0.5,0,0.0,0,0.0,"('Li', 'TFSI', 1.0, '[""EC"",""DMC""]', '[0.5,0.5]', 312.99103)",127
saltTFSI_rank17_row3820_q0p70,Li_TFSI_0p5M_DME1p0_T303p2356303_q070,parsed,16.6836,3.5025,Ionic conductivity = 16.6836 ± 3.5025 mS/cm,/scratch/hacortes/ADOBADO/LELi-MDLab/solvents/Q_Optimization/Li_TFSI_0p5M_DME1p0_T303p2356303_q070,/scratch/hacortes/ADOBADO/LELi-MDLab/solvents/Q_Optimization/Li_TFSI_0p5M_DME1p0_T303p2356303_q070/output_LELiB_MDLab.txt,3820,10.1149/1.1344281,Li,TFSI,0.5,"[""DME""]",[1.0],303.2356303,TFSI,0.70,maximin descriptor spread within salt family; exact duplicate simulation inputs excluded,62,3,17,10.1149/1.1344281,[3820],"[""10.1149/1.1344281""]",9.873591112,0.0,1,LiTFSI,0.5,mol/l,mol/L,molar,,DME:1.000,-0.0,7.2,0.39,3.6,0.195,0,0,1,0,0,0,0.0,0,0.0,1,1.0,0,0.0,0,0.0,0,0.0,"('Li', 'TFSI', 0.5, '[""DME""]', '[1.0]', 303.2356303)",127
saltTFSI_rank17_row3820_q0p75,Li_TFSI_0p5M_DME1p0_T303p2356303_q075,parsed,17.0179,3.2720,Ionic conductivity = 17.0179 ± 3.2720 mS/cm,/scratch/hacortes/ADOBADO/LELi-MDLab/solvents/Q_Optimization/Li_TFSI_0p5M_DME1p0_T303p2356303_q075,/scratch/hacortes/ADOBADO/LELi-MDLab/solvents/Q_Optimization/Li_TFSI_0p5M_DME1p0_T303p2356303_q075/output_LELiB_MDLab.txt,3820,10.1149/1.1344281,Li,TFSI,0.5,"[""DME""]",[1.0],303.2356303,TFSI,0.75,maximin descriptor spread within salt family; exact duplicate simulation inputs excluded,62,3,17,10.1149/1.1344281,[3820],"[""10.1149/1.1344281""]",9.873591112,0.0,1,LiTFSI,0.5,mol/l,mol/L,molar,,DME:1.000,-0.0,7.2,0.39,3.6,0.195,0,0,1,0,0,0,0.0,0,0.0,1,1.0,0,0.0,0,0.0,0,0.0,"('Li', 'TFSI', 0.5, '[""DME""]', '[1.0]', 303.2356303)",127
saltTFSI_rank17_row3820_q0p80,Li_TFSI_0p5M_DME1p0_T303p2356303_q080,parsed,15.7235,2.9756,Ionic conductivity = 15.7235 ± 2.9756 mS/cm,/scratch/hacortes/ADOBADO/LELi-MDLab/solvents/Q_Optimization/Li_TFSI_0p5M_DME1p0_T303p2356303_q080,/scratch/hacortes/ADOBADO/LELi-MDLab/solvents/Q_Optimization/Li_TFSI_0p5M_DME1p0_T303p2356303_q080/output_LELiB_MDLab.txt,3820,10.1149/1.1344281,Li,TFSI,0.5,"[""DME""]",[1.0],303.2356303,TFSI,0.80,maximin descriptor spread within salt family; exact duplicate simulation inputs excluded,62,3,17,10.1149/1.1344281,[3820],"[""10.1149/1.1344281""]",9.873591112,0.0,1,LiTFSI,0.5,mol/l,mol/L,molar,,DME:1.000,-0.0,7.2,0.39,3.6,0.195,0,0,1,0,0,0,0.0,0,0.0,1,1.0,0,0.0,0,0.0,0,0.0,"('Li', 'TFSI', 0.5, '[""DME""]', '[1.0]', 303.2356303)",127
saltTFSI_rank17_row3820_q0p85,Li_TFSI_0p5M_DME1p0_T303p2356303_q085,parsed,10.1118,1.6860,Ionic conductivity = 10.1118 ± 1.6860 mS/cm,/scratch/hacortes/ADOBADO/LELi-MDLab/solvents/Q_Optimization/Li_TFSI_0p5M_DME1p0_T303p2356303_q085,/scratch/hacortes/ADOBADO/LELi-MDLab/solvents/Q_Optimization/Li_TFSI_0p5M_DME1p0_T303p2356303_q085/output_LELiB_MDLab.txt,3820,10.1149/1.1344281,Li,TFSI,0.5,"[""DME""]",[1.0],303.2356303,TFSI,0.85,maximin descriptor spread within salt family; exact duplicate simulation inputs excluded,62,3,17,10.1149/1.1344281,[3820],"[""10.1149/1.1344281""]",9.873591112,0.0,1,LiTFSI,0.5,mol/l,mol/L,molar,,DME:1.000,-0.0,7.2,0.39,3.6,0.195,0,0,1,0,0,0,0.0,0,0.0,1,1.0,0,0.0,0,0.0,0,0.0,"('Li', 'TFSI', 0.5, '[""DME""]', '[1.0]', 303.2356303)",127
saltTFSI_rank17_row3820_q0p90,Li_TFSI_0p5M_DME1p0_T303p2356303_q090,parsed,3.8125,0.4256,Ionic conductivity = 3.8125 ± 0.4256 mS/cm,/scratch/hacortes/ADOBADO/LELi-MDLab/solvents/Q_Optimization/Li_TFSI_0p5M_DME1p0_T303p2356303_q090,/scratch/hacortes/ADOBADO/LELi-MDLab/solvents/Q_Optimization/Li_TFSI_0p5M_DME1p0_T303p2356303_q090/output_LELiB_MDLab.txt,3820,10.1149/1.1344281,Li,TFSI,0.5,"[""DME""]",[1.0],303.2356303,TFSI,0.90,maximin descriptor spread within salt family; exact duplicate simulation inputs excluded,62,3,17,10.1149/1.1344281,[3820],"[""10.1149/1.1344281""]",9.873591112,0.0,1,LiTFSI,0.5,mol/l,mol/L,molar,,DME:1.000,-0.0,7.2,0.39,3.6,0.195,0,0,1,0,0,0,0.0,0,0.0,1,1.0,0,0.0,0,0.0,0,0.0,"('Li', 'TFSI', 0.5, '[""DME""]', '[1.0]', 303.2356303)",127
saltTFSI_rank18_row119_q0p70,Li_TFSI_1p0M_EC0p1DMC0p9_T298p0_q070,parsed,9.0566,2.0564,Ionic conductivity = 9.0566 ± 2.0564 mS/cm,/scratch/hacortes/ADOBADO/LELi-MDLab/solvents/Q_Optimization/Li_TFSI_1p0M_EC0p1DMC0p9_T298p0_q070,/scratch/hacortes/ADOBADO/LELi-MDLab/solvents/Q_Optimization/Li_TFSI_1p0M_EC0p1DMC0p9_T298p0_q070/output_LELiB_MDLab.txt,119,10.1016/j.jpowsour.2011.07.071,Li,TFSI,1.0,"[""EC"",""DMC""]","[0.1,0.9]",298.0,TFSI,0.70,maximin descriptor spread within salt family; exact duplicate simulation inputs excluded,63,3,18,10.1016/j.jpowsour.2011.07.071,[119],"[""10.1016/j.jpowsour.2011.07.071""]",8.373333333,0.0,1,LiTFSI,1.0,mol/l,mol/L,weight,,EC:0.100+DMC:0.900,0.3250829733914482,11.690000000000001,0.7210000000000001,11.690000000000001,0.7210000000000001,0,0,1,0,0,1,0.1,0,0.0,0,0.0,1,0.9,0,0.0,0,0.0,"('Li', 'TFSI', 1.0, '[""EC"",""DMC""]', '[0.1,0.9]', 298.0)",127
saltTFSI_rank18_row119_q0p75,Li_TFSI_1p0M_EC0p1DMC0p9_T298p0_q075,parsed,7.7560,0.7618,Ionic conductivity = 7.7560 ± 0.7618 mS/cm,/scratch/hacortes/ADOBADO/LELi-MDLab/solvents/Q_Optimization/Li_TFSI_1p0M_EC0p1DMC0p9_T298p0_q075,/scratch/hacortes/ADOBADO/LELi-MDLab/solvents/Q_Optimization/Li_TFSI_1p0M_EC0p1DMC0p9_T298p0_q075/output_LELiB_MDLab.txt,119,10.1016/j.jpowsour.2011.07.071,Li,TFSI,1.0,"[""EC"",""DMC""]","[0.1,0.9]",298.0,TFSI,0.75,maximin descriptor spread within salt family; exact duplicate simulation inputs excluded,63,3,18,10.1016/j.jpowsour.2011.07.071,[119],"[""10.1016/j.jpowsour.2011.07.071""]",8.373333333,0.0,1,LiTFSI,1.0,mol/l,mol/L,weight,,EC:0.100+DMC:0.900,0.3250829733914482,11.690000000000001,0.7210000000000001,11.690000000000001,0.7210000000000001,0,0,1,0,0,1,0.1,0,0.0,0,0.0,1,0.9,0,0.0,0,0.0,"('Li', 'TFSI', 1.0, '[""EC"",""DMC""]', '[0.1,0.9]', 298.0)",127
saltTFSI_rank18_row119_q0p80,Li_TFSI_1p0M_EC0p1DMC0p9_T298p0_q080,parsed,6.2351,1.3879,Ionic conductivity = 6.2351 ± 1.3879 mS/cm,/scratch/hacortes/ADOBADO/LELi-MDLab/solvents/Q_Optimization/Li_TFSI_1p0M_EC0p1DMC0p9_T298p0_q080,/scratch/hacortes/ADOBADO/LELi-MDLab/solvents/Q_Optimization/Li_TFSI_1p0M_EC0p1DMC0p9_T298p0_q080/output_LELiB_MDLab.txt,119,10.1016/j.jpowsour.2011.07.071,Li,TFSI,1.0,"[""EC"",""DMC""]","[0.1,0.9]",298.0,TFSI,0.80,maximin descriptor spread within salt family; exact duplicate simulation inputs excluded,63,3,18,10.1016/j.jpowsour.2011.07.071,[119],"[""10.1016/j.jpowsour.2011.07.071""]",8.373333333,0.0,1,LiTFSI,1.0,mol/l,mol/L,weight,,EC:0.100+DMC:0.900,0.3250829733914482,11.690000000000001,0.7210000000000001,11.690000000000001,0.7210000000000001,0,0,1,0,0,1,0.1,0,0.0,0,0.0,1,0.9,0,0.0,0,0.0,"('Li', 'TFSI', 1.0, '[""EC"",""DMC""]', '[0.1,0.9]', 298.0)",127
saltTFSI_rank18_row119_q0p85,Li_TFSI_1p0M_EC0p1DMC0p9_T298p0_q085,parsed,4.5029,1.3110,Ionic conductivity = 4.5029 ± 1.3110 mS/cm,/scratch/hacortes/ADOBADO/LELi-MDLab/solvents/Q_Optimization/Li_TFSI_1p0M_EC0p1DMC0p9_T298p0_q085,/scratch/hacortes/ADOBADO/LELi-MDLab/solvents/Q_Optimization/Li_TFSI_1p0M_EC0p1DMC0p9_T298p0_q085/output_LELiB_MDLab.txt,119,10.1016/j.jpowsour.2011.07.071,Li,TFSI,1.0,"[""EC"",""DMC""]","[0.1,0.9]",298.0,TFSI,0.85,maximin descriptor spread within salt family; exact duplicate simulation inputs excluded,63,3,18,10.1016/j.jpowsour.2011.07.071,[119],"[""10.1016/j.jpowsour.2011.07.071""]",8.373333333,0.0,1,LiTFSI,1.0,mol/l,mol/L,weight,,EC:0.100+DMC:0.900,0.3250829733914482,11.690000000000001,0.7210000000000001,11.690000000000001,0.7210000000000001,0,0,1,0,0,1,0.1,0,0.0,0,0.0,1,0.9,0,0.0,0,0.0,"('Li', 'TFSI', 1.0, '[""EC"",""DMC""]', '[0.1,0.9]', 298.0)",127
saltTFSI_rank18_row119_q0p90,Li_TFSI_1p0M_EC0p1DMC0p9_T298p0_q090,parsed,2.9458,0.9288,Ionic conductivity = 2.9458 ± 0.9288 mS/cm,/scratch/hacortes/ADOBADO/LELi-MDLab/solvents/Q_Optimization/Li_TFSI_1p0M_EC0p1DMC0p9_T298p0_q090,/scratch/hacortes/ADOBADO/LELi-MDLab/solvents/Q_Optimization/Li_TFSI_1p0M_EC0p1DMC0p9_T298p0_q090/output_LELiB_MDLab.txt,119,10.1016/j.jpowsour.2011.07.071,Li,TFSI,1.0,"[""EC"",""DMC""]","[0.1,0.9]",298.0,TFSI,0.90,maximin descriptor spread within salt family; exact duplicate simulation inputs excluded,63,3,18,10.1016/j.jpowsour.2011.07.071,[119],"[""10.1016/j.jpowsour.2011.07.071""]",8.373333333,0.0,1,LiTFSI,1.0,mol/l,mol/L,weight,,EC:0.100+DMC:0.900,0.3250829733914482,11.690000000000001,0.7210000000000001,11.690000000000001,0.7210000000000001,0,0,1,0,0,1,0.1,0,0.0,0,0.0,1,0.9,0,0.0,0,0.0,"('Li', 'TFSI', 1.0, '[""EC"",""DMC""]', '[0.1,0.9]', 298.0)",127
saltTFSI_rank19_row3832_q0p70,Li_TFSI_0p5M_DME1p0_T241p4678399_q070,parsed,10.1191,1.8277,Ionic conductivity = 10.1191 ± 1.8277 mS/cm,/scratch/hacortes/ADOBADO/LELi-MDLab/solvents/Q_Optimization/Li_TFSI_0p5M_DME1p0_T241p4678399_q070,/scratch/hacortes/ADOBADO/LELi-MDLab/solvents/Q_Optimization/Li_TFSI_0p5M_DME1p0_T241p4678399_q070/output_LELiB_MDLab.txt,3832,10.1149/1.1344281,Li,TFSI,0.5,"[""DME""]",[1.0],241.4678399,TFSI,0.70,maximin descriptor spread within salt family; exact duplicate simulation inputs excluded,64,3,19,10.1149/1.1344281,[3832],"[""10.1149/1.1344281""]",4.904646766,0.0,1,LiTFSI,0.5,mol/l,mol/L,molar,,DME:1.000,-0.0,7.2,0.39,3.6,0.195,0,0,1,0,0,0,0.0,0,0.0,1,1.0,0,0.0,0,0.0,0,0.0,"('Li', 'TFSI', 0.5, '[""DME""]', '[1.0]', 241.4678399)",127
saltTFSI_rank19_row3832_q0p75,Li_TFSI_0p5M_DME1p0_T241p4678399_q075,parsed,9.5799,1.7027,Ionic conductivity = 9.5799 ± 1.7027 mS/cm,/scratch/hacortes/ADOBADO/LELi-MDLab/solvents/Q_Optimization/Li_TFSI_0p5M_DME1p0_T241p4678399_q075,/scratch/hacortes/ADOBADO/LELi-MDLab/solvents/Q_Optimization/Li_TFSI_0p5M_DME1p0_T241p4678399_q075/output_LELiB_MDLab.txt,3832,10.1149/1.1344281,Li,TFSI,0.5,"[""DME""]",[1.0],241.4678399,TFSI,0.75,maximin descriptor spread within salt family; exact duplicate simulation inputs excluded,64,3,19,10.1149/1.1344281,[3832],"[""10.1149/1.1344281""]",4.904646766,0.0,1,LiTFSI,0.5,mol/l,mol/L,molar,,DME:1.000,-0.0,7.2,0.39,3.6,0.195,0,0,1,0,0,0,0.0,0,0.0,1,1.0,0,0.0,0,0.0,0,0.0,"('Li', 'TFSI', 0.5, '[""DME""]', '[1.0]', 241.4678399)",127
saltTFSI_rank19_row3832_q0p80,Li_TFSI_0p5M_DME1p0_T241p4678399_q080,parsed,8.8776,1.3234,Ionic conductivity = 8.8776 ± 1.3234 mS/cm,/scratch/hacortes/ADOBADO/LELi-MDLab/solvents/Q_Optimization/Li_TFSI_0p5M_DME1p0_T241p4678399_q080,/scratch/hacortes/ADOBADO/LELi-MDLab/solvents/Q_Optimization/Li_TFSI_0p5M_DME1p0_T241p4678399_q080/output_LELiB_MDLab.txt,3832,10.1149/1.1344281,Li,TFSI,0.5,"[""DME""]",[1.0],241.4678399,TFSI,0.80,maximin descriptor spread within salt family; exact duplicate simulation inputs excluded,64,3,19,10.1149/1.1344281,[3832],"[""10.1149/1.1344281""]",4.904646766,0.0,1,LiTFSI,0.5,mol/l,mol/L,molar,,DME:1.000,-0.0,7.2,0.39,3.6,0.195,0,0,1,0,0,0,0.0,0,0.0,1,1.0,0,0.0,0,0.0,0,0.0,"('Li', 'TFSI', 0.5, '[""DME""]', '[1.0]', 241.4678399)",127
saltTFSI_rank19_row3832_q0p85,Li_TFSI_0p5M_DME1p0_T241p4678399_q085,parsed,8.0400,0.8947,Ionic conductivity = 8.0400 ± 0.8947 mS/cm,/scratch/hacortes/ADOBADO/LELi-MDLab/solvents/Q_Optimization/Li_TFSI_0p5M_DME1p0_T241p4678399_q085,/scratch/hacortes/ADOBADO/LELi-MDLab/solvents/Q_Optimization/Li_TFSI_0p5M_DME1p0_T241p4678399_q085/output_LELiB_MDLab.txt,3832,10.1149/1.1344281,Li,TFSI,0.5,"[""DME""]",[1.0],241.4678399,TFSI,0.85,maximin descriptor spread within salt family; exact duplicate simulation inputs excluded,64,3,19,10.1149/1.1344281,[3832],"[""10.1149/1.1344281""]",4.904646766,0.0,1,LiTFSI,0.5,mol/l,mol/L,molar,,DME:1.000,-0.0,7.2,0.39,3.6,0.195,0,0,1,0,0,0,0.0,0,0.0,1,1.0,0,0.0,0,0.0,0,0.0,"('Li', 'TFSI', 0.5, '[""DME""]', '[1.0]', 241.4678399)",127
saltTFSI_rank19_row3832_q0p90,Li_TFSI_0p5M_DME1p0_T241p4678399_q090,parsed,4.2876,2.4485,Ionic conductivity = 4.2876 ± 2.4485 mS/cm,/scratch/hacortes/ADOBADO/LELi-MDLab/solvents/Q_Optimization/Li_TFSI_0p5M_DME1p0_T241p4678399_q090,/scratch/hacortes/ADOBADO/LELi-MDLab/solvents/Q_Optimization/Li_TFSI_0p5M_DME1p0_T241p4678399_q090/output_LELiB_MDLab.txt,3832,10.1149/1.1344281,Li,TFSI,0.5,"[""DME""]",[1.0],241.4678399,TFSI,0.90,maximin descriptor spread within salt family; exact duplicate simulation inputs excluded,64,3,19,10.1149/1.1344281,[3832],"[""10.1149/1.1344281""]",4.904646766,0.0,1,LiTFSI,0.5,mol/l,mol/L,molar,,DME:1.000,-0.0,7.2,0.39,3.6,0.195,0,0,1,0,0,0,0.0,0,0.0,1,1.0,0,0.0,0,0.0,0,0.0,"('Li', 'TFSI', 0.5, '[""DME""]', '[1.0]', 241.4678399)",127
saltFSI_rank01_row44_q0p70,Li_FSI_1p0M_EC0p3EMC0p7_T297p7574305_q070,parsed,9.7139,2.4992,Ionic conductivity = 9.7139 ± 2.4992 mS/cm,/scratch/hacortes/ADOBADO/LELi-MDLab/solvents/Q_Optimization/Li_FSI_1p0M_EC0p3EMC0p7_T297p7574305_q070,/scratch/hacortes/ADOBADO/LELi-MDLab/solvents/Q_Optimization/Li_FSI_1p0M_EC0p3EMC0p7_T297p7574305_q070/output_LELiB_MDLab.txt,44,10.1016/j.jpowsour.2010.12.040,Li,FSI,1.0,"[""EC"",""EMC""]","[0.3,0.7]",297.7574305,FSI,0.70,"salt-family centroid representative selected from salt_conc, temperature, weighted_permittivity, weighted_viscosity_mPa_s_25C, solvent_entropy, salt_conc_x_weighted_permittivity, salt_conc_x_weighted_viscosity, frac_EC, frac_PC, frac_DME, frac_DMC, frac_DEC, frac_EMC, conductivity descriptor space",65,4,1,10.1016/j.jpowsour.2010.12.040,[44],"[""10.1016/j.jpowsour.2010.12.040""]",7.638732831,0.0,1,LiFSI,1.0,mol/l,mol/L,volume,,EC:0.300+EMC:0.700,0.6108643020548935,28.73,1.025,28.73,1.025,0,0,0,1,0,1,0.3,0,0.0,0,0.0,0,0.0,0,0.0,1,0.7,"('Li', 'FSI', 1.0, '[""EC"",""EMC""]', '[0.3,0.7]', 297.7574305)",19
saltFSI_rank01_row44_q0p75,Li_FSI_1p0M_EC0p3EMC0p7_T297p7574305_q075,parsed,11.3546,2.1143,Ionic conductivity = 11.3546 ± 2.1143 mS/cm,/scratch/hacortes/ADOBADO/LELi-MDLab/solvents/Q_Optimization/Li_FSI_1p0M_EC0p3EMC0p7_T297p7574305_q075,/scratch/hacortes/ADOBADO/LELi-MDLab/solvents/Q_Optimization/Li_FSI_1p0M_EC0p3EMC0p7_T297p7574305_q075/output_LELiB_MDLab.txt,44,10.1016/j.jpowsour.2010.12.040,Li,FSI,1.0,"[""EC"",""EMC""]","[0.3,0.7]",297.7574305,FSI,0.75,"salt-family centroid representative selected from salt_conc, temperature, weighted_permittivity, weighted_viscosity_mPa_s_25C, solvent_entropy, salt_conc_x_weighted_permittivity, salt_conc_x_weighted_viscosity, frac_EC, frac_PC, frac_DME, frac_DMC, frac_DEC, frac_EMC, conductivity descriptor space",65,4,1,10.1016/j.jpowsour.2010.12.040,[44],"[""10.1016/j.jpowsour.2010.12.040""]",7.638732831,0.0,1,LiFSI,1.0,mol/l,mol/L,volume,,EC:0.300+EMC:0.700,0.6108643020548935,28.73,1.025,28.73,1.025,0,0,0,1,0,1,0.3,0,0.0,0,0.0,0,0.0,0,0.0,1,0.7,"('Li', 'FSI', 1.0, '[""EC"",""EMC""]', '[0.3,0.7]', 297.7574305)",19
saltFSI_rank01_row44_q0p80,Li_FSI_1p0M_EC0p3EMC0p7_T297p7574305_q080,parsed,5.2389,1.4775,Ionic conductivity = 5.2389 ± 1.4775 mS/cm,/scratch/hacortes/ADOBADO/LELi-MDLab/solvents/Q_Optimization/Li_FSI_1p0M_EC0p3EMC0p7_T297p7574305_q080,/scratch/hacortes/ADOBADO/LELi-MDLab/solvents/Q_Optimization/Li_FSI_1p0M_EC0p3EMC0p7_T297p7574305_q080/output_LELiB_MDLab.txt,44,10.1016/j.jpowsour.2010.12.040,Li,FSI,1.0,"[""EC"",""EMC""]","[0.3,0.7]",297.7574305,FSI,0.80,"salt-family centroid representative selected from salt_conc, temperature, weighted_permittivity, weighted_viscosity_mPa_s_25C, solvent_entropy, salt_conc_x_weighted_permittivity, salt_conc_x_weighted_viscosity, frac_EC, frac_PC, frac_DME, frac_DMC, frac_DEC, frac_EMC, conductivity descriptor space",65,4,1,10.1016/j.jpowsour.2010.12.040,[44],"[""10.1016/j.jpowsour.2010.12.040""]",7.638732831,0.0,1,LiFSI,1.0,mol/l,mol/L,volume,,EC:0.300+EMC:0.700,0.6108643020548935,28.73,1.025,28.73,1.025,0,0,0,1,0,1,0.3,0,0.0,0,0.0,0,0.0,0,0.0,1,0.7,"('Li', 'FSI', 1.0, '[""EC"",""EMC""]', '[0.3,0.7]', 297.7574305)",19
saltFSI_rank01_row44_q0p85,Li_FSI_1p0M_EC0p3EMC0p7_T297p7574305_q085,parsed,3.8029,1.1906,Ionic conductivity = 3.8029 ± 1.1906 mS/cm,/scratch/hacortes/ADOBADO/LELi-MDLab/solvents/Q_Optimization/Li_FSI_1p0M_EC0p3EMC0p7_T297p7574305_q085,/scratch/hacortes/ADOBADO/LELi-MDLab/solvents/Q_Optimization/Li_FSI_1p0M_EC0p3EMC0p7_T297p7574305_q085/output_LELiB_MDLab.txt,44,10.1016/j.jpowsour.2010.12.040,Li,FSI,1.0,"[""EC"",""EMC""]","[0.3,0.7]",297.7574305,FSI,0.85,"salt-family centroid representative selected from salt_conc, temperature, weighted_permittivity, weighted_viscosity_mPa_s_25C, solvent_entropy, salt_conc_x_weighted_permittivity, salt_conc_x_weighted_viscosity, frac_EC, frac_PC, frac_DME, frac_DMC, frac_DEC, frac_EMC, conductivity descriptor space",65,4,1,10.1016/j.jpowsour.2010.12.040,[44],"[""10.1016/j.jpowsour.2010.12.040""]",7.638732831,0.0,1,LiFSI,1.0,mol/l,mol/L,volume,,EC:0.300+EMC:0.700,0.6108643020548935,28.73,1.025,28.73,1.025,0,0,0,1,0,1,0.3,0,0.0,0,0.0,0,0.0,0,0.0,1,0.7,"('Li', 'FSI', 1.0, '[""EC"",""EMC""]', '[0.3,0.7]', 297.7574305)",19
saltFSI_rank01_row44_q0p90,Li_FSI_1p0M_EC0p3EMC0p7_T297p7574305_q090,parsed,2.5724,0.8085,Ionic conductivity = 2.5724 ± 0.8085 mS/cm,/scratch/hacortes/ADOBADO/LELi-MDLab/solvents/Q_Optimization/Li_FSI_1p0M_EC0p3EMC0p7_T297p7574305_q090,/scratch/hacortes/ADOBADO/LELi-MDLab/solvents/Q_Optimization/Li_FSI_1p0M_EC0p3EMC0p7_T297p7574305_q090/output_LELiB_MDLab.txt,44,10.1016/j.jpowsour.2010.12.040,Li,FSI,1.0,"[""EC"",""EMC""]","[0.3,0.7]",297.7574305,FSI,0.90,"salt-family centroid representative selected from salt_conc, temperature, weighted_permittivity, weighted_viscosity_mPa_s_25C, solvent_entropy, salt_conc_x_weighted_permittivity, salt_conc_x_weighted_viscosity, frac_EC, frac_PC, frac_DME, frac_DMC, frac_DEC, frac_EMC, conductivity descriptor space",65,4,1,10.1016/j.jpowsour.2010.12.040,[44],"[""10.1016/j.jpowsour.2010.12.040""]",7.638732831,0.0,1,LiFSI,1.0,mol/l,mol/L,volume,,EC:0.300+EMC:0.700,0.6108643020548935,28.73,1.025,28.73,1.025,0,0,0,1,0,1,0.3,0,0.0,0,0.0,0,0.0,0,0.0,1,0.7,"('Li', 'FSI', 1.0, '[""EC"",""EMC""]', '[0.3,0.7]', 297.7574305)",19
saltFSI_rank02_row31_q0p70,Li_FSI_1p0M_EC0p3EMC0p7_T332p5420421_q070,parsed,13.8668,3.7877,Ionic conductivity = 13.8668 ± 3.7877 mS/cm,/scratch/hacortes/ADOBADO/LELi-MDLab/solvents/Q_Optimization/Li_FSI_1p0M_EC0p3EMC0p7_T332p5420421_q070,/scratch/hacortes/ADOBADO/LELi-MDLab/solvents/Q_Optimization/Li_FSI_1p0M_EC0p3EMC0p7_T332p5420421_q070/output_LELiB_MDLab.txt,31,10.1016/j.jpowsour.2010.12.040,Li,FSI,1.0,"[""EC"",""EMC""]","[0.3,0.7]",332.5420421,FSI,0.70,maximin descriptor spread within salt family; exact duplicate simulation inputs excluded,66,4,2,10.1016/j.jpowsour.2010.12.040,[31],"[""10.1016/j.jpowsour.2010.12.040""]",15.58303956,0.0,1,LiFSI,1.0,mol/l,mol/L,volume,,EC:0.300+EMC:0.700,0.6108643020548935,28.73,1.025,28.73,1.025,0,0,0,1,0,1,0.3,0,0.0,0,0.0,0,0.0,0,0.0,1,0.7,"('Li', 'FSI', 1.0, '[""EC"",""EMC""]', '[0.3,0.7]', 332.5420421)",19
saltFSI_rank02_row31_q0p75,Li_FSI_1p0M_EC0p3EMC0p7_T332p5420421_q075,parsed,13.5998,3.0034,Ionic conductivity = 13.5998 ± 3.0034 mS/cm,/scratch/hacortes/ADOBADO/LELi-MDLab/solvents/Q_Optimization/Li_FSI_1p0M_EC0p3EMC0p7_T332p5420421_q075,/scratch/hacortes/ADOBADO/LELi-MDLab/solvents/Q_Optimization/Li_FSI_1p0M_EC0p3EMC0p7_T332p5420421_q075/output_LELiB_MDLab.txt,31,10.1016/j.jpowsour.2010.12.040,Li,FSI,1.0,"[""EC"",""EMC""]","[0.3,0.7]",332.5420421,FSI,0.75,maximin descriptor spread within salt family; exact duplicate simulation inputs excluded,66,4,2,10.1016/j.jpowsour.2010.12.040,[31],"[""10.1016/j.jpowsour.2010.12.040""]",15.58303956,0.0,1,LiFSI,1.0,mol/l,mol/L,volume,,EC:0.300+EMC:0.700,0.6108643020548935,28.73,1.025,28.73,1.025,0,0,0,1,0,1,0.3,0,0.0,0,0.0,0,0.0,0,0.0,1,0.7,"('Li', 'FSI', 1.0, '[""EC"",""EMC""]', '[0.3,0.7]', 332.5420421)",19
saltFSI_rank02_row31_q0p80,Li_FSI_1p0M_EC0p3EMC0p7_T332p5420421_q080,parsed,10.4851,1.7483,Ionic conductivity = 10.4851 ± 1.7483 mS/cm,/scratch/hacortes/ADOBADO/LELi-MDLab/solvents/Q_Optimization/Li_FSI_1p0M_EC0p3EMC0p7_T332p5420421_q080,/scratch/hacortes/ADOBADO/LELi-MDLab/solvents/Q_Optimization/Li_FSI_1p0M_EC0p3EMC0p7_T332p5420421_q080/output_LELiB_MDLab.txt,31,10.1016/j.jpowsour.2010.12.040,Li,FSI,1.0,"[""EC"",""EMC""]","[0.3,0.7]",332.5420421,FSI,0.80,maximin descriptor spread within salt family; exact duplicate simulation inputs excluded,66,4,2,10.1016/j.jpowsour.2010.12.040,[31],"[""10.1016/j.jpowsour.2010.12.040""]",15.58303956,0.0,1,LiFSI,1.0,mol/l,mol/L,volume,,EC:0.300+EMC:0.700,0.6108643020548935,28.73,1.025,28.73,1.025,0,0,0,1,0,1,0.3,0,0.0,0,0.0,0,0.0,0,0.0,1,0.7,"('Li', 'FSI', 1.0, '[""EC"",""EMC""]', '[0.3,0.7]', 332.5420421)",19
saltFSI_rank02_row31_q0p85,Li_FSI_1p0M_EC0p3EMC0p7_T332p5420421_q085,parsed,7.6408,1.9876,Ionic conductivity = 7.6408 ± 1.9876 mS/cm,/scratch/hacortes/ADOBADO/LELi-MDLab/solvents/Q_Optimization/Li_FSI_1p0M_EC0p3EMC0p7_T332p5420421_q085,/scratch/hacortes/ADOBADO/LELi-MDLab/solvents/Q_Optimization/Li_FSI_1p0M_EC0p3EMC0p7_T332p5420421_q085/output_LELiB_MDLab.txt,31,10.1016/j.jpowsour.2010.12.040,Li,FSI,1.0,"[""EC"",""EMC""]","[0.3,0.7]",332.5420421,FSI,0.85,maximin descriptor spread within salt family; exact duplicate simulation inputs excluded,66,4,2,10.1016/j.jpowsour.2010.12.040,[31],"[""10.1016/j.jpowsour.2010.12.040""]",15.58303956,0.0,1,LiFSI,1.0,mol/l,mol/L,volume,,EC:0.300+EMC:0.700,0.6108643020548935,28.73,1.025,28.73,1.025,0,0,0,1,0,1,0.3,0,0.0,0,0.0,0,0.0,0,0.0,1,0.7,"('Li', 'FSI', 1.0, '[""EC"",""EMC""]', '[0.3,0.7]', 332.5420421)",19
saltFSI_rank02_row31_q0p90,Li_FSI_1p0M_EC0p3EMC0p7_T332p5420421_q090,parsed,4.6843,0.9011,Ionic conductivity = 4.6843 ± 0.9011 mS/cm,/scratch/hacortes/ADOBADO/LELi-MDLab/solvents/Q_Optimization/Li_FSI_1p0M_EC0p3EMC0p7_T332p5420421_q090,/scratch/hacortes/ADOBADO/LELi-MDLab/solvents/Q_Optimization/Li_FSI_1p0M_EC0p3EMC0p7_T332p5420421_q090/output_LELiB_MDLab.txt,31,10.1016/j.jpowsour.2010.12.040,Li,FSI,1.0,"[""EC"",""EMC""]","[0.3,0.7]",332.5420421,FSI,0.90,maximin descriptor spread within salt family; exact duplicate simulation inputs excluded,66,4,2,10.1016/j.jpowsour.2010.12.040,[31],"[""10.1016/j.jpowsour.2010.12.040""]",15.58303956,0.0,1,LiFSI,1.0,mol/l,mol/L,volume,,EC:0.300+EMC:0.700,0.6108643020548935,28.73,1.025,28.73,1.025,0,0,0,1,0,1,0.3,0,0.0,0,0.0,0,0.0,0,0.0,1,0.7,"('Li', 'FSI', 1.0, '[""EC"",""EMC""]', '[0.3,0.7]', 332.5420421)",19
saltFSI_rank03_row49_q0p70,Li_FSI_1p0M_EC0p3EMC0p7_T253p1626323_q070,parsed,3.2792,0.8390,Ionic conductivity = 3.2792 ± 0.8390 mS/cm,/scratch/hacortes/ADOBADO/LELi-MDLab/solvents/Q_Optimization/Li_FSI_1p0M_EC0p3EMC0p7_T253p1626323_q070,/scratch/hacortes/ADOBADO/LELi-MDLab/solvents/Q_Optimization/Li_FSI_1p0M_EC0p3EMC0p7_T253p1626323_q070/output_LELiB_MDLab.txt,49,10.1016/j.jpowsour.2010.12.040,Li,FSI,1.0,"[""EC"",""EMC""]","[0.3,0.7]",253.1626323,FSI,0.70,maximin descriptor spread within salt family; exact duplicate simulation inputs excluded,67,4,3,10.1016/j.jpowsour.2010.12.040,[49],"[""10.1016/j.jpowsour.2010.12.040""]",2.406050072,0.0,1,LiFSI,1.0,mol/l,mol/L,volume,,EC:0.300+EMC:0.700,0.6108643020548935,28.73,1.025,28.73,1.025,0,0,0,1,0,1,0.3,0,0.0,0,0.0,0,0.0,0,0.0,1,0.7,"('Li', 'FSI', 1.0, '[""EC"",""EMC""]', '[0.3,0.7]', 253.1626323)",19
saltFSI_rank03_row49_q0p75,Li_FSI_1p0M_EC0p3EMC0p7_T253p1626323_q075,parsed,2.5029,0.6337,Ionic conductivity = 2.5029 ± 0.6337 mS/cm,/scratch/hacortes/ADOBADO/LELi-MDLab/solvents/Q_Optimization/Li_FSI_1p0M_EC0p3EMC0p7_T253p1626323_q075,/scratch/hacortes/ADOBADO/LELi-MDLab/solvents/Q_Optimization/Li_FSI_1p0M_EC0p3EMC0p7_T253p1626323_q075/output_LELiB_MDLab.txt,49,10.1016/j.jpowsour.2010.12.040,Li,FSI,1.0,"[""EC"",""EMC""]","[0.3,0.7]",253.1626323,FSI,0.75,maximin descriptor spread within salt family; exact duplicate simulation inputs excluded,67,4,3,10.1016/j.jpowsour.2010.12.040,[49],"[""10.1016/j.jpowsour.2010.12.040""]",2.406050072,0.0,1,LiFSI,1.0,mol/l,mol/L,volume,,EC:0.300+EMC:0.700,0.6108643020548935,28.73,1.025,28.73,1.025,0,0,0,1,0,1,0.3,0,0.0,0,0.0,0,0.0,0,0.0,1,0.7,"('Li', 'FSI', 1.0, '[""EC"",""EMC""]', '[0.3,0.7]', 253.1626323)",19
saltFSI_rank03_row49_q0p80,Li_FSI_1p0M_EC0p3EMC0p7_T253p1626323_q080,parsed,1.4987,0.2184,Ionic conductivity = 1.4987 ± 0.2184 mS/cm,/scratch/hacortes/ADOBADO/LELi-MDLab/solvents/Q_Optimization/Li_FSI_1p0M_EC0p3EMC0p7_T253p1626323_q080,/scratch/hacortes/ADOBADO/LELi-MDLab/solvents/Q_Optimization/Li_FSI_1p0M_EC0p3EMC0p7_T253p1626323_q080/output_LELiB_MDLab.txt,49,10.1016/j.jpowsour.2010.12.040,Li,FSI,1.0,"[""EC"",""EMC""]","[0.3,0.7]",253.1626323,FSI,0.80,maximin descriptor spread within salt family; exact duplicate simulation inputs excluded,67,4,3,10.1016/j.jpowsour.2010.12.040,[49],"[""10.1016/j.jpowsour.2010.12.040""]",2.406050072,0.0,1,LiFSI,1.0,mol/l,mol/L,volume,,EC:0.300+EMC:0.700,0.6108643020548935,28.73,1.025,28.73,1.025,0,0,0,1,0,1,0.3,0,0.0,0,0.0,0,0.0,0,0.0,1,0.7,"('Li', 'FSI', 1.0, '[""EC"",""EMC""]', '[0.3,0.7]', 253.1626323)",19
saltFSI_rank03_row49_q0p85,Li_FSI_1p0M_EC0p3EMC0p7_T253p1626323_q085,parsed,0.8666,0.2924,Ionic conductivity = 0.8666 ± 0.2924 mS/cm,/scratch/hacortes/ADOBADO/LELi-MDLab/solvents/Q_Optimization/Li_FSI_1p0M_EC0p3EMC0p7_T253p1626323_q085,/scratch/hacortes/ADOBADO/LELi-MDLab/solvents/Q_Optimization/Li_FSI_1p0M_EC0p3EMC0p7_T253p1626323_q085/output_LELiB_MDLab.txt,49,10.1016/j.jpowsour.2010.12.040,Li,FSI,1.0,"[""EC"",""EMC""]","[0.3,0.7]",253.1626323,FSI,0.85,maximin descriptor spread within salt family; exact duplicate simulation inputs excluded,67,4,3,10.1016/j.jpowsour.2010.12.040,[49],"[""10.1016/j.jpowsour.2010.12.040""]",2.406050072,0.0,1,LiFSI,1.0,mol/l,mol/L,volume,,EC:0.300+EMC:0.700,0.6108643020548935,28.73,1.025,28.73,1.025,0,0,0,1,0,1,0.3,0,0.0,0,0.0,0,0.0,0,0.0,1,0.7,"('Li', 'FSI', 1.0, '[""EC"",""EMC""]', '[0.3,0.7]', 253.1626323)",19
saltFSI_rank03_row49_q0p90,Li_FSI_1p0M_EC0p3EMC0p7_T253p1626323_q090,parsed,0.6247,0.2316,Ionic conductivity = 0.6247 ± 0.2316 mS/cm,/scratch/hacortes/ADOBADO/LELi-MDLab/solvents/Q_Optimization/Li_FSI_1p0M_EC0p3EMC0p7_T253p1626323_q090,/scratch/hacortes/ADOBADO/LELi-MDLab/solvents/Q_Optimization/Li_FSI_1p0M_EC0p3EMC0p7_T253p1626323_q090/output_LELiB_MDLab.txt,49,10.1016/j.jpowsour.2010.12.040,Li,FSI,1.0,"[""EC"",""EMC""]","[0.3,0.7]",253.1626323,FSI,0.90,maximin descriptor spread within salt family; exact duplicate simulation inputs excluded,67,4,3,10.1016/j.jpowsour.2010.12.040,[49],"[""10.1016/j.jpowsour.2010.12.040""]",2.406050072,0.0,1,LiFSI,1.0,mol/l,mol/L,volume,,EC:0.300+EMC:0.700,0.6108643020548935,28.73,1.025,28.73,1.025,0,0,0,1,0,1,0.3,0,0.0,0,0.0,0,0.0,0,0.0,1,0.7,"('Li', 'FSI', 1.0, '[""EC"",""EMC""]', '[0.3,0.7]', 253.1626323)",19
saltFSI_rank04_row41_q0p70,Li_FSI_1p0M_EC0p3EMC0p7_T322p7762915_q070,parsed,13.8899,3.7421,Ionic conductivity = 13.8899 ± 3.7421 mS/cm,/scratch/hacortes/ADOBADO/LELi-MDLab/solvents/Q_Optimization/Li_FSI_1p0M_EC0p3EMC0p7_T322p7762915_q070,/scratch/hacortes/ADOBADO/LELi-MDLab/solvents/Q_Optimization/Li_FSI_1p0M_EC0p3EMC0p7_T322p7762915_q070/output_LELiB_MDLab.txt,41,10.1016/j.jpowsour.2010.12.040,Li,FSI,1.0,"[""EC"",""EMC""]","[0.3,0.7]",322.7762915,FSI,0.70,maximin descriptor spread within salt family; exact duplicate simulation inputs excluded,68,4,4,10.1016/j.jpowsour.2010.12.040,[41],"[""10.1016/j.jpowsour.2010.12.040""]",10.9825629,0.0,1,LiFSI,1.0,mol/l,mol/L,volume,,EC:0.300+EMC:0.700,0.6108643020548935,28.73,1.025,28.73,1.025,0,0,0,1,0,1,0.3,0,0.0,0,0.0,0,0.0,0,0.0,1,0.7,"('Li', 'FSI', 1.0, '[""EC"",""EMC""]', '[0.3,0.7]', 322.7762915)",19
saltFSI_rank04_row41_q0p75,Li_FSI_1p0M_EC0p3EMC0p7_T322p7762915_q075,parsed,12.1242,1.2262,Ionic conductivity = 12.1242 ± 1.2262 mS/cm,/scratch/hacortes/ADOBADO/LELi-MDLab/solvents/Q_Optimization/Li_FSI_1p0M_EC0p3EMC0p7_T322p7762915_q075,/scratch/hacortes/ADOBADO/LELi-MDLab/solvents/Q_Optimization/Li_FSI_1p0M_EC0p3EMC0p7_T322p7762915_q075/output_LELiB_MDLab.txt,41,10.1016/j.jpowsour.2010.12.040,Li,FSI,1.0,"[""EC"",""EMC""]","[0.3,0.7]",322.7762915,FSI,0.75,maximin descriptor spread within salt family; exact duplicate simulation inputs excluded,68,4,4,10.1016/j.jpowsour.2010.12.040,[41],"[""10.1016/j.jpowsour.2010.12.040""]",10.9825629,0.0,1,LiFSI,1.0,mol/l,mol/L,volume,,EC:0.300+EMC:0.700,0.6108643020548935,28.73,1.025,28.73,1.025,0,0,0,1,0,1,0.3,0,0.0,0,0.0,0,0.0,0,0.0,1,0.7,"('Li', 'FSI', 1.0, '[""EC"",""EMC""]', '[0.3,0.7]', 322.7762915)",19
saltFSI_rank04_row41_q0p80,Li_FSI_1p0M_EC0p3EMC0p7_T322p7762915_q080,parsed,8.3177,1.3889,Ionic conductivity = 8.3177 ± 1.3889 mS/cm,/scratch/hacortes/ADOBADO/LELi-MDLab/solvents/Q_Optimization/Li_FSI_1p0M_EC0p3EMC0p7_T322p7762915_q080,/scratch/hacortes/ADOBADO/LELi-MDLab/solvents/Q_Optimization/Li_FSI_1p0M_EC0p3EMC0p7_T322p7762915_q080/output_LELiB_MDLab.txt,41,10.1016/j.jpowsour.2010.12.040,Li,FSI,1.0,"[""EC"",""EMC""]","[0.3,0.7]",322.7762915,FSI,0.80,maximin descriptor spread within salt family; exact duplicate simulation inputs excluded,68,4,4,10.1016/j.jpowsour.2010.12.040,[41],"[""10.1016/j.jpowsour.2010.12.040""]",10.9825629,0.0,1,LiFSI,1.0,mol/l,mol/L,volume,,EC:0.300+EMC:0.700,0.6108643020548935,28.73,1.025,28.73,1.025,0,0,0,1,0,1,0.3,0,0.0,0,0.0,0,0.0,0,0.0,1,0.7,"('Li', 'FSI', 1.0, '[""EC"",""EMC""]', '[0.3,0.7]', 322.7762915)",19
saltFSI_rank04_row41_q0p85,Li_FSI_1p0M_EC0p3EMC0p7_T322p7762915_q085,parsed,8.5069,2.0176,Ionic conductivity = 8.5069 ± 2.0176 mS/cm,/scratch/hacortes/ADOBADO/LELi-MDLab/solvents/Q_Optimization/Li_FSI_1p0M_EC0p3EMC0p7_T322p7762915_q085,/scratch/hacortes/ADOBADO/LELi-MDLab/solvents/Q_Optimization/Li_FSI_1p0M_EC0p3EMC0p7_T322p7762915_q085/output_LELiB_MDLab.txt,41,10.1016/j.jpowsour.2010.12.040,Li,FSI,1.0,"[""EC"",""EMC""]","[0.3,0.7]",322.7762915,FSI,0.85,maximin descriptor spread within salt family; exact duplicate simulation inputs excluded,68,4,4,10.1016/j.jpowsour.2010.12.040,[41],"[""10.1016/j.jpowsour.2010.12.040""]",10.9825629,0.0,1,LiFSI,1.0,mol/l,mol/L,volume,,EC:0.300+EMC:0.700,0.6108643020548935,28.73,1.025,28.73,1.025,0,0,0,1,0,1,0.3,0,0.0,0,0.0,0,0.0,0,0.0,1,0.7,"('Li', 'FSI', 1.0, '[""EC"",""EMC""]', '[0.3,0.7]', 322.7762915)",19
saltFSI_rank04_row41_q0p90,Li_FSI_1p0M_EC0p3EMC0p7_T322p7762915_q090,parsed,5.4292,0.7941,Ionic conductivity = 5.4292 ± 0.7941 mS/cm,/scratch/hacortes/ADOBADO/LELi-MDLab/solvents/Q_Optimization/Li_FSI_1p0M_EC0p3EMC0p7_T322p7762915_q090,/scratch/hacortes/ADOBADO/LELi-MDLab/solvents/Q_Optimization/Li_FSI_1p0M_EC0p3EMC0p7_T322p7762915_q090/output_LELiB_MDLab.txt,41,10.1016/j.jpowsour.2010.12.040,Li,FSI,1.0,"[""EC"",""EMC""]","[0.3,0.7]",322.7762915,FSI,0.90,maximin descriptor spread within salt family; exact duplicate simulation inputs excluded,68,4,4,10.1016/j.jpowsour.2010.12.040,[41],"[""10.1016/j.jpowsour.2010.12.040""]",10.9825629,0.0,1,LiFSI,1.0,mol/l,mol/L,volume,,EC:0.300+EMC:0.700,0.6108643020548935,28.73,1.025,28.73,1.025,0,0,0,1,0,1,0.3,0,0.0,0,0.0,0,0.0,0,0.0,1,0.7,"('Li', 'FSI', 1.0, '[""EC"",""EMC""]', '[0.3,0.7]', 322.7762915)",19
saltFSI_rank05_row37_q0p70,Li_FSI_1p0M_EC0p3EMC0p7_T273p0531347_q070,parsed,5.9829,0.7813,Ionic conductivity = 5.9829 ± 0.7813 mS/cm,/scratch/hacortes/ADOBADO/LELi-MDLab/solvents/Q_Optimization/Li_FSI_1p0M_EC0p3EMC0p7_T273p0531347_q070,/scratch/hacortes/ADOBADO/LELi-MDLab/solvents/Q_Optimization/Li_FSI_1p0M_EC0p3EMC0p7_T273p0531347_q070/output_LELiB_MDLab.txt,37,10.1016/j.jpowsour.2010.12.040,Li,FSI,1.0,"[""EC"",""EMC""]","[0.3,0.7]",273.0531347,FSI,0.70,maximin descriptor spread within salt family; exact duplicate simulation inputs excluded,69,4,5,10.1016/j.jpowsour.2010.12.040,[37],"[""10.1016/j.jpowsour.2010.12.040""]",5.943977157,0.0,1,LiFSI,1.0,mol/l,mol/L,volume,,EC:0.300+EMC:0.700,0.6108643020548935,28.73,1.025,28.73,1.025,0,0,0,1,0,1,0.3,0,0.0,0,0.0,0,0.0,0,0.0,1,0.7,"('Li', 'FSI', 1.0, '[""EC"",""EMC""]', '[0.3,0.7]', 273.0531347)",19
saltFSI_rank05_row37_q0p75,Li_FSI_1p0M_EC0p3EMC0p7_T273p0531347_q075,parsed,3.8356,1.0775,Ionic conductivity = 3.8356 ± 1.0775 mS/cm,/scratch/hacortes/ADOBADO/LELi-MDLab/solvents/Q_Optimization/Li_FSI_1p0M_EC0p3EMC0p7_T273p0531347_q075,/scratch/hacortes/ADOBADO/LELi-MDLab/solvents/Q_Optimization/Li_FSI_1p0M_EC0p3EMC0p7_T273p0531347_q075/output_LELiB_MDLab.txt,37,10.1016/j.jpowsour.2010.12.040,Li,FSI,1.0,"[""EC"",""EMC""]","[0.3,0.7]",273.0531347,FSI,0.75,maximin descriptor spread within salt family; exact duplicate simulation inputs excluded,69,4,5,10.1016/j.jpowsour.2010.12.040,[37],"[""10.1016/j.jpowsour.2010.12.040""]",5.943977157,0.0,1,LiFSI,1.0,mol/l,mol/L,volume,,EC:0.300+EMC:0.700,0.6108643020548935,28.73,1.025,28.73,1.025,0,0,0,1,0,1,0.3,0,0.0,0,0.0,0,0.0,0,0.0,1,0.7,"('Li', 'FSI', 1.0, '[""EC"",""EMC""]', '[0.3,0.7]', 273.0531347)",19
saltFSI_rank05_row37_q0p80,Li_FSI_1p0M_EC0p3EMC0p7_T273p0531347_q080,parsed,4.2436,0.4446,Ionic conductivity = 4.2436 ± 0.4446 mS/cm,/scratch/hacortes/ADOBADO/LELi-MDLab/solvents/Q_Optimization/Li_FSI_1p0M_EC0p3EMC0p7_T273p0531347_q080,/scratch/hacortes/ADOBADO/LELi-MDLab/solvents/Q_Optimization/Li_FSI_1p0M_EC0p3EMC0p7_T273p0531347_q080/output_LELiB_MDLab.txt,37,10.1016/j.jpowsour.2010.12.040,Li,FSI,1.0,"[""EC"",""EMC""]","[0.3,0.7]",273.0531347,FSI,0.80,maximin descriptor spread within salt family; exact duplicate simulation inputs excluded,69,4,5,10.1016/j.jpowsour.2010.12.040,[37],"[""10.1016/j.jpowsour.2010.12.040""]",5.943977157,0.0,1,LiFSI,1.0,mol/l,mol/L,volume,,EC:0.300+EMC:0.700,0.6108643020548935,28.73,1.025,28.73,1.025,0,0,0,1,0,1,0.3,0,0.0,0,0.0,0,0.0,0,0.0,1,0.7,"('Li', 'FSI', 1.0, '[""EC"",""EMC""]', '[0.3,0.7]', 273.0531347)",19
saltFSI_rank05_row37_q0p85,Li_FSI_1p0M_EC0p3EMC0p7_T273p0531347_q085,parsed,2.1623,0.3206,Ionic conductivity = 2.1623 ± 0.3206 mS/cm,/scratch/hacortes/ADOBADO/LELi-MDLab/solvents/Q_Optimization/Li_FSI_1p0M_EC0p3EMC0p7_T273p0531347_q085,/scratch/hacortes/ADOBADO/LELi-MDLab/solvents/Q_Optimization/Li_FSI_1p0M_EC0p3EMC0p7_T273p0531347_q085/output_LELiB_MDLab.txt,37,10.1016/j.jpowsour.2010.12.040,Li,FSI,1.0,"[""EC"",""EMC""]","[0.3,0.7]",273.0531347,FSI,0.85,maximin descriptor spread within salt family; exact duplicate simulation inputs excluded,69,4,5,10.1016/j.jpowsour.2010.12.040,[37],"[""10.1016/j.jpowsour.2010.12.040""]",5.943977157,0.0,1,LiFSI,1.0,mol/l,mol/L,volume,,EC:0.300+EMC:0.700,0.6108643020548935,28.73,1.025,28.73,1.025,0,0,0,1,0,1,0.3,0,0.0,0,0.0,0,0.0,0,0.0,1,0.7,"('Li', 'FSI', 1.0, '[""EC"",""EMC""]', '[0.3,0.7]', 273.0531347)",19
saltFSI_rank05_row37_q0p90,Li_FSI_1p0M_EC0p3EMC0p7_T273p0531347_q090,parsed,1.1238,0.4146,Ionic conductivity = 1.1238 ± 0.4146 mS/cm,/scratch/hacortes/ADOBADO/LELi-MDLab/solvents/Q_Optimization/Li_FSI_1p0M_EC0p3EMC0p7_T273p0531347_q090,/scratch/hacortes/ADOBADO/LELi-MDLab/solvents/Q_Optimization/Li_FSI_1p0M_EC0p3EMC0p7_T273p0531347_q090/output_LELiB_MDLab.txt,37,10.1016/j.jpowsour.2010.12.040,Li,FSI,1.0,"[""EC"",""EMC""]","[0.3,0.7]",273.0531347,FSI,0.90,maximin descriptor spread within salt family; exact duplicate simulation inputs excluded,69,4,5,10.1016/j.jpowsour.2010.12.040,[37],"[""10.1016/j.jpowsour.2010.12.040""]",5.943977157,0.0,1,LiFSI,1.0,mol/l,mol/L,volume,,EC:0.300+EMC:0.700,0.6108643020548935,28.73,1.025,28.73,1.025,0,0,0,1,0,1,0.3,0,0.0,0,0.0,0,0.0,0,0.0,1,0.7,"('Li', 'FSI', 1.0, '[""EC"",""EMC""]', '[0.3,0.7]', 273.0531347)",19
saltBF4_rank01_row66_q0p70,Li_BF4_1p0M_EC0p3EMC0p7_T283p0889854_q070,parsed,9.9003,2.1173,Ionic conductivity = 9.9003 ± 2.1173 mS/cm,/scratch/hacortes/ADOBADO/LELi-MDLab/solvents/Q_Optimization/Li_BF4_1p0M_EC0p3EMC0p7_T283p0889854_q070,/scratch/hacortes/ADOBADO/LELi-MDLab/solvents/Q_Optimization/Li_BF4_1p0M_EC0p3EMC0p7_T283p0889854_q070/output_LELiB_MDLab.txt,66,10.1016/j.jpowsour.2010.12.040,Li,BF4,1.0,"[""EC"",""EMC""]","[0.3,0.7]",283.0889854,BF4,0.70,"salt-family centroid representative selected from salt_conc, temperature, weighted_permittivity, weighted_viscosity_mPa_s_25C, solvent_entropy, salt_conc_x_weighted_permittivity, salt_conc_x_weighted_viscosity, frac_EC, frac_PC, frac_DME, frac_DMC, frac_DEC, frac_EMC, conductivity descriptor space",70,5,1,10.1016/j.jpowsour.2010.12.040,[66],"[""10.1016/j.jpowsour.2010.12.040""]",2.856573625,0.0,1,LiBF4,1.0,mol/l,mol/L,volume,,EC:0.300+EMC:0.700,0.6108643020548935,28.73,1.025,28.73,1.025,0,0,0,0,1,1,0.3,0,0.0,0,0.0,0,0.0,0,0.0,1,0.7,"('Li', 'BF4', 1.0, '[""EC"",""EMC""]', '[0.3,0.7]', 283.0889854)",43
saltBF4_rank01_row66_q0p75,Li_BF4_1p0M_EC0p3EMC0p7_T283p0889854_q075,parsed,9.0995,0.8884,Ionic conductivity = 9.0995 ± 0.8884 mS/cm,/scratch/hacortes/ADOBADO/LELi-MDLab/solvents/Q_Optimization/Li_BF4_1p0M_EC0p3EMC0p7_T283p0889854_q075,/scratch/hacortes/ADOBADO/LELi-MDLab/solvents/Q_Optimization/Li_BF4_1p0M_EC0p3EMC0p7_T283p0889854_q075/output_LELiB_MDLab.txt,66,10.1016/j.jpowsour.2010.12.040,Li,BF4,1.0,"[""EC"",""EMC""]","[0.3,0.7]",283.0889854,BF4,0.75,"salt-family centroid representative selected from salt_conc, temperature, weighted_permittivity, weighted_viscosity_mPa_s_25C, solvent_entropy, salt_conc_x_weighted_permittivity, salt_conc_x_weighted_viscosity, frac_EC, frac_PC, frac_DME, frac_DMC, frac_DEC, frac_EMC, conductivity descriptor space",70,5,1,10.1016/j.jpowsour.2010.12.040,[66],"[""10.1016/j.jpowsour.2010.12.040""]",2.856573625,0.0,1,LiBF4,1.0,mol/l,mol/L,volume,,EC:0.300+EMC:0.700,0.6108643020548935,28.73,1.025,28.73,1.025,0,0,0,0,1,1,0.3,0,0.0,0,0.0,0,0.0,0,0.0,1,0.7,"('Li', 'BF4', 1.0, '[""EC"",""EMC""]', '[0.3,0.7]', 283.0889854)",43
saltBF4_rank01_row66_q0p80,Li_BF4_1p0M_EC0p3EMC0p7_T283p0889854_q080,parsed,7.0429,1.5644,Ionic conductivity = 7.0429 ± 1.5644 mS/cm,/scratch/hacortes/ADOBADO/LELi-MDLab/solvents/Q_Optimization/Li_BF4_1p0M_EC0p3EMC0p7_T283p0889854_q080,/scratch/hacortes/ADOBADO/LELi-MDLab/solvents/Q_Optimization/Li_BF4_1p0M_EC0p3EMC0p7_T283p0889854_q080/output_LELiB_MDLab.txt,66,10.1016/j.jpowsour.2010.12.040,Li,BF4,1.0,"[""EC"",""EMC""]","[0.3,0.7]",283.0889854,BF4,0.80,"salt-family centroid representative selected from salt_conc, temperature, weighted_permittivity, weighted_viscosity_mPa_s_25C, solvent_entropy, salt_conc_x_weighted_permittivity, salt_conc_x_weighted_viscosity, frac_EC, frac_PC, frac_DME, frac_DMC, frac_DEC, frac_EMC, conductivity descriptor space",70,5,1,10.1016/j.jpowsour.2010.12.040,[66],"[""10.1016/j.jpowsour.2010.12.040""]",2.856573625,0.0,1,LiBF4,1.0,mol/l,mol/L,volume,,EC:0.300+EMC:0.700,0.6108643020548935,28.73,1.025,28.73,1.025,0,0,0,0,1,1,0.3,0,0.0,0,0.0,0,0.0,0,0.0,1,0.7,"('Li', 'BF4', 1.0, '[""EC"",""EMC""]', '[0.3,0.7]', 283.0889854)",43
saltBF4_rank01_row66_q0p85,Li_BF4_1p0M_EC0p3EMC0p7_T283p0889854_q085,parsed,4.5278,0.6478,Ionic conductivity = 4.5278 ± 0.6478 mS/cm,/scratch/hacortes/ADOBADO/LELi-MDLab/solvents/Q_Optimization/Li_BF4_1p0M_EC0p3EMC0p7_T283p0889854_q085,/scratch/hacortes/ADOBADO/LELi-MDLab/solvents/Q_Optimization/Li_BF4_1p0M_EC0p3EMC0p7_T283p0889854_q085/output_LELiB_MDLab.txt,66,10.1016/j.jpowsour.2010.12.040,Li,BF4,1.0,"[""EC"",""EMC""]","[0.3,0.7]",283.0889854,BF4,0.85,"salt-family centroid representative selected from salt_conc, temperature, weighted_permittivity, weighted_viscosity_mPa_s_25C, solvent_entropy, salt_conc_x_weighted_permittivity, salt_conc_x_weighted_viscosity, frac_EC, frac_PC, frac_DME, frac_DMC, frac_DEC, frac_EMC, conductivity descriptor space",70,5,1,10.1016/j.jpowsour.2010.12.040,[66],"[""10.1016/j.jpowsour.2010.12.040""]",2.856573625,0.0,1,LiBF4,1.0,mol/l,mol/L,volume,,EC:0.300+EMC:0.700,0.6108643020548935,28.73,1.025,28.73,1.025,0,0,0,0,1,1,0.3,0,0.0,0,0.0,0,0.0,0,0.0,1,0.7,"('Li', 'BF4', 1.0, '[""EC"",""EMC""]', '[0.3,0.7]', 283.0889854)",43
saltBF4_rank01_row66_q0p90,Li_BF4_1p0M_EC0p3EMC0p7_T283p0889854_q090,parsed,2.9114,0.4244,Ionic conductivity = 2.9114 ± 0.4244 mS/cm,/scratch/hacortes/ADOBADO/LELi-MDLab/solvents/Q_Optimization/Li_BF4_1p0M_EC0p3EMC0p7_T283p0889854_q090,/scratch/hacortes/ADOBADO/LELi-MDLab/solvents/Q_Optimization/Li_BF4_1p0M_EC0p3EMC0p7_T283p0889854_q090/output_LELiB_MDLab.txt,66,10.1016/j.jpowsour.2010.12.040,Li,BF4,1.0,"[""EC"",""EMC""]","[0.3,0.7]",283.0889854,BF4,0.90,"salt-family centroid representative selected from salt_conc, temperature, weighted_permittivity, weighted_viscosity_mPa_s_25C, solvent_entropy, salt_conc_x_weighted_permittivity, salt_conc_x_weighted_viscosity, frac_EC, frac_PC, frac_DME, frac_DMC, frac_DEC, frac_EMC, conductivity descriptor space",70,5,1,10.1016/j.jpowsour.2010.12.040,[66],"[""10.1016/j.jpowsour.2010.12.040""]",2.856573625,0.0,1,LiBF4,1.0,mol/l,mol/L,volume,,EC:0.300+EMC:0.700,0.6108643020548935,28.73,1.025,28.73,1.025,0,0,0,0,1,1,0.3,0,0.0,0,0.0,0,0.0,0,0.0,1,0.7,"('Li', 'BF4', 1.0, '[""EC"",""EMC""]', '[0.3,0.7]', 283.0889854)",43
saltBF4_rank02_row13823_q0p70,Li_BF4_1p0M_EC0p5PC0p5_T353p15_q070,parsed,17.4834,5.1230,Ionic conductivity = 17.4834 ± 5.1230 mS/cm,/scratch/hacortes/ADOBADO/LELi-MDLab/solvents/Q_Optimization/Li_BF4_1p0M_EC0p5PC0p5_T353p15_q070,/scratch/hacortes/ADOBADO/LELi-MDLab/solvents/Q_Optimization/Li_BF4_1p0M_EC0p5PC0p5_T353p15_q070/output_LELiB_MDLab.txt,13823,10.1016/0378-7753(91)80004-H,Li,BF4,1.0,"[""EC"",""PC""]","[0.5,0.5]",353.15,BF4,0.70,maximin descriptor spread within salt family; exact duplicate simulation inputs excluded,71,5,2,10.1016/0378-7753(91)80004-H,[13823],"[""10.1016/0378-7753(91)80004-H""]",10.79,0.0,1,LiBF4,1.0,mol/l,mol/L,volume,,EC:0.500+PC:0.500,0.6931471805599453,76.95,2.215,76.95,2.215,0,0,0,0,1,1,0.5,1,0.5,0,0.0,0,0.0,0,0.0,0,0.0,"('Li', 'BF4', 1.0, '[""EC"",""PC""]', '[0.5,0.5]', 353.15)",43
saltBF4_rank02_row13823_q0p75,Li_BF4_1p0M_EC0p5PC0p5_T353p15_q075,parsed,24.8514,5.7580,Ionic conductivity = 24.8514 ± 5.7580 mS/cm,/scratch/hacortes/ADOBADO/LELi-MDLab/solvents/Q_Optimization/Li_BF4_1p0M_EC0p5PC0p5_T353p15_q075,/scratch/hacortes/ADOBADO/LELi-MDLab/solvents/Q_Optimization/Li_BF4_1p0M_EC0p5PC0p5_T353p15_q075/output_LELiB_MDLab.txt,13823,10.1016/0378-7753(91)80004-H,Li,BF4,1.0,"[""EC"",""PC""]","[0.5,0.5]",353.15,BF4,0.75,maximin descriptor spread within salt family; exact duplicate simulation inputs excluded,71,5,2,10.1016/0378-7753(91)80004-H,[13823],"[""10.1016/0378-7753(91)80004-H""]",10.79,0.0,1,LiBF4,1.0,mol/l,mol/L,volume,,EC:0.500+PC:0.500,0.6931471805599453,76.95,2.215,76.95,2.215,0,0,0,0,1,1,0.5,1,0.5,0,0.0,0,0.0,0,0.0,0,0.0,"('Li', 'BF4', 1.0, '[""EC"",""PC""]', '[0.5,0.5]', 353.15)",43
saltBF4_rank02_row13823_q0p80,Li_BF4_1p0M_EC0p5PC0p5_T353p15_q080,parsed,23.9448,4.2537,Ionic conductivity = 23.9448 ± 4.2537 mS/cm,/scratch/hacortes/ADOBADO/LELi-MDLab/solvents/Q_Optimization/Li_BF4_1p0M_EC0p5PC0p5_T353p15_q080,/scratch/hacortes/ADOBADO/LELi-MDLab/solvents/Q_Optimization/Li_BF4_1p0M_EC0p5PC0p5_T353p15_q080/output_LELiB_MDLab.txt,13823,10.1016/0378-7753(91)80004-H,Li,BF4,1.0,"[""EC"",""PC""]","[0.5,0.5]",353.15,BF4,0.80,maximin descriptor spread within salt family; exact duplicate simulation inputs excluded,71,5,2,10.1016/0378-7753(91)80004-H,[13823],"[""10.1016/0378-7753(91)80004-H""]",10.79,0.0,1,LiBF4,1.0,mol/l,mol/L,volume,,EC:0.500+PC:0.500,0.6931471805599453,76.95,2.215,76.95,2.215,0,0,0,0,1,1,0.5,1,0.5,0,0.0,0,0.0,0,0.0,0,0.0,"('Li', 'BF4', 1.0, '[""EC"",""PC""]', '[0.5,0.5]', 353.15)",43
saltBF4_rank02_row13823_q0p85,Li_BF4_1p0M_EC0p5PC0p5_T353p15_q085,parsed,16.0358,3.5009,Ionic conductivity = 16.0358 ± 3.5009 mS/cm,/scratch/hacortes/ADOBADO/LELi-MDLab/solvents/Q_Optimization/Li_BF4_1p0M_EC0p5PC0p5_T353p15_q085,/scratch/hacortes/ADOBADO/LELi-MDLab/solvents/Q_Optimization/Li_BF4_1p0M_EC0p5PC0p5_T353p15_q085/output_LELiB_MDLab.txt,13823,10.1016/0378-7753(91)80004-H,Li,BF4,1.0,"[""EC"",""PC""]","[0.5,0.5]",353.15,BF4,0.85,maximin descriptor spread within salt family; exact duplicate simulation inputs excluded,71,5,2,10.1016/0378-7753(91)80004-H,[13823],"[""10.1016/0378-7753(91)80004-H""]",10.79,0.0,1,LiBF4,1.0,mol/l,mol/L,volume,,EC:0.500+PC:0.500,0.6931471805599453,76.95,2.215,76.95,2.215,0,0,0,0,1,1,0.5,1,0.5,0,0.0,0,0.0,0,0.0,0,0.0,"('Li', 'BF4', 1.0, '[""EC"",""PC""]', '[0.5,0.5]', 353.15)",43
saltBF4_rank02_row13823_q0p90,Li_BF4_1p0M_EC0p5PC0p5_T353p15_q090,parsed,15.7465,3.7397,Ionic conductivity = 15.7465 ± 3.7397 mS/cm,/scratch/hacortes/ADOBADO/LELi-MDLab/solvents/Q_Optimization/Li_BF4_1p0M_EC0p5PC0p5_T353p15_q090,/scratch/hacortes/ADOBADO/LELi-MDLab/solvents/Q_Optimization/Li_BF4_1p0M_EC0p5PC0p5_T353p15_q090/output_LELiB_MDLab.txt,13823,10.1016/0378-7753(91)80004-H,Li,BF4,1.0,"[""EC"",""PC""]","[0.5,0.5]",353.15,BF4,0.90,maximin descriptor spread within salt family; exact duplicate simulation inputs excluded,71,5,2,10.1016/0378-7753(91)80004-H,[13823],"[""10.1016/0378-7753(91)80004-H""]",10.79,0.0,1,LiBF4,1.0,mol/l,mol/L,volume,,EC:0.500+PC:0.500,0.6931471805599453,76.95,2.215,76.95,2.215,0,0,0,0,1,1,0.5,1,0.5,0,0.0,0,0.0,0,0.0,0,0.0,"('Li', 'BF4', 1.0, '[""EC"",""PC""]', '[0.5,0.5]', 353.15)",43
saltBF4_rank03_row13793_q0p70,Li_BF4_1p0M_EC0p5PC0p5_T213p15_q070,parsed,0.2460,0.0717,Ionic conductivity = 0.2460 ± 0.0717 mS/cm,/scratch/hacortes/ADOBADO/LELi-MDLab/solvents/Q_Optimization/Li_BF4_1p0M_EC0p5PC0p5_T213p15_q070,/scratch/hacortes/ADOBADO/LELi-MDLab/solvents/Q_Optimization/Li_BF4_1p0M_EC0p5PC0p5_T213p15_q070/output_LELiB_MDLab.txt,13793,10.1016/0378-7753(91)80004-H,Li,BF4,1.0,"[""EC"",""PC""]","[0.5,0.5]",213.15,BF4,0.70,maximin descriptor spread within salt family; exact duplicate simulation inputs excluded,72,5,3,10.1016/0378-7753(91)80004-H,[13793],"[""10.1016/0378-7753(91)80004-H""]",0.02,0.0,1,LiBF4,1.0,mol/l,mol/L,volume,,EC:0.500+PC:0.500,0.6931471805599453,76.95,2.215,76.95,2.215,0,0,0,0,1,1,0.5,1,0.5,0,0.0,0,0.0,0,0.0,0,0.0,"('Li', 'BF4', 1.0, '[""EC"",""PC""]', '[0.5,0.5]', 213.15)",43
saltBF4_rank03_row13793_q0p75,Li_BF4_1p0M_EC0p5PC0p5_T213p15_q075,parsed,0.1688,0.0563,Ionic conductivity = 0.1688 ± 0.0563 mS/cm,/scratch/hacortes/ADOBADO/LELi-MDLab/solvents/Q_Optimization/Li_BF4_1p0M_EC0p5PC0p5_T213p15_q075,/scratch/hacortes/ADOBADO/LELi-MDLab/solvents/Q_Optimization/Li_BF4_1p0M_EC0p5PC0p5_T213p15_q075/output_LELiB_MDLab.txt,13793,10.1016/0378-7753(91)80004-H,Li,BF4,1.0,"[""EC"",""PC""]","[0.5,0.5]",213.15,BF4,0.75,maximin descriptor spread within salt family; exact duplicate simulation inputs excluded,72,5,3,10.1016/0378-7753(91)80004-H,[13793],"[""10.1016/0378-7753(91)80004-H""]",0.02,0.0,1,LiBF4,1.0,mol/l,mol/L,volume,,EC:0.500+PC:0.500,0.6931471805599453,76.95,2.215,76.95,2.215,0,0,0,0,1,1,0.5,1,0.5,0,0.0,0,0.0,0,0.0,0,0.0,"('Li', 'BF4', 1.0, '[""EC"",""PC""]', '[0.5,0.5]', 213.15)",43
saltBF4_rank03_row13793_q0p80,Li_BF4_1p0M_EC0p5PC0p5_T213p15_q080,parsed,0.1102,0.0345,Ionic conductivity = 0.1102 ± 0.0345 mS/cm,/scratch/hacortes/ADOBADO/LELi-MDLab/solvents/Q_Optimization/Li_BF4_1p0M_EC0p5PC0p5_T213p15_q080,/scratch/hacortes/ADOBADO/LELi-MDLab/solvents/Q_Optimization/Li_BF4_1p0M_EC0p5PC0p5_T213p15_q080/output_LELiB_MDLab.txt,13793,10.1016/0378-7753(91)80004-H,Li,BF4,1.0,"[""EC"",""PC""]","[0.5,0.5]",213.15,BF4,0.80,maximin descriptor spread within salt family; exact duplicate simulation inputs excluded,72,5,3,10.1016/0378-7753(91)80004-H,[13793],"[""10.1016/0378-7753(91)80004-H""]",0.02,0.0,1,LiBF4,1.0,mol/l,mol/L,volume,,EC:0.500+PC:0.500,0.6931471805599453,76.95,2.215,76.95,2.215,0,0,0,0,1,1,0.5,1,0.5,0,0.0,0,0.0,0,0.0,0,0.0,"('Li', 'BF4', 1.0, '[""EC"",""PC""]', '[0.5,0.5]', 213.15)",43
saltBF4_rank03_row13793_q0p85,Li_BF4_1p0M_EC0p5PC0p5_T213p15_q085,parsed,0.1029,0.0351,Ionic conductivity = 0.1029 ± 0.0351 mS/cm,/scratch/hacortes/ADOBADO/LELi-MDLab/solvents/Q_Optimization/Li_BF4_1p0M_EC0p5PC0p5_T213p15_q085,/scratch/hacortes/ADOBADO/LELi-MDLab/solvents/Q_Optimization/Li_BF4_1p0M_EC0p5PC0p5_T213p15_q085/output_LELiB_MDLab.txt,13793,10.1016/0378-7753(91)80004-H,Li,BF4,1.0,"[""EC"",""PC""]","[0.5,0.5]",213.15,BF4,0.85,maximin descriptor spread within salt family; exact duplicate simulation inputs excluded,72,5,3,10.1016/0378-7753(91)80004-H,[13793],"[""10.1016/0378-7753(91)80004-H""]",0.02,0.0,1,LiBF4,1.0,mol/l,mol/L,volume,,EC:0.500+PC:0.500,0.6931471805599453,76.95,2.215,76.95,2.215,0,0,0,0,1,1,0.5,1,0.5,0,0.0,0,0.0,0,0.0,0,0.0,"('Li', 'BF4', 1.0, '[""EC"",""PC""]', '[0.5,0.5]', 213.15)",43
saltBF4_rank03_row13793_q0p90,Li_BF4_1p0M_EC0p5PC0p5_T213p15_q090,parsed,0.1226,0.0725,Ionic conductivity = 0.1226 ± 0.0725 mS/cm,/scratch/hacortes/ADOBADO/LELi-MDLab/solvents/Q_Optimization/Li_BF4_1p0M_EC0p5PC0p5_T213p15_q090,/scratch/hacortes/ADOBADO/LELi-MDLab/solvents/Q_Optimization/Li_BF4_1p0M_EC0p5PC0p5_T213p15_q090/output_LELiB_MDLab.txt,13793,10.1016/0378-7753(91)80004-H,Li,BF4,1.0,"[""EC"",""PC""]","[0.5,0.5]",213.15,BF4,0.90,maximin descriptor spread within salt family; exact duplicate simulation inputs excluded,72,5,3,10.1016/0378-7753(91)80004-H,[13793],"[""10.1016/0378-7753(91)80004-H""]",0.02,0.0,1,LiBF4,1.0,mol/l,mol/L,volume,,EC:0.500+PC:0.500,0.6931471805599453,76.95,2.215,76.95,2.215,0,0,0,0,1,1,0.5,1,0.5,0,0.0,0,0.0,0,0.0,0,0.0,"('Li', 'BF4', 1.0, '[""EC"",""PC""]', '[0.5,0.5]', 213.15)",43
saltBF4_rank04_row70_q0p70,Li_BF4_1p0M_EC0p3EMC0p7_T332p6559387_q070,parsed,19.2166,2.5386,Ionic conductivity = 19.2166 ± 2.5386 mS/cm,/scratch/hacortes/ADOBADO/LELi-MDLab/solvents/Q_Optimization/Li_BF4_1p0M_EC0p3EMC0p7_T332p6559387_q070,/scratch/hacortes/ADOBADO/LELi-MDLab/solvents/Q_Optimization/Li_BF4_1p0M_EC0p3EMC0p7_T332p6559387_q070/output_LELiB_MDLab.txt,70,10.1016/j.jpowsour.2010.12.040,Li,BF4,1.0,"[""EC"",""EMC""]","[0.3,0.7]",332.6559387,BF4,0.70,maximin descriptor spread within salt family; exact duplicate simulation inputs excluded,73,5,4,10.1016/j.jpowsour.2010.12.040,[70],"[""10.1016/j.jpowsour.2010.12.040""]",10.48660798,0.0,1,LiBF4,1.0,mol/l,mol/L,volume,,EC:0.300+EMC:0.700,0.6108643020548935,28.73,1.025,28.73,1.025,0,0,0,0,1,1,0.3,0,0.0,0,0.0,0,0.0,0,0.0,1,0.7,"('Li', 'BF4', 1.0, '[""EC"",""EMC""]', '[0.3,0.7]', 332.6559387)",43
saltBF4_rank04_row70_q0p75,Li_BF4_1p0M_EC0p3EMC0p7_T332p6559387_q075,parsed,17.6979,1.7670,Ionic conductivity = 17.6979 ± 1.7670 mS/cm,/scratch/hacortes/ADOBADO/LELi-MDLab/solvents/Q_Optimization/Li_BF4_1p0M_EC0p3EMC0p7_T332p6559387_q075,/scratch/hacortes/ADOBADO/LELi-MDLab/solvents/Q_Optimization/Li_BF4_1p0M_EC0p3EMC0p7_T332p6559387_q075/output_LELiB_MDLab.txt,70,10.1016/j.jpowsour.2010.12.040,Li,BF4,1.0,"[""EC"",""EMC""]","[0.3,0.7]",332.6559387,BF4,0.75,maximin descriptor spread within salt family; exact duplicate simulation inputs excluded,73,5,4,10.1016/j.jpowsour.2010.12.040,[70],"[""10.1016/j.jpowsour.2010.12.040""]",10.48660798,0.0,1,LiBF4,1.0,mol/l,mol/L,volume,,EC:0.300+EMC:0.700,0.6108643020548935,28.73,1.025,28.73,1.025,0,0,0,0,1,1,0.3,0,0.0,0,0.0,0,0.0,0,0.0,1,0.7,"('Li', 'BF4', 1.0, '[""EC"",""EMC""]', '[0.3,0.7]', 332.6559387)",43
saltBF4_rank04_row70_q0p80,Li_BF4_1p0M_EC0p3EMC0p7_T332p6559387_q080,parsed,12.6190,2.0264,Ionic conductivity = 12.6190 ± 2.0264 mS/cm,/scratch/hacortes/ADOBADO/LELi-MDLab/solvents/Q_Optimization/Li_BF4_1p0M_EC0p3EMC0p7_T332p6559387_q080,/scratch/hacortes/ADOBADO/LELi-MDLab/solvents/Q_Optimization/Li_BF4_1p0M_EC0p3EMC0p7_T332p6559387_q080/output_LELiB_MDLab.txt,70,10.1016/j.jpowsour.2010.12.040,Li,BF4,1.0,"[""EC"",""EMC""]","[0.3,0.7]",332.6559387,BF4,0.80,maximin descriptor spread within salt family; exact duplicate simulation inputs excluded,73,5,4,10.1016/j.jpowsour.2010.12.040,[70],"[""10.1016/j.jpowsour.2010.12.040""]",10.48660798,0.0,1,LiBF4,1.0,mol/l,mol/L,volume,,EC:0.300+EMC:0.700,0.6108643020548935,28.73,1.025,28.73,1.025,0,0,0,0,1,1,0.3,0,0.0,0,0.0,0,0.0,0,0.0,1,0.7,"('Li', 'BF4', 1.0, '[""EC"",""EMC""]', '[0.3,0.7]', 332.6559387)",43
saltBF4_rank04_row70_q0p85,Li_BF4_1p0M_EC0p3EMC0p7_T332p6559387_q085,parsed,9.2231,2.0570,Ionic conductivity = 9.2231 ± 2.0570 mS/cm,/scratch/hacortes/ADOBADO/LELi-MDLab/solvents/Q_Optimization/Li_BF4_1p0M_EC0p3EMC0p7_T332p6559387_q085,/scratch/hacortes/ADOBADO/LELi-MDLab/solvents/Q_Optimization/Li_BF4_1p0M_EC0p3EMC0p7_T332p6559387_q085/output_LELiB_MDLab.txt,70,10.1016/j.jpowsour.2010.12.040,Li,BF4,1.0,"[""EC"",""EMC""]","[0.3,0.7]",332.6559387,BF4,0.85,maximin descriptor spread within salt family; exact duplicate simulation inputs excluded,73,5,4,10.1016/j.jpowsour.2010.12.040,[70],"[""10.1016/j.jpowsour.2010.12.040""]",10.48660798,0.0,1,LiBF4,1.0,mol/l,mol/L,volume,,EC:0.300+EMC:0.700,0.6108643020548935,28.73,1.025,28.73,1.025,0,0,0,0,1,1,0.3,0,0.0,0,0.0,0,0.0,0,0.0,1,0.7,"('Li', 'BF4', 1.0, '[""EC"",""EMC""]', '[0.3,0.7]', 332.6559387)",43
saltBF4_rank04_row70_q0p90,Li_BF4_1p0M_EC0p3EMC0p7_T332p6559387_q090,parsed,6.0376,1.6118,Ionic conductivity = 6.0376 ± 1.6118 mS/cm,/scratch/hacortes/ADOBADO/LELi-MDLab/solvents/Q_Optimization/Li_BF4_1p0M_EC0p3EMC0p7_T332p6559387_q090,/scratch/hacortes/ADOBADO/LELi-MDLab/solvents/Q_Optimization/Li_BF4_1p0M_EC0p3EMC0p7_T332p6559387_q090/output_LELiB_MDLab.txt,70,10.1016/j.jpowsour.2010.12.040,Li,BF4,1.0,"[""EC"",""EMC""]","[0.3,0.7]",332.6559387,BF4,0.90,maximin descriptor spread within salt family; exact duplicate simulation inputs excluded,73,5,4,10.1016/j.jpowsour.2010.12.040,[70],"[""10.1016/j.jpowsour.2010.12.040""]",10.48660798,0.0,1,LiBF4,1.0,mol/l,mol/L,volume,,EC:0.300+EMC:0.700,0.6108643020548935,28.73,1.025,28.73,1.025,0,0,0,0,1,1,0.3,0,0.0,0,0.0,0,0.0,0,0.0,1,0.7,"('Li', 'BF4', 1.0, '[""EC"",""EMC""]', '[0.3,0.7]', 332.6559387)",43
saltBF4_rank05_row13814_q0p70,Li_BF4_1p0M_EC0p5PC0p5_T293p15_q070,parsed,10.2492,3.4992,Ionic conductivity = 10.2492 ± 3.4992 mS/cm,/scratch/hacortes/ADOBADO/LELi-MDLab/solvents/Q_Optimization/Li_BF4_1p0M_EC0p5PC0p5_T293p15_q070,/scratch/hacortes/ADOBADO/LELi-MDLab/solvents/Q_Optimization/Li_BF4_1p0M_EC0p5PC0p5_T293p15_q070/output_LELiB_MDLab.txt,13814,10.1016/0378-7753(91)80004-H,Li,BF4,1.0,"[""EC"",""PC""]","[0.5,0.5]",293.15,BF4,0.70,maximin descriptor spread within salt family; exact duplicate simulation inputs excluded,74,5,5,10.1016/0378-7753(91)80004-H,[13814],"[""10.1016/0378-7753(91)80004-H""]",4.25,0.0,1,LiBF4,1.0,mol/l,mol/L,volume,,EC:0.500+PC:0.500,0.6931471805599453,76.95,2.215,76.95,2.215,0,0,0,0,1,1,0.5,1,0.5,0,0.0,0,0.0,0,0.0,0,0.0,"('Li', 'BF4', 1.0, '[""EC"",""PC""]', '[0.5,0.5]', 293.15)",43
saltBF4_rank05_row13814_q0p75,Li_BF4_1p0M_EC0p5PC0p5_T293p15_q075,parsed,7.9290,3.3285,Ionic conductivity = 7.9290 ± 3.3285 mS/cm,/scratch/hacortes/ADOBADO/LELi-MDLab/solvents/Q_Optimization/Li_BF4_1p0M_EC0p5PC0p5_T293p15_q075,/scratch/hacortes/ADOBADO/LELi-MDLab/solvents/Q_Optimization/Li_BF4_1p0M_EC0p5PC0p5_T293p15_q075/output_LELiB_MDLab.txt,13814,10.1016/0378-7753(91)80004-H,Li,BF4,1.0,"[""EC"",""PC""]","[0.5,0.5]",293.15,BF4,0.75,maximin descriptor spread within salt family; exact duplicate simulation inputs excluded,74,5,5,10.1016/0378-7753(91)80004-H,[13814],"[""10.1016/0378-7753(91)80004-H""]",4.25,0.0,1,LiBF4,1.0,mol/l,mol/L,volume,,EC:0.500+PC:0.500,0.6931471805599453,76.95,2.215,76.95,2.215,0,0,0,0,1,1,0.5,1,0.5,0,0.0,0,0.0,0,0.0,0,0.0,"('Li', 'BF4', 1.0, '[""EC"",""PC""]', '[0.5,0.5]', 293.15)",43
saltBF4_rank05_row13814_q0p80,Li_BF4_1p0M_EC0p5PC0p5_T293p15_q080,parsed,6.8674,1.2640,Ionic conductivity = 6.8674 ± 1.2640 mS/cm,/scratch/hacortes/ADOBADO/LELi-MDLab/solvents/Q_Optimization/Li_BF4_1p0M_EC0p5PC0p5_T293p15_q080,/scratch/hacortes/ADOBADO/LELi-MDLab/solvents/Q_Optimization/Li_BF4_1p0M_EC0p5PC0p5_T293p15_q080/output_LELiB_MDLab.txt,13814,10.1016/0378-7753(91)80004-H,Li,BF4,1.0,"[""EC"",""PC""]","[0.5,0.5]",293.15,BF4,0.80,maximin descriptor spread within salt family; exact duplicate simulation inputs excluded,74,5,5,10.1016/0378-7753(91)80004-H,[13814],"[""10.1016/0378-7753(91)80004-H""]",4.25,0.0,1,LiBF4,1.0,mol/l,mol/L,volume,,EC:0.500+PC:0.500,0.6931471805599453,76.95,2.215,76.95,2.215,0,0,0,0,1,1,0.5,1,0.5,0,0.0,0,0.0,0,0.0,0,0.0,"('Li', 'BF4', 1.0, '[""EC"",""PC""]', '[0.5,0.5]', 293.15)",43
saltBF4_rank05_row13814_q0p85,Li_BF4_1p0M_EC0p5PC0p5_T293p15_q085,parsed,5.5684,1.9100,Ionic conductivity = 5.5684 ± 1.9100 mS/cm,/scratch/hacortes/ADOBADO/LELi-MDLab/solvents/Q_Optimization/Li_BF4_1p0M_EC0p5PC0p5_T293p15_q085,/scratch/hacortes/ADOBADO/LELi-MDLab/solvents/Q_Optimization/Li_BF4_1p0M_EC0p5PC0p5_T293p15_q085/output_LELiB_MDLab.txt,13814,10.1016/0378-7753(91)80004-H,Li,BF4,1.0,"[""EC"",""PC""]","[0.5,0.5]",293.15,BF4,0.85,maximin descriptor spread within salt family; exact duplicate simulation inputs excluded,74,5,5,10.1016/0378-7753(91)80004-H,[13814],"[""10.1016/0378-7753(91)80004-H""]",4.25,0.0,1,LiBF4,1.0,mol/l,mol/L,volume,,EC:0.500+PC:0.500,0.6931471805599453,76.95,2.215,76.95,2.215,0,0,0,0,1,1,0.5,1,0.5,0,0.0,0,0.0,0,0.0,0,0.0,"('Li', 'BF4', 1.0, '[""EC"",""PC""]', '[0.5,0.5]', 293.15)",43
saltBF4_rank05_row13814_q0p90,Li_BF4_1p0M_EC0p5PC0p5_T293p15_q090,parsed,4.7411,0.9601,Ionic conductivity = 4.7411 ± 0.9601 mS/cm,/scratch/hacortes/ADOBADO/LELi-MDLab/solvents/Q_Optimization/Li_BF4_1p0M_EC0p5PC0p5_T293p15_q090,/scratch/hacortes/ADOBADO/LELi-MDLab/solvents/Q_Optimization/Li_BF4_1p0M_EC0p5PC0p5_T293p15_q090/output_LELiB_MDLab.txt,13814,10.1016/0378-7753(91)80004-H,Li,BF4,1.0,"[""EC"",""PC""]","[0.5,0.5]",293.15,BF4,0.90,maximin descriptor spread within salt family; exact duplicate simulation inputs excluded,74,5,5,10.1016/0378-7753(91)80004-H,[13814],"[""10.1016/0378-7753(91)80004-H""]",4.25,0.0,1,LiBF4,1.0,mol/l,mol/L,volume,,EC:0.500+PC:0.500,0.6931471805599453,76.95,2.215,76.95,2.215,0,0,0,0,1,1,0.5,1,0.5,0,0.0,0,0.0,0,0.0,0,0.0,"('Li', 'BF4', 1.0, '[""EC"",""PC""]', '[0.5,0.5]', 293.15)",43
saltBF4_rank06_row4375_q0p70,Li_BF4_1p0M_EC0p3EMC0p7_T222p4457746_q070,parsed,1.2600,0.3411,Ionic conductivity = 1.2600 ± 0.3411 mS/cm,/scratch/hacortes/ADOBADO/LELi-MDLab/solvents/Q_Optimization/Li_BF4_1p0M_EC0p3EMC0p7_T222p4457746_q070,/scratch/hacortes/ADOBADO/LELi-MDLab/solvents/Q_Optimization/Li_BF4_1p0M_EC0p3EMC0p7_T222p4457746_q070/output_LELiB_MDLab.txt,4375,10.1149/1.1466857,Li,BF4,1.0,"[""EC"",""EMC""]","[0.3,0.7]",222.4457746,BF4,0.70,maximin descriptor spread within salt family; exact duplicate simulation inputs excluded,75,5,6,10.1149/1.1466857,[4375],"[""10.1149/1.1466857""]",0.12987013,0.0,1,LiBF4,1.0,mol/l,mol/L,weight,,EC:0.300+EMC:0.700,0.6108643020548935,28.73,1.025,28.73,1.025,0,0,0,0,1,1,0.3,0,0.0,0,0.0,0,0.0,0,0.0,1,0.7,"('Li', 'BF4', 1.0, '[""EC"",""EMC""]', '[0.3,0.7]', 222.4457746)",43
saltBF4_rank06_row4375_q0p75,Li_BF4_1p0M_EC0p3EMC0p7_T222p4457746_q075,parsed,1.0844,0.2681,Ionic conductivity = 1.0844 ± 0.2681 mS/cm,/scratch/hacortes/ADOBADO/LELi-MDLab/solvents/Q_Optimization/Li_BF4_1p0M_EC0p3EMC0p7_T222p4457746_q075,/scratch/hacortes/ADOBADO/LELi-MDLab/solvents/Q_Optimization/Li_BF4_1p0M_EC0p3EMC0p7_T222p4457746_q075/output_LELiB_MDLab.txt,4375,10.1149/1.1466857,Li,BF4,1.0,"[""EC"",""EMC""]","[0.3,0.7]",222.4457746,BF4,0.75,maximin descriptor spread within salt family; exact duplicate simulation inputs excluded,75,5,6,10.1149/1.1466857,[4375],"[""10.1149/1.1466857""]",0.12987013,0.0,1,LiBF4,1.0,mol/l,mol/L,weight,,EC:0.300+EMC:0.700,0.6108643020548935,28.73,1.025,28.73,1.025,0,0,0,0,1,1,0.3,0,0.0,0,0.0,0,0.0,0,0.0,1,0.7,"('Li', 'BF4', 1.0, '[""EC"",""EMC""]', '[0.3,0.7]', 222.4457746)",43
saltBF4_rank06_row4375_q0p80,Li_BF4_1p0M_EC0p3EMC0p7_T222p4457746_q080,parsed,0.7688,0.1342,Ionic conductivity = 0.7688 ± 0.1342 mS/cm,/scratch/hacortes/ADOBADO/LELi-MDLab/solvents/Q_Optimization/Li_BF4_1p0M_EC0p3EMC0p7_T222p4457746_q080,/scratch/hacortes/ADOBADO/LELi-MDLab/solvents/Q_Optimization/Li_BF4_1p0M_EC0p3EMC0p7_T222p4457746_q080/output_LELiB_MDLab.txt,4375,10.1149/1.1466857,Li,BF4,1.0,"[""EC"",""EMC""]","[0.3,0.7]",222.4457746,BF4,0.80,maximin descriptor spread within salt family; exact duplicate simulation inputs excluded,75,5,6,10.1149/1.1466857,[4375],"[""10.1149/1.1466857""]",0.12987013,0.0,1,LiBF4,1.0,mol/l,mol/L,weight,,EC:0.300+EMC:0.700,0.6108643020548935,28.73,1.025,28.73,1.025,0,0,0,0,1,1,0.3,0,0.0,0,0.0,0,0.0,0,0.0,1,0.7,"('Li', 'BF4', 1.0, '[""EC"",""EMC""]', '[0.3,0.7]', 222.4457746)",43
saltBF4_rank06_row4375_q0p85,Li_BF4_1p0M_EC0p3EMC0p7_T222p4457746_q085,parsed,0.6487,0.2769,Ionic conductivity = 0.6487 ± 0.2769 mS/cm,/scratch/hacortes/ADOBADO/LELi-MDLab/solvents/Q_Optimization/Li_BF4_1p0M_EC0p3EMC0p7_T222p4457746_q085,/scratch/hacortes/ADOBADO/LELi-MDLab/solvents/Q_Optimization/Li_BF4_1p0M_EC0p3EMC0p7_T222p4457746_q085/output_LELiB_MDLab.txt,4375,10.1149/1.1466857,Li,BF4,1.0,"[""EC"",""EMC""]","[0.3,0.7]",222.4457746,BF4,0.85,maximin descriptor spread within salt family; exact duplicate simulation inputs excluded,75,5,6,10.1149/1.1466857,[4375],"[""10.1149/1.1466857""]",0.12987013,0.0,1,LiBF4,1.0,mol/l,mol/L,weight,,EC:0.300+EMC:0.700,0.6108643020548935,28.73,1.025,28.73,1.025,0,0,0,0,1,1,0.3,0,0.0,0,0.0,0,0.0,0,0.0,1,0.7,"('Li', 'BF4', 1.0, '[""EC"",""EMC""]', '[0.3,0.7]', 222.4457746)",43
saltBF4_rank06_row4375_q0p90,Li_BF4_1p0M_EC0p3EMC0p7_T222p4457746_q090,parsed,0.4014,0.0683,Ionic conductivity = 0.4014 ± 0.0683 mS/cm,/scratch/hacortes/ADOBADO/LELi-MDLab/solvents/Q_Optimization/Li_BF4_1p0M_EC0p3EMC0p7_T222p4457746_q090,/scratch/hacortes/ADOBADO/LELi-MDLab/solvents/Q_Optimization/Li_BF4_1p0M_EC0p3EMC0p7_T222p4457746_q090/output_LELiB_MDLab.txt,4375,10.1149/1.1466857,Li,BF4,1.0,"[""EC"",""EMC""]","[0.3,0.7]",222.4457746,BF4,0.90,maximin descriptor spread within salt family; exact duplicate simulation inputs excluded,75,5,6,10.1149/1.1466857,[4375],"[""10.1149/1.1466857""]",0.12987013,0.0,1,LiBF4,1.0,mol/l,mol/L,weight,,EC:0.300+EMC:0.700,0.6108643020548935,28.73,1.025,28.73,1.025,0,0,0,0,1,1,0.3,0,0.0,0,0.0,0,0.0,0,0.0,1,0.7,"('Li', 'BF4', 1.0, '[""EC"",""EMC""]', '[0.3,0.7]', 222.4457746)",43
